id	first_seen	hashtag
1	2022-09-14 17:29:14.578577	MarkGeist
2	2022-09-14 17:34:04.180279	LIVGolf
3	2022-09-14 23:15:11.267669	TrumpTurnberry
4	2022-09-14 23:15:12.117912	TrumpAberdeen
5	2022-09-14 23:15:39.463634	Alaska
6	2022-09-15 01:56:28.528565	Killery
7	2022-09-15 01:56:29.460178	CrookedHillary
8	2022-09-15 01:56:52.24297	SundayFunday
9	2022-09-15 01:57:00.821229	TeachThemYoung
10	2022-09-15 01:57:02.234735	HillaryClinton
11	2022-09-15 01:57:09.690497	BilldeBlasio
12	2022-09-15 19:43:07.247213	Ad
13	2022-09-15 19:45:31.148634	BidenBorderCrisis
14	2022-09-15 19:46:46.944057	Bidenflation
15	2022-09-15 19:47:51.086561	AD
16	2022-09-15 19:55:05.818009	J6
17	2022-09-15 20:03:54.675087	RedTsunami
18	2022-09-15 20:07:56.28416	NY19
19	2022-09-15 22:37:05.212612	TrumpTruths
20	2022-09-15 22:37:05.689091	RETruth
21	2022-09-15 22:37:06.338205	maga
22	2022-09-15 22:38:25.206741	MarALagoRaid
23	2022-09-15 22:38:42.160171	SaveAmerica
24	2022-09-15 22:38:42.610777	TrumpRally
25	2022-09-15 22:44:17.286276	Gde
26	2022-09-15 22:44:17.721916	NovMaga
27	2022-09-15 22:44:18.174158	Fam88
28	2022-09-15 22:44:18.62111	HurricaneCat
29	2022-09-15 22:44:19.271333	P19
30	2022-09-15 22:44:21.332121	TX38
31	2022-09-15 22:44:21.782216	DT47
32	2022-09-15 22:44:22.516465	PPSF
33	2022-09-15 22:44:22.969877	4USA
34	2022-09-15 22:44:23.414992	dumbTS7500caprule
35	2022-09-15 22:44:23.862065	Cue01
36	2022-09-15 22:44:25.521072	ComebackStronger
37	2022-09-15 22:44:26.205821	DemocratFools
38	2022-09-15 22:45:10.899994	MAGA
39	2022-09-15 22:47:24.039239	UltraMAGA
40	2022-09-15 22:49:05.133086	TruthSocial
41	2022-09-15 22:50:16.322136	TheGreatestGeneration
42	2022-09-15 22:52:29.480709	COVFEFE
43	2022-09-15 22:52:31.693836	Truth
44	2022-09-15 22:52:59.424552	Trump
45	2022-09-15 22:53:00.434833	trumptrains
46	2022-09-15 22:53:00.944908	MyPresidentTrump
47	2022-09-15 22:53:01.424324	WeLoveTrump
48	2022-09-15 22:53:01.915477	Trump2024
49	2022-09-15 22:53:02.400995	TrumpWon
50	2022-09-15 22:53:02.896855	bidendown
51	2022-09-15 22:53:03.385529	America
52	2022-09-15 22:53:03.873325	AmericaFirst
53	2022-09-15 22:53:04.895603	MAGAKING
54	2022-09-15 22:54:00.488887	NavySEALs
55	2022-09-15 22:54:00.977088	Tribute22
56	2022-09-15 22:54:03.158343	UltraBiden
57	2022-09-15 22:54:05.017435	donaldtrump
58	2022-09-15 22:54:05.469482	electionfraud
59	2022-09-15 22:54:06.266685	ConservativeArmy
60	2022-09-15 22:54:11.023872	MichaelSussman
61	2022-09-15 22:54:24.237174	2000Mules
62	2022-09-15 22:54:26.616216	2000mules
63	2022-09-15 23:05:52.76838	happy4thofjuly
64	2022-09-15 23:05:58.206013	Austin
65	2022-09-15 23:06:14.479605	GoDawgs
66	2022-09-15 23:06:27.4739	JasonCalacanis
67	2022-09-15 23:06:27.969806	DavidFriedberg
68	2022-09-15 23:06:28.511912	DavidSacks
69	2022-09-15 23:06:31.455784	Elon
70	2022-09-15 23:06:31.975776	ElonMusk
71	2022-09-15 23:06:32.466362	Mars
72	2022-09-15 23:06:32.955354	BillMaher
73	2022-09-15 23:06:33.450005	BenShapiro
74	2022-09-15 23:06:35.110142	FullSendPodcast
75	2022-09-15 23:06:35.631116	GroupChatNews
76	2022-09-15 23:06:41.620867	Nelk
77	2022-09-15 23:06:45.773741	misinformation
78	2022-09-15 23:06:48.023358	DJDJT
79	2022-09-15 23:06:49.094549	stevewilldoit
80	2022-09-15 23:06:49.629705	BobMenery
81	2022-09-15 23:06:50.092675	YMCA
82	2022-09-15 23:07:43.880892	FullSend
83	2022-09-15 23:07:50.841263	RETRUTH
84	2022-09-15 23:07:51.27277	Americanflag
85	2022-09-15 23:07:53.929319	CPAC
86	2022-09-15 23:09:59.922519	AMA
87	2022-09-15 23:10:59.155811	TRUTH
88	2022-09-15 23:11:07.376946	Yellowstone
89	2022-09-15 23:12:01.46394	2A
90	2022-09-15 23:12:02.105721	ColionNoir
91	2022-09-15 23:12:24.994445	WednesdayWisdom
92	2022-09-15 23:12:45.37149	comedy
93	2022-09-15 23:20:09.480058	work
94	2022-09-15 23:20:22.620399	Working
95	2022-09-15 23:20:43.013533	PomLife
96	2022-09-15 23:34:09.791545	letsgobrandon
97	2022-09-15 23:34:12.904593	dior
98	2022-09-15 23:34:13.399928	washingtondc
99	2022-09-15 23:34:13.882917	womensrights
100	2022-09-15 23:56:39.387131	JoeBrrrrr
101	2022-09-16 00:12:31.42999	truth
102	2022-09-16 00:12:48.362477	BallotHarvesting
103	2022-09-16 00:13:47.1513	truthsocial
104	2022-09-16 00:14:21.265036	redwave
105	2022-09-16 00:14:22.639217	takingbackterritory
106	2022-09-16 00:14:36.233054	IAmScam
107	2022-09-16 00:14:36.890032	FastTimesAtGitmo
108	2022-09-16 00:14:39.414453	Ukraine
109	2022-09-16 00:14:52.052634	voterfraud
110	2022-09-16 00:14:53.107365	FJB
111	2022-09-16 00:15:26.165155	what
112	2022-09-16 00:15:31.093057	Putin
113	2022-09-16 00:15:52.438388	Chernobyl
114	2022-09-16 00:15:53.120503	Europe
115	2022-09-16 00:16:00.627851	TRUTHSocial
116	2022-09-16 00:16:05.453494	Decertify
117	2022-09-16 00:16:05.945112	ArrestFauci
118	2022-09-16 00:16:13.170391	ReTruth
119	2022-09-16 00:16:29.990551	TX8
120	2022-09-16 00:19:33.419131	presidentsday
121	2022-09-16 00:19:34.46761	fjb
122	2022-09-16 00:19:35.277808	nascar
123	2022-09-16 00:19:35.953206	yupididthat
124	2022-09-16 00:34:01.531635	honkhonk
125	2022-09-16 00:34:02.791108	gotruckersgo
126	2022-09-16 00:34:03.305544	hugatrucker
127	2022-09-16 00:34:11.786291	Godblessthetruckets
128	2022-09-16 00:42:06.19815	Nurses
129	2022-09-16 00:42:06.649539	NurseLife
130	2022-09-16 00:42:12.0531	nursing
131	2022-09-16 00:42:12.505669	nurse
132	2022-09-16 00:42:13.02837	healthcare
133	2022-09-16 00:42:13.537619	fitness
134	2022-09-16 00:42:29.373188	GasIsTooHigh
135	2022-09-16 00:42:29.831077	GasPrices
136	2022-09-16 00:42:30.362113	CaptainDeplorable
137	2022-09-16 00:42:30.871517	OfficialCaptainDeplorable
138	2022-09-16 00:42:31.74079	MakeAmericaEnergyIndependentAgain
139	2022-09-16 00:42:55.876822	freethepeople
140	2022-09-16 00:42:56.338466	neverforget
141	2022-09-16 00:43:04.208375	TRUTHsocial
142	2022-09-16 00:43:12.186408	TruckersNotTyrants
143	2022-09-16 00:43:24.616878	shoutout
144	2022-09-16 00:43:26.727851	freedom
145	2022-09-16 00:43:27.246211	workforce
146	2022-09-16 00:43:27.761434	values
147	2022-09-16 00:43:38.930233	Waitlist
148	2022-09-16 00:43:45.7334	dictator
149	2022-09-16 00:44:08.570613	epstein
150	2022-09-16 00:44:09.190732	demandtruth
151	2022-09-16 00:44:23.495481	MakingSocialMediaGreatAgain
152	2022-09-16 00:44:27.105366	LOUD
153	2022-09-16 00:46:55.354396	perdue2022
154	2022-09-16 00:52:19.471644	Dobbs
155	2022-09-16 00:52:27.181105	greenpeace
156	2022-09-16 00:52:27.621041	Patrickmoore
157	2022-09-16 00:53:00.841365	WarRoom
158	2022-09-16 00:53:13.327124	trans
159	2022-09-16 00:53:13.73694	transition
160	2022-09-16 00:53:19.770611	TheGreatAmericaShow
161	2022-09-16 00:53:25.622433	FWK
162	2022-09-16 00:54:19.105135	CCPChina
163	2022-09-16 00:54:19.556222	Pelosi
164	2022-09-16 00:54:24.543987	FirstAmendment
165	2022-09-16 00:54:28.249309	COVID
166	2022-09-16 00:54:35.555575	monkeypox
167	2022-09-16 00:54:35.998802	AIDS
168	2022-09-16 00:55:32.52004	Criminalizing
169	2022-09-16 00:55:33.585429	FBI
170	2022-09-16 01:07:25.93119	hawaii
171	2022-09-16 01:07:27.242279	photography
172	2022-09-16 01:07:32.885546	July4th
173	2022-09-16 01:07:33.791372	PeachtreeRoadRace
174	2022-09-16 01:07:51.000039	puzzles
175	2022-09-16 01:07:52.292588	stupidorevil
176	2022-09-16 01:07:56.424671	nostimulus
177	2022-09-16 01:10:23.049919	fang
178	2022-09-16 01:25:07.941861	FreeSteve
179	2022-09-16 01:25:08.412945	WillSteveDoIt
180	2022-09-16 01:32:24.717708	RobSchmittTonight
181	2022-09-16 01:32:26.84467	SpicerAndCo
182	2022-09-16 01:32:36.700573	NeverForget
183	2022-09-16 01:32:37.35406	September11
184	2022-09-16 01:32:53.169342	WakeUpAmericaWeekend
185	2022-09-16 01:33:47.448156	PrimeNews
186	2022-09-16 01:34:11.803452	MySonHunter
187	2022-09-16 01:34:41.936485	RobCarsonShow
188	2022-09-16 01:35:01.852442	TheRecord
189	2022-09-16 01:35:25.642535	NewsmaxDebate
190	2022-09-16 01:37:15.381472	ChrisSalcedoShow
191	2022-09-16 01:38:29.753375	VoteForAmerica2022
192	2022-09-16 01:39:28.760048	NotMyPresident
193	2022-09-16 01:39:42.909321	NationalReport
194	2022-09-16 01:39:57.170663	AmericaFirstAgenda
195	2022-09-16 01:43:09.79902	Invasion
196	2022-09-16 01:43:34.7888	Immigration
197	2022-09-16 01:43:35.282289	BorderPatrol
198	2022-09-16 01:43:43.837335	NewsmaxRadio
199	2022-09-16 01:44:00.831898	TheBennyReport
200	2022-09-16 01:45:00.093694	TheBalance
201	2022-09-16 01:45:21.795074	TheFakeNewsJustDoesntGetIt
202	2022-09-16 01:46:12.911584	RoeVWade
203	2022-09-16 01:46:35.425979	JohnBachmanNow
204	2022-09-16 01:47:03.196593	IndependenceDay
205	2022-09-16 01:47:03.683111	FourthofJuly
206	2022-09-16 01:47:04.15472	WakeUpAmerica
207	2022-09-16 01:48:29.161194	TheRobCarsonShow
208	2022-09-16 01:48:41.047437	LaptopFromHell
209	2022-09-16 01:49:59.345636	roevwade
210	2022-09-16 01:49:59.77745	scotus
211	2022-09-16 01:50:00.302994	2a
212	2022-09-16 01:50:00.978731	clarencethomas
213	2022-09-16 01:50:22.519972	JoeBiden
214	2022-09-16 01:50:23.003779	RonaldReagan
215	2022-09-16 01:50:23.483907	BidenBikeFall
216	2022-09-16 01:50:44.021244	NYGOPGovDebate
217	2022-09-16 01:51:34.642249	Biden
218	2022-09-16 01:51:35.171728	Economy
219	2022-09-16 01:51:35.922962	Inflation
220	2022-09-16 01:52:52.031419	AmericanAgenda
221	2022-09-16 01:53:25.495522	GregKellyReports
222	2022-09-16 01:54:10.985631	January6Hearing
223	2022-09-16 01:54:11.526423	Democrats
224	2022-09-16 01:55:07.041029	DDay
225	2022-09-16 01:55:09.960284	AppleEvent
226	2022-09-16 01:56:05.539337	GunControl
227	2022-09-16 01:56:06.073625	GunRights
228	2022-09-16 01:56:06.57097	SecondAmerndment
229	2022-09-16 01:57:30.195955	polling
230	2022-09-16 01:57:30.683045	JobApproval
231	2022-09-16 01:57:31.155403	2022Elections
232	2022-09-16 01:58:19.997888	MemorialDay
233	2022-09-16 01:58:22.8268	ThankYou
234	2022-09-16 01:58:24.651146	WiseGuys
235	2022-09-16 01:58:55.131031	Graduation
236	2022-09-16 01:58:56.24561	TheFuture
237	2022-09-16 01:58:56.747715	ClassOf2022
238	2022-09-16 01:59:02.175622	TheCount
239	2022-09-16 01:59:20.971078	NRAConvention
240	2022-09-16 01:59:46.851433	NRA
241	2022-09-16 02:00:07.292857	AmericaBurning
242	2022-09-16 02:02:05.71118	NewsmaxDaily
243	2022-09-16 02:03:17.619551	STINCHFIELD
244	2022-09-16 02:06:55.625146	SOTU
245	2022-09-16 02:06:56.132852	GOP
246	2022-09-16 02:07:26.634574	CPAC2022
247	2022-09-16 02:07:32.390587	cpac2022
248	2022-09-16 02:08:26.348493	FreedomConvoy2022
249	2022-09-16 02:08:27.865518	RealNewsForRealPeople
250	2022-09-16 02:14:28.202007	disney
251	2022-09-16 02:14:28.707596	protest
252	2022-09-16 02:14:30.952913	trump
253	2022-09-16 02:14:31.605459	trump2024
254	2022-09-16 02:14:32.067649	trumprally
255	2022-09-16 02:14:37.653801	biden
256	2022-09-16 02:14:38.109283	putin
257	2022-09-16 02:14:46.94836	fauci
258	2022-09-16 02:14:53.64497	ukraine
259	2022-09-16 02:14:54.126262	russia
260	2022-09-16 02:14:54.639942	nato
261	2022-09-16 02:14:55.426522	bulldogtv
262	2022-09-16 02:15:00.191579	cpac
263	2022-09-16 02:15:00.728343	cpac22
264	2022-09-16 02:15:25.344	deletetwitter
265	2022-09-16 02:20:17.287233	FoxNews
266	2022-09-16 02:22:59.64189	BreakingHistory
267	2022-09-16 02:26:45.632946	FIREBRAND
268	2022-09-16 02:27:01.267001	Firebrand
269	2022-09-16 02:27:04.633514	DisarmTheIRS
270	2022-09-16 02:27:11.381818	232SemperParatus
271	2022-09-16 02:27:28.705945	WinterIsComing
272	2022-09-16 02:27:30.407654	BeOffended
273	2022-09-16 02:27:45.580994	BLM
274	2022-09-16 02:28:01.222079	ShallNotBeInfringed
275	2022-09-16 02:28:38.903498	LiberalWorldOrder
276	2022-09-16 02:29:11.121472	LifeWins
277	2022-09-16 02:37:18.815891	FreedomFighter
278	2022-09-16 02:43:42.210918	NationalPoliceWeek
279	2022-09-16 02:45:42.787607	KBJ
280	2022-09-16 12:54:09.361073	PedoHitler
281	2022-09-16 12:58:18.516741	goodproblems
282	2022-09-16 12:58:24.388353	truthoftheday
283	2022-09-16 12:58:24.899826	womenoftruth
284	2022-09-16 12:58:25.441274	truthtellers
285	2022-09-16 12:58:25.94731	scripture
286	2022-09-16 12:58:43.104357	keeppraisingHim
287	2022-09-16 12:58:47.288873	FreedomConvoy
288	2022-09-16 12:58:51.643575	dailytruth
289	2022-09-16 12:58:52.757277	love
290	2022-09-16 12:58:53.245954	hate
291	2022-09-16 12:58:53.747014	shereadstruth
292	2022-09-16 12:58:55.081223	nowhiring
293	2022-09-16 12:58:55.587587	hiring
294	2022-09-16 12:58:56.095903	jobalert
295	2022-09-16 12:59:04.156445	bug
296	2022-09-16 14:55:24.800785	StockMarketReductionAct
297	2022-09-16 14:56:59.66066	Zuck
298	2022-09-16 14:57:02.379263	pronouns
299	2022-09-16 14:57:02.879215	kamalaharris
300	2022-09-16 14:57:10.612835	blmRIOTS
301	2022-09-16 14:57:11.11244	blmterrorists
302	2022-09-16 14:57:11.758097	BLMScam
303	2022-09-16 14:57:12.224457	MoneyLaundering
304	2022-09-16 14:57:12.723527	moneygrab
305	2022-09-16 14:57:13.253108	money
306	2022-09-16 14:57:19.518325	AOC
307	2022-09-16 14:57:20.352865	bidensucks
308	2022-09-16 14:57:23.997994	Hispanics
309	2022-09-16 14:57:24.705629	Republicans
310	2022-09-16 14:57:25.526043	Quinnipiac
311	2022-09-16 14:57:29.56507	ElizabethWarren
312	2022-09-16 14:57:30.080318	gun
313	2022-09-16 14:57:32.58197	2AShallNotBeInfringed
314	2022-09-16 14:57:33.15037	LGB
315	2022-09-16 14:57:34.271017	guncontrol
316	2022-09-16 14:57:35.937885	classof2022
317	2022-09-16 14:58:44.371544	BlackHistoryMonth
318	2022-09-16 15:33:13.764486	MattStafford
319	2022-09-16 15:33:14.408588	JoeBurrow
320	2022-09-16 15:33:15.401275	JoeRogan
321	2022-09-16 15:33:15.89387	DanaWhite
322	2022-09-16 15:33:17.311819	golf
323	2022-09-16 15:33:17.917907	holeinone
324	2022-09-16 15:37:18.604268	UNC
325	2022-09-16 15:37:19.047785	GoHeels
326	2022-09-16 15:37:20.205179	flagday
327	2022-09-16 15:37:50.47838	TRUE
328	2022-09-16 16:58:22.162987	conservatives
329	2022-09-16 16:58:22.92319	independents
330	2022-09-16 16:58:24.814026	liberals
331	2022-09-16 16:58:25.723735	libertarians
332	2022-09-16 16:58:26.406957	liberal
333	2022-09-16 16:58:40.396387	dogsoftruthsocial
334	2022-09-16 16:58:40.962212	Kodie
335	2022-09-16 16:59:51.386139	Jurasic
336	2022-09-16 17:00:31.843591	killdozer
337	2022-09-16 17:00:33.944854	NJGuidoInDaHouse
338	2022-09-16 17:00:34.058359	independenceday
339	2022-09-16 17:00:56.769653	nature
340	2022-09-16 17:00:56.970036	programming
341	2022-09-16 17:00:57.869899	birds
342	2022-09-16 17:00:57.980435	systems
343	2022-09-16 17:01:13.800508	Trudeau
344	2022-09-16 17:01:21.11946	GardenState
345	2022-09-16 17:01:32.17962	kubernetes
346	2022-09-16 17:01:37.842291	Killdozer
347	2022-09-16 17:01:40.829283	WuTang
348	2022-09-16 17:01:48.363157	TruckersFreedomConvoy
349	2022-09-16 17:01:49.429042	HonkHonk
350	2022-09-16 17:01:53.597813	fp
351	2022-09-16 17:01:54.114947	elixir
352	2022-09-16 17:02:00.37786	covfefe
353	2022-09-16 17:02:05.178625	dogsoftruth
354	2022-09-16 17:02:26.536073	FakeNews
355	2022-09-16 17:02:41.733251	Alabama
356	2022-09-16 17:02:54.308923	peoplesconvoy
357	2022-09-16 17:03:20.050318	PineNote
358	2022-09-16 17:03:22.401331	pine64
359	2022-09-16 17:03:33.633297	covid
360	2022-09-16 17:04:14.050329	WhyWeHomeschool
361	2022-09-16 17:04:14.55127	motherhood
362	2022-09-16 17:04:15.144573	homeschooling
363	2022-09-16 17:04:15.597327	liturgicalliving
364	2022-09-16 17:04:16.135066	homeschoollife
365	2022-09-16 17:04:16.654979	intentionalliving
366	2022-09-16 17:04:44.873888	SpreadGoodVibes
367	2022-09-16 17:05:46.670652	RushLimbaugh
368	2022-09-16 17:05:55.831824	WarEagle
369	2022-09-16 17:20:29.676599	Fauci
370	2022-09-16 17:20:30.345944	Fauci4Prison
371	2022-09-16 17:20:30.796523	icymi
372	2022-09-16 17:20:35.384132	voter
373	2022-09-16 17:20:36.317035	fraud
374	2022-09-16 17:20:37.291489	DeSantis
375	2022-09-16 17:22:37.043679	gregabbott
376	2022-09-16 17:22:37.514697	texas
377	2022-09-16 17:22:38.123088	NationalGuard
378	2022-09-16 17:22:38.640907	migrants
379	2022-09-16 17:22:39.196161	SouthernBorder
380	2022-09-16 17:23:28.805189	vaccination
381	2022-09-16 17:23:29.746402	virus
382	2022-09-16 17:23:41.554509	California
383	2022-09-16 17:24:53.221582	NBC
384	2022-09-16 17:24:53.738111	SNL
385	2022-09-16 17:25:11.573008	Navy
386	2022-09-16 17:25:13.517157	MigrantCaravan
387	2022-09-16 17:25:14.190709	Mexico
388	2022-09-16 17:25:14.723958	border
389	2022-09-16 17:25:28.447623	Uvalde
390	2022-09-16 17:25:34.93167	UVALDE
391	2022-09-16 20:19:06.493977	groucho
392	2022-09-16 20:25:43.667174	Santorini
393	2022-09-16 20:25:44.375365	Aspen
394	2022-09-16 20:25:47.047279	MonteCarlo
395	2022-09-16 20:32:21.726433	FlashbackFriday
396	2022-09-16 20:33:34.653907	POTUS
397	2022-09-16 20:33:36.74593	COVID19
398	2022-09-16 20:33:51.628106	RosieOdonnell
399	2022-09-16 20:33:53.263257	ginnithomas
400	2022-09-16 20:33:53.879482	SCOTUS
401	2022-09-16 20:34:02.883408	RIPGhislane
402	2022-09-16 20:34:04.387964	ghislainemaxwell
403	2022-09-16 20:34:28.905123	amberheard
404	2022-09-16 20:34:29.626635	AmberTurd
405	2022-09-16 20:34:30.232743	JohnnyDepp
406	2022-09-16 20:34:30.975049	scissors
407	2022-09-16 20:34:31.646967	WTF
408	2022-09-16 20:35:51.005561	DWAC
409	2022-09-16 20:35:56.060337	california
410	2022-09-16 20:35:56.662766	mask
411	2022-09-16 20:35:57.269823	gavinnewsom
412	2022-09-16 20:36:00.038355	takeoffthemask
413	2022-09-16 20:36:25.306949	wdshow
414	2022-09-16 21:42:34.761948	DonaldJTrump
415	2022-09-16 21:54:10.832376	cuteanimals
416	2022-09-16 21:54:12.017936	patriotpuppy
417	2022-09-16 21:54:33.415583	Dogs
418	2022-09-16 21:54:35.761824	Dogsoftruthsocial
419	2022-09-16 21:54:36.199821	dogs
420	2022-09-16 21:54:37.229062	mustlovedogs
421	2022-09-16 21:54:37.956046	ilovedogs
423	2022-09-16 21:54:57.435372	seaturtle
424	2022-09-16 21:55:39.373568	dogsareawesome
425	2022-09-16 21:55:40.781398	kingsley
427	2022-09-16 21:55:41.968439	minigoldendoodle
431	2022-09-16 21:55:53.135373	catsoftruthsocial
432	2022-09-16 21:55:58.826545	truthpups
433	2022-09-16 21:56:19.817778	animals
440	2022-09-16 21:56:24.614824	nice
441	2022-09-16 21:56:25.690619	hahaha
444	2022-09-16 21:56:27.764972	today
445	2022-09-16 21:56:29.846642	longhorn
447	2022-09-16 21:56:39.171323	patrioticpup
448	2022-09-16 21:56:48.542733	truthdogs
449	2022-09-16 21:56:49.177248	boxer
450	2022-09-16 21:56:49.823204	dog
451	2022-09-16 21:56:50.377114	pets
452	2022-09-16 21:56:51.088977	petsoftruth
454	2022-09-16 21:57:17.29213	bassethound
456	2022-09-16 21:57:19.586586	bassethoundsoftruthsocial
457	2022-09-16 21:57:20.233053	sleepingdogs
458	2022-09-16 21:57:20.800922	bassetlife
461	2022-09-16 21:57:29.841292	TRUTHpups
1256	2022-09-17 22:55:34.550082	wine
1257	2022-09-17 22:55:35.418091	whiskey
1258	2022-09-17 22:55:36.309775	grilling
1259	2022-09-17 22:55:37.548832	travelersdust
1260	2022-09-17 22:55:40.368972	cowboy
1261	2022-09-17 22:55:40.892832	muchlove
1262	2022-09-17 22:55:41.596503	saveamerica
1263	2022-09-17 22:55:48.771937	idiot
1264	2022-09-17 22:55:55.637589	gastax
1265	2022-09-17 22:55:56.596443	centralvalley
1266	2022-09-17 22:55:57.103509	supplychain
1267	2022-09-17 22:55:57.926695	keystonepipeline
1268	2022-09-17 22:56:00.675417	reddawn
1269	2022-09-17 22:56:01.516666	plan
1270	2022-09-17 22:56:02.081515	accordingly
1271	2022-09-17 22:56:02.61713	headsup
1272	2022-09-17 22:56:03.08594	youdoyou
1273	2022-09-17 22:56:03.574458	1A
1274	2022-09-17 22:56:04.387219	bugout
1275	2022-09-17 22:56:05.340705	backupplan
1276	2022-09-17 22:56:17.973149	livefree
1277	2022-09-17 22:56:19.777492	questioneverything
1278	2022-09-17 22:56:20.55531	laws
1279	2022-09-17 22:56:25.527558	PresidentBrandon
1280	2022-09-17 22:56:27.59983	whatwouldmiltondo
1281	2022-09-17 22:56:28.081738	wwmd
1282	2022-09-17 22:56:28.838404	government
1283	2022-09-17 22:56:29.316845	taxes
1284	2022-09-17 22:56:29.824346	classicalliberalism
1285	2022-09-17 22:56:32.347714	questionauthority
1286	2022-09-17 22:56:32.885094	question
1287	2022-09-17 22:56:34.592046	Baseball
1288	2022-09-17 22:56:35.398439	openingday
1289	2022-09-17 22:56:36.176923	finally
1290	2022-09-17 22:56:39.699503	theoffice
1291	2022-09-17 22:56:40.167942	michaelscott
1292	2022-09-17 22:56:43.799253	politicians
1293	2022-09-17 22:56:44.282429	suchas
1294	2022-09-17 22:56:46.164537	rewards
1295	2022-09-17 22:56:46.650218	email
1296	2022-09-17 22:56:47.399332	taco
1297	2022-09-17 22:56:47.881393	free
1298	2022-09-17 22:56:48.356518	inbox
1299	2022-09-17 22:56:48.838229	nothankyou
1300	2022-09-17 22:56:52.41321	newsomsucks
1301	2022-09-17 22:56:54.866494	powermove
1302	2022-09-17 22:56:55.924591	friday
1303	2022-09-17 22:56:56.402473	lawnmower
1304	2022-09-17 22:56:56.862408	lawns
1305	2022-09-17 22:56:57.325152	ninja
1306	2022-09-17 22:56:58.334007	electricmower
1307	2022-09-17 22:57:00.690176	congress
1308	2022-09-17 22:57:01.208114	global
1309	2022-09-17 22:57:03.362435	spending
1310	2022-09-17 22:57:03.825618	taxationistheft
1311	2022-09-17 22:57:04.889356	climatechange
1312	2022-09-17 22:57:05.381518	omnibusbill
1313	2022-09-17 22:57:05.894941	mandates
1314	2022-09-17 22:57:07.226805	newsom
1315	2022-09-17 22:57:08.041328	crt
1316	2022-09-17 22:57:08.549961	blm
1317	2022-09-17 22:57:09.062005	liberalism
1318	2022-09-17 22:57:16.526185	homelessness
1319	2022-09-17 22:57:18.403709	thecaliforniaway
1320	2022-09-17 22:57:24.895026	echochamber
1321	2022-09-17 22:57:34.869535	ifykyk
1322	2022-09-17 22:57:39.048828	spendingbill
1323	2022-09-17 22:57:39.523306	idiots
1324	2022-09-17 22:57:43.014809	read
1325	2022-09-17 22:57:44.029371	readthedamnbill
1326	2022-09-17 22:57:55.293659	stopspending
1327	2022-09-17 22:57:56.666331	bidinflation
1328	2022-09-17 22:57:59.104249	americafreedom
1329	2022-09-17 22:58:19.564528	backyardbbq
1330	2022-09-17 22:58:20.823006	grill
1331	2022-09-17 22:58:24.866079	veteran
1332	2022-09-17 22:58:27.633846	bombdotcom
1333	2022-09-17 22:58:50.546297	Chiropractor
1334	2022-09-17 22:58:52.325704	digiscope
1335	2022-09-17 22:58:52.982661	elkhunt
1336	2022-09-17 22:58:53.587472	photgraphy
1337	2022-09-17 22:58:54.252024	deerhunt
1338	2022-09-17 22:58:54.782726	muledeer
1339	2022-09-17 22:58:55.538196	wilderness
1340	2022-09-17 22:58:56.062234	archery
1341	2022-09-17 22:58:56.551999	huntcolorado
1342	2022-09-17 22:58:57.075564	backcountry
1343	2022-09-17 22:58:58.093386	bowhunter
1344	2022-09-17 22:58:58.606092	bowhunt
1345	2022-09-17 22:58:59.335278	huntingcamp
1346	2022-09-17 22:59:00.152637	deerhunting
1347	2022-09-17 22:59:00.674814	takeakidhunting
1348	2022-09-17 22:59:01.200786	backcountryhunters
1349	2022-09-17 22:59:01.80433	adventure
1350	2022-09-17 22:59:02.366444	wild
1351	2022-09-17 22:59:02.875343	elk
1352	2022-09-17 22:59:03.778413	publicland
1353	2022-09-17 22:59:04.853553	phoneskope
1354	2022-09-17 22:59:05.371997	velvetbuck
1355	2022-09-17 22:59:05.907778	meatpole
1356	2022-09-17 22:59:13.146941	highschool
1357	2022-09-17 22:59:13.644381	canibumaride
1358	2022-09-17 22:59:14.176191	yougotgasmoney
1359	2022-09-17 22:59:26.73825	iran
1360	2022-09-17 22:59:29.109272	FORTHELOVEOFPETE
1496	2022-09-18 00:40:50.997496	RiseUp
1497	2022-09-18 00:40:51.754009	RPN
1498	2022-09-18 00:40:52.416718	HoldTheLine
1499	2022-09-18 00:40:52.898632	DonnaHawk
1500	2022-09-18 00:51:29.819118	Q
1501	2022-09-18 00:51:30.287573	anons
1502	2022-09-18 00:51:30.794094	DigitalSoldiers
1503	2022-09-18 00:51:31.537052	WeThePeople
1504	2022-09-18 00:51:32.005738	TheMoreYouKnow
1505	2022-09-18 00:51:32.530305	ConnectTheDots
1506	2022-09-18 00:51:33.005645	Symbolism
1507	2022-09-18 00:51:33.509993	globalists
422	2022-09-16 21:54:55.490551	CuteAnimals
426	2022-09-16 21:55:41.260779	puppies
428	2022-09-16 21:55:44.416509	groomerlife
429	2022-09-16 21:55:45.162537	justoneofmyjobs
430	2022-09-16 21:55:45.81288	schnauzerscanbecutetoo
434	2022-09-16 21:56:20.393233	funny
435	2022-09-16 21:56:21.328439	relax
436	2022-09-16 21:56:21.896372	cute
437	2022-09-16 21:56:22.556022	beautiful
438	2022-09-16 21:56:23.134813	awww
439	2022-09-16 21:56:23.934422	aww
442	2022-09-16 21:56:26.281681	noteverythingisnews
443	2022-09-16 21:56:27.045648	news
446	2022-09-16 21:56:31.369824	farm
453	2022-09-16 21:57:16.640686	dogpark
455	2022-09-16 21:57:17.941961	bassethounds
459	2022-09-16 21:57:23.146826	dogsofTruthSocial
460	2022-09-16 21:57:27.420067	TRUTHpup
462	2022-09-16 21:57:41.746913	Merica
463	2022-09-16 21:57:55.425288	cuteanimalsoftruthsocial
464	2022-09-16 21:58:07.775202	Dusty
465	2022-09-16 21:58:08.35311	patriot
466	2022-09-16 21:58:13.639823	dogsofTruth
467	2022-09-16 21:58:15.006417	DogsonTruth
468	2022-09-16 21:58:29.291578	berniedoodle
469	2022-09-16 21:58:29.799675	libertybellepup
470	2022-09-16 21:58:30.839255	mypatrioticpet
471	2022-09-17 01:12:50.256768	ThrowbackThursday
472	2022-09-17 01:12:52.504189	BehindScenes
473	2022-09-17 01:12:56.772118	wheresjoerogan
474	2022-09-17 01:19:00.588197	DogsOfTruth
475	2022-09-17 01:19:34.912953	Remi
476	2022-09-17 01:19:35.62769	Jagger
477	2022-09-17 01:26:32.951541	memeMonday
478	2022-09-17 01:26:35.282651	TGIF
479	2022-09-17 01:26:35.761368	Friday
480	2022-09-17 01:26:36.488115	weekend
481	2022-09-17 01:26:39.645906	FRIDAY
482	2022-09-17 01:27:22.821516	FollowTheTruth
483	2022-09-17 01:42:47.55957	DARKMAGA
484	2022-09-17 01:42:49.306281	conservative
485	2022-09-17 01:42:50.333566	collegefootball
486	2022-09-17 01:51:17.036511	Bidening
487	2022-09-17 01:51:53.95017	AWB
488	2022-09-17 01:52:47.575242	BabesforTrump
489	2022-09-17 01:56:36.531722	DELETED
490	2022-09-17 01:57:44.645804	BillGatesBioTerrorist
491	2022-09-17 01:58:28.858884	JusticeForJohnnyDeep
492	2022-09-17 01:59:08.434349	makesocialmediafunagain
493	2022-09-17 01:59:15.260849	DarkMAGA
494	2022-09-17 02:01:39.511283	AuburnRodeo
495	2022-09-17 02:03:41.108093	PartyBuck
496	2022-09-17 02:03:49.000049	GirlsWithGuns
497	2022-09-17 02:04:28.920467	alsen
498	2022-09-17 02:05:29.786181	SpringBreak
499	2022-09-17 02:07:33.854359	DONDA2
500	2022-09-17 02:08:51.889633	Design
501	2022-09-17 02:08:52.536223	Facts
502	2022-09-17 02:09:40.080893	hashtags
503	2022-09-17 02:16:07.666985	Florida
504	2022-09-17 02:16:16.063851	TampaBay
505	2022-09-17 02:16:55.73291	China
506	2022-09-17 02:16:58.097517	BidenRecession
507	2022-09-17 02:17:42.543666	FathersDay2022
508	2022-09-17 02:17:50.037374	SAS
509	2022-09-17 02:18:38.052535	PainInTheGas
510	2022-09-17 02:21:09.894885	TheSecretCurriculum
511	2022-09-17 02:21:42.976774	ExposeMatthews
512	2022-09-17 02:22:22.407674	ExposeCNN
513	2022-09-17 02:22:24.271989	DarkMoneyPolitics
514	2022-09-17 02:22:28.043829	RankedChoiceVoting
515	2022-09-17 02:22:35.391555	AskLisa
516	2022-09-17 02:22:43.116844	UnsealTheWarrants
517	2022-09-17 02:22:50.984548	ExposeGoogle
518	2022-09-17 02:22:55.256347	DuffleBagBoys
519	2022-09-17 02:22:56.035283	SecretSleepers
520	2022-09-17 02:23:22.529738	SecretSleeper
521	2022-09-17 02:23:38.022378	StayTuned
522	2022-09-17 02:23:49.592915	ProjectVeritasAction
523	2022-09-17 02:23:55.55204	PlacerCOCoverup
524	2022-09-17 02:29:25.86861	4MoreYears
525	2022-09-17 02:29:31.690113	MePoo
526	2022-09-17 02:30:31.294372	proudGrandma
527	2022-09-17 02:30:45.571482	Musk
528	2022-09-17 02:32:12.627591	BidensBorderCrisis
529	2022-09-17 02:32:13.832916	immigration
530	2022-09-17 02:32:14.526972	BorderWall
531	2022-09-17 02:32:18.755629	gasprices
532	2022-09-17 02:32:20.4398	IRS
533	2022-09-17 02:32:23.57297	QueenElizabeth
534	2022-09-17 02:33:04.286479	SouthDakota
535	2022-09-17 02:33:04.907237	KristiNoem
536	2022-09-17 02:33:05.51743	Abortion
537	2022-09-17 02:33:06.292738	SupremeCourt
538	2022-09-17 02:36:37.869218	GenZMafia
539	2022-09-17 02:36:59.18347	genZtruth
540	2022-09-17 02:37:00.195373	FBIraid
541	2022-09-17 02:37:00.904405	MarALago
542	2022-09-17 02:37:22.821795	LanceVideos
543	2022-09-17 02:37:29.54081	ApeArmy
544	2022-09-17 02:37:43.098174	SAS2022
545	2022-09-17 02:38:20.052533	TPSUA
546	2022-09-17 02:38:46.700558	JustTruthIt
547	2022-09-17 02:39:38.048572	FineArtFriday
548	2022-09-17 02:40:26.761889	TruthSpotlight
549	2022-09-17 02:46:19.66622	tiffanySmiley
550	2022-09-17 02:46:20.307342	TiffanySmileyUSSenator
551	2022-09-17 02:46:21.146917	TiffanySmiley2022
552	2022-09-17 02:46:21.896222	TiffanySmileyForWashington
553	2022-09-17 02:46:22.564868	PattyMurray
554	2022-09-17 02:46:58.890638	IntellectualFroglegs
555	2022-09-17 02:48:44.892134	sponsored
556	2022-09-17 02:48:45.555307	paralleleconomy
557	2022-09-17 02:48:46.132304	americafirst
558	2022-09-17 03:01:58.664076	gutfeld
559	2022-09-17 03:04:00.460503	BidenGarbageFamily
560	2022-09-17 03:07:16.501458	puppyturds
561	2022-09-17 03:49:54.344574	Progress
562	2022-09-17 03:50:05.638855	tacotuesday
563	2022-09-17 03:50:29.406339	January6thCommiteeHearings
564	2022-09-17 03:50:54.506663	GOAT
565	2022-09-17 03:51:50.251864	MeToo
566	2022-09-17 03:51:56.610289	MonkeyPoxAlypse
567	2022-09-17 03:51:58.675837	Monkeypoxalypse
568	2022-09-17 03:52:15.593996	thepatriarchy
569	2022-09-17 03:52:50.85994	2ATF
570	2022-09-17 03:52:58.841907	OHSen
571	2022-09-17 04:17:25.914382	louisiana
572	2022-09-17 04:18:13.366958	homeimprovement
573	2022-09-17 04:18:13.861725	santa
574	2022-09-17 04:20:43.863551	fishingtips
575	2022-09-17 04:20:44.288992	portaransas
576	2022-09-17 04:21:39.819702	4chan
577	2022-09-17 04:23:22.406791	BabesForTrump
578	2022-09-17 04:24:17.396062	YeeYee
579	2022-09-17 04:25:59.906075	cornhole
580	2022-09-17 04:26:10.23137	CigsInside
581	2022-09-17 04:30:18.04377	underconstruction
582	2022-09-17 04:30:45.173319	BeatTheBots
583	2022-09-17 04:34:31.073687	DefeatingTheGreatReset
584	2022-09-17 04:34:36.24759	DefeatTheGreatReset
585	2022-09-17 04:34:51.538587	RAVFAM
586	2022-09-17 04:35:16.370791	SaveAmericaRally
587	2022-09-17 04:35:16.85117	TheWarRoom
588	2022-09-17 04:35:17.338042	SteveBannon
589	2022-09-17 04:35:25.998347	AVL
590	2022-09-17 04:35:28.484564	TheCharlieKirkShow
591	2022-09-17 04:35:40.178068	JustTheNewsNotNoise
592	2022-09-17 04:35:55.688071	LGBwithoutT
593	2022-09-17 04:35:56.227633	smh
594	2022-09-17 04:35:56.813433	LFA
595	2022-09-17 04:36:03.075839	OutsideTheBeltway
596	2022-09-17 04:36:13.191528	RAV
597	2022-09-17 04:36:24.155208	SteveGruberShow
598	2022-09-17 04:36:38.204477	DrGina
599	2022-09-17 04:36:38.800495	PrimeTime
600	2022-09-17 04:36:41.639355	TipoftheDay
601	2022-09-17 04:37:05.736324	AmericasVoiceLive
602	2022-09-17 04:38:28.171211	AmericanSunrise
603	2022-09-17 04:40:18.637597	Trumpiest
604	2022-09-17 04:46:03.391442	BidenFlation
605	2022-09-17 04:46:25.51006	RAVYACHT
606	2022-09-17 04:46:25.990543	BACONGANG
607	2022-09-17 04:47:14.667835	CPI
608	2022-09-17 04:50:38.859176	corporatelife
609	2022-09-17 04:50:39.383827	BehindTheScenes
610	2022-09-17 04:50:40.152908	MyPillow
611	2022-09-17 04:50:41.474326	MikeLindell
612	2022-09-17 04:50:54.247514	coffee
613	2022-09-17 04:50:54.946717	mystore
614	2022-09-17 04:50:55.69773	mikelindell
615	2022-09-17 04:50:56.759954	organic
616	2022-09-17 04:50:57.357254	nongmo
617	2022-09-17 04:50:58.445509	bestcoffee
618	2022-09-17 04:53:04.712069	girlsnight
619	2022-09-17 04:53:33.990022	ByeFelicia
620	2022-09-17 04:55:03.638356	HappyFlagDay
621	2022-09-17 04:59:04.609209	GoodFriday
622	2022-09-17 05:06:27.431293	itneverends
623	2022-09-17 05:06:30.961925	distractionmemes
624	2022-09-17 05:06:37.321622	aoc
625	2022-09-17 05:06:39.969985	msm
626	2022-09-17 05:06:47.040329	socialism
627	2022-09-17 05:06:52.318954	joebiden
628	2022-09-17 05:06:54.604998	rittenhouse
629	2022-09-17 05:06:55.427159	innocent
630	2022-09-17 05:06:57.957641	MemePageHelpMemePage
631	2022-09-17 05:06:59.397468	FirstTruth
632	2022-09-17 05:21:06.90172	Emmys2022
633	2022-09-17 05:21:10.440128	TaxHikeTim
634	2022-09-17 05:21:14.974803	SwedenElection
635	2022-09-17 05:21:29.581829	SJW
636	2022-09-17 05:21:56.633568	SleepyJoe
637	2022-09-17 05:22:03.215992	ParodyWeek
638	2022-09-17 05:22:12.324505	FBIRaid
639	2022-09-17 05:22:13.604603	DonaldTrump
640	2022-09-17 05:22:14.339591	Politics
641	2022-09-17 05:22:23.894401	TimeSquare
642	2022-09-17 05:22:24.796734	NewYorkCity
643	2022-09-17 05:22:28.419451	censorship
644	2022-09-17 05:22:30.919745	Dragshow
645	2022-09-17 05:22:31.640907	Liberals
646	2022-09-17 05:22:41.576936	Conservative
647	2022-09-17 05:22:42.311851	FJBiden
648	2022-09-17 05:22:55.801875	Drag
649	2022-09-17 05:22:58.803365	Mantiteo
650	2022-09-17 05:23:04.651162	BacktheBlue
651	2022-09-17 05:23:04.749539	poltics
652	2022-09-17 05:23:17.818162	StudentLoanForgiveness
653	2022-09-17 05:23:45.688392	AndrewTate
654	2022-09-17 05:23:58.462631	KyleRittenhouse
655	2022-09-17 05:24:09.172579	CrowderOnRumble
656	2022-09-17 05:24:13.76496	CrowderonRumble
657	2022-09-17 05:24:18.490695	FightLikeHell
658	2022-09-17 05:24:30.460687	MugClub
659	2022-09-17 05:24:47.560357	BreakingNews
660	2022-09-17 05:25:23.795779	jessicachastain
661	2022-09-17 05:25:36.77797	Leather
662	2022-09-17 05:26:23.566366	FlagDay2022
663	2022-09-17 05:26:42.66702	legs
664	2022-09-17 05:27:20.916841	HunterBiden
665	2022-09-17 05:27:24.19817	RoevWade
666	2022-09-17 05:27:24.382209	REDWAVE2022
667	2022-09-17 05:27:28.744345	stems
668	2022-09-17 05:27:40.374526	lwc
669	2022-09-17 05:27:41.048413	rebelwithoutacause
670	2022-09-17 05:27:48.598798	lwcitaly
671	2022-09-17 05:27:55.229171	CassidyHutchinsonTestimony
672	2022-09-17 05:27:56.069218	perjury
673	2022-09-17 05:27:59.831303	January6thHearings
674	2022-09-17 05:28:09.671262	RoeVsWade
675	2022-09-17 05:28:26.374586	SaveSCOTUS
676	2022-09-17 05:28:28.757122	NoBSTour
677	2022-09-17 05:28:51.300592	LWCPacificIslands
678	2022-09-17 05:28:53.333465	Mugclub
679	2022-09-17 05:29:00.595046	LwCPacificIslands
680	2022-09-17 05:29:13.157687	balletlegs
681	2022-09-17 05:29:13.799623	bikes
682	2022-09-17 05:29:22.244018	DearBiden
683	2022-09-17 05:29:27.515884	TruthWins
684	2022-09-17 05:29:29.89174	deppvsheard
685	2022-09-17 05:29:31.074918	Depp
686	2022-09-17 05:29:35.22584	TrudeauForTreason
687	2022-09-17 05:29:37.946842	Beto
688	2022-09-17 05:29:39.32707	BetoORourke
689	2022-09-17 05:29:45.628195	Beta
690	2022-09-17 05:29:47.038814	Uyghur
691	2022-09-17 05:29:48.03917	Steele
692	2022-09-17 05:29:59.743028	nyc
693	2022-09-17 05:30:00.771715	deblasio
694	2022-09-17 05:30:10.905927	TwitterExposed
695	2022-09-17 05:30:13.087928	buffalo
696	2022-09-17 05:31:02.295444	crypto
697	2022-09-17 05:31:03.39446	Russian
698	2022-09-17 05:31:07.988347	LwC
699	2022-09-17 05:31:18.066213	BidenFactCheck
700	2022-09-17 05:31:18.923989	CrowderSOTU
701	2022-09-17 05:31:24.96142	UkraineRussia
702	2022-09-17 05:31:25.746802	Russia
703	2022-09-17 05:31:26.996338	media
704	2022-09-17 05:31:39.597897	Canada
705	2022-09-17 05:31:40.326327	JohnOliver
706	2022-09-17 05:31:41.108918	CriticalRaceTheory
707	2022-09-17 05:31:41.765063	CRT
708	2022-09-17 05:31:45.598324	StephenColbert
709	2022-09-17 05:31:56.048781	democrats
710	2022-09-17 05:35:27.787921	4thofjuly
711	2022-09-17 05:35:28.280055	happy4th
712	2022-09-17 05:35:28.988869	american
713	2022-09-17 05:35:29.621397	americangirl
714	2022-09-17 05:35:31.379926	XRP
715	2022-09-17 05:35:32.064317	XRPArmy
716	2022-09-17 05:35:32.73313	Ripple
717	2022-09-17 05:35:33.331614	GaryGensler
718	2022-09-17 05:53:56.881886	NoBabyFormulaBiden
719	2022-09-17 06:28:47.341068	MERICA
720	2022-09-17 06:28:48.371999	GODBLESSAMERICA
721	2022-09-17 06:51:01.74204	saveTexas
722	2022-09-17 06:51:02.294914	bluewave
723	2022-09-17 06:51:08.182393	loveislove
724	2022-09-17 06:51:17.039184	humanrights
725	2022-09-17 06:51:30.286688	saveDemocracy
726	2022-09-17 06:51:37.559954	BeTheChange
727	2022-09-17 06:51:41.933468	ally
728	2022-09-17 06:51:42.502447	DeSantisHitler
729	2022-09-17 06:51:48.865386	DoYourPart
730	2022-09-17 06:51:57.50415	socialdistance
731	2022-09-17 06:52:04.353231	reported
732	2022-09-17 06:52:06.605797	hypocrites
733	2022-09-17 06:52:10.611428	safetyfirst
734	2022-09-17 06:52:21.092933	harassment
735	2022-09-17 06:52:21.481449	blocked
736	2022-09-17 06:52:27.55659	ImpeachBiden
737	2022-09-17 06:52:51.917074	science
738	2022-09-17 06:53:12.233052	Reported
739	2022-09-17 06:53:18.269857	bigtent
740	2022-09-17 06:53:18.699791	intersectional
741	2022-09-17 06:53:20.335271	booster
742	2022-09-17 06:53:20.799176	treatyourself
743	2022-09-17 06:53:21.254309	selfcare
744	2022-09-17 06:54:03.603711	ImpeachGarland
745	2022-09-17 06:54:25.513382	fairshare
746	2022-09-17 06:54:28.211666	Arizona
747	2022-09-17 06:54:30.915408	USA
748	2022-09-17 06:54:38.146938	DarkBrandonRising
749	2022-09-17 06:54:45.846277	WeenieChop
750	2022-09-17 06:54:45.839389	BidenWorstPresidentEver
751	2022-09-17 06:54:56.839102	RIP
752	2022-09-17 06:55:07.476883	magasweep
753	2022-09-17 06:55:23.260539	arizona
754	2022-09-17 06:55:28.940412	ProudToBeAnAmerican
755	2022-09-17 06:55:32.950679	January6thCommittee
756	2022-09-17 06:55:41.8881	usa
757	2022-09-17 06:56:25.62712	MAGAA
758	2022-09-17 06:56:56.867394	Nevada
759	2022-09-17 06:57:38.067714	kentuckyderby
760	2022-09-17 06:57:49.929666	M2
761	2022-09-17 06:57:51.676573	MadeMyDay
762	2022-09-17 06:57:59.015443	Freedom
763	2022-09-17 06:58:17.671938	kashman
764	2022-09-17 06:59:32.157939	German
765	2022-09-17 06:59:40.391102	phonies
766	2022-09-17 06:59:43.385619	supermomforsupervisor
767	2022-09-17 07:06:24.974008	PatrickOrlando
768	2022-09-17 07:06:54.258709	rocktheproxy
769	2022-09-17 07:07:29.947296	dwac
770	2022-09-17 07:08:33.68566	RatPack
771	2022-09-17 07:08:37.474145	LilyPadLounge
772	2022-09-17 07:08:55.053806	tmtg
773	2022-09-17 07:09:24.176729	TMTG
774	2022-09-17 07:09:27.868408	VETERANS
775	2022-09-17 07:09:28.348642	Veteran
776	2022-09-17 07:09:40.087193	PaintMyCountryRed
777	2022-09-17 07:09:40.559208	SD3
778	2022-09-17 07:10:24.696	AmishMAGA
779	2022-09-17 07:11:13.781573	nostakeholderleftbehind
780	2022-09-17 07:11:37.48914	Truthsocial
781	2022-09-17 07:13:25.450742	ROCKTHEPROXY
782	2022-09-17 07:13:26.168724	VOTE
783	2022-09-17 07:13:26.624633	TRUMP
784	2022-09-17 07:13:37.374367	vote
785	2022-09-17 07:13:49.412369	robinhood
786	2022-09-17 07:13:49.86635	interactivebrokers
787	2022-09-17 07:14:08.137698	DigitalWorldAcquisitionCorp
788	2022-09-17 07:14:08.647692	DWACPROXY
789	2022-09-17 07:14:09.118874	DWACEXTENSION
790	2022-09-17 07:14:09.59134	EXTENDDWAC
791	2022-09-17 07:14:31.954981	cwmtruth
792	2022-09-17 07:14:42.157094	cwmfun
793	2022-09-17 07:16:55.854734	freedomofspeech
794	2022-09-17 07:26:00.052378	BackTheBlue
795	2022-09-17 07:57:57.161925	NATO
796	2022-09-17 07:57:59.678908	HershalWalker
797	2022-09-17 07:58:00.122931	Georgia
798	2022-09-17 08:17:20.413737	DynastyDestroyer
799	2022-09-17 08:17:20.895581	DonTheDestroyer
800	2022-09-17 08:17:36.498351	AMPFest2022
801	2022-09-17 08:22:01.355457	NetNeutrality
802	2022-09-17 08:23:16.801791	SanFranciscoFentanylCrisis
803	2022-09-17 08:23:19.561315	TrumpsReturn
804	2022-09-17 08:24:44.428124	RonDeSantis
805	2022-09-17 08:24:54.086884	SayThePledge
806	2022-09-17 08:26:11.827275	Ukraine%EF%B8%8F
807	2022-09-17 08:26:42.517104	peoplesconvoy2022
808	2022-09-17 08:27:14.197978	GreatReset
809	2022-09-17 08:28:17.429928	AmericanAF
810	2022-09-17 08:33:35.67365	WhatIsAWoman
811	2022-09-17 08:40:16.757596	JusticeForMandy
812	2022-09-17 08:40:17.211077	AngryPom
813	2022-09-17 09:58:33.999718	LeeZeldin
814	2022-09-17 09:58:34.496616	midterms
815	2022-09-17 09:58:51.033983	StrategicPetroleumReserve
816	2022-09-17 09:58:52.442708	Italy
817	2022-09-17 09:58:52.920743	breaking
818	2022-09-17 09:59:01.314645	Live
819	2022-09-17 09:59:05.132113	Exclusive
820	2022-09-17 09:59:12.614041	BananaRepublic
821	2022-09-17 09:59:20.068857	s
822	2022-09-17 09:59:38.25614	LIVE
823	2022-09-17 09:59:38.73292	HarrietHageman
824	2022-09-17 09:59:47.199696	GDP
825	2022-09-17 10:00:14.200702	moon
826	2022-09-17 10:00:33.722147	live
827	2022-09-17 10:00:35.161958	Happyfourthofjuly
828	2022-09-17 10:00:38.243846	summer
829	2022-09-17 10:00:39.666682	exclusive
830	2022-09-17 10:00:51.999685	deer
831	2022-09-17 10:01:13.276975	wideopenborder
832	2022-09-17 10:01:20.515093	inflation
833	2022-09-17 10:01:22.835989	IceCube
834	2022-09-17 10:01:31.635923	UnEqualJustice
835	2022-09-17 10:01:36.660501	Jobs
836	2022-09-17 10:01:42.457281	fentanyl
837	2022-09-17 10:01:42.913705	OpenBorders
838	2022-09-17 10:01:50.153397	jobs
839	2022-09-17 10:01:55.56299	JoeMantegna
840	2022-09-17 10:01:56.019973	nationalmemorialdayconcert
841	2022-09-17 10:01:56.479291	veterans
842	2022-09-17 10:01:57.235915	Liberty
843	2022-09-17 10:02:06.125571	clinton
844	2022-09-17 10:02:06.601242	JohnDurham
845	2022-09-17 10:02:07.058478	bordercrisis
846	2022-09-17 10:02:17.961202	MichaelSussmann
847	2022-09-17 10:02:23.77052	openborder
848	2022-09-17 10:02:35.909479	davidmccormick
849	2022-09-17 10:02:36.873245	elonmusk
850	2022-09-17 10:02:37.360536	twitter
851	2022-09-17 10:03:12.675379	CableNews
852	2022-09-17 10:03:17.92681	onward
853	2022-09-17 10:03:23.370707	Benghazi
854	2022-09-17 10:03:24.138405	heros
855	2022-09-17 10:03:27.056783	LetsRoll
856	2022-09-17 10:03:27.526699	On
857	2022-09-17 10:03:50.839969	POTUS45
858	2022-09-17 10:03:52.94143	TuesdayTruths
859	2022-09-17 10:03:56.16735	alpha
860	2022-09-17 10:03:58.595435	lionsnotsheep
861	2022-09-17 10:03:59.103351	gear
862	2022-09-17 10:03:59.880028	FreeMan
863	2022-09-17 10:04:07.745206	ShortFormVideo
1361	2022-09-17 22:59:57.184185	PLEASE
1362	2022-09-17 22:59:59.009107	JUSTPLAY
1363	2022-09-17 23:00:01.033527	benshapiro
1364	2022-09-17 23:00:14.925131	BIDEN
1365	2022-09-17 23:00:25.800067	Elections
1366	2022-09-17 23:00:28.850571	leaders
1367	2022-09-17 23:00:29.329973	robschneider
1368	2022-09-17 23:00:36.897662	masks
1369	2022-09-17 23:00:38.536514	stupidnewsom
1370	2022-09-17 23:00:59.429965	Zelensky
1371	2022-09-17 23:01:01.263354	ronaldreagan
1372	2022-09-17 23:01:02.443244	reminder
1373	2022-09-17 23:01:05.845741	sleepyjoe
1374	2022-09-17 23:01:07.233408	china
1375	2022-09-17 23:01:28.150066	trumpwon2020
1376	2022-09-17 23:01:31.942912	SupportOurTruckers
1377	2022-09-17 23:01:37.262607	newyearnewwar
1378	2022-09-17 23:01:37.755428	thanksjoe
1379	2022-09-17 23:01:38.240056	redherring
1380	2022-09-17 23:01:49.323191	allroadsleadtoDC
1381	2022-09-17 23:02:04.890333	canada
1382	2022-09-17 23:02:28.956054	politics
1383	2022-09-17 23:02:30.139616	cronycapitalism
1384	2022-09-17 23:02:33.910255	CaliforniaPatriots
1385	2022-09-17 23:02:36.506945	water
1386	2022-09-17 23:02:38.307397	twosday
1387	2022-09-17 23:02:49.905963	Science
1388	2022-09-17 23:02:56.215707	thankatrucker
1389	2022-09-17 23:02:58.836545	sotu
1390	2022-09-17 23:03:00.379693	dc
1391	2022-09-17 23:03:10.046976	MSM
1392	2022-09-17 23:03:10.549376	pathetic
1393	2022-09-17 23:03:14.296076	maskmandates
1394	2022-09-17 23:03:15.367965	medicalfreedom
1395	2022-09-17 23:03:16.202391	mynameischrislewis
1396	2022-09-17 23:03:22.632657	thanksocal
1397	2022-09-17 23:03:23.620928	thanksfornothing
1398	2022-09-17 23:03:34.772742	wow
1399	2022-09-17 23:03:35.350314	thankyou
1400	2022-09-17 23:03:40.701356	craftbeer
1401	2022-09-17 23:03:41.271081	goodfood
1402	2022-09-17 23:03:41.826619	foodie
1403	2022-09-17 23:03:42.57417	chickenwings
1404	2022-09-17 23:03:43.116685	burgers
1405	2022-09-17 23:03:44.02136	thepubatlakecuyamaca
1406	2022-09-17 23:03:46.761365	dalecarnegie
1407	2022-09-17 23:03:47.228207	quotes
1408	2022-09-17 23:03:49.634113	brandon
1409	2022-09-17 23:03:50.476739	gasprice
1410	2022-09-17 23:03:52.788815	commiefornia
1411	2022-09-17 23:04:05.929213	evil
1412	2022-09-17 23:04:07.696497	vaccinations
1413	2022-09-17 23:04:15.059177	KanyeWest
1414	2022-09-17 23:04:19.935591	rockstar
1415	2022-09-17 23:04:20.468007	energy
1416	2022-09-17 23:04:21.053085	test
1417	2022-09-17 23:04:36.302455	suckitbigtech
1418	2022-09-17 23:04:55.513227	workfromhome
1419	2022-09-17 23:04:58.110132	golfhack
1420	2022-09-17 23:04:58.609119	imakeyoulookgood
1421	2022-09-17 23:05:00.855327	hack
1422	2022-09-17 23:05:01.458183	sandbagger
1423	2022-09-17 23:05:01.969355	worldsokayestgolfer
1424	2022-09-17 23:05:03.949331	SFGiants
1425	2022-09-17 23:05:25.064257	jack
1426	2022-09-17 23:05:28.046658	bsa
1427	2022-09-17 23:05:28.65415	letsgoooooo
1428	2022-09-17 23:05:40.7134	governmentwaste
1429	2022-09-17 23:05:41.165287	socialismsucks
1430	2022-09-17 23:05:41.654726	hardpass
1431	2022-09-17 23:05:45.762447	run
1432	2022-09-17 23:05:46.455434	goals
1433	2022-09-17 23:05:47.016087	exercise
1434	2022-09-17 23:05:48.017332	letsdothis
1435	2022-09-17 23:05:53.77365	jurassicpark
1436	2022-09-17 23:05:54.576671	comingsoon
1437	2022-09-17 23:05:57.01222	professorlewis
1438	2022-09-17 23:06:01.244015	wuhanflu
1439	2022-09-17 23:06:02.721708	vaccines
1440	2022-09-17 23:06:10.273152	superbowl
1441	2022-09-17 23:06:10.809125	football
1442	2022-09-17 23:06:11.330949	rams
1443	2022-09-17 23:06:11.857237	bengals
1444	2022-09-17 23:06:12.39371	eminem
1445	2022-09-17 23:06:12.916601	halftime
1446	2022-09-17 23:06:13.429696	superbowlhalftimeshow
1447	2022-09-17 23:06:15.102659	sports
1448	2022-09-17 23:06:17.102545	losangeles
1450	2022-09-17 23:06:24.383872	punny
1451	2022-09-17 23:06:25.182627	february
1508	2022-09-18 00:51:33.976707	september11
1509	2022-09-18 00:51:35.714542	CriminalsInPower
1510	2022-09-18 00:51:41.025929	Remember
1511	2022-09-18 00:52:15.664063	TruthSocialHasPollsNow
1512	2022-09-18 00:57:46.831932	AngelsAmongUs
1513	2022-09-18 00:58:31.297147	idiocy
1514	2022-09-18 00:59:09.656786	NoMore
1515	2022-09-18 01:00:09.925533	GroomerAwarenessMonth
1516	2022-09-18 01:00:18.878943	Winning1by1
1517	2022-09-18 01:00:19.650281	WeWin
1518	2022-09-18 01:00:20.860492	CleaningHouse
1519	2022-09-18 01:00:34.493584	spiritualwar
1520	2022-09-18 01:00:37.337888	umtoo
1521	2022-09-18 01:00:38.47691	t2b
1522	2022-09-18 01:00:53.232916	trademarks
1523	2022-09-18 01:00:53.956404	Watermark
1524	2022-09-18 01:01:05.51666	Fake
1525	2022-09-18 01:01:12.642323	G99
1526	2022-09-18 01:01:27.341092	Dance
1527	2022-09-18 01:01:28.418658	Singing
1528	2022-09-18 01:01:45.648279	WeGotThis
1529	2022-09-18 01:01:46.623566	LOVEWins
1530	2022-09-18 01:01:47.902508	LOVEISTHEONLYSOLUTION
1531	2022-09-18 01:01:48.686175	LOVE
1532	2022-09-18 01:01:49.40515	KillEmWithKindness
1533	2022-09-18 01:01:53.495947	ItsAllConnected
1534	2022-09-18 01:01:58.459676	KathyHochul
1535	2022-09-18 01:02:09.930486	DoTheWork
1536	2022-09-18 01:02:13.667271	FeelsLikeTwitterHere
1537	2022-09-18 01:02:14.265424	ShadowBanned
1538	2022-09-18 01:02:15.104957	TSSucks
1539	2022-09-18 01:02:17.050857	sus
1540	2022-09-18 01:02:22.631099	TS
1541	2022-09-18 01:02:23.404815	Control
1542	2022-09-18 01:02:24.167598	BS
1543	2022-09-18 01:02:46.597902	Instinct
1544	2022-09-18 01:02:47.680527	Discern
1545	2022-09-18 01:02:49.129961	Godspeak
1546	2022-09-18 01:02:49.919442	ListenWithTheEarOfTheHeart
1547	2022-09-18 01:02:55.151318	CanYouFeelIt
1648	2022-09-18 01:19:47.291643	BeBest
1649	2022-09-18 01:19:47.932445	LoveOneAnother
1650	2022-09-18 01:19:48.58651	WeAreOne
1651	2022-09-18 01:19:49.1519	Love
1652	2022-09-18 01:19:49.89041	HappySaturday
1653	2022-09-18 01:19:58.976307	stopthesteal
1654	2022-09-18 01:19:59.565325	trumpwon
864	2022-09-17 10:04:09.678054	Texas
869	2022-09-17 10:04:26.685794	NewYork
870	2022-09-17 10:04:27.434737	whatsforlunch
871	2022-09-17 10:04:27.899385	peanutbutter
873	2022-09-17 10:04:29.432956	nationalPetDay
876	2022-09-17 10:04:45.166455	owl
883	2022-09-17 10:04:52.445274	YouBreakItYouBuyIt
885	2022-09-17 10:05:08.143783	stickers
886	2022-09-17 10:05:08.707468	artists
888	2022-09-17 10:05:09.925717	SpreadingJoy
889	2022-09-17 10:05:10.385081	ArtSavesTheWorld
890	2022-09-17 10:05:11.128847	10MinuteArt
892	2022-09-17 10:05:37.940072	wall
895	2022-09-17 10:05:39.436926	senTimScott
1449	2022-09-17 23:06:22.33387	SuperBowl
1548	2022-09-18 01:03:44.030872	HOME
1549	2022-09-18 01:03:47.269404	YouArePowerFilled
1550	2022-09-18 01:03:47.982252	HumanityWon
1551	2022-09-18 01:03:48.606483	FightTheGoodFight
1552	2022-09-18 01:03:49.410726	PayItForward
1553	2022-09-18 01:03:50.063824	LOVEANDLIGHT
1554	2022-09-18 01:03:55.761839	LoveWins
1555	2022-09-18 01:03:56.439187	YourThoughtsArePowerful
1556	2022-09-18 01:03:57.036229	ChooseWisely
1557	2022-09-18 01:04:01.993573	Tartaria
1558	2022-09-18 01:04:02.666729	OnAMissionFromGod
1559	2022-09-18 01:04:05.160607	PRAY
1560	2022-09-18 01:04:09.631511	LetsGo
1561	2022-09-18 01:04:10.397033	GoodWins
1562	2022-09-18 01:04:18.02741	Family
1563	2022-09-18 01:04:33.965812	Jesus
1564	2022-09-18 01:04:34.575905	JesusSaves
1565	2022-09-18 01:04:35.37399	JesusIsLord
1566	2022-09-18 01:04:36.715372	Pray
1567	2022-09-18 01:04:48.044359	DontLookAway
1568	2022-09-18 01:04:52.90059	Trumpwin
1569	2022-09-18 01:04:53.542512	Trumptrains
1570	2022-09-18 01:04:55.095575	Maga
1571	2022-09-18 01:04:55.682164	TrumpTruth
1572	2022-09-18 01:04:56.430808	Patriot
1573	2022-09-18 01:04:57.120948	Patriots
1574	2022-09-18 01:04:57.818425	Retruth
1575	2022-09-18 01:04:58.576859	Maga2024
1576	2022-09-18 01:04:59.700477	Mules
1577	2022-09-18 01:05:00.426059	W27
1578	2022-09-18 01:05:01.249733	V25
1579	2022-09-18 01:05:01.847723	Magaking
1580	2022-09-18 01:05:02.870385	Magagang
1581	2022-09-18 01:05:03.536862	Magatruth
1582	2022-09-18 01:05:08.787927	pedophilia
1583	2022-09-18 01:05:10.252269	Warriors
1584	2022-09-18 01:05:11.031815	Twinflames
1585	2022-09-18 01:06:02.274803	Z28
1586	2022-09-18 01:06:03.105577	MrPotatohead
1587	2022-09-18 01:06:03.701422	SFPP
1588	2022-09-18 01:06:28.351316	skywatching
1589	2022-09-18 01:06:48.158019	BloodMoon
1590	2022-09-18 01:06:49.246453	TimeToFly
1591	2022-09-18 01:06:49.884146	GameTime
1592	2022-09-18 01:06:52.161635	RememberWhoYouAre
1593	2022-09-18 01:07:02.840268	WheresPresidentTrump
1594	2022-09-18 01:07:15.937106	BigRedWave2022
1595	2022-09-18 01:07:31.915115	Vaccines
1596	2022-09-18 01:07:32.750082	Suicide
1597	2022-09-18 01:09:20.779373	r22
1598	2022-09-18 01:09:21.913129	aga
1599	2022-09-18 01:09:24.5195	DEEPSTATE
1600	2022-09-18 01:09:25.130951	CALIFORNIA
1601	2022-09-18 01:09:59.222473	SaveTheChildren
1602	2022-09-18 01:10:10.966858	SaveOurChildren
1603	2022-09-18 01:10:42.650351	grooming
1604	2022-09-18 01:10:43.224649	TheFamily
1605	2022-09-18 01:10:46.259358	SaveTheBabies
1606	2022-09-18 01:10:47.00582	Murder
1607	2022-09-18 01:10:47.94055	BeAvoice
1608	2022-09-18 01:10:48.815774	Life
1609	2022-09-18 01:10:54.16955	WhitmerTrial
1610	2022-09-18 01:11:07.43234	DNC
1611	2022-09-18 01:11:09.782942	BringBackTrump
1612	2022-09-18 01:11:20.496626	BoycottDisney
1613	2022-09-18 01:11:21.424847	FuckDisney
1614	2022-09-18 01:11:22.125227	Disney
1615	2022-09-18 01:11:38.312402	perspective
1616	2022-09-18 01:12:45.553837	DJT
1617	2022-09-18 01:12:46.342439	TheGreatAwakening
1618	2022-09-18 01:12:55.864838	Twixit
1619	2022-09-18 01:13:27.208823	BIDENS
1620	2022-09-18 01:13:28.071843	FAKE
1621	2022-09-18 01:13:28.722784	WHITEHOUSE
1622	2022-09-18 01:14:09.799011	cometakeit
1623	2022-09-18 01:14:10.435922	markdrasmussen
1624	2022-09-18 01:14:14.937255	glitchinthematrix
1625	2022-09-18 01:14:15.907	funnymemes
1626	2022-09-18 01:14:30.675677	memeidea
1627	2022-09-18 01:15:11.222622	AmericaLast
1628	2022-09-18 01:15:37.429967	tbeansprout
1629	2022-09-18 01:15:44.2174	LaughterIsMedicine
1630	2022-09-18 01:15:57.034401	trumptruths
1631	2022-09-18 01:16:02.620103	MelaniaTrump
1632	2022-09-18 01:16:27.197412	TRUTHSOCIAL
1633	2022-09-18 01:17:02.722228	bidens
1634	2022-09-18 01:17:04.561975	MAGAtruth
1635	2022-09-18 01:17:53.044535	RINOS
1636	2022-09-18 01:17:54.161152	patriots
1637	2022-09-18 01:17:54.791139	winred
1638	2022-09-18 01:18:05.081929	hillsongchurch
1639	2022-09-18 01:18:24.679821	TrumpDance
1640	2022-09-18 01:18:33.6818	jenpsaki
1641	2022-09-18 01:18:34.37765	hillaryclinton
1642	2022-09-18 01:18:35.464614	goldstandard
1643	2022-09-18 01:19:07.1138	TrutherPoll
1644	2022-09-18 01:19:16.385474	1USA
1645	2022-09-18 01:19:27.386355	AmericansAreDreamersToo
1646	2022-09-18 01:19:36.258961	CandaceOwens
1647	2022-09-18 01:19:40.533292	ForgiatoBlow
1655	2022-09-18 01:20:00.685842	trumpismypresident
1656	2022-09-18 01:20:01.431016	trump2020
1657	2022-09-18 01:20:02.532162	djt
1658	2022-09-18 01:20:03.267417	riggedelections
1659	2022-09-18 01:20:32.872486	GasSavingTips
1660	2022-09-18 01:21:01.112794	FJBMath
1661	2022-09-18 01:21:07.036588	BestOfBothWorlds
1662	2022-09-18 01:21:07.710063	TMYK
1663	2022-09-18 01:21:32.951436	potus45
1664	2022-09-18 01:21:34.236933	commanderinchief
1665	2022-09-18 01:21:34.900602	thepeoplespresident
1666	2022-09-18 01:21:36.074163	compassion
1667	2022-09-18 01:21:50.800127	BidenCrimeFamily
1668	2022-09-18 01:22:05.508699	transgender
1669	2022-09-18 01:22:50.368913	wwg1wga
1670	2022-09-18 01:22:51.166895	ncswic
1671	2022-09-18 01:22:51.869563	Greatawakening
1672	2022-09-18 01:23:23.066521	WW3
1673	2022-09-18 01:23:25.119395	ArtOfWar
1674	2022-09-18 01:23:26.031307	GeneralMilley
1675	2022-09-18 01:23:28.668662	FreeJ6Patriots
1676	2022-09-18 01:23:37.046153	CreepyJoe
1677	2022-09-18 01:23:54.474278	LockThemUp
1678	2022-09-18 01:24:01.229951	TrumpWasRight
865	2022-09-17 10:04:17.756671	peace
866	2022-09-17 10:04:20.006821	turtles
867	2022-09-17 10:04:20.473912	koi
868	2022-09-17 10:04:22.467918	HarveyPitt
872	2022-09-17 10:04:28.350114	FordsGarage
874	2022-09-17 10:04:38.846912	MakeSocialMediaGreatAgain
875	2022-09-17 10:04:39.315741	Onward
877	2022-09-17 10:04:45.812989	GBR
878	2022-09-17 10:04:48.534371	Nebraska
879	2022-09-17 10:04:48.998994	northwestern
880	2022-09-17 10:04:49.706367	cornhuskers
881	2022-09-17 10:04:50.793498	swans
882	2022-09-17 10:04:51.746328	sunday
884	2022-09-17 10:05:07.622328	art
887	2022-09-17 10:05:09.47188	TruthArtProject
891	2022-09-17 10:05:37.230583	north
893	2022-09-17 10:05:38.726964	MusicMonday
894	2022-09-17 10:05:38.968379	senTomCotton
896	2022-09-17 10:06:39.84792	experiencematters
897	2022-09-17 10:06:43.134165	wintheday
898	2022-09-17 10:06:43.816527	mindset
899	2022-09-17 10:06:44.292094	motivation
900	2022-09-17 10:06:44.753445	podcast
901	2022-09-17 10:06:45.747007	america
902	2022-09-17 10:06:46.202815	couples
903	2022-09-17 10:06:46.665284	relationship
904	2022-09-17 10:06:47.131494	win
905	2022-09-17 10:06:59.267799	inspire
906	2022-09-17 10:07:08.875311	ONWARD
907	2022-09-17 10:07:28.458511	raid
908	2022-09-17 10:07:32.658706	Rumble
909	2022-09-17 10:07:40.723106	servers
910	2022-09-17 10:07:41.209391	DC
911	2022-09-17 10:07:45.193254	android
912	2022-09-17 10:07:45.977494	PreOrder
913	2022-09-17 10:07:47.883621	Truthers
914	2022-09-17 10:07:48.308238	thread
915	2022-09-17 10:07:48.771127	MemeWarriors
916	2022-09-17 10:07:55.581596	music
917	2022-09-17 10:08:09.917197	AnyoneAnyone
918	2022-09-17 10:08:13.365736	KashsCorner
919	2022-09-17 10:08:13.876997	Spygate
920	2022-09-17 10:08:14.440667	RussiaHoax
921	2022-09-17 10:08:17.751091	memewar
922	2022-09-17 10:08:18.226956	MakingSocialMediaFunAgain
923	2022-09-17 10:08:23.11687	ONWAR
924	2022-09-17 10:08:24.936901	Hoorah
925	2022-09-17 10:08:25.658513	marines
926	2022-09-17 10:08:36.900116	sarcasm
927	2022-09-17 10:08:37.378906	MakeSocialMediaFunAgain
928	2022-09-17 10:08:37.904996	BringBackGeorgeJones
929	2022-09-17 10:08:38.364719	FridayOnTruth
930	2022-09-17 10:08:43.382994	TruthFam
931	2022-09-17 10:08:58.332551	ObjectiveThunderstruck
932	2022-09-17 10:08:59.846361	JMsUltraLaserEngraving
933	2022-09-17 10:09:00.602083	laserengraving
934	2022-09-17 10:09:01.637246	unstoppablemovement
935	2022-09-17 10:09:02.405423	PatriotGames
936	2022-09-17 10:09:02.855973	thepit
937	2022-09-17 10:09:03.326615	GodWins
938	2022-09-17 10:09:11.607346	CorsicanaMovie
939	2022-09-17 10:09:20.240064	justTRUTHit
940	2022-09-17 10:09:21.853734	TRUTHBooth
941	2022-09-17 10:09:25.638088	TruthTeam
942	2022-09-17 10:09:34.273146	Trapt
943	2022-09-17 10:09:34.74349	Headstrong
944	2022-09-17 10:09:35.727183	concert
945	2022-09-17 10:09:40.7135	TruthUK
946	2022-09-17 10:09:46.043562	SRQ
947	2022-09-17 10:09:54.005676	socialmediafunagain
948	2022-09-17 10:09:56.601596	inittogether
949	2022-09-17 10:10:02.034984	RussiaGate
950	2022-09-17 10:10:14.718579	finallyfriday
951	2022-09-17 10:10:28.42939	FightWithKash
952	2022-09-17 10:10:30.98231	TakeItByTheHorns
953	2022-09-17 10:10:31.44672	HardWork
954	2022-09-17 10:10:49.958714	Thunderbird66
955	2022-09-17 10:10:52.050324	techtyrants
956	2022-09-17 10:10:53.804503	SuccessfulSaturday
957	2022-09-17 10:10:58.997037	Brentwood
958	2022-09-17 10:10:59.488672	MO
959	2022-09-17 10:11:36.788827	Covfefe
960	2022-09-17 10:11:46.041196	SocialSunday
961	2022-09-17 10:11:52.489957	BeastMode
962	2022-09-17 10:11:54.893892	stoic
963	2022-09-17 10:11:55.400943	carsoftruth
964	2022-09-17 10:11:58.542191	fireworks
965	2022-09-17 10:11:59.937849	backtowork
966	2022-09-17 10:12:04.546153	FreedomFriday
967	2022-09-17 10:12:21.784129	truthers
968	2022-09-17 10:12:22.532799	SDGOV
969	2022-09-17 10:12:27.889948	Reagan
970	2022-09-17 10:12:31.188824	mondaymotivation
971	2022-09-17 10:12:31.70155	meditations
972	2022-09-17 10:12:33.156831	BigThingsAhead
973	2022-09-17 10:12:55.869671	logic
974	2022-09-17 10:12:57.708701	rumble
975	2022-09-17 10:13:00.278439	Meditations
976	2022-09-17 10:13:20.895726	QuoteTruth
977	2022-09-17 10:13:21.34935	features
978	2022-09-17 10:13:28.202004	Faith
979	2022-09-17 10:13:28.909226	CSLewis
980	2022-09-17 10:13:39.187559	honorandremember
981	2022-09-17 10:13:51.797928	FreeSpeechZone
982	2022-09-17 10:13:54.326005	memes
983	2022-09-17 10:13:54.850477	photos
984	2022-09-17 10:14:17.07008	babyformula
985	2022-09-17 10:14:25.396668	like
986	2022-09-17 10:14:25.867433	reTruth
987	2022-09-17 10:14:26.325924	comment
988	2022-09-17 10:14:44.409323	Food
989	2022-09-17 10:14:59.447852	TruthStore
990	2022-09-17 10:15:08.147686	YAL
991	2022-09-17 10:15:44.285879	miniluv
992	2022-09-17 10:37:27.59832	Gaming
993	2022-09-17 10:37:28.076378	Cooking
994	2022-09-17 10:37:28.510603	Music
995	2022-09-17 10:53:43.992182	Locals
996	2022-09-17 15:46:22.916864	TheShining
997	2022-09-17 15:46:23.41937	StanleyKubrick
998	2022-09-17 15:46:24.89356	AQuietPlace
999	2022-09-17 15:46:31.985793	ChristopherNolan
1000	2022-09-17 15:46:33.524289	PeakyBlinders
1001	2022-09-17 15:46:34.987566	NoTimeToDie
1002	2022-09-17 15:46:36.526989	ThePlaceBeyondThePines
1003	2022-09-17 15:46:51.420054	americanpsycho
1004	2022-09-17 15:47:50.364127	TheBatman
1005	2022-09-17 15:48:33.13009	TopGunMaverick
1006	2022-09-17 15:48:37.878501	PiratesOfTheCaribbean
1007	2022-09-17 15:48:50.625585	greenbook
1008	2022-09-17 15:48:56.223678	interstellar
1009	2022-09-17 15:49:34.248129	KateWinslet
1010	2022-09-17 15:49:34.750025	LeonardoDiCaprio
1011	2022-09-17 15:49:35.236997	RevolutionaryRoad
1012	2022-09-17 15:49:37.791351	TildaSwinton
1013	2022-09-17 15:49:43.697976	peakyblinders
1014	2022-09-17 15:49:50.255115	loveandotherdrugs
1015	2022-09-17 15:49:52.737325	django
1016	2022-09-17 15:51:37.979256	fightclub
1017	2022-09-17 15:51:40.505106	thetourist
1018	2022-09-17 15:51:46.10979	Dunkirk
1019	2022-09-17 15:51:47.832946	thebreakup
1020	2022-09-17 15:51:49.379105	RobertPattinson
1021	2022-09-17 15:51:51.939495	TheDarkKnight
1022	2022-09-17 15:53:42.389132	batmanreturns
1023	2022-09-17 15:53:43.903564	knivesout
1024	2022-09-17 15:53:46.429734	thebatman
1025	2022-09-17 15:54:05.705482	JusticeLeague
1026	2022-09-17 15:54:17.533214	ArmyOfTheDead
1027	2022-09-17 15:54:19.984309	ShutterIsland
1028	2022-09-17 15:54:24.092666	Borat
1029	2022-09-17 15:54:26.63772	F9
1030	2022-09-17 15:54:31.46661	RobinWilliams
1031	2022-09-17 15:54:37.293876	FightClub
1032	2022-09-17 15:54:37.812982	Memento
1033	2022-09-17 15:54:39.732713	ladygaga
1034	2022-09-17 15:54:54.051723	BladeRunner2049
1035	2022-09-17 15:54:59.628212	Interstellar
1036	2022-09-17 15:55:02.600652	DenisVilleneuve
1037	2022-09-17 15:55:32.182568	Oppenheimer
1038	2022-09-17 15:55:39.129434	TheNorthman
1039	2022-09-17 15:55:39.645484	RobertEggers
1040	2022-09-17 15:55:41.544894	JoaquinPhoenix
1041	2022-09-17 15:55:42.059227	Napoleon
1042	2022-09-17 15:55:42.53197	RidleyScott
1043	2022-09-17 15:56:16.81641	TheAvengers
1044	2022-09-17 15:56:20.634466	Tenet
1045	2022-09-17 15:56:31.413852	GoneGirl
1046	2022-09-17 15:56:32.92686	Batman
1047	2022-09-17 15:56:48.552719	fordvferrari
1048	2022-09-17 15:57:20.737112	TheWolfofWallStreet
1049	2022-09-17 17:06:50.571836	RayEpps
1050	2022-09-17 17:06:51.775813	Utah
1051	2022-09-17 17:06:52.370784	Jan6
1052	2022-09-17 17:06:57.391328	BuildBackBetter
1053	2022-09-17 17:06:58.04916	BuildBackBroke
1054	2022-09-17 17:06:59.084059	gas
1055	2022-09-17 17:06:59.659368	oil
1056	2022-09-17 17:07:01.177045	lgb
1057	2022-09-17 17:07:01.796813	gasstation
1058	2022-09-17 17:07:02.570547	car
1059	2022-09-17 17:07:03.251685	truckers
1060	2022-09-17 17:07:03.867409	truck
1061	2022-09-17 17:07:04.654631	Fuel
1062	2022-09-17 17:07:05.382411	FuelPrices
1063	2022-09-17 17:07:06.006893	fuelshortage
1064	2022-09-17 17:07:06.79755	diesel
1065	2022-09-17 17:07:08.367686	freedomconvoy2022
1066	2022-09-17 17:07:09.023194	freedomconvoy
1067	2022-09-17 17:07:10.154321	TruckersForTrump
1068	2022-09-17 17:07:11.234732	UltraMaGa
1069	2022-09-17 17:07:15.71538	convoyforfreedom2022
1070	2022-09-17 17:07:16.389525	freedomconvoyusa2022
1071	2022-09-17 17:07:17.146933	worldwidedemonstration
1072	2022-09-17 17:07:17.790828	stopmedicalmandates
1073	2022-09-17 17:07:18.35789	stopnewworldorder
1074	2022-09-17 17:07:19.028926	mybodymychoice
1075	2022-09-17 17:07:19.811932	stopthemandate
1076	2022-09-17 17:07:20.410215	endallmandates
1077	2022-09-17 17:07:21.120398	wewillallbethere
1078	2022-09-17 17:07:24.667536	ThePeoplesConvoy
1079	2022-09-17 17:07:26.875625	thepeoplesconvoy
1080	2022-09-17 17:07:29.038065	LetFreedomRoll
1081	2022-09-17 22:41:17.037447	T24
1082	2022-09-17 22:41:17.513912	Tone
1083	2022-09-17 22:41:50.710537	sadtruth
1084	2022-09-17 22:51:48.703378	changemymind
1085	2022-09-17 22:51:49.190642	food
1086	2022-09-17 22:51:49.680204	mexicanfood
1087	2022-09-17 22:51:50.228359	why
1088	2022-09-17 22:51:51.867458	presidentjoey
1089	2022-09-17 22:51:52.840672	constitution
1090	2022-09-17 22:51:53.924659	republic
1091	2022-09-17 22:51:54.488474	democracy
1092	2022-09-17 22:51:59.136563	republican
1093	2022-09-17 22:52:00.11365	uncletom
1094	2022-09-17 22:52:00.749791	candaceowens
1095	2022-09-17 22:52:01.393501	larryelder
1096	2022-09-17 22:52:02.19219	thomassowell
1097	2022-09-17 22:52:04.460646	j6
1098	2022-09-17 22:52:05.442884	riot
1099	2022-09-17 22:52:06.016677	dadlife
1100	2022-09-17 22:52:06.778501	kids
1101	2022-09-17 22:52:07.362928	kidsareterrorists
1102	2022-09-17 22:52:13.025659	danacarvey
1103	2022-09-17 22:52:13.730112	potus
1104	2022-09-17 22:52:15.467821	funnycuzitstrue
1105	2022-09-17 22:52:18.670139	vacation
1106	2022-09-17 22:52:19.934915	whyiseverythingsoexpensive
1107	2022-09-17 22:52:20.811593	thanksbrandon
1108	2022-09-17 22:52:21.692394	socal
1109	2022-09-17 22:52:22.552074	teamlewis
1110	2022-09-17 22:52:30.603072	prostitution
1111	2022-09-17 22:52:31.250819	sextrafficking
1112	2022-09-17 22:52:35.280141	SexTrafficking
1113	2022-09-17 22:52:36.129111	pleasegoaway
1114	2022-09-17 22:52:36.638584	thisfreakingguy
1115	2022-09-17 22:52:37.472507	gb
1116	2022-09-17 22:52:37.96694	GavinNewsom
1117	2022-09-17 22:52:38.497294	gavinnewsomsucks
1118	2022-09-17 22:52:39.0336	Jackass
1119	2022-09-17 22:52:39.54374	LEO
1120	2022-09-17 22:52:40.020928	police
1121	2022-09-17 22:52:40.501954	lawenforcement
1122	2022-09-17 22:52:47.689673	sfgiants
1123	2022-09-17 22:52:48.213068	baseball
1124	2022-09-17 22:52:48.717211	mlb
1125	2022-09-17 22:52:49.191244	40thbirthday
1126	2022-09-17 22:52:49.690092	happybirthday
1127	2022-09-17 22:52:50.189982	ihatesanfrancisco
1128	2022-09-17 22:52:52.896673	education
1129	2022-09-17 22:52:53.672435	economy
1130	2022-09-17 22:52:54.126943	economics
1131	2022-09-17 22:52:54.630225	miltonfriedman
1132	2022-09-17 22:52:55.39203	bidenflation
1133	2022-09-17 22:52:56.459775	freetochoose
1134	2022-09-17 22:52:57.208937	capitalism
1135	2022-09-17 22:52:57.691804	freemarkets
1136	2022-09-17 22:52:58.165463	federalreserve
1137	2022-09-17 22:52:58.819202	interestrates
1138	2022-09-17 22:52:59.301236	consumers
1139	2022-09-17 22:53:02.926861	tuesday
1140	2022-09-17 22:53:03.692891	wisdom
1141	2022-09-17 22:53:04.284903	people
1142	2022-09-17 22:53:05.333732	conversation
1143	2022-09-17 22:53:06.067917	negotiation
1144	2022-09-17 22:53:06.818339	Communication
1145	2022-09-17 22:53:07.343691	foodforthought
1146	2022-09-17 22:53:07.838845	election
1147	2022-09-17 22:53:08.384216	electionday
1148	2022-09-17 22:53:18.491673	scouts
1149	2022-09-17 22:53:19.318705	memorialdayweekend
1150	2022-09-17 22:53:19.824001	MemorialDay2022
1151	2022-09-17 22:53:20.379064	community
1152	2022-09-17 22:53:20.913288	neighbors
1153	2022-09-17 22:53:21.408292	neighborhood
1154	2022-09-17 22:53:22.452526	salute
1155	2022-09-17 22:53:22.963211	honor
1156	2022-09-17 22:53:26.768774	fishing
1157	2022-09-17 22:53:27.300935	hiking
1158	2022-09-17 22:53:27.84974	snakes
1159	2022-09-17 22:53:28.411247	flag
1160	2022-09-17 22:53:29.224361	flagceremony
1161	2022-09-17 22:53:29.72792	camping
1162	2022-09-17 22:53:30.248436	campfire
1163	2022-09-17 22:53:31.046658	millertonlake
1164	2022-09-17 22:53:31.765867	outdoors
1165	2022-09-17 22:53:34.870004	ammo
1166	2022-09-17 22:53:35.346859	pies
1167	2022-09-17 22:53:35.853072	localbusiness
1168	2022-09-17 22:53:36.388985	supportlocal
1169	2022-09-17 22:53:37.065027	bathroom
1170	2022-09-17 22:53:37.647323	engineer
1171	2022-09-17 22:53:38.235447	architect
1172	2022-09-17 22:53:39.223559	sunset
1173	2022-09-17 22:53:39.897678	highdesert
1174	2022-09-17 22:53:40.733012	prescott
1175	2022-09-17 22:53:41.26089	prescottarizona
1176	2022-09-17 22:53:41.983938	longdrive
1177	2022-09-17 22:53:42.733594	family
1178	2022-09-17 22:53:43.213021	siblings
1179	2022-09-17 22:53:48.518623	hiddengem
1180	2022-09-17 22:53:49.010138	laketahoe
1181	2022-09-17 22:53:49.529919	southlaketahoe
1182	2022-09-17 22:53:50.031969	lockefordsausages
1183	2022-09-17 22:53:50.570052	bbq
1184	2022-09-17 22:53:51.102741	ohyeah
1185	2022-09-17 22:53:51.653887	worththewait
1186	2022-09-17 22:53:52.198303	sausage
1187	2022-09-17 22:53:52.697834	reservedforrush
1188	2022-09-17 22:53:56.553972	clevelandindians
1189	2022-09-17 22:53:57.028639	indians
1190	2022-09-17 22:53:57.530842	guardians
1191	2022-09-17 22:53:58.038262	woke
1192	2022-09-17 22:53:58.513503	wokeisbroke
1193	2022-09-17 22:54:00.638291	nationalleague
1194	2022-09-17 22:54:01.456513	beatla
1195	2022-09-17 22:54:01.958098	letsgo
1196	2022-09-17 22:54:03.468799	birthday
1197	2022-09-17 22:54:03.990283	naturehike
1198	2022-09-17 22:54:04.792597	sandiego
1199	2022-09-17 22:54:05.283265	lakecuyamaca
1200	2022-09-17 22:54:05.787211	thepub
1201	2022-09-17 22:54:06.296313	partypeople
1202	2022-09-17 22:54:07.341878	redsolocup
1203	2022-09-17 22:54:10.463531	trip
1204	2022-09-17 22:54:11.225104	birthdaytrip
1205	2022-09-17 22:54:11.741379	mywiferocks
1206	2022-09-17 22:54:14.499853	documentary
1207	2022-09-17 22:54:15.000249	movies
1208	2022-09-17 22:54:15.495427	voices
1209	2022-09-17 22:54:16.190426	narrators
1210	2022-09-17 22:54:16.702712	thursday
1211	2022-09-17 22:54:17.226111	thursdaythoughts
1212	2022-09-17 22:54:17.993283	dadthoughts
1213	2022-09-17 22:54:18.507554	dads
1214	2022-09-17 22:54:30.935971	laugh
1215	2022-09-17 22:54:31.792572	dadjokes
1216	2022-09-17 22:54:33.121688	whatmovie
1217	2022-09-17 22:54:45.009235	friends
1218	2022-09-17 22:54:45.793322	chandler
1219	2022-09-17 22:54:46.328125	mschanandlerbong
1220	2022-09-17 22:54:47.193887	presidentbrandon
1221	2022-09-17 22:54:48.048612	itwasfunnyatthetime
1222	2022-09-17 22:54:48.820362	lol
1223	2022-09-17 22:54:52.167439	plato
1224	2022-09-17 22:54:52.715083	philosophers
1225	2022-09-17 22:54:55.62516	saturday
1226	2022-09-17 22:54:56.328527	mulligans
1227	2022-09-17 22:54:56.822884	march
1228	2022-09-17 22:54:57.313505	doublebogey
1229	2022-09-17 22:54:57.812986	doublebogeybrothers
1230	2022-09-17 22:54:58.300988	par
1231	2022-09-17 22:54:58.799274	liveoverpar
1232	2022-09-17 22:55:00.366264	willsmith
1233	2022-09-17 22:55:00.938828	chris
1234	2022-09-17 22:55:01.435715	apologize
1235	2022-09-17 22:55:01.913297	takemynameoutyourmouth
1236	2022-09-17 22:55:02.716676	iforgiveyou
1237	2022-09-17 22:55:03.20995	thistime
1238	2022-09-17 22:55:06.130336	baddrivers
1239	2022-09-17 22:55:06.624913	traffic
1240	2022-09-17 22:55:07.324612	dontcutmeoff
1241	2022-09-17 22:55:07.829889	dearlord
1242	2022-09-17 22:55:08.339803	beermethestrength
1243	2022-09-17 22:55:08.953171	faith
1244	2022-09-17 22:55:09.552195	lord
1245	2022-09-17 22:55:10.202724	prayers
1246	2022-09-17 22:55:11.017729	livelaughlove
1247	2022-09-17 22:55:11.638655	blessed
1248	2022-09-17 22:55:19.995402	coup
1249	2022-09-17 22:55:20.754659	imthedaddynow
1250	2022-09-17 22:55:23.713382	jokes
1251	2022-09-17 22:55:26.261266	greenmeansgo
1252	2022-09-17 22:55:26.816643	goninja
1253	2022-09-17 22:55:28.555503	tnmnt
1254	2022-09-17 22:55:29.267101	vanillaice
1255	2022-09-17 22:55:30.034814	throwback
1452	2022-09-18 00:19:47.503937	WWG1WGA
1453	2022-09-18 00:20:00.906871	PARally
1454	2022-09-18 00:20:09.73602	ccp
1455	2022-09-18 00:20:10.562862	Earth
1456	2022-09-18 00:20:11.686712	God
1457	2022-09-18 00:20:12.387598	prayer
1458	2022-09-18 00:20:13.705799	cdc
1459	2022-09-18 00:20:14.4403	guns
1460	2022-09-18 00:20:16.482056	abortion
1461	2022-09-18 00:20:17.762652	Reptilians
1462	2022-09-18 00:20:18.532929	Hitler
1463	2022-09-18 00:20:19.216802	Aliens
1464	2022-09-18 00:20:20.042772	Nazis
1465	2022-09-18 00:20:20.754286	FBICorruption
1466	2022-09-18 00:20:27.436716	DefundTheFBI
1467	2022-09-18 00:20:28.260316	Gematria
1468	2022-09-18 00:20:28.949498	GodsLanguage
1469	2022-09-18 00:20:29.602456	IAM
1470	2022-09-18 00:20:30.435236	JFKJR
1471	2022-09-18 00:20:31.147729	Kennedy
1472	2022-09-18 00:20:31.867821	ThisIsBiblical
1473	2022-09-18 00:20:32.631552	TheHolyBible
1474	2022-09-18 00:20:33.499431	Medicine
1475	2022-09-18 00:21:10.655152	LFG
1476	2022-09-18 00:21:17.869201	Leggo
1477	2022-09-18 00:22:15.341594	EpicFail
1478	2022-09-18 00:22:42.595277	BDE
1479	2022-09-18 00:22:52.591992	TrumpTrains
1480	2022-09-18 00:22:53.903146	iD4
1481	2022-09-18 00:23:53.643356	PeedMyPantsTwiceTodayAndNotAshamed
1482	2022-09-18 00:28:17.824399	Tranny
1483	2022-09-18 00:28:25.736024	Trannys
1484	2022-09-18 00:28:32.746	GoTime
1485	2022-09-18 00:28:53.671237	paytriots
1486	2022-09-18 00:29:47.228842	TrustGodOnly
1487	2022-09-18 00:31:55.244041	BoycottBOA
1488	2022-09-18 00:32:54.532959	Biblical
1489	2022-09-18 00:32:57.23287	UncoverDC
1490	2022-09-18 00:32:57.834545	FDA
1491	2022-09-18 00:33:29.494771	facts
1492	2022-09-18 00:33:30.810925	realtalk
1493	2022-09-18 00:33:31.936964	GaysAgainstGroomers
1494	2022-09-18 00:40:41.324236	biblical
1495	2022-09-18 00:40:50.195417	AT22
1679	2022-09-18 01:24:02.118536	Durham
1680	2022-09-18 01:26:15.72999	Marines
1681	2022-09-18 01:26:26.539953	DeepState
1682	2022-09-18 01:27:08.990281	corruption
1683	2022-09-18 01:27:09.772626	bidenlied
1684	2022-09-18 01:27:16.93607	BidensFAULT
1685	2022-09-18 01:36:06.539285	WomensHistoryMonth
1686	2022-09-18 01:36:07.892646	FamilyReunion
1687	2022-09-18 01:36:36.377102	JS
1688	2022-09-18 01:36:38.631247	ForTheChildren
1689	2022-09-18 01:36:39.173133	PrayForThoseInHarmsWay
1690	2022-09-18 01:41:42.767799	liblogic
1691	2022-09-18 01:41:44.427876	TRUTHARMY
1692	2022-09-18 01:41:47.59092	LibsofTwitter
1693	2022-09-18 01:41:49.302832	NoPisoshitos
1694	2022-09-18 01:41:57.320426	donaldjtrump
1695	2022-09-18 01:41:58.112937	presidenttrump
1696	2022-09-18 01:42:16.212406	suckit
1697	2022-09-18 01:42:17.436946	desantis
1698	2022-09-18 01:42:25.38057	SheIsAWorldChanger
1699	2022-09-18 01:42:25.878701	ItStopsNow
1700	2022-09-18 01:44:19.184335	verified
1701	2022-09-18 01:44:19.681442	verificationstatus
1702	2022-09-18 01:44:20.182162	clapforyourself
1703	2022-09-18 01:44:26.113009	brainblock
1704	2022-09-18 01:44:26.643828	writerscramp
1705	2022-09-18 01:44:28.266006	Twitter
1706	2022-09-18 01:56:16.086042	icebreaker
1707	2022-09-18 01:56:17.475623	WWE
1708	2022-09-18 01:56:18.530769	icebreakerquestion
1709	2022-09-18 01:56:19.050162	gettoknowus
1710	2022-09-18 01:56:33.468822	CFVI
1711	2022-09-18 01:56:41.142373	leavethosekidsalone
1712	2022-09-18 01:56:50.165692	PeoplesConvoy
1713	2022-09-18 01:56:50.888651	liberty
1714	2022-09-18 01:56:51.371627	TheSwamp
1715	2022-09-18 01:57:00.320001	betaTest
1716	2022-09-18 01:57:40.79632	og
1717	2022-09-18 01:57:48.159654	youwontbecanceled
1718	2022-09-18 01:57:48.612202	nogrammarpoliceeither
1719	2022-09-18 01:57:54.188486	whatsayyou
1720	2022-09-18 01:58:29.993057	FREEDOM
1721	2022-09-18 01:58:36.218802	justkidding
1722	2022-09-18 01:58:37.257971	Heroes
1723	2022-09-18 01:58:53.229586	viral
1724	2022-09-18 01:58:59.719216	same
1725	2022-09-18 01:59:21.609415	nicepeoplehere
1726	2022-09-18 01:59:52.210245	DarktoLight
1727	2022-09-18 02:15:45.597026	catering
1728	2022-09-18 02:15:46.19864	foodtruck
1729	2022-09-18 02:15:46.866887	alabama
1730	2022-09-18 02:15:47.942696	florida
1731	2022-09-18 02:16:48.650128	davidson
1732	2022-09-18 02:16:57.958476	ByDesign
1733	2022-09-18 02:17:29.092199	chickens
1734	2022-09-18 02:18:33.997637	impeachnewsom
1735	2022-09-18 02:19:21.694507	momlife
1736	2022-09-18 03:01:28.40813	fakenews
1737	2022-09-18 03:02:48.847734	RaisedRight
1738	2022-09-18 03:35:51.845959	maga2020
1739	2022-09-18 03:35:52.273641	g99
1740	2022-09-18 03:35:52.765923	ajpac
1741	2022-09-18 03:35:53.24699	Fix2020
1742	2022-09-18 03:35:53.730802	bringbacktrump
1743	2022-09-18 03:35:54.208574	J6falseflag
1744	2022-09-18 03:37:19.883984	CustomerFirst
1745	2022-09-18 03:37:27.194929	QuintezBrown
1746	2022-09-18 03:37:55.957144	teamnunes
1747	2022-09-18 04:21:38.023661	SueTheView
1748	2022-09-18 04:24:42.29348	MAGAMonth
1749	2022-09-18 04:25:24.649641	TwitterAllHands
1750	2022-09-18 04:36:03.576323	VeritasRaids
1751	2022-09-18 04:42:26.983681	PresidentsDay
1752	2022-09-18 04:44:37.743744	FreeALX
1753	2022-09-18 05:10:48.391492	CaptainDeplorable45PressConference
1754	2022-09-18 05:10:57.93801	AlwaysRemember
1755	2022-09-18 05:11:01.346249	CaptainDeplorable45Podcast
1756	2022-09-18 05:11:02.180551	captaindeplorable45
1757	2022-09-18 05:11:02.840813	captaindeplorable45podcast
1758	2022-09-18 05:11:22.749122	CaptainDeplorable45
1759	2022-09-18 05:11:54.886274	PodcastForThePeopleByThePeople
1760	2022-09-18 05:12:04.888466	kellstribe
1761	2022-09-18 05:12:07.166434	DogSays
1762	2022-09-18 05:12:10.541111	Lillypadlounge
1763	2022-09-18 05:12:21.950835	MakeAmericaLaughAgain
1764	2022-09-18 05:12:34.108307	MarALagoOfPodcasts
1765	2022-09-18 05:12:43.209394	MAGARepublican
1766	2022-09-18 05:12:44.264965	ExtremeMAGA
1767	2022-09-18 05:12:57.215744	makingtumblersgreatagain
1768	2022-09-18 05:12:57.783339	JustJodie
1769	2022-09-18 05:12:58.522936	SS17
1770	2022-09-18 05:13:40.268286	TerribleTiffany
1771	2022-09-18 05:13:52.790565	CaptainDeplorable45Team
1772	2022-09-18 05:13:55.336594	VIPCreativeUSA
1773	2022-09-18 05:14:04.361473	PatriotsSupportingPatriots
1774	2022-09-18 05:14:13.729356	ahuuuugefan
1775	2022-09-18 05:14:28.863862	MarALargoOfPodcasts
1776	2022-09-18 05:14:30.096823	ClayAndBuck
1777	2022-09-18 05:14:46.968519	MakePodcastsFunAgain
1778	2022-09-18 05:14:47.690211	clayandbuck
1779	2022-09-18 05:14:59.918177	MarALargoFBIRaid
1780	2022-09-18 05:15:00.6289	SadDayForAmerica
1781	2022-09-18 05:15:07.339784	BennyJohnson
1782	2022-09-18 05:15:08.548413	CapttainDeplorable45Podcast
1783	2022-09-18 05:15:45.335083	Deplorables
1784	2022-09-18 05:15:48.434791	CovidBrandon
1785	2022-09-18 05:15:49.172908	DementiaJoe
1786	2022-09-18 05:15:49.777857	ChyynaVirus
1787	2022-09-18 05:15:50.498649	RoadRashJoe
1788	2022-09-18 05:15:51.147196	KungFuFlu
1789	2022-09-18 05:16:12.118588	theplotagainsttheking
1790	2022-09-18 05:16:12.719331	Fightwithkash
1791	2022-09-18 05:16:25.865208	TruthWarriors
1792	2022-09-18 05:16:26.398545	Podcast
1793	2022-09-18 05:16:43.410889	makingAmericaLaughAgain
1794	2022-09-18 05:16:44.157399	PlotAgainstTheKing
1795	2022-09-18 05:16:45.273482	BubbleCovfefe
1796	2022-09-18 05:17:03.211439	ThePlotAgainstTheKing
1797	2022-09-18 05:17:48.776823	CaptainDeplorable45OfficialStatement
1798	2022-09-18 05:17:49.455613	RoadRashBiden
1799	2022-09-18 05:17:50.271702	SniffinBiden
1800	2022-09-18 05:18:14.803165	Shop
1801	2022-09-18 05:18:15.439955	Swag
1802	2022-09-18 05:18:16.118358	2ndamendment
1803	2022-09-18 05:18:16.896416	captainDeplorableswag
1804	2022-09-18 05:18:50.963376	TrumpSouthOfTheBorder
1805	2022-09-18 05:18:51.749255	Wall
1806	2022-09-18 05:19:01.047103	TheBennyShow
1807	2022-09-18 05:19:02.614546	Bennyjohnson
1808	2022-09-18 05:19:14.339961	MarALargoOfSocialMedia
1809	2022-09-18 05:19:27.66184	Tiffany
1810	2022-09-18 05:19:28.725418	PressConference
1811	2022-09-18 05:19:29.432223	fakenewsjournalist
1812	2022-09-18 05:19:30.343976	JobForTiffany
1813	2022-09-18 05:19:31.475351	JobBoardForTiffany
1814	2022-09-18 05:19:39.33754	TruthTechTeam
1815	2022-09-18 05:19:41.224595	TruthTeamRocks
1816	2022-09-18 05:20:39.143466	Happy4thofJuly
1817	2022-09-18 05:20:39.903197	4thofJuly
1818	2022-09-18 05:20:41.233918	MakeComedyGreatAgain
1819	2022-09-18 05:20:52.780208	ManOfStyle
1820	2022-09-18 05:20:53.536943	RogerStone
1821	2022-09-18 05:21:11.424132	MakingAmericaLaughAgain
1822	2022-09-18 05:21:13.107945	Chyyna
1823	2022-09-18 05:21:22.627804	SwampLoggers
1824	2022-09-18 05:21:27.413537	FuelPricesAreTooHigh
1825	2022-09-18 05:21:45.679948	KellyGoldenRocks
1826	2022-09-18 05:21:59.035937	Comedy
1827	2022-09-18 05:22:10.125834	PeeliticalTarget
1828	2022-09-18 05:22:11.262687	FathersDayGift
1829	2022-09-18 05:22:11.980894	PeeliticalTargets
1830	2022-09-18 05:22:12.616632	MakePeeingGreatAgain
1831	2022-09-18 05:23:01.115906	KellyGoldenShow
1832	2022-09-18 05:23:01.717116	PresidentTrump
1833	2022-09-18 05:23:09.586769	SC01
1834	2022-09-18 05:23:25.798191	PropagandaPost
1835	2022-09-18 05:23:56.181302	CaptainDelorable45Podcast
1836	2022-09-18 05:24:17.428081	PeeLitical
1837	2022-09-18 05:24:36.128931	makecomedygreatagain
1838	2022-09-18 05:25:24.765702	peelitical
1839	2022-09-18 05:25:25.392965	fathersdaygift
1840	2022-09-18 05:25:42.791111	ComedyPodcast
1841	2022-09-18 05:25:48.010987	FloridaMan
1842	2022-09-18 05:25:48.626176	Turtle
1843	2022-09-18 05:25:49.330946	TurtleMitch
1844	2022-09-18 05:26:02.90992	Alligator
1845	2022-09-18 05:26:25.197632	TrumpMan
1846	2022-09-18 05:26:39.80114	NBTripleN
1847	2022-09-18 05:26:48.740135	Catturd2
1848	2022-09-18 05:27:38.950996	PressSecretary
1849	2022-09-18 05:28:24.553251	iheartradio
1850	2022-09-18 05:28:47.699962	FunnierThanSNL
1851	2022-09-18 05:28:58.444244	TerribleTimes
1852	2022-09-18 05:29:07.451632	MakePodcasts
1853	2022-09-18 05:29:56.687735	Bestpodcastever
1854	2022-09-18 05:29:57.193391	MakingComedyGreatAgain
1855	2022-09-18 05:30:22.087559	HappyMothersDay
1856	2022-09-18 05:52:54.47666	customerfirst
1857	2022-09-18 05:53:04.364819	TRUMPRALLY
1858	2022-09-18 05:53:04.795725	Unforgettable
1859	2022-09-18 05:53:07.435344	MakeAmericaGreatAgainAgain
1860	2022-09-18 05:57:07.700608	Lions
1861	2022-09-18 05:57:48.657168	OathKeepers
1862	2022-09-18 05:57:49.433312	Jan6Committee
1863	2022-09-18 05:59:40.152818	keywest
1864	2022-09-18 05:59:40.809179	sunrise
1865	2022-09-18 06:01:32.453068	JustinTrudeau
1866	2022-09-18 06:02:00.554521	BidenIsAFailure
1867	2022-09-18 06:03:00.98002	Jean
1868	2022-09-18 06:03:05.624961	OperationEquityAttack
1869	2022-09-18 06:03:46.396364	truthSocial
1870	2022-09-18 06:04:29.371466	UnmaskOurKids
1871	2022-09-18 06:27:04.901369	DrinkYourOvaltine
1872	2022-09-18 06:27:22.28652	JustSaying
1873	2022-09-18 06:27:29.315868	carnageeconomy
1874	2022-09-18 06:27:30.108034	failedpolicies
1875	2022-09-18 06:28:28.835805	NeverForget911
1876	2022-09-18 06:28:30.981666	BePrepared
1877	2022-09-18 06:28:43.614112	WayneDupreePodcast
1878	2022-09-18 06:28:55.0597	TeamTrump
1879	2022-09-18 06:30:27.652229	LiveatLunchtime
1880	2022-09-18 06:30:47.745478	GiveEmHell
1881	2022-09-18 06:30:58.666583	FACT
1882	2022-09-18 06:31:04.994987	CatGrandDaddy
1883	2022-09-18 06:31:08.486951	KeepingItReal
1884	2022-09-18 06:31:13.879301	criminal
1885	2022-09-18 06:31:19.292379	MammothNation
1886	2022-09-18 06:31:35.971732	News
1887	2022-09-18 06:31:38.472669	RunTellDat
1888	2022-09-18 06:31:45.275331	MyPatriotSupply
1889	2022-09-18 06:31:47.954023	SupportBySharing
1890	2022-09-18 06:32:55.821085	WG4L
1891	2022-09-18 06:32:56.540382	WayneGang
1892	2022-09-18 06:33:50.962597	AmericaWantsToKnow
1893	2022-09-18 06:34:02.381242	TudorDixon
1894	2022-09-18 06:34:14.487077	BarneyMiller
1895	2022-09-18 06:34:33.737339	ComeOnMan
1896	2022-09-18 06:34:44.155217	USAProud
1897	2022-09-18 06:35:25.020732	YeahISaidIt
1898	2022-09-18 06:36:18.849553	JamesWebbSpaceTelescope
1899	2022-09-18 06:36:32.08653	dupree
1900	2022-09-18 06:36:35.684387	Fact
1901	2022-09-18 06:36:41.295573	IBeenToldYou
1902	2022-09-18 06:36:50.358795	MAGA2024
1903	2022-09-18 06:36:59.424006	WakeUpPeople
1904	2022-09-18 06:37:00.912994	ComeOnPeople
1905	2022-09-18 06:37:05.21147	NeverGotSick
1906	2022-09-18 06:37:06.103927	4THJULY
1907	2022-09-18 06:37:06.727071	4thOfJuly
1908	2022-09-18 06:37:12.32643	WhatsOnYourMenu
1909	2022-09-18 06:37:14.753831	4thOfJulySale
1910	2022-09-18 06:37:18.912935	sacrifice
1911	2022-09-18 06:37:27.020332	TooLate
1912	2022-09-18 06:37:34.192048	justasking
1913	2022-09-18 06:37:35.584431	DupreeWishList
1914	2022-09-18 06:37:51.22647	ProLife
1915	2022-09-18 06:37:53.270362	NotSorry
1916	2022-09-18 06:38:47.434086	LetsWatch
1917	2022-09-18 06:39:01.453553	PelosiGalore
1918	2022-09-18 06:39:08.097676	MandatoryDrugTesting
1919	2022-09-18 06:39:23.444411	OverturnRoe
1920	2022-09-18 06:39:32.798666	ShutDownFedGovt
1921	2022-09-18 06:39:33.501311	EndWaste
1922	2022-09-18 06:39:52.846293	Fearless
1923	2022-09-18 06:39:53.496796	Strong
1924	2022-09-18 06:39:54.520733	Principled
1925	2022-09-18 06:40:09.681804	HappyFathersDay
1926	2022-09-18 06:40:16.171234	justsaying
1927	2022-09-18 06:40:28.023226	FathersDay
1928	2022-09-18 06:40:30.861497	PatientFirst
1929	2022-09-18 06:40:44.872459	GottaFeelGood
1930	2022-09-18 06:40:50.073017	JustMyTake
1931	2022-09-18 06:40:55.988418	BewarePoliticalParties
1932	2022-09-18 06:41:43.098674	FireAllDCLawmakers
1933	2022-09-18 06:41:43.721713	StartOver
1934	2022-09-18 06:41:44.268199	Power2DaStates
1935	2022-09-18 06:41:46.380597	NotFallingForIt
1936	2022-09-18 06:41:58.224452	EliseStefanik
1937	2022-09-18 06:42:08.113083	JusticeForJohhnnyDepp
1938	2022-09-18 06:42:31.28136	TornadoWatch
1939	2022-09-18 06:43:14.747449	Hope
1940	2022-09-18 06:43:16.001463	Documentary
1941	2022-09-18 06:43:22.887332	CheckItOut
1942	2022-09-18 06:43:36.412415	GetPrepared
1943	2022-09-18 06:43:40.538422	GodBless
1944	2022-09-18 06:43:47.331319	MothersDay
1945	2022-09-18 06:43:52.194709	hundredaire
1946	2022-09-18 06:44:02.030832	SomethingAintRight
1947	2022-09-18 06:44:04.237331	NotJoking
1948	2022-09-18 06:44:04.828205	WhoRemembers
1949	2022-09-18 06:45:22.771143	realdeal
1950	2022-09-18 06:46:08.925642	WDShow
1951	2022-09-18 06:46:49.711884	JennaEllis
1952	2022-09-18 06:47:28.714976	ThisIsUnbelievable
1953	2022-09-18 06:47:34.846744	goodfriday2022
1954	2022-09-18 06:47:37.702975	Towels
1955	2022-09-18 06:47:38.423628	GizaSheets
1956	2022-09-18 06:47:39.048233	MattressTopper
1957	2022-09-18 06:47:40.005343	MySlippers
1958	2022-09-18 06:47:49.562369	MXMNews
1959	2022-09-18 06:47:54.413732	KeepingYouInformed
1960	2022-09-18 06:48:15.136129	JackPosobiec
1961	2022-09-18 06:48:18.31585	MyPillowTowels
1962	2022-09-18 06:48:19.386461	WeightedBlanket
1963	2022-09-18 06:48:21.733819	Easter2022
1964	2022-09-18 06:48:22.446249	HeHasRisen
1965	2022-09-18 06:48:40.897823	Freespeech
1966	2022-09-18 06:50:06.945991	GameChanger
1967	2022-09-18 06:50:15.00401	RealTalk
1968	2022-09-18 06:50:26.17451	mySlippers
1969	2022-09-18 06:50:29.555595	WhyNot
1970	2022-09-18 06:50:30.388388	ExposeDC
1971	2022-09-18 06:50:39.785628	WillSmith
1972	2022-09-18 06:50:40.538871	ChrisRock
1973	2022-09-18 06:50:41.123141	Oscars2022
1974	2022-09-18 06:50:44.090866	Oscars
1975	2022-09-18 06:50:52.363588	GoodLord
1976	2022-09-18 06:50:57.585607	ThinkAboutIt
1977	2022-09-18 07:07:38.330456	HonestViews
1978	2022-09-18 07:08:02.951721	JumperTrumpers
1979	2022-09-18 07:08:27.700355	Restream
1980	2022-09-18 07:08:29.145342	BREAKING
1981	2022-09-18 07:08:35.866787	WWIII
1982	2022-09-18 07:08:36.378614	Zelenskyy
1983	2022-09-18 07:08:37.141166	UkraineWar
1984	2022-09-18 07:08:37.622086	PutinsWar
1985	2022-09-18 07:08:40.211099	Realtalk
1986	2022-09-18 07:08:42.924608	GodHelpUs
1987	2022-09-18 07:08:50.467783	treason
1988	2022-09-18 07:08:53.011053	FACTS
1989	2022-09-18 07:08:57.408876	JustAsking
1990	2022-09-18 07:09:07.500091	NotMisinformation
1991	2022-09-18 07:09:09.534078	Goldco
1992	2022-09-18 07:09:10.244811	FreeSilver
1993	2022-09-18 07:09:35.160721	CozyTV
1994	2022-09-18 07:10:24.51344	DuckDuckGo
1995	2022-09-18 07:10:25.287674	DuckDuckGone
1996	2022-09-18 07:10:45.357011	RealTruth
1997	2022-09-18 07:10:57.679942	CloutHub
1998	2022-09-18 07:10:58.434584	GETTR
1999	2022-09-18 07:10:59.773558	DLIVE
2000	2022-09-18 07:11:00.449476	Twitch
2001	2022-09-18 07:11:11.04538	ResidentBiden
2002	2022-09-18 07:11:40.668289	Infodemic
2003	2022-09-18 07:11:41.75558	honestviews
2004	2022-09-18 07:12:39.584038	KamalaHarris
2005	2022-09-18 07:12:40.258833	Kamala
2006	2022-09-18 07:12:47.442952	HonestOpinions
2007	2022-09-18 07:13:31.054065	WorkingOutTheBugs
2008	2022-09-18 07:13:45.658947	BlackHawkDown
2009	2022-09-18 07:13:51.305066	ForTheRecord
2010	2022-09-18 07:14:16.109823	SimpleAsCake
2011	2022-09-18 07:14:17.005584	EasyAsPie
2012	2022-09-18 07:14:25.221658	GeorgeSoros
2013	2022-09-18 07:15:26.734645	Bitcoin
2014	2022-09-18 07:15:50.472952	CallMeCrazy
2015	2022-09-18 07:16:00.044643	TheGodFather
2016	2022-09-18 07:16:01.022472	MichaelCorleone
2017	2022-09-18 07:17:18.549041	Brandon
2018	2022-09-18 07:17:37.861978	dadbcookin
2019	2022-09-18 07:18:20.947229	LoveTruthSocial
2020	2022-09-18 07:18:27.488576	LetsGoBrandon
2021	2022-09-18 07:19:10.260192	WayneDupreeShow
2022	2022-09-18 07:19:17.94003	InstaTweetGoogleFace
2023	2022-09-18 07:20:16.640547	Success
2024	2022-09-18 07:20:17.955313	TorchIsPassed
2025	2022-09-18 07:20:46.727531	JustSayin
2026	2022-09-18 07:21:17.023942	JohnKennedy
2027	2022-09-18 07:21:17.74902	thuglife
2028	2022-09-18 07:21:18.570112	Canadian
2029	2022-09-18 07:21:19.455919	PrimeMinister
2030	2022-09-18 07:21:38.025279	Airfryer
2031	2022-09-18 07:22:07.046539	GodKnowsWhatILike
2032	2022-09-18 07:22:10.184602	IBelieveInTruthSocial
2033	2022-09-18 07:23:03.593994	resistance
2034	2022-09-18 07:23:08.364175	Trumptower
2035	2022-09-18 07:23:09.198385	WhiteHouse
2036	2022-09-18 07:23:18.958863	BreathOfFreshTruth
2037	2022-09-18 07:27:28.833362	MidTerms
2038	2022-09-18 07:27:29.605917	RedWave
2039	2022-09-18 07:27:34.892182	TRUMP2024
2040	2022-09-18 07:27:47.791155	RIPAbe
2041	2022-09-18 07:28:00.863848	2000MulesMovie
2042	2022-09-18 07:28:12.160514	Club45
2043	2022-09-18 08:08:05.623346	PLANdemic
2044	2022-09-18 08:09:31.914407	AssangeAThon
2045	2022-09-18 08:09:48.682711	cindytruth
2046	2022-09-18 08:09:49.477246	saynotothejabs
2047	2022-09-18 08:09:50.129326	ArrestFauciForMurder
2048	2022-09-18 08:09:50.779357	ProtectOurChildren
2049	2022-09-18 08:10:19.018821	stevebannon
2050	2022-09-18 08:10:21.3848	j6setup
2051	2022-09-18 08:10:22.025507	j6committeewitchhunt
2052	2022-09-18 08:10:41.736259	StopTheShots
2053	2022-09-18 08:11:04.899855	WeinerLaptop
2054	2022-09-18 08:11:05.589203	CrimesAgainstChildren
2055	2022-09-18 08:11:06.237124	ClintonFoundation
2056	2022-09-18 08:11:13.389741	Godwins
2057	2022-09-18 08:11:41.637897	WhoIsPedoPeter
2058	2022-09-18 08:11:52.759487	Groomers
2059	2022-09-18 08:11:58.089651	ClimateHoax
2060	2022-09-18 08:12:01.466891	WokeMindDisease
2061	2022-09-18 08:12:04.542369	Winning
2062	2022-09-18 08:12:56.627564	CancelPrideMonth
2063	2022-09-18 08:12:59.494509	followme
2064	2022-09-18 08:13:00.253802	ifbap
2065	2022-09-18 08:13:30.565317	Pocahontas
2066	2022-09-18 08:13:33.707041	LockHerUp
2067	2022-09-18 08:13:34.362034	AOChypocrisy
2068	2022-09-18 08:15:15.383783	clown
2069	2022-09-18 08:16:00.144174	TNT
2070	2022-09-18 08:17:00.925785	NaomiJudd
2071	2022-09-18 08:17:07.938062	C12
2072	2022-09-18 08:17:31.969365	SussmannTrial
2073	2022-09-18 08:19:53.109801	Poll
2074	2022-09-18 08:19:53.691516	Facebook
2075	2022-09-18 08:20:11.19833	BuffaloNy
2076	2022-09-18 08:20:12.177093	blacksun
2077	2022-09-18 08:20:12.852662	AzovBattalion
2078	2022-09-18 08:20:15.402291	BuffaloNY
2079	2022-09-18 08:20:16.057682	Guns
2080	2022-09-18 08:20:16.687522	falseflags
2081	2022-09-18 08:20:18.024288	Bogus
2082	2022-09-18 08:20:20.321147	Harris
2083	2022-09-18 08:20:20.894114	WillieBrown
2084	2022-09-18 08:20:23.933713	Hunter
2085	2022-09-18 08:20:24.615706	crackpipes
2086	2022-09-18 08:20:32.055071	shooing
2087	2022-09-18 08:20:32.714091	fedbois
2088	2022-09-18 08:20:35.490194	Gates
2089	2022-09-18 08:20:36.245922	foodshortage
2090	2022-09-18 08:20:36.899835	Depopulation
2091	2022-09-18 08:20:37.45993	Evil
2092	2022-09-18 08:20:43.931127	savethechildren
2093	2022-09-18 08:20:44.890033	saveourbabies
2094	2022-09-18 08:21:50.74104	cwmnews
2095	2022-09-18 08:22:22.633566	truthtrains
2096	2022-09-18 08:22:25.792864	American
2097	2022-09-18 08:22:27.459204	americathebeautiful
2098	2022-09-18 08:25:32.852586	cancelNetflix
2099	2022-09-18 08:27:11.665742	PW
2100	2022-09-18 08:28:43.849709	Disneyphiles
2101	2022-09-18 08:31:10.646257	distractions
2102	2022-09-18 08:31:12.100488	oscars
2103	2022-09-18 08:32:06.886043	Traitors
2104	2022-09-18 08:32:07.551701	Patriotpurge
2105	2022-09-18 08:32:08.730188	January6th
2106	2022-09-18 08:32:09.484036	Hoax
2107	2022-09-18 08:35:53.779503	Savethechildren
2108	2022-09-18 08:38:02.532333	January6
2109	2022-09-18 08:38:03.549547	PeacefulProtest
2110	2022-09-18 08:39:04.371905	AuditAll50States
2111	2022-09-18 08:39:11.375792	Physics
2112	2022-09-18 08:44:03.288282	US
2113	2022-09-18 08:54:08.233704	leadership
2114	2022-09-18 08:54:11.803367	dontbeasheep
2115	2022-09-18 09:00:59.414919	squats
2116	2022-09-18 09:01:00.612312	workout
2117	2022-09-18 09:01:09.126598	glutes
2118	2022-09-18 09:01:12.444257	beach
2119	2022-09-18 09:01:34.012999	gym
2120	2022-09-18 09:01:35.972835	calves
2121	2022-09-18 13:26:31.798932	lola
2122	2022-09-18 13:36:01.757851	human
2123	2022-09-18 13:36:02.638363	smuggling
2124	2022-09-18 13:36:03.696876	gang
2125	2022-09-18 13:36:09.558131	mosquito
2126	2022-09-18 13:36:11.757079	vitamins
2127	2022-09-18 13:36:23.610271	Rand
2128	2022-09-18 13:36:36.99891	EVD68
2129	2022-09-18 13:36:37.83183	poliovirus
2130	2022-09-18 13:36:38.446777	polio
2131	2022-09-18 13:36:42.845226	winning
2132	2022-09-18 13:36:47.549724	vaxx
2133	2022-09-18 13:36:50.481206	crash
2134	2022-09-18 13:36:51.133144	Crashof2022
2135	2022-09-18 13:36:53.377586	crashing
2136	2022-09-18 13:36:54.156849	17FloorsDown17x
2137	2022-09-18 13:36:55.210912	FED
2138	2022-09-18 13:36:57.991571	amish
2139	2022-09-18 13:37:08.847571	Amish
2140	2022-09-18 13:37:09.511423	Farms
2141	2022-09-18 13:37:10.95473	miller
2142	2022-09-18 13:37:16.896672	RALLY
2143	2022-09-18 13:37:24.155729	Reference
2144	2022-09-18 13:37:24.690092	glossary
2145	2022-09-18 13:37:25.455317	guide
2146	2022-09-18 13:37:26.338357	index
2147	2022-09-18 13:37:44.403482	CrookedKatie
2148	2022-09-18 13:37:48.263201	riots
2149	2022-09-18 13:37:52.385303	Giordano
2150	2022-09-18 13:37:52.917978	brainhealth
2151	2022-09-18 13:38:04.101134	Antarctica
2152	2022-09-18 13:38:04.902166	NPR
2153	2022-09-18 13:38:07.216784	Kerry
2154	2022-09-18 13:38:07.82479	Arctic
2155	2022-09-18 13:38:16.400793	housing
2156	2022-09-18 13:38:16.984671	bubble
2157	2022-09-18 13:38:21.755169	video
2158	2022-09-18 13:38:23.991525	Warrant
2159	2022-09-18 13:38:24.5337	Legal
2160	2022-09-18 13:38:56.709868	kushner
2161	2022-09-18 13:38:57.440871	CLOWN
2162	2022-09-18 13:39:09.305288	Louisiana
2163	2022-09-18 13:39:09.968908	AbortionBan
2164	2022-09-18 13:39:24.184954	women
2165	2022-09-18 13:39:24.948343	Cheney
2166	2022-09-18 13:39:28.382886	reporter
2167	2022-09-18 13:39:34.132726	DOJ
2168	2022-09-18 13:39:34.686875	affidavit
2169	2022-09-18 13:39:38.184872	cancer
2170	2022-09-18 13:39:48.263209	ai
2171	2022-09-18 13:40:01.088874	TheBigMig
2172	2022-09-18 13:40:11.742864	egg
2173	2022-09-18 13:40:13.970929	Jesse
2174	2022-09-18 13:40:14.604857	Newt
2175	2022-09-18 13:40:18.776982	AlexStein99
2176	2022-09-18 13:40:19.471444	winstruths
2177	2022-09-18 13:40:20.792359	Alexstein
2178	2022-09-18 13:40:21.450867	troll
2179	2022-09-18 13:40:22.229741	leftist
2180	2022-09-18 13:40:22.831448	Loser
2181	2022-09-18 13:40:23.883816	VICE
2182	2022-09-18 13:40:25.82138	WETHEPEOPLE
2183	2022-09-18 13:40:26.886004	TRUTHS
2184	2022-09-18 13:40:32.801987	projectveritas
2185	2022-09-18 13:40:35.086615	baby
2186	2022-09-18 13:40:35.912824	formula
2187	2022-09-18 13:41:08.619973	quantum
2188	2022-09-18 13:41:09.422703	warfare
2189	2022-09-18 13:41:18.070458	datamining
2190	2022-09-18 13:41:18.622692	bigtech
2191	2022-09-18 13:41:25.764632	solar
2192	2022-09-18 13:41:26.671245	madeinusa
2193	2022-09-18 13:41:30.484467	vaccine
2194	2022-09-18 13:41:33.146891	zelenko
2195	2022-09-18 13:41:35.275185	MemeTV
2196	2022-09-18 13:41:43.024444	constitutional
2197	2022-09-18 13:41:44.115135	sheriff
2198	2022-09-18 13:41:46.259847	irregularwarfare
2199	2022-09-18 13:42:03.514848	DNA
2200	2022-09-18 13:42:05.643565	MADEJ
2201	2022-09-18 13:42:06.258033	dr
2202	2022-09-18 13:42:06.880653	Vaxx
2203	2022-09-18 13:42:10.827531	Breitbart
2204	2022-09-18 13:42:17.114609	AMAZON
2205	2022-09-18 13:42:38.661377	ElectionIntegrity
2206	2022-09-18 13:42:39.288153	TrueTheVote
2207	2022-09-18 13:42:40.008995	2020election
2208	2022-09-18 13:42:49.426907	brain
2209	2022-09-18 13:42:50.12618	smell
2210	2022-09-18 13:42:50.74628	taste
2211	2022-09-18 13:42:52.865112	virology
2212	2022-09-18 13:42:56.485213	budget
2213	2022-09-18 13:43:08.681303	macOS
2214	2022-09-18 13:43:09.460186	Ventura
2215	2022-09-18 13:43:10.114833	MacBook
2216	2022-09-18 13:43:13.34651	biolabs
2217	2022-09-18 13:43:13.948507	pentagon
2218	2022-09-18 13:43:14.705113	weapons
2219	2022-09-18 13:43:15.42614	who
2220	2022-09-18 13:43:27.59229	Barr
2221	2022-09-18 13:43:36.634528	wars
2222	2022-09-18 13:43:37.955346	drugs
2223	2022-09-18 13:43:38.754481	NotMe
2224	2022-09-18 13:43:43.091123	Letitia
2225	2022-09-18 13:43:43.728665	court
2226	2022-09-18 13:43:52.509639	manipulated
2227	2022-09-18 13:44:05.052937	WHO
2228	2022-09-18 13:44:05.666678	Geneva
2229	2022-09-18 13:44:06.25555	UnitedNations
2230	2022-09-18 13:44:11.949483	TheGreatStateOfFlorida
2231	2022-09-18 13:44:12.556268	taxrelief
2232	2022-09-18 13:44:13.59555	GovernorDeSantis
2233	2022-09-18 13:44:14.363965	GovernLikeADesantis
2234	2022-09-18 13:44:16.140599	NaturalResources
2235	2022-09-18 13:44:19.480053	homeschool
2236	2022-09-18 13:44:27.705621	GUN
2237	2022-09-18 13:44:40.393975	AZOV
2238	2022-09-18 13:44:41.011179	UKRAINIAN
2239	2022-09-18 13:44:42.427924	Ukrainian
2240	2022-09-18 13:45:14.513299	Bless
2241	2022-09-18 13:45:22.561833	Australia
2242	2022-09-18 13:45:34.394959	vax
2243	2022-09-18 13:45:56.855199	petition
2244	2022-09-18 13:45:59.632894	Monkeypox
2245	2022-09-18 13:46:08.951102	Owens
2246	2022-09-18 13:46:09.745716	PlannedParenthood
2247	2022-09-18 13:46:28.263283	SriLanka
2248	2022-09-18 13:47:18.136866	Indonesia
2249	2022-09-18 13:47:25.903962	az
2250	2022-09-18 13:47:28.078295	CCP
2251	2022-09-18 13:47:35.842497	THEDilleyShow
2252	2022-09-18 13:47:38.873974	theDilleyShow
2253	2022-09-18 13:47:40.271058	Pfizer
2254	2022-09-18 13:47:41.105659	VAERS
2255	2022-09-18 13:47:54.348985	realNews
2256	2022-09-18 13:47:59.607255	bitcoin
2257	2022-09-18 13:48:00.459321	Crypto
2258	2022-09-18 13:48:02.951102	stewpeters
2259	2022-09-18 13:48:03.639533	sw
2260	2022-09-18 13:48:05.779379	Nuremberg
2261	2022-09-18 13:48:30.612666	Election
2262	2022-09-18 13:48:42.5901	meme
2263	2022-09-18 13:48:50.146633	AZ
2264	2022-09-18 13:48:57.734642	RSBN
2265	2022-09-18 13:49:07.13967	rally
2266	2022-09-18 13:49:09.397127	psb
2267	2022-09-18 13:49:12.308569	Johnson
2268	2022-09-18 13:49:21.736676	AstraZeneca
2269	2022-09-18 13:49:27.128598	kerry
2270	2022-09-18 13:49:32.272192	honk
2271	2022-09-18 13:49:34.493995	racists
2272	2022-09-18 13:49:35.353247	libs
2273	2022-09-18 13:49:37.581506	dems
2274	2022-09-18 13:49:42.797611	recession
2275	2022-09-18 13:49:49.752568	NWO
2276	2022-09-18 13:50:00.713047	Dilley300
2277	2022-09-18 13:50:04.338452	AIRLINE
2278	2022-09-18 13:50:23.149992	PSB
2279	2022-09-18 13:51:14.231508	EverythingisBS
2280	2022-09-18 13:51:17.414444	RealNews
2281	2022-09-18 13:51:22.94594	DonBass
2282	2022-09-18 13:51:26.474961	Globalists
2283	2022-09-18 13:51:29.872522	NYPOST
2284	2022-09-18 13:51:30.659331	LIE
2285	2022-09-18 13:51:36.567064	seeds
2286	2022-09-18 13:51:40.707016	thedilleyshow
2287	2022-09-18 13:51:41.383233	truthtrain
2288	2022-09-18 13:51:50.53491	truthnation
2289	2022-09-18 13:51:51.236358	Rocky
2290	2022-09-18 13:52:10.546564	D300
2291	2022-09-18 13:52:13.959838	TheDilleyShow
2292	2022-09-18 13:52:24.166173	THEDILLEYSHOW
2293	2022-09-18 13:58:20.86923	Obama
2294	2022-09-18 13:58:43.879588	fun
2295	2022-09-18 13:58:57.122068	November2Remember
2296	2022-09-18 13:59:10.226496	Meme
2297	2022-09-18 13:59:11.699795	Memewar2022
2298	2022-09-18 13:59:14.729328	Convoy
2299	2022-09-18 13:59:30.030573	mockingbird
2300	2022-09-18 13:59:45.163082	Sarasota
2301	2022-09-18 14:05:57.050483	SaintOfTheDay
2302	2022-09-18 14:31:27.484374	TPUSA
2303	2022-09-18 14:34:00.980081	codeofvets
2304	2022-09-18 15:12:34.765845	BidenInflation
2305	2022-09-18 15:13:50.814291	OscarsSoWhite
2306	2022-09-18 15:14:55.723993	SendingMySupport
2307	2022-09-18 15:15:54.615183	russiagate
2308	2022-09-18 15:52:28.285314	MakeAmericaGreatAgain
2309	2022-09-18 16:05:06.483889	MarchMadness
2310	2022-09-18 18:15:36.574958	golfer
2311	2022-09-18 18:15:38.078693	golfing
2312	2022-09-18 18:15:38.707181	golfmemes
2313	2022-09-18 18:15:39.370867	golflife
2314	2022-09-18 18:15:40.163372	golfstagram
2315	2022-09-18 18:15:40.799733	golfcomedy
2316	2022-09-18 18:15:41.450791	golfmeme
2317	2022-09-18 18:15:42.785615	memesdaily
2318	2022-09-18 18:15:43.455979	sportsmemes
2319	2022-09-18 18:15:44.482345	golfishard
2320	2022-09-18 18:15:45.196174	hacker
2321	2022-09-18 18:15:45.949646	husbandgifts
2322	2022-09-18 18:15:46.690925	golfgifts
2323	2022-09-18 18:15:47.730797	goodfellas
2324	2022-09-18 18:16:07.229944	baller
2325	2022-09-18 19:34:32.852879	presidential
2326	2022-09-18 19:40:51.757312	JillBiden
2327	2022-09-18 19:40:59.139422	ControlledOpposition
2328	2022-09-18 19:41:05.14784	RichardLevineIsAMan
2329	2022-09-18 19:41:05.190385	RichardLevine
2330	2022-09-18 19:41:05.575411	JosephStalin
2331	2022-09-18 19:41:21.549609	Romans
2332	2022-09-18 19:41:21.689345	Philippians
2333	2022-09-18 19:41:23.660889	liberallogic
2334	2022-09-18 19:41:23.712891	twittertakeover
2335	2022-09-18 19:41:23.729994	riptwitter
2336	2022-09-18 19:41:24.075434	Caffeine
2337	2022-09-18 19:41:24.12994	ColdBrew
2338	2022-09-18 19:41:24.151082	Starbucks
2339	2022-09-18 19:41:24.172003	Dunkin
2340	2022-09-18 19:41:24.512377	MalcolmX
2341	2022-09-18 19:41:24.826592	SB612
2342	2022-09-18 19:41:24.862491	OklahomaAbortionBan
2343	2022-09-18 19:41:24.874643	EndRoeVWade
2344	2022-09-18 19:41:24.887075	EndAbortion
2345	2022-09-18 19:41:25.758021	TrollSpotted
2346	2022-09-18 19:41:26.126717	VanLife
2347	2022-09-18 19:41:26.237012	Luke
2348	2022-09-18 19:41:26.26786	JesusTalks
2349	2022-09-18 19:41:26.286444	CloudRising
2350	2022-09-18 19:41:26.355154	SouthWindBlowing
2351	2022-09-18 19:41:27.998272	WKUK
2352	2022-09-18 19:41:28.14147	GinPsaki
2353	2022-09-18 19:41:28.230823	LadyBunny
2354	2022-09-18 19:41:28.24555	RuPaul
2355	2022-09-18 19:41:28.443464	furbaby
2356	2022-09-18 19:41:28.626287	KamalaTheClown
2357	2022-09-18 19:41:29.064819	KnowledgeIsPower
2358	2022-09-18 19:41:29.075392	KnowHistory
2359	2022-09-18 19:41:29.258157	TacoBell
2360	2022-09-18 19:41:29.274708	Asada
2361	2022-09-18 19:41:29.313258	alpastor
2362	2022-09-18 19:41:29.355105	LosAngeles
2363	2022-09-18 19:41:29.372185	StreetTacos
2364	2022-09-18 19:41:32.39148	RiversideArtsMarket
2365	2022-09-18 19:41:32.713504	ItalianBeef
2366	2022-09-18 19:41:32.728611	Chicago
2367	2022-09-18 19:41:32.767858	Muffuletta
2368	2022-09-18 19:41:32.794217	Arkansas
2369	2022-09-18 19:41:32.805372	NewOrleans
2370	2022-09-18 19:41:33.082842	NancyTheNumbscull
2371	2022-09-18 19:41:33.105823	NuttyNancy
2372	2022-09-18 19:41:33.128918	NancyTheNitwit
2373	2022-09-18 19:41:33.148286	NancyTheNincompoop
2374	2022-09-18 19:41:33.354836	GreatCollenees
2375	2022-09-18 19:41:33.733353	furbabies
2376	2022-09-18 19:41:33.922578	ScarletEnvy
2377	2022-09-18 19:41:34.593936	IvermectinFTW
2378	2022-09-18 19:41:34.609608	FenbendazoleFTW
2379	2022-09-18 19:41:35.375491	TruthMemes
2380	2022-09-18 19:41:35.390792	SoftwareDevelopment
2381	2022-09-18 22:30:55.67448	justforfun
2382	2022-09-18 22:48:41.106152	itscorn
2383	2022-09-18 22:48:54.977373	tattoo
2384	2022-09-18 22:48:55.507148	truthtattoo
2385	2022-09-18 22:48:56.074614	artistoftruth
2386	2022-09-18 22:49:20.187108	FBIcorruption
2387	2022-09-18 22:49:26.973596	truthmeme
2388	2022-09-18 22:49:49.707438	artistoftruthsocial
2389	2022-09-18 22:50:12.206798	Lancevideos
2390	2022-09-18 22:50:24.274955	autismspectrum
2391	2022-09-18 22:50:24.722455	Autism
2392	2022-09-18 22:50:25.207638	autismfamily
2393	2022-09-18 22:50:25.704945	autismmom
2394	2022-09-18 22:51:20.495322	truthart
2395	2022-09-18 22:51:21.017196	artistsoftruth
2396	2022-09-18 22:51:33.196279	classy
2397	2022-09-18 22:51:35.4438	thirstythursday
2398	2022-09-18 22:51:39.423237	artistsofinstagram
2399	2022-09-18 22:51:51.020304	justwineit
2400	2022-09-18 22:51:56.577215	hashtag
2401	2022-09-18 22:52:25.570569	lies
2402	2022-09-18 22:52:26.094262	morelies
2403	2022-09-18 22:52:26.615139	conartist
2404	2022-09-18 22:52:31.5139	HappyFriday
2405	2022-09-18 22:52:35.403414	truthvid
2406	2022-09-18 22:52:39.917538	warishell
2407	2022-09-18 22:53:08.237694	themediaisthevirus
2408	2022-09-18 22:53:37.161273	theview
2409	2022-09-18 22:53:37.722564	tuscanholiday
2410	2022-09-18 22:53:43.316348	novacancy
2411	2022-09-18 22:53:51.391732	standardhotel
2412	2022-09-18 22:53:55.099483	pkls
2413	2022-09-18 22:54:09.782883	lucky
2414	2022-09-18 22:54:10.518996	halftruth
2415	2022-09-18 22:54:14.074167	followthetruth
2416	2022-09-18 22:54:38.097202	bigt
2417	2022-09-18 22:54:47.031647	billgates_is_a_chode
2418	2022-09-18 22:54:49.100199	EDC
2419	2022-09-18 22:54:49.589979	pewpewlife
2420	2022-09-18 22:54:51.467382	chuckfina
2421	2022-09-18 22:54:51.971617	truthcomics
2422	2022-09-18 22:54:58.719025	notmyprez
2423	2022-09-18 22:55:00.760186	canadastrong
2424	2022-09-18 22:55:03.172376	FidelTrudeau
2425	2022-09-18 22:55:03.968065	CanadaCuba
2426	2022-09-18 22:55:06.041427	inspiration
2427	2022-09-18 22:55:06.525211	pray
2428	2022-09-18 22:55:08.466488	believer
2429	2022-09-18 22:55:10.878982	billgates
2430	2022-09-18 22:55:11.823324	greatreset
2431	2022-09-18 22:55:12.342879	newworldorder
2432	2022-09-18 22:55:22.389026	truthfamily
2433	2022-09-18 22:55:29.707981	whatsforsupper
2434	2022-09-18 22:55:30.20382	poldersoldworldmarket
2435	2022-09-18 22:55:30.809543	polders
2436	2022-09-18 22:55:31.579345	asianstirfry
2437	2022-09-18 22:55:32.168301	WoodenSpoon
2438	2022-09-18 22:55:32.676512	cook
2439	2022-09-18 22:55:33.178842	kitchen
2440	2022-09-18 22:55:33.712289	familytime
2441	2022-09-18 22:55:34.418441	dinnertime
2442	2022-09-18 22:55:35.568837	stresstest
2443	2022-09-18 22:55:42.27277	sushi
2444	2022-09-18 22:55:42.749636	salmon
2445	2022-09-18 22:55:44.923428	hope
2446	2022-09-18 22:55:48.090907	olympics
2447	2022-09-18 22:55:57.06798	fries
2448	2022-09-18 22:55:57.549456	healthy
2449	2022-09-18 22:56:01.336075	takeout
2450	2022-09-18 22:56:01.923269	recipes
2451	2022-09-18 22:56:12.359141	latenightcravings
2452	2022-09-18 22:56:18.820383	dreamware
2453	2022-09-18 22:56:42.225907	TacoTuesday
2454	2022-09-18 22:58:16.080856	clumsyaf
2455	2022-09-18 22:59:03.888693	Ari
2456	2022-09-18 22:59:51.821271	materialgirl
2457	2022-09-18 22:59:56.060136	I
2458	2022-09-18 23:00:24.021739	naturalbeauty
2459	2022-09-18 23:00:54.532358	architecturephotography
2460	2022-09-18 23:00:54.955226	architecture
2461	2022-09-18 23:00:55.421825	reedmedia
2462	2022-09-18 23:00:55.916164	interiordesign
2463	2022-09-18 23:01:25.860937	swift
2464	2022-09-18 23:01:39.99246	letsmakesocialmediafunagain
2465	2022-09-18 23:01:43.762863	truthtakeover
2466	2022-09-18 23:01:50.879998	MemeMonday
2467	2022-09-18 23:01:53.216962	blackswallowtailbutterfly
2468	2022-09-18 23:01:53.721827	butterfly
2469	2022-09-18 23:01:54.25697	gardening
2470	2022-09-18 23:01:54.78953	homesteading
2471	2022-09-18 23:02:21.078809	prank
2472	2022-09-18 23:02:21.604303	husbandprank
2473	2022-09-18 23:02:32.508456	life
2474	2022-09-18 23:02:54.029943	Truther
2475	2022-09-18 23:02:55.049661	include
2476	2022-09-18 23:02:57.026849	truthnights
2477	2022-09-18 23:03:06.058546	aprilfools
2478	2022-09-18 23:03:23.443795	mememonday
2479	2022-09-18 23:04:14.988088	truthlife
2480	2022-09-18 23:04:56.684229	funnyvideos
2481	2022-09-18 23:04:57.389114	airhorn
2482	2022-09-18 23:04:57.858865	hiding
2483	2022-09-18 23:04:58.334071	scare
2484	2022-09-19 01:36:18.040037	cutedogsoftruth
2485	2022-09-19 01:39:48.902214	circus
2486	2022-09-19 01:39:50.662852	trending
2487	2022-09-19 01:39:51.233222	thedailymeme
2488	2022-09-19 01:40:01.741939	wakeup
2489	2022-09-19 01:40:06.695911	normies
2490	2022-09-19 01:40:07.69767	climatechage
2491	2022-09-19 01:40:13.649803	NH
2492	2022-09-19 01:40:15.310468	prolife
2493	2022-09-19 01:40:15.870464	ProChoice
2494	2022-09-19 01:40:17.722153	ThisDayInHistory
2495	2022-09-19 01:45:18.862794	SanDiegoPadres
2496	2022-09-19 01:45:19.771055	padres
2497	2022-09-19 01:45:31.752799	snowflake
2498	2022-09-19 01:45:35.037016	HeatingOil
2499	2022-09-19 01:45:35.841399	Dems
2500	2022-09-19 01:45:36.611862	MaggieHassan
2501	2022-09-19 01:45:38.662808	nhpolitics
2502	2022-09-19 01:45:40.202057	Pride
2503	2022-09-19 01:45:48.742864	tiktok
2504	2022-09-19 01:45:52.259397	JubileeYear
2505	2022-09-19 01:45:53.296587	jubilee
2506	2022-09-19 01:45:54.131842	thememedaily
2507	2022-09-19 01:46:19.009113	Uk
2508	2022-09-19 01:46:24.527683	Cancer
2509	2022-09-19 01:46:25.032153	Viruses
2510	2022-09-19 01:46:38.678378	davos
2511	2022-09-19 01:46:39.18426	carbon
2512	2022-09-19 01:46:39.854657	QRS
2513	2022-09-19 01:46:50.532181	metoo
2514	2022-09-19 01:46:52.79673	Youtube
2515	2022-09-19 01:47:01.347637	worldeconomicforum
2516	2022-09-19 01:47:03.038037	Newuniversalresistance
2517	2022-09-19 01:47:03.777344	respectfully
2518	2022-09-19 01:47:15.926179	chrisrock
2519	2022-09-19 01:47:21.938346	Marvel
2520	2022-09-19 01:47:27.832794	apple
2521	2022-09-19 01:47:28.298831	DMA
2522	2022-09-19 01:47:30.031454	advice
2523	2022-09-19 01:47:32.805244	AlexJonesShow
2524	2022-09-19 01:47:39.556248	PrayForTheWorld
2525	2022-09-19 01:47:45.117585	CFAA
2526	2022-09-19 01:48:06.509269	tesla
2527	2022-09-19 01:48:07.28943	space
2528	2022-09-19 01:48:10.124711	met
2529	2022-09-19 01:48:12.448568	growth
2530	2022-09-19 01:48:14.063364	CIA
2531	2022-09-19 01:48:16.011955	netflix
2532	2022-09-19 01:48:30.081973	UST
2533	2022-09-19 01:48:45.962012	monopoly
2534	2022-09-19 01:48:47.529725	AncestryDNA
2535	2022-09-19 01:49:04.416562	Billgates
2536	2022-09-19 01:49:05.262609	health
2537	2022-09-19 01:49:35.653897	cyrpto
2538	2022-09-19 01:49:36.674879	manipulation
2539	2022-09-19 01:49:37.177111	speculations
2540	2022-09-19 01:49:37.738224	explore
2541	2022-09-19 01:49:38.587207	marketcrash
2542	2022-09-19 01:49:40.214005	Cyrpto
2543	2022-09-19 01:49:40.685984	trading
2544	2022-09-19 01:49:48.479911	Cryptocurrency
2545	2022-09-19 01:49:49.666192	NASDAQ
2546	2022-09-19 01:50:04.468714	MRNA
2547	2022-09-19 01:50:13.093971	peacenotwar
2548	2022-09-19 01:50:15.227211	Hunterbiden
2549	2022-09-19 01:50:21.246594	war
2550	2022-09-19 01:50:22.407406	tupac
2551	2022-09-19 01:50:24.81069	galaxy
2552	2022-09-19 01:50:27.331842	blackhole
2553	2022-09-19 01:50:31.916246	AshleyJudd
2554	2022-09-19 01:50:32.58307	WynonaJudd
2555	2022-09-19 01:50:35.759204	Nasa
2556	2022-09-19 01:50:46.90574	ETH
2557	2022-09-19 01:50:47.731169	notfinancialadvice
2558	2022-09-19 01:50:48.521469	Cypto
2559	2022-09-19 01:50:52.727663	iPod
2560	2022-09-19 01:50:59.318921	pureblood
2561	2022-09-19 01:51:01.219938	trends
2562	2022-09-19 01:51:06.563629	IMDb
2563	2022-09-19 01:51:07.067878	google
2564	2022-09-19 01:51:12.178449	Hermes
2565	2022-09-19 01:51:12.672386	metaverse
2566	2022-09-19 01:51:15.353852	obama
2567	2022-09-19 01:51:17.717521	Instagram
2568	2022-09-19 01:51:18.221146	truther
2569	2022-09-19 01:51:19.13829	zachefron
2570	2022-09-19 01:51:20.831408	sundancefilmfestival
2571	2022-09-19 01:51:27.800444	UK
2572	2022-09-19 01:51:31.740922	Rage
2573	2022-09-19 01:51:42.605022	prayfortheworld
2574	2022-09-19 01:51:44.912784	Stephenking
2575	2022-09-19 01:51:51.06911	cryptopumpanddumpscams
2576	2022-09-19 01:52:17.127912	pelosi
2577	2022-09-19 01:52:17.717813	freeamerica
2578	2022-09-19 01:52:18.171279	justice
2579	2022-09-19 01:52:23.106092	drama
2580	2022-09-19 01:52:23.915272	insidertrading
2581	2022-09-19 01:52:46.192185	Trending
2582	2022-09-19 01:52:54.586061	NYC
2583	2022-09-19 01:52:57.159055	Clinton
2584	2022-09-19 01:53:16.287271	FreeCanada
2585	2022-09-19 01:53:23.460946	Nike
2586	2022-09-19 01:53:37.306835	Remember911
2587	2022-09-19 02:15:16.422357	HunterBidenLaptop
2588	2022-09-19 02:15:18.118362	Commentary
2589	2022-09-19 02:22:15.472899	Amberturd
2590	2022-09-19 02:23:00.490731	protectwomen
2591	2022-09-19 02:23:27.165259	InternationalYogaDay
2592	2022-09-19 02:23:31.817686	Assange
2593	2022-09-19 02:24:12.212092	MurphChallenge
2594	2022-09-19 02:37:36.168695	abortionforall
2595	2022-09-19 02:42:43.53859	Fedsurrection
2596	2022-09-19 02:44:22.269972	BackTheGreen
2597	2022-09-19 02:44:49.430641	Yankees
2598	2022-09-19 02:50:04.379989	PiersMorganLied
2599	2022-09-19 02:50:19.547855	IStandWithLibsOfTikTok
2600	2022-09-19 02:50:48.915067	Faucinflation
2601	2022-09-19 02:50:49.474152	CDCPriceHike
2602	2022-09-19 03:13:05.696516	AccountabilityIsComing
2603	2022-09-19 03:13:34.619514	literallyinsane
2604	2022-09-19 03:13:44.027099	beefitswhatsfordinner
2605	2022-09-19 03:14:54.570244	Scotus
2606	2022-09-19 03:15:10.882913	k9s4cops
2607	2022-09-19 03:15:11.481229	k9s4kids
2608	2022-09-19 03:15:12.012805	collegestation
2609	2022-09-19 03:15:20.142362	impeachbiden
2610	2022-09-19 03:23:42.054278	DarkToLight
2611	2022-09-19 03:23:52.645853	Jokes
2612	2022-09-19 03:24:48.258201	ATL
2613	2022-09-19 03:24:48.705406	ChopOn
2614	2022-09-19 03:25:01.442016	whenlifegivesyoulemons
2615	2022-09-19 03:25:02.572965	lemontree
2616	2022-09-19 03:25:03.235391	Homesteading
2617	2022-09-19 03:25:04.092107	growyourownfood
2618	2022-09-19 03:25:05.121558	garden
2619	2022-09-19 03:25:05.974323	gardenlife
2620	2022-09-19 03:25:26.931983	Photographer
2621	2022-09-19 03:25:27.465969	photooftheday
2622	2022-09-19 03:25:27.949532	barn
2623	2022-09-19 03:25:28.62929	flowers
2624	2022-09-19 03:25:29.109403	flower
2625	2022-09-19 03:25:29.594666	scenery
2626	2022-09-19 03:25:30.073442	naturelovers
2627	2022-09-19 03:25:30.579229	naturephotography
2628	2022-09-19 03:25:35.171866	SaveTheBees
2629	2022-09-19 03:25:35.657288	WorldBeeDay
2630	2022-09-19 03:25:36.144166	TruthTrain
2631	2022-09-19 03:26:16.815372	originalpainting
2632	2022-09-19 03:26:17.567149	artist
2633	2022-09-19 03:26:18.037069	contemporaryart
2634	2022-09-19 03:26:18.529101	sarasotaartist
2635	2022-09-19 03:26:18.993416	paintingsforsale
2636	2022-09-19 03:26:19.494931	painting
2637	2022-09-19 03:26:19.965456	abstractart
2638	2022-09-19 03:26:38.293225	Netherlands
2639	2022-09-19 03:26:38.740388	NoFilters
2640	2022-09-19 03:26:59.342135	funnytruth
2641	2022-09-19 03:27:44.58541	ADVenture
2642	2022-09-19 03:27:45.36973	ocean
2643	2022-09-19 03:27:45.881999	hike
2644	2022-09-19 03:27:47.587014	landscapephotography
2645	2022-09-19 03:27:49.072617	westcoast
2646	2022-09-19 03:28:00.457655	truthdog
2647	2022-09-19 03:28:03.929901	petsoftruthsocial
2648	2022-09-19 03:28:09.821131	mood
2649	2022-09-19 03:28:45.531199	JesusLovesYou
2650	2022-09-19 03:29:02.457173	awesome
2651	2022-09-19 03:30:03.570953	Update
2652	2022-09-19 03:35:44.549263	BidenAdministration
2653	2022-09-19 03:35:45.090787	Feckless
2654	2022-09-19 03:35:46.654386	CLT
2655	2022-09-19 03:39:31.533572	haters
2656	2022-09-19 03:40:37.682275	saveourcountry
2657	2022-09-19 03:53:12.555002	Tesla
2658	2022-09-19 03:53:13.038855	IdiotsInCars
2659	2022-09-19 04:11:01.30602	colorado
2660	2022-09-19 04:12:44.137902	CassidyHutchinson
2661	2022-09-19 04:14:41.686492	truthuk
2662	2022-09-19 04:14:43.084439	AcrossThePond
2663	2022-09-19 04:14:46.62839	FamilyIsEverything
2664	2022-09-19 04:17:15.503709	softball
2665	2022-09-19 04:17:54.832653	Avalanche
2666	2022-09-19 04:18:09.621306	coloradoavalanche
2667	2022-09-19 04:18:11.222936	travel
2668	2022-09-19 04:18:18.96556	TravelUSA
2669	2022-09-19 04:20:13.122837	80spopculture
2670	2022-09-19 04:20:33.781726	truthsocialspotlight
2671	2022-09-19 04:21:24.814475	Plandemic
2672	2022-09-19 04:21:25.277284	MonkeyPox
2673	2022-09-19 04:21:25.747862	Covidiot
2674	2022-09-19 04:21:53.075563	controlledOpposition
2675	2022-09-19 04:22:53.199606	OG
2676	2022-09-19 04:23:16.21429	plannedbabyformulashortage
2677	2022-09-19 04:23:17.192937	sorosfunded
2678	2022-09-19 04:24:02.008676	maythe4th
2679	2022-09-19 04:24:02.424586	nomorecancelculture
2680	2022-09-19 04:25:38.606393	welcome
2681	2022-09-19 04:25:41.058964	Welcome
2682	2022-09-19 04:48:48.008633	RussiaCollusion
2683	2022-09-19 04:48:50.933147	BedBathBeyond
2684	2022-09-19 04:49:20.092745	LaborDay
2685	2022-09-19 04:50:43.581988	Gorbachev
2686	2022-09-19 04:51:16.721902	loanforgiveness
2687	2022-09-19 04:51:42.357389	fascism
2688	2022-09-19 04:55:22.136724	BrianStelter
2689	2022-09-19 04:55:34.168183	LizCheney
2690	2022-09-19 04:56:57.129523	january6thcommittee
2691	2022-09-19 04:57:17.118539	January6thHearing
2692	2022-09-19 04:57:27.769998	BabylonBee
2693	2022-09-19 04:57:59.103622	BrittneyGriner
2694	2022-09-19 04:59:03.8875	JeffFoxworthy
2695	2022-09-19 04:59:23.74634	AbolishtheFBI
2696	2022-09-19 04:59:26.192874	MaraLargo
2697	2022-09-19 04:59:52.385541	OliviaNewtonJohn
2698	2022-09-19 05:02:20.701654	Zawahiri
2699	2022-09-19 05:02:33.574958	Soleimani
2700	2022-09-19 05:03:28.697182	Reparations
2701	2022-09-19 05:04:26.107242	ItTakesABiden
2702	2022-09-19 05:05:45.203221	ClimateChange
2703	2022-09-19 05:06:22.433586	January6Committee
2704	2022-09-19 05:12:02.205328	January6thcommitee
2705	2022-09-19 05:12:06.214418	January6Committeehearings
2706	2022-09-19 05:12:13.226351	ClimateEmergency
2707	2022-09-19 05:12:28.222271	july4thweekend
2708	2022-09-19 05:14:52.312669	roeoverturned
2709	2022-09-19 05:15:56.482637	2000MulesDocumentary
2710	2022-09-19 05:16:14.663033	TexasGOP
2711	2022-09-19 05:18:06.72256	BillBarr
2712	2022-09-19 05:18:54.822896	ByeByeBoudin
2713	2022-09-19 05:19:13.107523	ChesaBoudin
2714	2022-09-19 05:21:51.475272	2000MULES
2715	2022-09-19 05:25:20.703843	GreatAwakening
2716	2022-09-19 05:25:21.25461	GFYDEMS
2717	2022-09-19 05:27:10.072344	leavingtwitter
2718	2022-09-19 05:27:42.267023	Netflix
2719	2022-09-19 05:27:42.990564	CNNPlus
2720	2022-09-19 05:28:20.748549	Easter
2721	2022-09-19 05:29:03.88479	Whitmer
2722	2022-09-19 05:29:58.526894	lynching
2723	2022-09-19 05:30:34.299824	KetanjiBrownJackson
2724	2022-09-19 05:30:51.658301	HappyAnniversary
2725	2022-09-19 05:31:00.694829	UkraineRussiaWar
2726	2022-09-19 05:31:06.524442	SaintPatrickDay
2727	2022-09-19 05:31:30.581021	JussieSmollet
2728	2022-09-19 05:31:36.52694	JussieSmollett
2729	2022-09-19 05:33:08.618547	UkraineRussiaCrisis
2730	2022-09-19 05:33:17.745817	UkraineConflict
2731	2022-09-19 05:33:31.084046	PresidentsDay2022
2732	2022-09-19 05:33:37.611197	KimPotter
2733	2022-09-19 05:33:38.281935	DaunteWright
2734	2022-09-19 05:39:51.926994	911Anniversary
2735	2022-09-19 05:40:02.931235	labordayweekend
2736	2022-09-19 05:40:37.043009	DogsofTruthSocial
2737	2022-09-19 05:40:58.799309	stateoftheunion
2738	2022-09-19 05:41:30.807837	MOSen
2739	2022-09-19 05:41:41.825426	MOsen
2740	2022-09-19 05:42:25.876602	NationalSimplicityDay
2741	2022-09-19 05:42:55.681926	HappyIndependenceDay2022
2742	2022-09-19 05:43:19.413108	Constitution
2743	2022-09-19 05:43:36.514269	DDay78
2744	2022-09-19 05:43:44.199692	nvsen
2745	2022-09-19 05:43:55.970657	LibertyandJustice
2746	2022-09-19 05:43:56.459681	CPACNow
2747	2022-09-19 05:44:01.754287	CPACNOW
2748	2022-09-19 05:44:20.493527	Rigged
2749	2022-09-19 05:44:44.71072	sundayvibes
2750	2022-09-19 05:44:56.758141	secureourborder
2751	2022-09-19 05:45:12.810545	TakeBackGeorgia
2752	2022-09-19 05:45:20.294275	pambondi
2753	2022-09-19 05:45:36.805184	goodfriday
2754	2022-09-19 05:45:48.953295	cherryblossoms
2755	2022-09-19 05:45:50.3533	Pennsylvania
2756	2022-09-19 05:45:50.83724	senate
2757	2022-09-19 05:45:51.339629	governor
2758	2022-09-19 05:45:53.621344	MarchMadness2022
2759	2022-09-19 05:45:54.096035	marchmaskness
2760	2022-09-19 05:45:54.545964	unmaskthecheerleaders
2761	2022-09-19 05:45:57.905214	stpatricksday
2762	2022-09-19 05:46:04.569931	sundaythoughts
2763	2022-09-19 05:46:06.03573	WinterParalympics
2764	2022-09-19 05:46:10.718158	meatfed
2765	2022-09-19 05:46:11.189665	carnivore
2766	2022-09-19 05:46:11.640452	meatrx
2767	2022-09-19 05:46:17.209222	energyindependence
2768	2022-09-19 05:46:27.906608	FoxandFriendsFirst
2769	2022-09-19 05:46:36.88316	flashbackfriday
2770	2022-09-19 05:46:42.047854	spicerandco
2771	2022-09-19 05:47:09.686343	TakingOurCountryBack
2772	2022-09-19 05:47:25.821388	ticktock
2773	2022-09-19 09:23:54.772565	FosteringTheFuture
2774	2022-09-19 09:23:56.789885	USAmemorabilia
2775	2022-09-19 09:23:57.22764	NavySEAL
2776	2022-09-19 09:23:57.955787	NFTs
2777	2022-09-19 09:24:11.954781	NationalFosterCareMonth
2778	2022-09-19 09:24:20.103308	FosteringtheFuture
2779	2022-09-19 09:24:20.586321	MelaniaNFT
2780	2022-09-19 09:24:28.524104	POTUSTRUMP
2781	2022-09-19 09:24:29.004331	NFT
2782	2022-09-19 09:24:32.240721	Memorabilia
2783	2022-09-19 10:25:26.900114	PurpleHeartDay
2784	2022-09-19 10:25:48.286823	ThinBlueLine
2785	2022-09-19 10:25:48.76207	LESM
2786	2022-09-19 10:26:01.305933	PROGRESS
2787	2022-09-19 10:26:11.130835	WhereItAllBegan
2788	2022-09-19 10:26:22.583149	FlagsOut
2789	2022-09-19 10:26:24.747032	chocolatemousse
2790	2022-09-19 10:26:25.177288	cake
2791	2022-09-19 10:26:25.639431	dessert
2792	2022-09-19 10:26:26.384376	spreadingjoy
2793	2022-09-19 10:26:56.695274	Happy4thOfJuly
2794	2022-09-19 10:27:08.812347	FlannelFriday
2795	2022-09-19 10:27:23.67727	NYR
2796	2022-09-19 10:27:34.906416	OnThisDay
2797	2022-09-19 10:27:36.692599	TDS
2798	2022-09-19 10:28:21.484809	KentuckyDerby
2799	2022-09-19 10:28:27.62387	ICYMI
2800	2022-09-19 10:28:35.955628	AirDotShow
2801	2022-09-19 10:28:37.576294	NationalDayofPrayer
2802	2022-09-19 10:28:39.162557	InternationalFirefightersDay
2803	2022-09-19 10:29:15.83245	ThrowbackFriday
2804	2022-09-19 10:29:18.731118	Throwback
2805	2022-09-19 10:29:20.181938	RUSH
2806	2022-09-19 10:29:26.352147	MEMEHUNTER
2807	2022-09-19 10:29:30.791002	Redacted
2808	2022-09-19 10:29:36.088694	DorkBrandon
2809	2022-09-19 10:29:47.995688	FUTony
2810	2022-09-19 10:29:55.155033	DumpLizCheney
2811	2022-09-19 10:29:56.125009	AirDotShowLive
2812	2022-09-19 10:29:57.044496	WrayEpps
2813	2022-09-19 10:30:08.637967	TBT
2814	2022-09-19 10:30:31.691051	HunterBidenHacked
2815	2022-09-19 10:30:37.62395	TacoGate
2816	2022-09-19 10:30:50.111242	LizCheneyNothingBurgers
2817	2022-09-19 10:31:38.213742	WordSaladKamala
2818	2022-09-19 10:31:43.102145	kingmaga
2819	2022-09-19 10:31:47.874224	BareShelvesBiden
2820	2022-09-19 10:32:14.867891	TransDayOfVisibility
2821	2022-09-19 10:32:16.278569	DavosAgenda
2822	2022-09-19 10:32:43.805435	truthmemes
2823	2022-09-19 10:32:45.948184	PutinGasHike
2824	2022-09-19 10:32:48.444126	ParentalRightsInEducationBill
2825	2022-09-19 10:33:31.573453	JeanLucBrunelDidntKillHimself
2826	2022-09-19 10:40:35.646795	sleepyJoe
2827	2022-09-19 10:41:10.466822	twoweeksoftruthsocial
2828	2022-09-19 10:41:10.925295	thebestisyettocome
2829	2022-09-19 10:41:11.380944	truthsayer
2830	2022-09-19 10:41:17.494963	thegoodlife
2831	2022-09-19 10:41:33.163152	newaddictionunlocked
2832	2022-09-19 10:41:37.503939	tapas
2833	2022-09-19 10:41:37.909636	gazpacho
2834	2022-09-19 10:41:38.356725	flamengo
2835	2022-09-19 10:41:40.489518	truthteam
2836	2022-09-19 10:41:41.848023	TruthBae
2837	2022-09-19 10:41:42.934152	TruthMeme
2838	2022-09-19 10:41:44.478635	jackass2
2839	2022-09-19 10:42:51.499708	setinstone
2840	2022-09-19 10:42:58.719619	truthpeople
2841	2022-09-19 10:42:59.167466	truthsayers
2842	2022-09-19 10:43:17.092001	truthsocialteam
2843	2022-09-19 10:43:17.602913	makingcomedygreatagain
2844	2022-09-19 10:44:07.816857	littlediva
2845	2022-09-19 10:53:50.838207	LiveWild
2846	2022-09-19 11:43:15.597964	physics
2847	2022-09-19 12:06:21.235099	AlexJones
2848	2022-09-19 12:06:21.783439	SandyHook
2849	2022-09-19 12:10:54.410833	jab
2850	2022-09-19 12:11:08.864901	kitten
2851	2022-09-19 12:11:09.351082	nurses
2852	2022-09-19 12:11:09.846836	Trenton
2853	2022-09-19 12:11:10.323592	NewJersey
2854	2022-09-19 12:11:13.110943	firearms
2855	2022-09-19 12:11:13.605237	Parkland
2856	2022-09-19 12:11:15.056638	Juneteenth
2857	2022-09-19 12:11:33.239946	Bedbugs
2858	2022-09-19 12:11:33.733895	pesticides
2859	2022-09-19 12:11:35.37934	Minneapolis
2860	2022-09-19 12:11:37.139214	skydiving
2861	2022-09-19 12:11:37.631931	Oceanside
2862	2022-09-19 12:11:39.144153	sleeping
2863	2022-09-19 12:11:39.655067	subway
2864	2022-09-19 12:11:41.624397	Japanese
2865	2022-09-19 12:11:42.176718	PacificOcean
2866	2022-09-19 12:11:44.906489	Wisconsin
2867	2022-09-19 12:11:45.391367	GretchenWhitmer
2868	2022-09-19 12:11:46.068795	MitchMcConnell
2869	2022-09-19 12:11:46.539639	TonyEvers
2870	2022-09-19 12:11:53.972276	LGBTQ
2871	2022-09-19 14:43:16.868378	PGAChampionship
2872	2022-09-19 16:34:01.660648	GoCATS
2873	2022-09-19 20:06:03.166769	STOU
2874	2022-09-19 20:06:03.466128	cat
2875	2022-09-19 20:06:03.546057	funnycat
2876	2022-09-19 20:06:03.575785	catlovers
2877	2022-09-19 20:06:03.589826	catloversclub
2878	2022-09-19 20:06:03.632156	catselfie
2879	2022-09-19 20:06:03.646392	caturday
2880	2022-09-19 20:06:03.657925	meow
2881	2022-09-20 00:39:10.813374	FourthOfJuly
2882	2022-09-20 00:39:10.949678	RockNRollCowboyTour
2883	2022-09-20 00:39:11.280805	AldeanArmy
2884	2022-09-20 00:39:11.44757	CMAfest
2885	2022-09-20 00:51:12.062949	musicmonday
2886	2022-09-20 00:51:13.074572	noeditsontruths
2887	2022-09-20 00:51:49.973882	TRUTHyouth
2888	2022-09-20 00:51:56.23239	truthcrew
2889	2022-09-20 00:51:56.435919	MAGAmonth
2890	2022-09-20 00:51:57.218311	SupportOurMilitary
2891	2022-09-20 00:51:57.227141	usnavy
2892	2022-09-20 00:51:59.05058	NatureVideo
2893	2022-09-20 00:51:59.064149	NaturePhotograpghy
2894	2022-09-20 00:51:59.080882	Nature
2895	2022-09-20 00:51:59.096279	Creek
2896	2022-09-20 00:51:59.107975	Farm
2897	2022-09-20 00:51:59.119728	Mountains
2898	2022-09-20 00:51:59.133267	peaceful
2899	2022-09-20 00:51:59.141355	NC
2900	2022-09-20 00:51:59.154909	AmericaTheBeautiful
2901	2022-09-20 00:51:59.163437	GetOutdoors
2902	2022-09-20 00:51:59.171621	Explore
2903	2022-09-20 00:51:59.181177	LiveYourBestLife
2904	2022-09-20 00:51:59.297736	BeautifulDay
2905	2022-09-20 00:51:59.312299	NaturePhotography
2906	2022-09-20 00:51:59.320488	Enjoy
2907	2022-09-20 00:51:59.328906	natural
2908	2022-09-20 00:51:59.337452	Beauty
2909	2022-09-20 00:51:59.347315	Flowers
2910	2022-09-20 00:51:59.355883	Outdoors
2911	2022-09-20 00:51:59.376594	NaturePhoto
2912	2022-09-20 00:51:59.514268	lake
2913	2022-09-20 00:51:59.522402	mountains
2914	2022-09-20 00:51:59.531353	shoreline
2915	2022-09-20 00:51:59.540165	takeamoment
2916	2022-09-20 00:51:59.549997	enjoy
2917	2022-09-20 00:51:59.558704	takeabreak
2918	2022-09-20 00:51:59.568195	HaveAGreatDay
2919	2022-09-20 00:51:59.680644	photographyhealsme
2920	2022-09-20 00:51:59.690052	mswarrior
2921	2022-09-20 00:51:59.703726	myhappyplace
2922	2022-09-20 00:51:59.730008	macrophotography
2923	2022-09-20 00:51:59.952176	lovewyoming
2924	2022-09-20 00:51:59.960517	wyomingartist
2925	2022-09-20 00:52:00.400401	naturephotos
2926	2022-09-20 00:52:00.419414	trees
2927	2022-09-20 00:52:00.43147	georgia
2928	2022-09-20 00:52:00.441742	Beautiful
2929	2022-09-20 00:52:00.464886	getoutdoors
2930	2022-09-20 00:52:00.473911	iphonephotography
2931	2022-09-20 00:52:00.485714	simplelife
2932	2022-09-20 00:52:00.498619	livingart
2933	2022-09-20 00:52:00.512846	GodBlessAmerica
2934	2022-09-20 00:52:01.007879	Travel
2935	2022-09-20 00:52:01.033928	CusterStatePark
2936	2022-09-20 00:52:01.551782	photothread
2937	2022-09-20 00:52:05.693784	RINOsSUCK
2938	2022-09-20 03:56:37.818859	happyfathersday
2939	2022-09-20 03:56:39.868655	RestoreLawAndOrder
2940	2022-09-20 03:56:40.077928	faucifraud
2941	2022-09-20 03:56:40.094853	CDClies
2942	2022-09-20 03:56:40.108369	FDAlies
2943	2022-09-20 03:56:40.824848	bidenisadisgrace
2944	2022-09-20 03:56:43.133697	LetsGoBrandonToken
2945	2022-09-20 03:56:43.52537	BidenIsADisgrace
2946	2022-09-20 03:56:44.657314	NoGlobalPandemicTreaty
2947	2022-09-20 03:57:06.264495	mightaswelljump
2948	2022-09-21 14:01:28.565743	LetsGoToChurch
2949	2022-09-21 14:05:55.88898	FtheWEF
2950	2022-09-21 14:06:33.245727	veteranowned
2951	2022-09-21 14:08:16.96994	Miami
2952	2022-09-21 14:08:38.994182	GarlandMustResign
2953	2022-09-21 14:08:54.314685	SelfAccountability
2954	2022-09-21 14:08:54.665731	NotALiberal
2955	2022-09-21 14:10:39.783746	ThisIsTheWay
2956	2022-09-21 14:11:05.203133	MADEINTHEUSA
2957	2022-09-21 14:11:58.156934	Nightshift
2958	2022-09-21 14:13:10.605245	Dutch
2959	2022-09-21 14:13:11.042851	Farmers
2960	2022-09-21 14:13:21.11585	Taxes
2961	2022-09-21 14:13:45.524735	Conservatives
2962	2022-09-21 14:14:01.484138	StatesRightsMatter
2963	2022-09-21 14:15:01.739935	FakePresident
2964	2022-09-21 14:16:40.600401	PrayerIsAMightyWeapon
2965	2022-09-21 14:19:08.678552	DefundNPR
2966	2022-09-21 14:19:27.01172	FAKENEWS
2967	2022-09-21 14:20:15.843111	NewProfilePic
2968	2022-09-21 14:25:58.987945	NewProfilePicture
2969	2022-09-21 14:26:15.210337	TRAITORS
2970	2022-09-21 14:29:38.947583	ProgramOrBeProgrammed
2971	2022-09-21 14:29:45.360326	WorldSeriesChampions2021
2972	2022-09-22 04:21:51.176321	FirePelosiSaveAmerica
2973	2022-09-22 04:21:51.641192	FirePelosi
2974	2022-09-22 04:23:10.211461	CPACIsrael
2975	2022-09-22 04:23:32.853855	CPACTexas
2976	2022-09-22 04:23:38.115172	ValueThemBoth
2977	2022-09-22 04:23:41.437435	energystrong
2978	2022-09-22 04:23:43.531456	ArmedForcesDay
2979	2022-09-22 04:23:46.848193	BidenBabyCrisis
2980	2022-09-22 04:23:49.914082	OperationBabyFormula
2981	2022-09-22 04:24:01.139471	CultureKillers
2982	2022-09-22 04:24:06.26533	PalmSunday
2983	2022-09-22 04:24:09.965144	JusticeForTheFive
2984	2022-09-22 04:24:28.228857	BigTechBias
2985	2022-09-22 05:30:04.602014	osama
2986	2022-09-22 05:30:30.039102	BigSupriseBiden
2987	2022-09-22 05:31:17.57555	freedomofexpression
2988	2022-09-22 05:31:37.546736	Teamtruth
2989	2022-09-22 05:49:04.878556	diamondandsilk
2990	2022-09-22 05:49:18.479694	vaccinesideeffects
2991	2022-09-22 05:49:30.43401	zuckerbucks
2992	2022-09-22 05:50:27.221107	firefauci
2993	2022-09-22 05:51:32.498337	PillowyBiscuits
2994	2022-09-22 05:51:33.063227	BigHands
2995	2022-09-22 05:51:33.522898	MAGAmilkshake
2996	2022-09-22 05:51:33.760651	mysonhuntermovie
2997	2022-09-22 05:51:36.445101	bideninflationspike
2998	2022-09-22 05:51:50.897576	bidencrimefamily
2999	2022-09-22 05:51:51.395228	hunterbiden
3000	2022-09-22 05:51:55.011279	zuckerbergfundedvotefraud
3001	2022-09-22 05:52:51.731649	Laugh
3002	2022-09-22 05:53:03.300022	diamonandsilk
3003	2022-09-22 05:53:16.779519	fauciliedpeopledied
3004	2022-09-22 05:53:19.010155	gowokegobroke
3005	2022-09-22 05:53:23.373607	fbicorruption
3006	2022-09-22 05:53:23.833911	fbiraid
3007	2022-09-22 05:53:26.936503	WelcomeBackMrPresident
3008	2022-09-22 05:53:29.832796	FreeSpeech
3009	2022-09-22 05:53:36.220486	Truthing
3010	2022-09-22 05:53:46.569645	AmericaRunsOnCovfefe
3011	2022-09-22 05:53:54.259669	BareShelvesBidenStrikesAgain
3012	2022-09-22 05:53:54.82868	NoFoodJoe
3013	2022-09-22 05:53:55.622524	BuildBackNothing
3014	2022-09-22 05:54:01.236809	HappyBirthdayLois
3015	2022-09-22 05:54:02.266411	retruth
3016	2022-09-22 05:54:02.777781	Happy95thBirthdayLois
3017	2022-09-22 05:54:16.687813	MomentOfTruthSummit
3018	2022-09-22 05:54:17.252638	FrankSpeech
3019	2022-09-22 05:54:24.38621	UnMasking
3020	2022-09-22 05:54:24.856221	bigbeautifulfaces
3021	2022-09-22 05:54:35.820874	EmptyEasterBaskets
3022	2022-09-22 05:54:36.820733	happyeaster
3023	2022-09-22 05:54:37.272875	EmptyShelvesJoe
3024	2022-09-22 05:54:37.728959	NoEasterCandy
3025	2022-09-22 05:54:44.570525	EasterSunday
3026	2022-09-22 05:54:45.027682	HappyEaster
3027	2022-09-22 05:54:45.529257	CaptainDeplorableEaster
3028	2022-09-22 05:55:10.05853	maralagoraid
3029	2022-09-22 05:55:18.706255	AprilFoolsDay
3030	2022-09-22 05:55:29.623888	maralago
3031	2022-09-22 05:55:36.299318	Laughter
3032	2022-09-22 05:55:36.80446	Sunday
3033	2022-09-22 05:55:37.253647	TuneInSunday
3034	2022-09-22 05:55:37.99364	Newsmax
3035	2022-09-22 05:55:49.905567	KFC
3036	2022-09-22 05:55:50.414158	DriveThroughHumor
3037	2022-09-22 05:55:55.131826	TruthNeverSleeps
3038	2022-09-22 05:55:56.272896	HappyStPatricksDay
3039	2022-09-22 05:55:56.700778	StPatricksDay
3040	2022-09-22 05:55:57.242293	HappyStPattysDay
3041	2022-09-22 05:55:59.652685	McDonalds
3042	2022-09-22 05:56:00.090674	FreedomFries
3043	2022-09-22 05:56:03.011016	Like
3044	2022-09-22 05:56:03.770023	Comment
3045	2022-09-22 05:56:04.901803	MakeVideosGreatAgain
3046	2022-09-22 05:56:05.066065	DiamondandSilk
3047	2022-09-22 05:56:07.178957	TruthBecauseTheLeftCantHandleIt
3048	2022-09-22 05:56:14.499609	ScrewTube
3049	2022-09-22 05:56:15.485372	PlatformsOfFreeSpeech
3050	2022-09-22 05:56:16.045153	BestPlatformsOnSocialMedia
3051	2022-09-22 05:56:25.257744	freej6politicalprisoners
3052	2022-09-22 05:56:31.704008	DiamondAndSilk
3053	2022-09-22 05:56:44.544853	spreadtheword
3054	2022-09-22 05:56:46.829137	CaptainsBlog
3055	2022-09-22 05:56:48.377427	Remix
3056	2022-09-22 05:56:54.179374	LindseyGraham
3057	2022-09-22 05:57:00.700253	BestSpcialMediaPlatformTheWorldHasEverSeen
3058	2022-09-22 05:57:01.45321	CensorshipFree
3059	2022-09-22 05:57:17.277533	CrookedHilary
3063	2022-09-22 05:57:25.677637	HobbyLobby
3065	2022-09-22 05:57:31.826148	Truths
3066	2022-09-22 05:57:32.369832	BidenDestroysAmerica
3068	2022-09-22 05:57:38.748212	TRUTHTEAM
3069	2022-09-22 05:57:40.861933	TruthSocialTeam
3073	2022-09-22 05:58:03.438432	Arbys
3076	2022-09-22 05:58:13.806689	BestPresidentInHistory
3077	2022-09-22 05:58:36.991359	WelcomeToTruthSocial
3078	2022-09-22 05:58:41.701191	FrankSocial
3079	2022-09-22 05:58:42.189867	Gettr
3081	2022-09-22 05:58:45.090608	TrumpTruthTrain
3082	2022-09-22 05:58:54.224568	BestTeamEver
3083	2022-09-22 05:58:54.689921	TeamTruth
3084	2022-09-22 05:58:56.541466	TruthIsTheBest
3094	2022-09-22 05:59:46.549065	freejan6politicalprisoners
3095	2022-09-22 05:59:47.030106	january6th
3096	2022-09-22 05:59:47.546407	politicalprisoners
3100	2022-09-22 06:00:06.065945	Baked
3101	2022-09-22 06:00:07.76759	AnericaFirst
3104	2022-09-22 06:00:54.692794	PostingTruths
3105	2022-09-22 06:03:23.282503	Amiri
3106	2022-09-22 06:03:26.0592	Freethebodegaworker
4665	2022-09-27 08:42:03.163471	Duh
4666	2022-09-27 08:42:04.344589	givemeabreak
4667	2022-09-27 08:42:08.361353	cigar
4668	2022-09-27 08:42:10.562439	sourgrapes
4669	2022-09-27 08:42:14.510696	puke
4670	2022-09-27 08:42:16.221686	GrifterInChief
4671	2022-09-27 08:43:01.169262	As
4672	2022-09-27 08:43:16.005336	McCaskillVsAiken
4673	2022-09-27 08:43:20.610588	PedoPete
4674	2022-09-27 08:43:25.635335	OMG
4675	2022-09-27 08:43:39.0866	WheresDan
4676	2022-09-27 08:44:47.449818	chowmatters
4677	2022-09-27 08:44:48.854688	bizarre
4678	2022-09-27 08:46:51.755034	SoylentGreen
4679	2022-09-27 08:46:53.403076	backtheblue
4680	2022-09-27 08:46:54.489548	Epic
4681	2022-09-27 08:47:09.917473	carjacking
4682	2022-09-27 08:47:10.304236	carjack
4683	2022-09-27 08:47:16.402641	Unhelpful
4684	2022-09-27 08:48:52.607909	waleg
4685	2022-09-27 08:49:40.818719	Awkward
4686	2022-09-27 08:50:07.80857	cbp
4687	2022-09-27 08:50:10.610035	goNadler
4688	2022-09-27 08:50:18.278444	FreePeterNavarro
4689	2022-09-27 08:50:33.482038	AYFKM
4690	2022-09-27 08:50:39.788733	TruthBeatdown
4691	2022-09-27 08:52:13.828072	UltraActivated
4692	2022-09-27 08:52:48.460673	Rockstar
4693	2022-09-27 08:52:57.248605	dramaqueen
4694	2022-09-27 08:53:29.168676	TheStorm
4695	2022-09-27 08:53:38.087459	HillaryGrandJury2022
4696	2022-09-27 08:53:39.263574	HillaryDeposed2022
4697	2022-09-27 08:53:40.386876	TruthParty
4698	2022-09-27 08:53:42.511135	Nueralink
4699	2022-09-27 08:53:42.896736	Titter
4700	2022-09-27 08:53:45.340812	Fakenewsfriday
4701	2022-09-27 08:54:14.989472	Virginia2022
4702	2022-09-27 08:58:24.955795	corney
4703	2022-09-27 08:58:36.575744	Honesty
4704	2022-09-27 08:58:37.007852	Frankness
4705	2022-09-27 08:58:37.423733	Humility
4706	2022-09-27 08:58:37.845086	Civility
4707	2022-09-27 08:58:38.337694	UNITY
4708	2022-09-27 08:58:38.813218	STRONG
4709	2022-09-27 09:00:21.13859	JAYHAWK
4710	2022-09-27 09:01:05.7798	ByeOscars
4711	2022-09-27 09:01:14.635219	PoundingTheFakeNews
4712	2022-09-27 09:01:17.574445	nailbiter
4713	2022-09-27 09:01:24.536295	Sigh
4714	2022-09-27 09:01:58.446392	usenergy
4715	2022-09-27 09:02:01.266961	PlotAgainstThePresident
4716	2022-09-27 09:02:03.136013	TRUTHBOMB
4717	2022-09-27 09:02:08.700733	YouTube
4718	2022-09-27 09:02:44.215604	JessieSmollet
4719	2022-09-27 09:02:44.688316	SMH
4720	2022-09-27 09:02:57.064255	putTheBrakesOnTheMandates
4721	2022-09-27 09:03:45.435578	boomer
4722	2022-09-27 09:03:47.025098	BOOMER
4723	2022-09-27 09:04:13.948255	nukes
5085	2022-09-27 12:47:26.658549	TheBidenCrimeFamily
5086	2022-09-27 12:47:39.992793	lovemesomeTrump
5087	2022-09-27 12:47:47.742511	True
5090	2022-09-27 12:48:52.760258	FREEJ6PRISONERS
5092	2022-09-27 12:49:59.174954	DitchMitch
5094	2022-09-27 12:50:08.870652	BlondiesTrain38
5095	2022-09-27 12:50:26.422887	PeopleAreAmazing
5097	2022-09-27 12:51:56.257926	thisworldisnuts
5098	2022-09-27 12:51:56.839188	helpGod
5132	2022-09-27 16:30:36.26798	datpostmil
5133	2022-09-27 16:31:08.866779	FreedomFighterTrain
5134	2022-09-27 16:31:09.609188	FreedomTrain
5135	2022-09-27 16:31:10.036897	Mike24
5139	2022-09-27 16:36:08.326413	BlondiesTrain7
5144	2022-09-27 16:43:06.6358	TwitterSucks
5145	2022-09-27 16:43:18.077007	CentralIntelligenceAgency
5146	2022-09-27 16:43:18.497025	CIARegimeChange
5147	2022-09-27 16:43:18.925262	ElectionFraud
5151	2022-09-27 16:43:20.904417	WeAreAwakeNow
5155	2022-09-27 16:43:22.621525	WeAreTheStorm
5156	2022-09-27 16:44:16.46365	GodsSoldier
5283	2022-09-27 21:28:33.212555	villageidiot
5284	2022-09-27 21:28:35.91703	KeepTexasRed
5288	2022-09-27 21:38:46.570361	enzymenutrition
5292	2022-09-27 21:38:48.344167	overcomer
5294	2022-09-27 21:39:09.650419	weight
5296	2022-09-27 21:39:11.296543	useittoloseit
5297	2022-09-27 21:39:11.822731	pemffoxvalley
5298	2022-09-27 21:39:12.253715	appletonpemf
5300	2022-09-27 21:39:14.550937	wecanhelp
5303	2022-09-27 21:39:16.216509	enzymes
5307	2022-09-27 21:40:00.041633	fixthesystem
5308	2022-09-27 21:40:00.895655	abandonthesystem
5309	2022-09-27 21:40:01.3932	createyourownsystem
5310	2022-09-27 21:40:01.815524	wellness
5311	2022-09-27 21:40:02.277832	naturally
5312	2022-09-27 21:40:35.491131	SpringinWisconsin
5320	2022-09-28 02:55:04.541813	cantmatchTrump
5368	2022-09-28 04:31:14.523321	HERO
5369	2022-09-28 04:31:37.393483	cain
5370	2022-09-28 04:31:37.794705	Abel
5371	2022-09-28 04:31:38.215666	sin
5372	2022-09-28 04:32:50.217604	PatriotOfTheWeek
5374	2022-09-28 04:34:11.740205	Zuckerberg
5377	2022-09-28 04:35:45.889379	EtremeMAGA
5381	2022-09-28 04:35:48.490123	parentalrights
5385	2022-09-28 04:36:30.423339	MAGABLACKMAN
5386	2022-09-28 04:36:55.926174	ObamaForPrison
5392	2022-09-28 04:38:27.503743	Kevin
5395	2022-09-28 04:39:11.657906	unite
5397	2022-09-28 04:39:28.598246	nocameras
5398	2022-09-28 04:39:29.049206	killerhillary
5400	2022-09-28 04:40:46.667443	lgct
5401	2022-09-28 04:40:47.075374	gogitmo
5403	2022-09-28 04:41:01.415456	notaboutrace
3060	2022-09-22 05:57:17.765952	DrunkNancy
3061	2022-09-22 05:57:21.673092	StateoftheUnion
3062	2022-09-22 05:57:23.093378	RealStateOfTheUnion
3064	2022-09-22 05:57:27.239449	Hobby
3067	2022-09-22 05:57:32.522625	TracyBeanz
3070	2022-09-22 05:57:47.680281	MSMGA
3071	2022-09-22 05:57:54.766799	BestPlaceEver
3072	2022-09-22 05:57:59.872105	BestSocialSiteTheWorldHasEverSeen
3074	2022-09-22 05:58:12.288134	BiggestMac
3075	2022-09-22 05:58:13.103847	MakingDriveThroughsGreatAgain
3080	2022-09-22 05:58:42.287853	Best
3085	2022-09-22 05:59:13.177661	UnofficialWelcomeCommittee
3086	2022-09-22 05:59:16.017281	AllAboardTheTruthTrain
3087	2022-09-22 05:59:25.662797	RocketShip
3088	2022-09-22 05:59:26.117804	LeftTurns
3089	2022-09-22 05:59:27.394973	Daytona
3090	2022-09-22 05:59:27.841231	Daytona500
3091	2022-09-22 05:59:28.304136	NASCAR
3092	2022-09-22 05:59:28.808238	DaleEarnhardtJr
3093	2022-09-22 05:59:31.088027	LindellTV
3097	2022-09-22 06:00:03.854291	FreeDrGold
3098	2022-09-22 06:00:05.003503	ParmesanCheese
3099	2022-09-22 06:00:05.492476	FreeCrackPipes
3102	2022-09-22 06:00:11.467046	IvanaTrump
3103	2022-09-22 06:00:39.090241	bideninflation
3107	2022-09-22 09:03:41.418867	bucketlist
3108	2022-09-22 09:03:48.277049	newday
3109	2022-09-22 09:03:48.78694	Blessings
3110	2022-09-22 09:03:54.016079	sundays
3111	2022-09-22 09:03:54.49422	grateful
3112	2022-09-22 09:03:55.935262	Americafirst
3113	2022-09-22 13:13:04.163862	unvaccinated
3114	2022-09-22 13:13:07.271977	vaccinated
3115	2022-09-22 13:13:31.953979	Omicron
3116	2022-09-22 13:13:50.308777	propaganda
3117	2022-09-22 13:13:50.804216	brainwash
3118	2022-09-22 13:13:52.034886	exitthematrix
3119	2022-09-22 13:13:52.525827	conspiracy
3120	2022-09-22 21:11:09.901073	teamwork
3121	2022-09-22 21:11:13.433252	5stars
3122	2022-09-22 21:21:44.847215	KeystoneXL
3123	2022-09-22 21:22:12.275321	TruthRevolution
3124	2022-09-23 04:35:03.540324	Montana
3125	2022-09-23 04:35:06.508428	followthescience
3126	2022-09-23 04:35:09.508061	starlink
3127	2022-09-23 04:35:10.284332	freedomofchoice
3128	2022-09-23 04:35:10.768941	yoursecondvoteisyourdollar
3129	2022-09-23 04:35:16.83282	indivisable
3130	2022-09-23 04:35:30.522266	GenZ
3131	2022-09-23 04:35:30.915648	BigGovSucks
3132	2022-09-23 04:35:31.377389	Christian
3133	2022-09-23 04:35:31.462401	fuckterrorism
3134	2022-09-23 04:35:32.110737	Christianity
3135	2022-09-23 04:35:32.278478	redwhiteblue
3136	2022-09-23 04:35:32.730731	911memorial
3137	2022-09-23 04:35:32.81086	Conservatism
3138	2022-09-23 04:35:33.17048	wakesurf
3139	2022-09-23 04:35:33.257348	Feminism
3140	2022-09-23 04:35:33.998549	FeminismSucks
3141	2022-09-23 04:35:34.748993	Political
3142	2022-09-23 04:35:35.4898	PragerU
3143	2022-09-23 04:35:41.789613	RedWaveComing
3144	2022-09-23 04:35:43.022532	MEMEMONDAY
3145	2022-09-23 04:35:43.46891	bringback45now
3146	2022-09-23 04:35:48.839814	SundaySupper
3147	2022-09-23 04:35:51.328595	KS6
3148	2022-09-23 04:35:52.041573	LTCR
3149	2022-09-23 04:35:52.480468	Fam919
3150	2022-09-23 04:35:52.939696	Deb19
3151	2022-09-23 04:35:55.573338	helpfightcrime
3152	2022-09-23 04:35:56.025415	buyagun
3153	2022-09-23 04:35:58.237746	OPLive
3154	2022-09-23 04:36:00.642952	NeverForgotten
3155	2022-09-23 04:36:04.503671	abolishallthreeletteragencies
3156	2022-09-23 04:36:04.760444	XTeam
3157	2022-09-23 04:36:48.135415	FollowTheScience
3158	2022-09-23 04:37:08.420407	deepstate
3159	2022-09-23 04:37:08.887873	DemocratsareHypocrites
3160	2022-09-23 04:37:08.91797	ForestFires
3161	2022-09-23 04:37:15.965564	FlatheadLake
3162	2022-09-23 04:37:20.192617	bidencantbike
3163	2022-09-23 04:37:24.412827	swag
3164	2022-09-23 04:37:28.040443	EchoLake
3165	2022-09-23 04:37:28.59503	BenghaziAintGoingAway
3166	2022-09-23 04:37:29.605162	FreeGregPogo
3167	2022-09-23 04:37:33.696637	ccw
3168	2022-09-23 04:37:51.681695	BidensAmerica
3169	2022-09-23 04:38:43.350073	bebest
3170	2022-09-23 04:38:55.176041	BBF
3171	2022-09-23 04:38:55.581696	Bible
3172	2022-09-23 04:38:56.462944	JesusChrist
3173	2022-09-23 04:38:58.25735	BenStein
3174	2022-09-23 04:39:07.660277	TheGiftofPeace
3175	2022-09-23 04:40:52.197201	NIGHTSHIFT
3176	2022-09-23 04:40:58.767733	CerealChallenge
3177	2022-09-23 04:42:36.016435	sister
3178	2022-09-23 04:42:36.448323	political
3179	2022-09-23 04:42:36.910968	feminem
3180	2022-09-23 04:43:44.441711	LexRex
3181	2022-09-23 04:43:46.3549	ZeroTrans
3182	2022-09-23 07:40:42.057838	ConstitutionDay
3183	2022-09-23 07:40:43.907637	GodCountryFamily
3184	2022-09-23 07:40:44.473827	JustSayNoToDemons
3185	2022-09-23 07:41:11.464084	StatenIsland
3186	2022-09-23 07:41:15.650646	GodsNotDead
3187	2022-09-23 07:41:26.994237	RonsOnTop
3188	2022-09-23 07:41:27.443556	ReadsOnTop
3189	2022-09-23 07:41:27.921809	RockNRoll
3190	2022-09-23 07:41:38.96055	Aristotle
3191	2022-09-23 07:41:45.529152	NH01
3192	2022-09-23 07:41:47.109236	NHCD01
3193	2022-09-23 07:42:02.828454	UnitedWeStand
3194	2022-09-23 07:42:26.539621	BearDownChicagoBears
3195	2022-09-23 07:42:27.037336	PrideandJoyofIllinois
3196	2022-09-23 07:42:44.43666	FedExCup
3197	2022-09-23 07:42:51.213518	WhatAreSaturdaysFor
3198	2022-09-23 07:42:51.723871	TheBoys
3199	2022-09-23 07:43:12.600672	Bach
3200	2022-09-23 07:43:14.936927	GiveLibertyaTry
3201	2022-09-23 07:43:17.337565	TRUTHSTAFF
3202	2022-09-23 07:43:31.552571	SisterJean103
3203	2022-09-23 07:43:32.031509	LoyolaRamblers
3204	2022-09-23 07:43:42.211414	netzero
3205	2022-09-23 07:43:42.637105	climatechangehoax
3206	2022-09-23 07:43:46.031121	PurpleMountainMajesty
3207	2022-09-23 07:44:10.475007	awareness
3208	2022-09-23 07:44:23.818782	MLBatFieldOfDreams
3209	2022-09-23 07:44:34.801077	WitchHunt
3210	2022-09-23 07:45:15.413805	GiveMeLiberty
3211	2022-09-23 07:45:46.421592	Legend
3212	2022-09-23 07:45:48.0325	AwakeNotWoke
3213	2022-09-23 07:46:07.351822	CivilWar
3214	2022-09-23 07:46:07.769083	JUSTUSvsKEVIN
3215	2022-09-23 07:46:08.2185	Sequel
3216	2022-09-23 07:46:08.677609	ThunderAndLightning
3217	2022-09-23 07:46:09.136329	HundredPoundThumpers
3218	2022-09-23 07:46:09.577941	AllTheSmoke
3219	2022-09-23 07:46:10.024162	TeamEarth
3220	2022-09-23 07:46:10.474977	MemeWars
3221	2022-09-23 07:46:10.929996	Warlords
3222	2022-09-23 07:46:33.244532	MemeWars2022
3223	2022-09-23 07:46:40.525569	LoveMyEsteemedColleagues
3224	2022-09-23 07:46:42.454838	NeverGiveUp
3225	2022-09-23 07:46:42.92089	NeverSurrender
3226	2022-09-23 07:46:44.366264	DailyChristianQuotes
3227	2022-09-23 07:46:59.331319	TrumpImpressionChallenge
3228	2022-09-23 07:47:06.501546	Victory
3229	2022-09-23 07:47:06.925438	CultOfKevin
3230	2022-09-23 07:47:09.17538	OnToVictory
3231	2022-09-23 07:47:19.313627	MEMEWARRIOR
3232	2022-09-23 07:47:21.947706	MemeWarrior
3233	2022-09-23 07:47:24.532906	ChangeMyMind
3234	2022-09-23 07:47:29.684547	TruthCouples
3235	2022-09-23 07:47:33.872072	Rubbish
3236	2022-09-23 07:47:41.53499	MemeWar
3237	2022-09-23 07:47:45.466802	AllHailK
3238	2022-09-23 07:47:50.283834	KingOfTheAnons
3239	2022-09-23 07:47:50.725916	AnonForever
3240	2022-09-23 07:48:12.581808	GodBlessTheUSA
3241	2022-09-23 07:48:13.089379	Trump2024toSaveAmerica
3242	2022-09-23 07:48:21.244121	NoMoreMandates
3243	2022-09-23 07:48:21.691864	Unvaccinated
3244	2022-09-23 07:48:22.151421	ControlGroup
3245	2022-09-23 07:48:22.617843	MentallyBreak
3246	2022-09-23 07:48:45.404458	ArrestFauciNow
3247	2022-09-23 07:48:50.110572	history
3248	2022-09-23 07:48:50.61784	ethiopia
3249	2022-09-23 07:48:51.086896	royalty
3250	2022-09-23 07:49:17.108386	Turningpointusa
3251	2022-09-23 07:49:17.82823	tpusa
3252	2022-09-23 07:50:29.14152	CommonSensefortheCommonGood
3253	2022-09-23 07:51:27.170043	Archaeology_Roman
3254	2022-09-23 07:51:27.679532	Roman_Aqueduct
3255	2022-09-23 07:51:36.441698	DurhamWatch
3256	2022-09-23 07:51:41.205709	The150thOpen
3257	2022-09-23 07:51:41.70431	StAndrewsOldCourse
3258	2022-09-23 07:52:13.479978	BlackHistory
3259	2022-09-23 07:52:13.95864	LifeLibertyPursuitOfHappiness
3260	2022-09-23 07:52:37.544972	supportsmallbusiness
3261	2022-09-23 07:52:46.951008	UnselectCommittee
3262	2022-09-23 07:53:10.681842	OurJourneyTogether
3263	2022-09-23 07:53:19.953548	AmeicasGovernor
3264	2022-09-23 07:53:21.889897	HisCreation
3265	2022-09-23 07:53:23.575097	ZionNationalPark
3266	2022-09-23 07:53:26.561649	BucketList
3267	2022-09-23 07:56:26.823865	MaryMiller
3268	2022-09-23 07:56:29.069276	clinteastwood
3269	2022-09-23 07:56:29.508719	film
3270	2022-09-23 07:56:42.167719	CatholicVote
3271	2022-09-23 07:57:04.419577	BaseballInPics
3272	2022-09-23 08:11:54.204177	TheBESTIsYetToCome2022
3273	2022-09-23 08:11:58.191122	GA6
3274	2022-09-23 08:12:03.91881	StudentsFirstParentsAlways
3275	2022-09-23 08:12:04.359005	HappyWarriors
3276	2022-09-23 08:12:05.835313	TrumpEndorsedCandidates
3277	2022-09-23 08:12:07.650208	DeSantisEndorsed
3278	2022-09-23 08:12:08.463361	FloridaSchools
3279	2022-09-23 08:12:16.350489	YWLS2022
3280	2022-09-23 08:12:22.761127	45x47
3281	2022-09-23 08:12:23.168556	TrumpGolf
3282	2022-09-23 08:12:26.164689	WWII
3283	2022-09-23 08:12:26.904997	HiRes
3284	2022-09-23 08:12:27.36091	WeRememberThem
3285	2022-09-23 08:12:31.408691	TrumpEndorsed2022
3286	2022-09-23 08:12:32.408371	VoteMAGA
3287	2022-09-23 08:39:06.306792	GrassleyWorks
3288	2022-09-23 08:39:11.747081	IASen
3289	2022-09-23 09:03:55.417945	BA6
3290	2022-09-23 09:03:56.452071	Fam912
3291	2022-09-23 09:04:13.668804	Fam815
3292	2022-09-23 09:04:14.18954	ID4
3293	2022-09-23 09:05:32.551694	v25
3294	2022-09-23 09:05:33.234281	Free99
3295	2022-09-23 09:05:40.053445	TeumpTruths
3296	2022-09-23 09:05:56.190639	2020Fraud
3297	2022-09-23 09:06:20.275042	Be
3298	2022-09-23 09:06:45.09537	TheMobMadam
3299	2022-09-23 09:07:51.121908	Demsaredestroyingtheworld
3300	2022-09-23 09:08:59.678929	votingrights
3301	2022-09-23 09:09:00.164984	voterid
3302	2022-09-23 09:10:03.212986	WakeUp
3303	2022-09-23 09:10:35.364794	TheMayorOfRealville
3304	2022-09-23 09:10:35.890549	EIB
3305	2022-09-23 09:10:54.835119	https
3306	2022-09-23 09:10:59.282931	bestgovernor
3307	2022-09-23 09:11:10.435379	Reminder
3308	2022-09-23 09:11:17.700983	RogerStoneDidNothingWrong
3309	2022-09-23 09:11:53.404944	ncpol
3310	2022-09-23 09:11:53.812275	NCGOP
3311	2022-09-23 09:12:19.935496	cryptocurrency
3312	2022-09-23 09:12:20.661714	Blockchain
3313	2022-09-23 09:12:21.130056	NFTbook
3314	2022-09-23 09:16:04.192981	KeepFighting
3315	2022-09-23 09:16:04.678567	cmafest
3316	2022-09-23 09:16:09.586086	StandWithUkraine
3317	2022-09-23 09:41:55.232343	pride
3318	2022-09-23 09:42:13.95402	raw
3319	2022-09-23 11:06:39.128663	EndTheFed
3320	2022-09-23 11:09:34.209468	UltraTruth
3321	2022-09-23 11:10:19.725339	SenTedCruz
3322	2022-09-23 11:10:21.36761	SenTomCotton
3323	2022-09-23 11:10:22.976237	SenJoshHawley
3324	2022-09-23 11:10:24.659094	SenatorBlackburn
3325	2022-09-23 11:10:26.273841	SenMikeLee
3326	2022-09-23 11:10:28.312855	Marquette
3327	2022-09-23 11:10:28.846152	mubb
3328	2022-09-23 11:10:29.882387	NationalMarquetteDay
3329	2022-09-23 11:10:42.381932	Tiki
3330	2022-09-23 11:10:46.537139	PresidentsDayWeekend
3331	2022-09-23 11:10:49.101816	LincolnNetwork
3332	2022-09-23 11:10:49.569057	BreakUpBigTech
3333	2022-09-23 11:10:50.047209	Antitrust
3334	2022-09-23 11:11:04.981113	DistributionByProxy
3335	2022-09-23 12:01:06.480998	GeriatricHitler
3336	2022-09-23 12:01:30.748916	RIPBrianSteltersCareer
3337	2022-09-23 12:01:33.100059	AntiWhite
3338	2022-09-23 12:33:49.072546	BlackPrivilege
3339	2022-09-23 12:41:45.845369	OperationMockingbird
3340	2022-09-23 12:59:15.62993	CNNsucks
3341	2022-09-23 13:36:57.495954	dogsofTruthsocial
3342	2022-09-23 13:50:47.771206	uberjets
3343	2022-09-23 13:50:48.245791	LetsJet
3344	2022-09-23 13:50:57.342823	train
3345	2022-09-23 13:51:21.457675	truths
3346	2022-09-23 13:51:28.966634	TRUTHTRAIN
3347	2022-09-23 13:52:32.075284	pissednation
3348	2022-09-23 13:52:43.87466	CommonSense
3349	2022-09-23 13:54:08.107618	recipe
3350	2022-09-23 13:54:41.985791	goat
3351	2022-09-23 13:54:42.435518	makeamericaflorida
3352	2022-09-23 13:54:42.910155	joebrandon
3353	2022-09-23 13:54:56.808528	truthing
3354	2022-09-23 13:54:57.723324	catturd
3355	2022-09-23 13:55:15.006644	old
3358	2022-09-23 14:04:11.203361	January6thCmteHearing
3359	2022-09-23 14:07:08.901639	SanctionPakistan
3360	2022-09-23 14:07:09.452901	usforeignpolicy
3361	2022-09-23 14:07:09.913627	standwithafghanistan
3362	2022-09-23 14:07:10.418036	bidenfails
3363	2022-09-23 14:07:10.933641	fyp
3364	2022-09-23 14:07:11.391663	foryoupage
3365	2022-09-23 14:07:11.840568	usgovernmentiscorrupt
3366	2022-09-23 14:09:53.404481	AMC
3367	2022-09-23 14:09:53.825006	GME
3368	2022-09-23 14:13:01.503836	FBIwhistleblower
3369	2022-09-23 14:14:02.251958	FreeAssange
3370	2022-09-23 14:14:25.06647	JustTheNews
3371	2022-09-23 14:15:10.316126	AssaultOnPrivacy
4724	2022-09-27 09:13:34.968242	dirtbag
4725	2022-09-27 09:14:30.817258	America2022
4726	2022-09-27 09:14:31.307473	ThanksBrandon
4727	2022-09-27 09:15:35.972294	karma
4728	2022-09-27 09:16:55.006874	CNN
4729	2022-09-27 09:17:49.088503	fridaynightnewsdump
4730	2022-09-27 09:19:57.791317	Hillary
5088	2022-09-27 12:48:25.090873	pix1022
5099	2022-09-27 12:52:10.086205	FreeRide
5194	2022-09-27 17:53:37.528268	CaliforniaPrimary
5195	2022-09-27 17:53:39.158607	VoterID
5196	2022-09-27 17:53:39.587796	voteinperson
5197	2022-09-27 17:53:42.482087	speakertrump
5198	2022-09-27 17:53:43.837262	oldnews
5199	2022-09-27 17:56:18.944442	dosomething
5200	2022-09-27 17:56:23.416226	Governor
5201	2022-09-27 17:56:24.102981	2022primary
5202	2022-09-27 17:56:24.533095	2022Election
5203	2022-09-27 17:56:25.924767	centralvalleycalifornia
5204	2022-09-27 17:57:21.390137	infanticide
5205	2022-09-27 17:57:22.035198	buffywicks
5206	2022-09-27 17:57:24.459937	speakup
5207	2022-09-27 17:57:26.631457	newsource
5208	2022-09-27 17:58:08.825351	help
5209	2022-09-27 17:58:09.297782	billboard
5210	2022-09-27 17:58:09.722724	gotv
5211	2022-09-27 17:58:10.965035	savecalifornia
5212	2022-09-27 17:58:11.387472	californiarepublicans
5213	2022-09-27 17:58:14.485268	snapchat
5214	2022-09-27 17:58:37.614266	britneyspears
5215	2022-09-27 17:58:38.139808	instagram
5216	2022-09-27 17:58:39.511853	advertisements
5217	2022-09-27 17:59:54.191801	SAVECALIFORNIA
5218	2022-09-27 17:59:57.017389	jamesokeefe
5219	2022-09-27 17:59:59.533733	SOTUinCrisis
5220	2022-09-27 18:00:05.331876	kamala
5221	2022-09-27 18:00:08.040483	churches
5222	2022-09-27 18:00:08.723826	conservativevalues
5223	2022-09-27 18:00:10.028451	Lifeoflegacy
5224	2022-09-27 18:00:10.54179	KohenLife
5225	2022-09-27 18:00:11.001956	leadyourfamily
5226	2022-09-27 18:00:13.542657	makeachange
5285	2022-09-27 21:38:45.068732	yourbestisyettocome
5287	2022-09-27 21:38:46.136044	hopefilledhealing
5295	2022-09-27 21:39:10.350965	sleepwell
5299	2022-09-27 21:39:13.878663	justaskalo
5301	2022-09-27 21:39:15.227916	alo
5302	2022-09-27 21:39:15.779622	bettertogether
5321	2022-09-28 03:06:05.185187	loveforhiscountry
5373	2022-09-28 04:34:02.694647	E13
5375	2022-09-28 04:34:37.536574	wehaveitall
5376	2022-09-28 04:34:38.187924	bibical
5380	2022-09-28 04:35:48.008622	SupportTheBlue
5388	2022-09-28 04:37:55.154462	RonWhite
5389	2022-09-28 04:37:55.562189	cantfixstupid
5391	2022-09-28 04:38:16.967682	celebsopinionsmeannothing
5393	2022-09-28 04:38:27.929166	McCarthy
5396	2022-09-28 04:39:28.181521	hunterwillbekillaried
5399	2022-09-28 04:40:22.913534	redwave2022
5402	2022-09-28 04:40:59.218957	cnn
5458	2022-09-28 05:55:56.348152	StoptheSteal
5460	2022-09-28 05:58:42.24455	DraftTrump2022
5461	2022-09-28 06:03:39.441203	roosterAlamo
5498	2022-09-28 07:05:42.927095	ProAbortion
5499	2022-09-28 07:06:32.358412	AL9
5510	2022-09-28 07:24:38.37363	delusional
5511	2022-09-28 07:24:39.302982	NancyPelosi
5513	2022-09-28 07:24:40.685212	BidenPuppet
5514	2022-09-28 07:24:41.115244	Impeach46
5520	2022-09-28 07:25:40.423482	foreverindebted
5522	2022-09-28 07:27:32.039699	letsgocuffthem
5523	2022-09-28 07:28:18.327924	AskMeWhy
5524	2022-09-28 07:28:18.767545	TruthBombs
5530	2022-09-28 07:31:23.345306	rt
5536	2022-09-28 07:33:30.2397	TimRice
5537	2022-09-28 07:33:35.192454	MTOTY
5538	2022-09-28 07:34:10.914108	RWF
5539	2022-09-28 07:38:08.096244	OG2AMAGATRUTH
5546	2022-09-28 07:38:34.594008	Alllivesmatter
5549	2022-09-28 07:43:11.148189	KeepFloridaFree
5550	2022-09-28 07:43:23.445866	wearethenewsnow
5559	2022-09-28 07:50:10.986556	Soon
5560	2022-09-28 07:50:17.424704	globalist
5564	2022-09-28 07:52:01.044294	peacewithGod
5565	2022-09-28 07:52:17.245196	exposethemall
5566	2022-09-28 07:52:18.50639	REPENT
5568	2022-09-28 07:52:33.901108	GOD
5581	2022-09-28 08:01:56.022353	hillaryforprison
5583	2022-09-28 08:01:57.409119	darkMAGA
5595	2022-09-28 08:02:38.377553	thesepeopleareevil
5596	2022-09-28 08:02:38.859574	pedovores
5597	2022-09-28 08:02:39.310976	childsacrificing
5598	2022-09-28 08:02:39.835032	exposingtheevil
5599	2022-09-28 08:02:40.297973	redshoes
5600	2022-09-28 08:02:40.964319	epsteinsisland
5601	2022-09-28 08:02:42.207086	clintonfoundation
5606	2022-09-28 08:02:52.456542	JackMaxey
5609	2022-09-28 08:04:23.592529	CrazyWomen
5621	2022-09-28 08:08:25.601117	veillifted
5622	2022-09-28 08:08:26.032647	spiritualwarfare
5624	2022-09-28 08:08:26.882684	satanisthefatheroflies
5625	2022-09-28 08:09:04.979301	EnemyOfThePeople
5629	2022-09-28 08:13:19.410643	allisplanned
5630	2022-09-28 08:13:19.873643	thegreatreset
5633	2022-09-28 08:13:58.946006	omicron
5634	2022-09-28 08:13:59.382981	pcrtestchangedindecember
5635	2022-09-28 08:14:25.684308	HCQ
5636	2022-09-28 08:14:39.918683	Evergreen
5637	2022-09-28 08:14:40.31089	Evergreenaviation
5638	2022-09-28 08:14:40.751591	mcminnvilleoregon
5639	2022-09-28 08:14:41.422093	oregonchildservices
5640	2022-09-28 08:14:41.865626	humantrafficking
5641	2022-09-28 08:14:42.301072	yamhillcountycourtsystem
5642	2022-09-28 08:14:42.976493	jenniferchapman
5643	2022-09-28 08:14:43.396488	riggedcourts
5644	2022-09-28 08:14:43.833875	childabductions
5645	2022-09-28 08:14:44.285571	sexslavery
5649	2022-09-28 08:15:23.274199	McCain
5651	2022-09-28 08:16:14.284638	LawsOfTheLand
5652	2022-09-28 08:16:14.667664	UniteTheNation
3356	2022-09-23 13:55:31.731372	truthsocialrecipes
3372	2022-09-23 14:24:26.115064	tone
3373	2022-09-23 14:25:09.803137	VetsFirst
3374	2022-09-23 14:25:10.298849	illegalimmigration
3375	2022-09-23 14:25:20.540776	Repost
3376	2022-09-23 14:25:44.234474	PainAtThePump
3377	2022-09-23 14:26:36.168419	SanFrancisco
3378	2022-09-23 14:27:40.402203	MT22
3379	2022-09-23 14:27:50.000659	WalkAway
3380	2022-09-23 14:28:09.31096	Mayorkas
3381	2022-09-23 14:28:09.746404	DHS
3382	2022-09-23 14:28:10.286966	Title
3383	2022-09-23 14:28:14.457972	doublestandards
3384	2022-09-23 14:28:41.452252	Stocks
3385	2022-09-23 14:28:42.460406	WallStreet
3386	2022-09-23 14:28:42.968021	Fraud
3387	2022-09-23 14:28:43.49989	Corruption
3388	2022-09-23 14:28:52.630362	R22
3389	2022-09-23 14:29:40.449536	Pedos
3390	2022-09-23 14:29:40.890084	Pedophiles
3391	2022-09-23 14:30:40.6904	freedomfighter
3392	2022-09-23 14:31:19.957417	FuckJoeBiden
3393	2022-09-23 14:31:30.479632	Soros
3394	2022-09-23 14:31:30.982039	Biolabs
3395	2022-09-23 14:31:31.755048	Left
3396	2022-09-23 14:31:32.501065	GlobalCabal
3397	2022-09-23 14:35:13.255513	FreeJ6
3398	2022-09-23 14:35:15.756516	checkthebankroll
3399	2022-09-23 14:35:21.292596	BeijingBiden
3400	2022-09-23 14:36:25.891299	SOTH
3401	2022-09-23 14:36:30.09171	Truth00008
3402	2022-09-23 14:36:30.539625	sheeple
3403	2022-09-23 14:36:31.730259	Truth00011
3404	2022-09-23 14:36:32.184828	NobelPrize
3405	2022-09-23 14:37:08.928545	TrumpShouldBeGivingSOTU
3406	2022-09-23 14:38:09.18523	ogconductors
3407	2022-09-23 14:38:53.281482	purebloods
3408	2022-09-23 14:39:39.173974	BendOverBiden
3409	2022-09-23 14:39:51.239634	geopolitics
3410	2022-09-23 14:39:59.853085	antimask
4731	2022-09-27 10:25:13.213666	GtheOriginalMemes
4732	2022-09-27 10:25:13.759687	vetsbeforeillegals
4733	2022-09-27 10:25:49.987511	Bidenlies
4734	2022-09-27 10:26:04.816654	BlondiesTrains
4735	2022-09-27 10:26:12.261724	twilightzone
4736	2022-09-27 10:26:12.766034	zombies
4737	2022-09-27 10:26:14.048673	WV5
4738	2022-09-27 10:26:14.759239	cb18
4739	2022-09-27 10:26:15.701009	vaccinedeaths
4740	2022-09-27 10:26:21.240337	FearPorn
4741	2022-09-27 10:26:38.31188	SPB
4742	2022-09-27 10:26:45.145622	AllLivesMatter
4743	2022-09-27 10:26:45.92247	JessicaDotyWhitaker
4744	2022-09-27 10:26:46.372994	BlackLivesMatter
4745	2022-09-27 10:26:56.215623	JohnGalt
4746	2022-09-27 10:26:59.840914	DWACW
4747	2022-09-27 10:27:21.045642	SAVEAMERICA
4748	2022-09-27 10:27:21.507686	GODWINS
4749	2022-09-27 10:27:23.701644	22aday
4750	2022-09-27 10:27:24.116579	Squatch
4751	2022-09-27 10:27:27.494899	Heaven
4752	2022-09-27 10:27:29.004094	Cowboy
4753	2022-09-27 10:27:29.451902	FuckCancer
4754	2022-09-27 10:27:52.61918	TRUMPSTOCK
4755	2022-09-27 10:27:53.664177	DWAC_Stock
4756	2022-09-27 10:27:55.153851	RUMBLE
4757	2022-09-27 10:28:03.350206	blip
4758	2022-09-27 10:28:43.846555	L23
4759	2022-09-27 10:28:46.202523	GetLoudAmerica
4760	2022-09-27 10:28:46.673148	BudDoggin
4761	2022-09-27 10:29:14.51755	TrumpForever
4762	2022-09-27 10:29:15.183818	OksanaTrump
4764	2022-09-27 10:29:16.891812	Raid
4765	2022-09-27 10:29:18.294722	TermLimits
4766	2022-09-27 10:29:19.309108	TimeToTakeOurCountrBack
4774	2022-09-27 10:30:12.007811	Authoritarian
4775	2022-09-27 10:30:12.45514	3rdworld
4777	2022-09-27 10:30:31.657219	WINNING
4779	2022-09-27 10:30:36.764637	OHIW
4784	2022-09-27 10:32:03.644804	WideAwake
4785	2022-09-27 10:32:19.220058	DiscountSid
4787	2022-09-27 10:32:30.245024	WACGunshow
4788	2022-09-27 10:32:30.697556	Puyallup
4790	2022-09-27 10:33:12.995587	WomensBillofRights
4791	2022-09-27 10:33:16.891489	Catamaran
4792	2022-09-27 10:33:17.173901	Wethepeople
4796	2022-09-27 10:33:24.74397	ToddsTruths
4800	2022-09-27 10:33:30.790098	BlondiesTrain63
4802	2022-09-27 10:33:31.244399	Blondies
4805	2022-09-27 10:33:32.238013	TheMemeQueen
4806	2022-09-27 10:33:42.278389	UltraMagaProud
4807	2022-09-27 10:33:54.394405	Hobbitses
4810	2022-09-27 10:34:08.218565	pixeetrain
4811	2022-09-27 10:34:08.949637	pixee
4814	2022-09-27 10:34:51.022818	TRG
4815	2022-09-27 10:34:51.740681	TMRG107
4816	2022-09-27 10:34:52.19693	RoseTruths
4817	2022-09-27 10:34:55.83617	KashKrew
4818	2022-09-27 10:34:57.043122	Anon
4819	2022-09-27 10:34:57.53202	TopSecret
4820	2022-09-27 10:35:20.606561	Tyrannical
4821	2022-09-27 10:35:21.064912	GottaGo
4823	2022-09-27 10:35:37.535047	BUYDWAC
4825	2022-09-27 10:35:42.821268	BuyMoreDWAC
4829	2022-09-27 10:35:53.6643	FOLLOWME
4830	2022-09-27 10:35:54.108544	riggedelection
4832	2022-09-27 10:35:55.08187	treasonkills
4834	2022-09-27 10:35:56.779788	loop
4835	2022-09-27 10:35:57.194699	tweekstrains
4840	2022-09-27 10:37:47.340582	usarmy
4841	2022-09-27 10:37:47.793948	trumpthruths
4842	2022-09-27 10:37:54.92469	WenatcheeValleySuperOval
4846	2022-09-27 10:38:42.069026	FIGHT
4847	2022-09-27 10:38:42.791374	MAFGA
4851	2022-09-27 10:39:20.820133	Seq
4852	2022-09-27 10:39:31.343076	J9
4853	2022-09-27 10:39:38.752212	TellTheTruth
4854	2022-09-27 10:39:39.189665	blmsucks
4855	2022-09-27 10:39:47.940542	TRUTHoverTWEETS
4858	2022-09-27 10:40:40.011039	Dwac
4859	2022-09-27 10:40:47.281369	StockMarket
4862	2022-09-27 10:41:01.188693	BuyDWAC
4863	2022-09-27 10:41:02.164751	TRUTHoverTweets
4864	2022-09-27 10:41:58.814771	Treatment
4865	2022-09-27 10:42:01.967093	KanagrooCourt
4866	2022-09-27 10:42:03.484406	Liberalism
4867	2022-09-27 10:42:03.926199	ICarry
4869	2022-09-27 10:42:38.353896	LGTrains
4870	2022-09-27 10:42:38.836427	tt45
4871	2022-09-27 10:43:21.013004	X87
4872	2022-09-27 10:43:23.328029	armalite
4873	2022-09-27 10:43:24.345937	2a4life
4876	2022-09-27 10:43:32.146025	AdverseEvents
4877	2022-09-27 10:43:32.608105	PureBlood
4878	2022-09-27 10:43:33.053001	DoNotComply
4879	2022-09-27 10:43:33.50409	ExperimentalGeneTherapy
4881	2022-09-27 10:44:07.660649	BahamasArchipelago
4882	2022-09-27 10:44:51.841482	WeOwnTheFloat
4883	2022-09-27 10:44:56.637328	stockmarket
4884	2022-09-27 10:44:58.41842	BossTrain
3357	2022-09-23 13:55:55.003945	walkaway
3411	2022-09-23 14:41:16.867647	FakeScience
3412	2022-09-23 14:41:17.33405	Unmask
3413	2022-09-23 14:41:17.882904	UnmaskingCovid
3414	2022-09-23 14:41:18.381469	Scam
3415	2022-09-23 14:41:18.877816	Convid
3416	2022-09-23 14:41:19.66259	BandannasArentScience
3417	2022-09-23 14:41:23.107485	ArrestGates
3418	2022-09-23 14:41:52.16497	TRUMPWON
3419	2022-09-23 14:42:26.899819	StandDown
3420	2022-09-23 14:42:28.148275	StandWithUs
3421	2022-09-23 14:42:30.062404	Truckers
3422	2022-09-23 14:42:31.910624	FollowTheConstitution
3423	2022-09-23 14:42:32.648963	EnemiesForeignAndDomestic
3424	2022-09-23 14:43:52.773464	killary
3425	2022-09-23 14:43:55.634809	weseeyou
3426	2022-09-23 14:43:58.195835	2ndAmendment
3427	2022-09-23 14:44:05.307955	ILT
3428	2022-09-23 14:44:32.955504	SombreroReef
3429	2022-09-23 14:44:33.417487	FloridaKeys
3430	2022-09-23 14:44:33.928447	Scuba
3431	2022-09-23 15:00:20.35801	Liverpool
3432	2022-09-23 15:02:26.91479	CollegeFootball
3433	2022-09-23 15:02:27.392848	AutzenStadium
3434	2022-09-23 15:02:27.948168	GoDucks
3435	2022-09-23 15:16:36.179786	ESG
3436	2022-09-23 15:16:55.07738	BigTech
3437	2022-09-23 15:16:59.175443	IgorDanchenko
3438	2022-09-23 15:17:02.194556	genocide
3439	2022-09-23 15:17:14.558425	Danchenko
3440	2022-09-23 15:17:15.339068	Steeledossier
3441	2022-09-23 15:17:19.910522	Stalin
3442	2022-09-23 15:17:20.702264	massformation
3443	2022-09-23 15:17:21.193098	Totalitarianism
3444	2022-09-23 15:17:26.779973	ATLQuickHit
3445	2022-09-23 15:17:27.30379	NatCon3
3446	2022-09-23 15:17:29.251215	Minnesota
3447	2022-09-23 15:17:29.721526	NurseStrike
3448	2022-09-23 15:17:35.245044	FOIA
3449	2022-09-23 15:17:51.973024	Kash
3450	2022-09-23 15:17:54.987717	Russiagate
3451	2022-09-23 15:18:32.170817	MarkZuckerberg
3452	2022-09-23 15:18:32.674141	HunterBidensLaptop
3453	2022-09-23 15:18:38.45883	HumanRights
3454	2022-09-23 15:18:49.653268	NFL
3455	2022-09-23 15:18:50.093177	AaronRodgers
3456	2022-09-23 15:18:54.243429	TuttleTwins
3457	2022-09-23 15:18:59.200496	Communist
3458	2022-09-23 15:19:28.589454	Revolution
3459	2022-09-23 15:19:32.136779	WaPo
3460	2022-09-23 15:19:39.944287	Moderna
3461	2022-09-23 15:19:40.994485	JudicialWatch
3462	2022-09-23 15:19:57.607686	CDC
3463	2022-09-23 15:19:59.849673	WEF
3464	2022-09-23 15:20:05.416538	TheCoronation
3465	2022-09-23 15:20:06.16795	Safety
3466	2022-09-23 15:20:10.946998	Watergate
3467	2022-09-23 15:20:12.24504	NationalArchives
3468	2022-09-23 15:20:12.925981	declassification
3469	2022-09-23 15:20:18.526624	groupthink
3470	2022-09-23 15:20:37.133621	overreach
3471	2022-09-23 15:20:38.135312	Epidemiology
3472	2022-09-23 15:20:48.695648	freespeech
3473	2022-09-23 15:20:50.395822	HongKong
3474	2022-09-23 15:20:55.868839	unions
3475	2022-09-23 15:20:56.909464	schoolchoice
3476	2022-09-23 15:21:10.747643	Taiwan
3477	2022-09-23 15:21:19.282516	Vaccine
3478	2022-09-23 15:21:22.283883	Bowser
3479	2022-09-23 15:21:23.01884	CapitolPolice
3480	2022-09-23 15:21:30.564442	TurningPointUSA
3481	2022-09-23 15:21:32.080635	Grooming
3482	2022-09-23 15:21:32.88159	trafficking
3483	2022-09-23 15:21:50.266361	Borg
3484	2022-09-23 15:21:50.776288	rights
3485	2022-09-23 15:21:52.121041	23andMe
3486	2022-09-23 15:21:57.916322	Starlink
3487	2022-09-23 15:22:03.879998	CrimesAgainstHumanity
3488	2022-09-23 15:22:12.412071	DISCLOSEAct
3489	2022-09-23 15:22:13.49546	debate
3490	2022-09-23 15:22:26.513078	Mandates
3491	2022-09-23 15:22:26.97429	Authoritarianism
3492	2022-09-23 15:22:28.645843	NIH
3493	2022-09-23 15:22:29.337269	ChristineGrady
3494	2022-09-23 15:22:29.801216	AnthonyFauci
3495	2022-09-23 15:22:34.089176	tyranny
3496	2022-09-23 15:22:34.656102	HarveyRisch
3497	2022-09-23 15:22:42.878937	DEI
3498	2022-09-23 15:22:49.4898	MarkMilley
3499	2022-09-23 15:22:52.546742	naturalimmunity
3500	2022-09-23 15:23:01.48429	Nashville
3501	2022-09-23 15:23:02.043946	Tennessee
3502	2022-09-23 15:23:02.544859	Republican
3503	2022-09-23 15:23:11.296677	communism
3504	2022-09-23 15:23:17.832685	holodomor
3505	2022-09-23 15:23:26.718824	Communism
3506	2022-09-23 15:23:42.251928	AlexBerenson
3507	2022-09-23 15:23:57.382211	EPA
3508	2022-09-23 15:23:57.872904	FederalReserve
3509	2022-09-23 15:24:03.928668	crisis
3510	2022-09-23 15:24:09.23356	Beijing
3511	2022-09-23 15:24:09.701869	Apple
3512	2022-09-23 15:24:10.191291	Google
3513	2022-09-23 15:24:11.033094	TikTok
3514	2022-09-23 15:24:23.162342	CanadaDay
3515	2022-09-23 15:24:28.731302	ReligiousFreedom
3516	2022-09-23 15:24:29.525874	IRFSummit2022
3517	2022-09-23 15:24:33.261396	Covid
3518	2022-09-23 15:24:33.748096	Covid19
3519	2022-09-23 15:24:51.503504	ClarenceThomas
3520	2022-09-23 15:24:53.575073	wokeness
3521	2022-09-23 15:24:57.633876	civilrights
3522	2022-09-23 15:25:17.443103	pathogen
3523	2022-09-23 15:25:31.859928	ideology
3524	2022-09-23 15:25:45.568724	Kudos
3525	2022-09-23 15:25:48.659562	narrative
3526	2022-09-23 15:25:49.202836	hypnotized
3527	2022-09-23 15:25:49.990424	pandemic
3528	2022-09-23 15:25:52.343827	Homeschool
3529	2022-09-23 15:25:57.285042	Harvard
3530	2022-09-23 15:25:57.78387	Evergrande
3531	2022-09-23 15:26:04.918121	Holocaust
3532	2022-09-23 15:26:25.694482	Capitol
3533	2022-09-23 15:26:33.48449	AshliBabbitt
3534	2022-09-23 15:26:42.090988	PeterNavarro
3535	2022-09-23 15:26:46.551948	History
3536	2022-09-23 15:26:47.015922	WildWest
3537	2022-09-23 15:26:47.512063	Outlaws
3538	2022-09-23 15:26:48.016187	Mood
3539	2022-09-23 15:26:48.764893	BangBang
3540	2022-09-23 15:27:08.513224	holocaust
3541	2022-09-23 15:27:32.369406	Sussmann
3542	2022-09-23 15:27:39.039522	TiananmenSquareMassacre
3543	2022-09-23 15:27:54.908827	sussmanntrial
3544	2022-09-23 15:28:03.572667	lockdown
3545	2022-09-23 15:28:29.170696	Socialism
3546	2022-09-23 15:28:31.498376	PandemicTreaty
3547	2022-09-23 15:28:31.988836	IHR
3548	2022-09-23 15:28:51.052966	DougDucey
3549	2022-09-23 15:28:54.483025	lockdowns
3550	2022-09-23 15:29:09.713815	sovereignty
3551	2022-09-23 15:29:10.520044	Pandemic
3552	2022-09-23 15:29:15.193111	AlfaBank
3553	2022-09-23 15:29:34.125299	Elongate
3554	2022-09-23 15:29:35.639901	ELONGATE
3555	2022-09-23 15:29:51.134635	NunesMemo
3556	2022-09-23 15:30:04.672797	Disinformation
3557	2022-09-23 15:30:05.417127	MinistryOfTruth
3558	2022-09-23 15:30:13.113045	Border
3559	2022-09-23 15:30:25.122654	sussmantrial
3560	2022-09-23 15:30:28.183932	MarcElias
3561	2022-09-23 15:30:38.058177	NYTimes
3562	2022-09-23 15:30:38.533088	EricLichtblau
3563	2022-09-23 15:30:41.348798	SciEnCe
3564	2022-09-23 15:30:41.963503	ClownWorld
3565	2022-09-23 15:30:46.520254	ProjectVeritas
3566	2022-09-23 15:30:47.013556	JamesOKeefe
3567	2022-09-23 15:30:51.471635	LunarEclipse
3568	2022-09-23 15:31:18.286732	ZeroCovid
3569	2022-09-23 15:31:31.786457	infographic
3570	2022-09-23 15:32:10.096596	gender
3571	2022-09-23 15:32:34.367239	disinformation
3572	2022-09-23 15:32:42.277295	communist
3573	2022-09-23 16:03:14.022725	strong
3574	2022-09-23 16:13:34.57697	ExposeFauci
3575	2022-09-23 16:13:35.010627	FireFauci
3576	2022-09-23 16:19:27.611562	IStandWithAmberHeard
3577	2022-09-23 16:30:45.03228	bidensamerica
3578	2022-09-23 16:43:30.629835	JusticeForHalyna
3579	2022-09-23 16:43:40.298168	Ranger787
3580	2022-09-23 16:43:51.380706	Burisma
3581	2022-09-23 16:43:51.875442	RedHanded
3582	2022-09-23 16:43:59.685668	convoy
3583	2022-09-23 16:44:01.559299	social
3584	2022-09-23 16:44:02.22136	lebron
3585	2022-09-23 16:44:02.958765	pro
3586	2022-09-23 16:44:15.045776	Venezuela
3587	2022-09-23 16:44:47.453451	Savage
3588	2022-09-23 16:54:39.730527	killtrac
3589	2022-09-23 17:38:28.398599	Transgender
3590	2022-09-23 17:38:28.898233	groomers
3591	2022-09-23 17:38:29.351736	Teachers
3592	2022-09-23 17:39:01.941278	fathersday
3593	2022-09-23 17:39:35.18506	PAMarchForLife
3594	2022-09-23 17:39:35.870094	whywemarch
3595	2022-09-23 17:39:42.225911	Unborn
3596	2022-09-23 17:39:45.673607	laborday
3597	2022-09-23 17:40:05.584494	Catholic
3598	2022-09-23 17:40:16.701591	unborn
3599	2022-09-23 17:40:19.421603	fineart
3600	2022-09-23 17:40:19.941721	daddy
3601	2022-09-23 17:40:25.230964	Prolife
3602	2022-09-23 17:41:18.970935	UnBorn
3603	2022-09-23 17:41:30.608707	supremecourtleak
3604	2022-09-23 17:41:34.236331	elections
3605	2022-09-23 17:41:43.333032	FreedomOfSpeech
3606	2022-09-23 17:41:53.857203	shihtzu
3607	2022-09-23 17:42:30.082575	Christ
3608	2022-09-23 17:42:52.806107	HolyWeek
3609	2022-09-23 17:43:47.013407	EWTN
3610	2022-09-23 17:44:31.064637	StateOfTheUnion
3611	2022-09-23 17:45:00.029956	Mom
3612	2022-09-23 17:49:48.09016	Orban
3613	2022-09-23 18:04:57.462896	cops
3614	2022-09-23 18:04:58.212251	comeback
3615	2022-09-23 18:05:09.827389	firstrespondermentalhealth
3616	2022-09-23 18:05:10.287115	suicideprevention
3617	2022-09-23 18:05:10.73215	dispatchers
3618	2022-09-23 18:05:11.503743	firstresponders
3619	2022-09-23 18:05:11.965989	mentalhealth
3620	2022-09-23 18:05:13.483693	honesty
3621	2022-09-23 18:05:15.987028	ptsi
3622	2022-09-23 18:05:16.503425	PTSD
3623	2022-09-23 18:05:17.163313	1stresponder
3624	2022-09-23 18:05:23.60731	reels
3625	2022-09-23 18:05:24.116743	handouts
3626	2022-09-23 18:05:24.564333	nothinggoodisfree
3627	2022-09-23 18:05:42.059003	mediabias
3628	2022-09-23 18:05:48.665434	copsoftruthsocial
3629	2022-09-23 18:05:50.62839	algore
3630	2022-09-23 18:05:51.368808	numbertwo
3631	2022-09-23 18:05:56.262907	uvalde
3632	2022-09-23 18:06:02.435259	policechief
3633	2022-09-23 18:06:07.433606	unity
3634	2022-09-23 18:06:08.125815	policementalhealth
3635	2022-09-23 18:06:09.256768	educational
3636	2022-09-23 18:06:12.506667	goldenrule
3637	2022-09-23 18:06:15.225886	socialmediatoughguys
3638	2022-09-23 18:06:17.58932	copsofinstagram
3639	2022-09-23 18:06:18.546741	advocate
3640	2022-09-23 18:06:18.990796	educate
3641	2022-09-23 18:06:20.837343	dispatcher
3642	2022-09-23 18:06:45.257905	911dispatchers
3643	2022-09-23 18:06:47.00035	activeshooter
3644	2022-09-23 18:06:47.488053	facebookreels
3645	2022-09-23 18:06:53.091843	UvaldePolice
3646	2022-09-23 18:07:17.592264	copsofinstagr
3647	2022-09-23 18:07:37.49653	misinfromation
3648	2022-09-23 18:07:43.644424	firstreposnders
3649	2022-09-23 18:07:44.259866	thinblueline
3650	2022-09-23 18:07:45.179469	trauma
3651	2022-09-23 18:07:45.773691	suicideawareness
3652	2022-09-23 18:07:48.607164	teachers
3653	2022-09-23 18:07:55.027028	jussie2
3654	2022-09-23 18:07:55.701232	drew_breasy
3655	2022-09-23 18:07:57.917471	Dispatchers
3656	2022-09-23 18:07:58.976272	thinyellowline
3657	2022-09-23 18:08:46.327348	firstresponder
3658	2022-09-23 18:08:49.673396	gobolts
3659	2022-09-23 18:08:54.262609	32pct
3660	2022-09-23 18:08:54.741532	heroes
3661	2022-09-23 18:09:08.267426	lawenfocement
3662	2022-09-23 18:09:11.584956	waterboring
3663	2022-09-23 18:09:13.883033	actualtruth
3664	2022-09-23 18:09:30.331264	mentalhealthawareness
3665	2022-09-23 18:09:35.512014	goats
3666	2022-09-23 18:09:38.802434	sundaeschool
3667	2022-09-23 18:09:41.274318	charmin
3668	2022-09-23 18:10:03.006733	dipatchers
3669	2022-09-23 18:10:08.499648	objectivity
3670	2022-09-23 18:10:08.94061	integrity
3671	2022-09-23 18:10:18.96535	copsontruthsocial
3672	2022-09-23 18:10:21.363682	boomhauer
3673	2022-09-23 18:21:16.791492	ed
3674	2022-09-23 18:32:41.441291	chicago
3675	2022-09-23 18:33:42.094888	joe
3676	2022-09-23 18:33:42.601577	is
3677	2022-09-23 18:33:43.089815	a
3678	2022-09-23 18:33:43.579241	national
3679	2022-09-23 18:33:44.069671	disgrace
3680	2022-09-23 18:36:07.015543	bring
3681	2022-09-23 18:36:07.5364	back
3682	2022-09-23 18:36:08.066243	the
3683	2022-09-23 18:36:08.508506	mean
3684	2022-09-23 18:36:08.974169	tweets
3685	2022-09-23 18:36:09.432548	now
3686	2022-09-23 18:36:43.819059	mothersday
3687	2022-09-23 18:36:58.639881	choose
3688	2022-09-23 18:36:59.978274	one
3689	2022-09-23 18:37:00.455796	another
3690	2022-09-23 18:39:26.140705	no
3691	2022-09-25 20:50:17.865271	StudentActionSummit
3692	2022-09-25 20:50:36.699558	WheresFauci
3693	2022-09-25 20:59:27.767193	DisneyWorld
3694	2022-09-25 21:06:40.495224	superbowlshuffle
3695	2022-09-25 21:06:42.882604	newyorktimes
3696	2022-09-25 21:06:57.64921	flywithyourfaceout
3697	2022-09-25 21:07:16.243734	carsnotcomputers
3698	2022-09-25 21:07:17.602167	bears
3699	2022-09-25 21:07:18.061155	butmcmahon
3700	2022-09-25 21:07:25.126721	justbeef
3701	2022-09-25 21:07:33.28484	elon
3702	2022-09-25 21:07:33.980151	interwebsinspace
3703	2022-09-25 21:07:39.107436	rightforge
3704	2022-09-25 23:57:28.821219	ItsTimeTakeOurCountryBack
3705	2022-09-26 00:04:20.314798	NuclearMAGA
3706	2022-09-26 00:04:41.975513	CHECKMATE
3707	2022-09-26 00:08:31.376344	Trumpgas
3708	2022-09-26 00:09:13.539544	Mazurik
3709	2022-09-26 00:09:14.236295	P4E
3710	2022-09-26 00:09:39.359908	CouyGriffin
3711	2022-09-26 00:09:44.298656	StandupAmerica
3712	2022-09-26 00:09:44.679622	thenewright
3713	2022-09-26 00:09:45.106808	rsbn
3714	2022-09-26 00:09:45.558927	karilake
3715	2022-09-26 00:09:58.283421	ItStartsWithYou
3716	2022-09-26 00:10:00.571937	OteroCounty
3717	2022-09-26 00:11:37.325686	Vote
3718	2022-09-26 00:11:37.716907	Primary
3719	2022-09-26 00:11:38.175363	June28
3720	2022-09-26 00:11:43.157104	illinois
3721	2022-09-26 00:11:43.547443	darrenbailey
3722	2022-09-26 00:12:27.574917	ArizonaFirst
3723	2022-09-26 00:12:28.783381	takebackamerica
3724	2022-09-26 00:12:31.025839	scottsdale
3725	2022-09-26 00:12:31.461091	carefree
3726	2022-09-26 00:12:31.880688	cavecreek
3727	2022-09-26 00:12:32.318815	phoenix
3728	2022-09-26 00:12:33.001303	Karizona
3729	2022-09-26 00:12:33.433991	takebackarizona
3730	2022-09-26 00:13:21.617454	prayerworks
3731	2022-09-26 00:15:24.150831	ThePowerOfKnowing
3732	2022-09-26 00:19:05.547326	QuincyFreedomFest
3733	2022-09-26 00:21:14.485624	Bloodmoon
3734	2022-09-26 00:21:54.772872	fact
3735	2022-09-26 00:23:33.483127	NCSWIC
3736	2022-09-26 00:23:33.938001	Justice
3737	2022-09-26 00:23:58.777018	bloodmoon
3738	2022-09-26 00:24:43.447232	sourdoughbread
3739	2022-09-26 00:33:07.579063	ohio
3740	2022-09-26 00:40:26.106561	PHOTOGRAPHY
3741	2022-09-26 00:51:40.437624	PRECIOUSSOUL
3742	2022-09-26 00:51:43.981726	KEEPYOUREYESONTHELORD
3743	2022-09-26 01:01:56.338898	NonPolitical
3744	2022-09-26 01:03:14.652794	devolution
3745	2022-09-26 01:03:35.077808	adonai
3746	2022-09-26 01:04:43.513536	digitalwarriors
3747	2022-09-26 01:08:29.064838	NH603
3748	2022-09-26 01:08:29.458333	Selectman
3749	2022-09-26 01:27:13.418743	PrayAboutEverything
3750	2022-09-26 01:28:04.560261	Peeps
3751	2022-09-26 01:31:15.843606	q
3752	2022-09-26 01:31:16.278499	we
3753	2022-09-26 01:31:16.968255	are
3754	2022-09-26 01:34:52.46599	FreedomFirst
3755	2022-09-26 01:34:53.372559	WeSpeakLoudly
3756	2022-09-26 01:35:43.705602	have
3757	2022-09-26 01:35:44.150146	more
3758	2022-09-26 01:35:44.583852	power
3759	2022-09-26 01:35:45.018848	than
3760	2022-09-26 01:35:45.462198	elites
3761	2022-09-26 01:35:45.979649	if
3762	2022-09-26 01:35:46.399198	stand
3763	2022-09-26 01:35:46.895038	together
3764	2022-09-26 01:38:12.852996	KidLoveProductions
3765	2022-09-26 01:38:13.251878	WWGWGA
3766	2022-09-26 01:39:43.723401	AllTwoTuesday
3767	2022-09-26 02:23:35.031038	BorderCrisis
3768	2022-09-26 02:23:36.948173	TheSaraCarterShow
3769	2022-09-26 02:23:46.940877	LATEST
3770	2022-09-26 02:24:00.42868	Watch
3771	2022-09-26 02:24:11.005979	Breaking
3772	2022-09-26 02:24:23.326951	Hannity
3773	2022-09-26 02:24:57.311025	SituationAFU
3774	2022-09-26 02:25:15.090699	SheDidIt
3775	2022-09-26 02:26:09.093851	Fentanyl
3776	2022-09-26 02:26:54.033535	Orlando
3777	2022-09-26 02:27:24.048574	DurhamReport
3778	2022-09-26 02:31:46.182999	LondonBridgeIsDown
3779	2022-09-26 02:31:52.382286	Habeck
3780	2022-09-26 02:32:47.990519	OperationRed
3781	2022-09-26 02:32:53.765322	RealAmerica
3782	2022-09-26 02:33:01.373994	BidenGasHike
3783	2022-09-26 02:33:03.135851	LeadRight
3784	2022-09-26 02:33:52.112127	GunsOfTruth
3785	2022-09-26 02:33:53.277907	assaultweaponsban
3786	2022-09-26 02:33:53.616045	Xiaomi
3787	2022-09-26 02:33:54.106831	CyberOne
3788	2022-09-26 02:34:00.768308	Staccato
3789	2022-09-26 02:34:01.68925	gunrights
3790	2022-09-26 02:34:04.753667	9mm
3791	2022-09-26 02:34:10.68035	hurricaneseason
3792	2022-09-26 02:34:11.262874	hurricane
3793	2022-09-26 02:34:11.868899	evacuation
3794	2022-09-26 02:34:12.663733	gunsonguns
3795	2022-09-26 02:34:13.351961	donttrythisathome
3796	2022-09-26 02:34:14.018397	planahead
3797	2022-09-26 02:34:14.839824	pewpewdaily
3798	2022-09-26 02:34:24.885489	ar15
3799	2022-09-26 02:34:25.421867	ar
3800	2022-09-26 02:34:25.894726	m4
3801	2022-09-26 02:34:27.381785	SecondAmendment
3802	2022-09-26 02:34:28.333591	Bagdad
3803	2022-09-26 02:34:28.461141	gunsdaily
3804	2022-09-26 02:34:29.436646	pewpew
3805	2022-09-26 02:34:29.869131	PewPewDaily
3806	2022-09-26 02:34:32.54615	vortexoptics
3807	2022-09-26 02:34:33.07004	vortex
3808	2022-09-26 02:34:33.869232	lpvo
3809	2022-09-26 02:34:34.634982	gunsoftruth
3810	2022-09-26 02:34:43.20917	roscomfg
3811	2022-09-26 02:34:43.711782	sagedynamics
3812	2022-09-26 02:34:44.710239	arbuild
3813	2022-09-26 02:34:50.437276	getoutside
3814	2022-09-26 02:34:50.865891	getoffyourphone
3815	2022-09-26 02:34:51.360649	captinamerica
3816	2022-09-26 02:34:51.988329	cookout
3817	2022-09-26 02:34:54.546167	TexasPlinking
3818	2022-09-26 02:35:07.314281	russian
3819	2022-09-26 02:35:14.366798	suppressed
3820	2022-09-26 02:35:16.221934	suppressednation
3821	2022-09-26 02:35:17.037626	nfa
3822	2022-09-26 02:35:17.571885	atf
3823	2022-09-26 02:35:32.107768	camopaint
3824	2022-09-26 02:35:32.635334	spraypaintyoguns
3825	2022-09-26 02:35:33.085851	paintyourguns
3826	2022-09-26 02:35:33.552016	blackgunsstandout
3827	2022-09-26 02:35:34.230785	heretoblendin
3828	2022-09-26 02:35:34.695667	SpringfieldArmory
3829	2022-09-26 02:35:35.603648	Hellion
3830	2022-09-26 02:35:36.128796	Rifle
3837	2022-09-26 02:35:46.615359	sigrattler
3838	2022-09-26 02:35:47.327486	flux
3839	2022-09-26 02:35:47.805587	fluxdefense
3840	2022-09-26 02:35:48.544839	backpackgun
3841	2022-09-26 02:35:49.491839	PDW
3849	2022-09-26 02:35:55.399898	GunsOfInstagram
3851	2022-09-26 02:35:58.369805	LifeCard
3852	2022-09-26 02:35:58.923773	221r
3853	2022-09-26 02:36:04.339905	Hellcat
3857	2022-09-26 02:36:21.381873	SilencerCo
4763	2022-09-27 10:29:15.639621	DT16
4767	2022-09-27 10:29:22.697833	Censorship
4768	2022-09-27 10:29:23.160032	studentloans
4769	2022-09-27 10:29:27.155823	Ranger787Truth
4770	2022-09-27 10:29:27.907512	UMTOO
4771	2022-09-27 10:29:39.114649	UsefulIdiots
4772	2022-09-27 10:29:40.610696	JustthefactsAn
4773	2022-09-27 10:29:51.638861	GB45
4776	2022-09-27 10:30:30.64011	CheatersNeverWin
4778	2022-09-27 10:30:31.731494	UT6
4780	2022-09-27 10:30:58.197228	UsefulIdiot
4781	2022-09-27 10:31:10.816114	Fucktardistan
4782	2022-09-27 10:31:37.591629	DumbTS7500CapRule
4783	2022-09-27 10:31:45.235194	PNW
4786	2022-09-27 10:32:22.086854	D22Fox
4789	2022-09-27 10:33:06.658884	BidenFamilyCorruption
4793	2022-09-27 10:33:18.427217	ultramaga
4794	2022-09-27 10:33:20.960219	DTOO
4795	2022-09-27 10:33:23.441981	CassidyHutchison
4797	2022-09-27 10:33:25.436285	trg
4798	2022-09-27 10:33:29.452909	falseflag
4799	2022-09-27 10:33:29.966576	Treason
4801	2022-09-27 10:33:30.911039	memewars
4803	2022-09-27 10:33:31.34292	InformationWarfare
4804	2022-09-27 10:33:31.789119	MemesReady
4808	2022-09-27 10:34:07.000086	pix519
4809	2022-09-27 10:34:07.499012	pix
4812	2022-09-27 10:34:13.318581	P62
4813	2022-09-27 10:34:50.478307	TheMAGARoseGarden
4822	2022-09-27 10:35:36.76113	MAGAULTRA
4824	2022-09-27 10:35:38.265416	TrumpMediaTechnologyGroup
4826	2022-09-27 10:35:44.19774	B0SSTRAIN
4827	2022-09-27 10:35:53.212468	stolenelection
4828	2022-09-27 10:35:53.659783	LiveABoard
4831	2022-09-27 10:35:54.113924	Sailor
4833	2022-09-27 10:35:56.311439	atlanta
4836	2022-09-27 10:35:57.498563	D
4837	2022-09-27 10:35:58.220688	A
4838	2022-09-27 10:36:07.929912	AgentApproved
4839	2022-09-27 10:36:08.433867	AgentsPatriots
4843	2022-09-27 10:37:55.647731	Racing
4844	2022-09-27 10:37:56.975681	nomandates
4845	2022-09-27 10:37:58.850654	RemoveThe7500Limit
4848	2022-09-27 10:38:44.002	Trump4America
4849	2022-09-27 10:38:53.69194	KimPKAG
4850	2022-09-27 10:39:01.185167	TG
4856	2022-09-27 10:40:23.067868	NannyMcTrumpTrain
4857	2022-09-27 10:40:33.892807	dwac_stock
4860	2022-09-27 10:40:56.071865	s23
4861	2022-09-27 10:40:56.545867	Dixi
4868	2022-09-27 10:42:04.702376	Fearless45
4874	2022-09-27 10:43:30.820833	Death
4875	2022-09-27 10:43:31.409949	USMilitary
4880	2022-09-27 10:43:41.021874	Speedy13
5089	2022-09-27 12:48:25.868491	pixeepost
5096	2022-09-27 12:51:26.48701	BlondiesTrain27
5227	2022-09-27 18:22:15.923554	asonslove
5228	2022-09-27 18:22:16.454251	QueenElizabethII
5229	2022-09-27 18:22:17.310982	KingCharlesIII
5230	2022-09-27 18:22:24.125833	proudamerican
5231	2022-09-27 18:22:24.637234	FlyTheFlag
5232	2022-09-27 18:22:33.951399	pridemonth
5233	2022-09-27 18:22:34.476899	LGBTQIA
5234	2022-09-27 18:22:35.190442	CountMeOut
5235	2022-09-27 18:22:36.917716	flowersoftruth
5236	2022-09-27 18:22:38.623414	dragonfly
5237	2022-09-27 18:22:44.762469	leftists
5238	2022-09-27 18:22:46.649303	OverturnRoevWade
5239	2022-09-27 18:22:47.304023	Abortionisnothealthcare
5240	2022-09-27 18:22:47.759237	StatesRights
5241	2022-09-27 18:22:48.279032	mencantgetpregnant
5242	2022-09-27 18:24:54.454606	catsoftruth
5243	2022-09-27 18:24:54.880853	orangetabby
5244	2022-09-27 18:25:00.460606	dystopian
5245	2022-09-27 18:25:04.686831	resisttheleftistnarrative
5246	2022-09-27 18:25:07.40004	hubspitching
5247	2022-09-27 18:25:09.173269	springtime
5248	2022-09-27 18:25:09.632417	irises
5249	2022-09-27 18:25:12.86395	doyourjob
5250	2022-09-27 18:25:15.383296	stoptheride
5251	2022-09-27 18:25:15.780509	iwannagetoff
5252	2022-09-27 18:25:16.794002	stacking
5253	2022-09-27 18:25:17.955828	hollywoodlogic
5254	2022-09-27 18:25:31.186184	puzzlepiecesfallintoplace
5255	2022-09-27 18:25:31.706198	warwithrussia
5256	2022-09-27 18:25:32.142854	usnotukraine
5286	2022-09-27 21:38:45.683857	aloappleton
5289	2022-09-27 21:38:47.014164	balance
5290	2022-09-27 21:38:47.439696	naturalhealing
5291	2022-09-27 21:38:47.890219	supportnormal
5304	2022-09-27 21:39:16.643236	nourish
5305	2022-09-27 21:39:17.094277	strengthen
5306	2022-09-27 21:39:17.513311	sustain
5313	2022-09-27 21:40:45.113776	scienceforreal
5322	2022-09-28 03:11:56.200668	bidenhastogo
5404	2022-09-28 04:41:47.683431	FDNC
5405	2022-09-28 04:42:01.056271	dontsaygay
5407	2022-09-28 04:43:38.209109	HB1084
5408	2022-09-28 04:44:07.592106	rant
5409	2022-09-28 04:44:21.705738	Boomer
5412	2022-09-28 04:44:55.817388	jfkjr
5413	2022-09-28 04:44:56.504064	AskNotWhatYouCanDoForYourCountry
5415	2022-09-28 04:44:57.370773	ExposeThePlot
5416	2022-09-28 04:45:26.202661	lovelife
5418	2022-09-28 04:45:45.018264	Patriots4ever
5419	2022-09-28 04:45:49.220033	JudgeJackson
5420	2022-09-28 04:45:49.619935	KBJConfirmation
5422	2022-09-28 04:47:13.727994	PoliticalPrisoners
5424	2022-09-28 04:47:36.067399	missing
5425	2022-09-28 04:50:09.710501	ReTRUTH
5426	2022-09-28 04:53:58.247722	bigpharmasucks
5427	2022-09-28 04:54:25.902933	Truthbombs
5428	2022-09-28 04:55:12.90557	Boystown
5429	2022-09-28 04:55:30.65907	TruthTuesday
5430	2022-09-28 04:55:55.481236	LIGHTERSIDE
5431	2022-09-28 04:56:54.236225	voters
5432	2022-09-28 04:56:54.676058	jury
5433	2022-09-28 04:56:55.159301	duty
5434	2022-09-28 04:56:55.636964	citizenship
5435	2022-09-28 04:56:56.105517	buildbackbetter
5436	2022-09-28 04:56:56.54935	buildbackbroke
5437	2022-09-28 04:56:57.49484	madeinamerica
5438	2022-09-28 04:56:59.230613	unitedwestanddividedwefall
5439	2022-09-28 04:56:59.923507	donotcomply
5440	2022-09-28 04:57:00.362129	godblessamerica
5441	2022-09-28 04:58:01.575973	vaccineinjury
5442	2022-09-28 04:58:01.98606	vaccinedeath
3831	2022-09-26 02:35:36.558556	Thisismyrifle
3832	2022-09-26 02:35:38.570207	progun
3833	2022-09-26 02:35:43.094847	Wikileaks
3834	2022-09-26 02:35:44.664922	Sig
3835	2022-09-26 02:35:45.710923	mcx
3836	2022-09-26 02:35:46.173857	rattler
3847	2022-09-26 02:35:54.40446	Ammo
3848	2022-09-26 02:35:54.871999	GunsAndAmmo
3854	2022-09-26 02:36:04.794362	HellcatPro
3855	2022-09-26 02:36:06.053441	CCW
3856	2022-09-26 02:36:06.513064	ConcealedCarry
3858	2022-09-26 02:36:22.006796	GDCH
3861	2022-09-26 02:36:40.611341	FlannelDaddy
3863	2022-09-26 02:36:41.784582	RECCE
3864	2022-09-26 02:36:52.170153	Eurozone
3869	2022-09-26 02:37:53.861689	22lr
4885	2022-09-27 10:47:02.051367	iaminvisable177
4887	2022-09-27 10:47:45.592532	BEG
4889	2022-09-27 10:48:28.269423	SpeakerPelosi
4890	2022-09-27 10:48:49.650039	z28
4891	2022-09-27 10:48:50.114714	TrumpRallyWY
4901	2022-09-27 10:49:28.250322	L0
4904	2022-09-27 10:50:22.599802	Truthtrain
4905	2022-09-27 10:50:23.003232	Truthtrains
4906	2022-09-27 10:50:23.964867	t24
4908	2022-09-27 10:50:30.329082	pix733
4909	2022-09-27 10:50:51.890522	McBrideFire
4912	2022-09-27 10:52:45.867441	RATPACK
4913	2022-09-27 10:54:45.955598	CarolinaGirlsTruth
4918	2022-09-27 10:55:23.092523	Sidecar
4924	2022-09-27 10:55:35.049329	Dimslee
4928	2022-09-27 10:55:41.525006	comeandtakeit
4931	2022-09-27 10:57:07.530376	DWAC_Stock_TRAIN_1
4933	2022-09-27 10:57:46.419732	OksanaTrumpTrains
4936	2022-09-27 10:58:36.088663	ratpack
4937	2022-09-27 10:58:36.632862	rpn
4938	2022-09-27 10:58:37.071513	MAGAgang
4939	2022-09-27 10:59:18.244973	belannftruthtrain
4942	2022-09-27 11:01:56.961805	MsTigress
4944	2022-09-27 11:02:54.592932	JohnlukesTrains
4945	2022-09-27 11:02:55.588222	JLTR1
4946	2022-09-27 11:03:04.342955	LearnedTheHardWay
4949	2022-09-27 11:03:39.920895	Stockmarket
4954	2022-09-27 11:04:23.33644	FederalBureauOfEntrapment
4955	2022-09-27 11:04:23.791331	DrainTheSwamp
4956	2022-09-27 11:05:00.335619	DustieDahl
4957	2022-09-27 11:05:12.04949	Sundog
4958	2022-09-27 11:05:12.829605	Blessed
4959	2022-09-27 11:05:22.146828	Swamp
4960	2022-09-27 11:05:22.600072	SwampDonkeez
4961	2022-09-27 11:05:23.564937	WorstPresidentEver
4962	2022-09-27 11:05:40.814422	followthefollowers
4963	2022-09-27 11:06:04.703023	KatsTrains
4964	2022-09-27 11:07:34.434036	2ADefenders
4969	2022-09-27 11:09:27.316493	MurchTrains
4973	2022-09-27 11:10:04.689023	MAGAtruths
4980	2022-09-27 11:13:50.809049	Awake
4981	2022-09-27 11:13:52.221795	FollowMe
4982	2022-09-27 11:13:59.872859	veteransfirst
4983	2022-09-27 11:14:00.890206	PTSDAWARENESS
5091	2022-09-27 12:49:50.589117	10000Arrests
5093	2022-09-27 12:50:01.048622	SCAM
5257	2022-09-27 18:25:52.139085	ByeLiz
5258	2022-09-27 18:26:04.774658	respect
5293	2022-09-27 21:38:48.776894	pemf
5314	2022-09-27 21:43:58.06995	spygate
5323	2022-09-28 03:11:56.661249	bringbackTrump
5324	2022-09-28 03:11:57.360631	chuckschumer
5325	2022-09-28 03:11:57.837405	theleftlies
5330	2022-09-28 03:14:53.755129	coatofliving
5332	2022-09-28 03:18:08.405217	Whatistruth
5333	2022-09-28 03:18:09.361984	Trumpwon
5334	2022-09-28 03:18:10.925931	humor
5335	2022-09-28 03:18:19.189897	Gas
5443	2022-09-28 04:58:06.305697	nomoremandates
5444	2022-09-28 04:58:06.709548	truckersrule
5462	2022-09-28 06:04:24.51265	ILoveTruth
5463	2022-09-28 06:05:05.280101	trainride
5473	2022-09-28 06:17:36.042732	justice4j6
5475	2022-09-28 06:17:45.90213	ckpeaches
5476	2022-09-28 06:18:38.422676	TruthNation
5502	2022-09-28 07:08:22.942947	tnt
5503	2022-09-28 07:08:23.910866	p4e
5504	2022-09-28 07:09:40.817801	DURHAM
5505	2022-09-28 07:10:39.397858	usacomunity
5506	2022-09-28 07:12:00.143561	FRINOS
5507	2022-09-28 07:13:03.205264	conspiracynomore
5508	2022-09-28 07:13:09.148351	freepinata
5516	2022-09-28 07:25:17.117306	ReverseMrT
5517	2022-09-28 07:25:17.56033	Fugly
5518	2022-09-28 07:25:23.784982	harris
5519	2022-09-28 07:25:39.99791	gratefulnation
5525	2022-09-28 07:28:32.438425	thefamily
5526	2022-09-28 07:28:38.380158	Jfk
5533	2022-09-28 07:32:02.845001	followforfollow
5540	2022-09-28 07:38:16.716196	President
5541	2022-09-28 07:38:17.129775	ILLEGAL
5542	2022-09-28 07:38:17.55129	IMMIGRANTS
5543	2022-09-28 07:38:17.995502	MILITARY
5551	2022-09-28 07:43:57.233372	mrbean
5552	2022-09-28 07:44:09.676949	ice
5553	2022-09-28 07:44:10.077209	illegals
5554	2022-09-28 07:45:58.323558	John3
5555	2022-09-28 07:47:06.77879	sedition
5556	2022-09-28 07:47:28.362502	saveourkids
5562	2022-09-28 07:50:39.902062	Zuckerbuck
5563	2022-09-28 07:51:46.523121	LockThemUpFOREVER
5569	2022-09-28 07:52:55.86284	pedphiliac
5570	2022-09-28 07:52:56.24447	monster
5572	2022-09-28 07:53:25.52321	Adrenochrome
5574	2022-09-28 07:53:37.239719	timewilltell
5575	2022-09-28 07:54:26.352434	Thefamily
5576	2022-09-28 07:54:29.175213	humorouslyinappropriate
5587	2022-09-28 08:02:29.386216	Cannibalism
5588	2022-09-28 08:02:29.825999	SatanicWorship
5589	2022-09-28 08:02:30.659804	SatanicRituals
5590	2022-09-28 08:02:31.180237	Illuminati
5593	2022-09-28 08:02:34.249443	adrenochrome
5594	2022-09-28 08:02:37.96495	saveourchildren
5607	2022-09-28 08:02:59.948577	HOLLYWEIRD
5610	2022-09-28 08:06:35.985411	LabtopFromHell
5611	2022-09-28 08:06:41.164218	finish
5614	2022-09-28 08:07:19.853898	Mahoney
5616	2022-09-28 08:07:20.714992	Mcdougal
5620	2022-09-28 08:07:22.926425	ClintonCrimeFamily
5653	2022-09-28 08:16:15.091622	JoinMAGA
5662	2022-09-28 08:20:29.222219	ACCOMPLISHMENTS
5664	2022-09-28 08:22:22.011475	BlamegameBiden
5665	2022-09-28 08:22:59.188683	fobama
5686	2022-09-28 08:44:13.172668	girl
5687	2022-09-28 08:44:13.591856	theborder
5688	2022-09-28 08:44:14.02854	southernborder
5689	2022-09-28 08:44:14.701952	borderpatrol
5690	2022-09-28 08:44:15.120402	medical
5691	2022-09-28 08:44:15.569455	samples
5692	2022-09-28 08:44:16.012615	24hours
5693	2022-09-28 08:44:16.470841	victim
5694	2022-09-28 08:44:16.895401	openborders
5695	2022-09-28 08:44:17.342997	worstpresidentever
5696	2022-09-28 08:44:17.793631	jokebiden
5697	2022-09-28 08:44:18.485451	childabuse
3842	2022-09-26 02:35:50.223618	edc
3843	2022-09-26 02:35:51.327668	fde
3844	2022-09-26 02:35:51.8719	sigp320
3845	2022-09-26 02:35:53.325663	IV8888RangeDay
3846	2022-09-26 02:35:53.794619	AllTheAmmo
3850	2022-09-26 02:35:55.875816	PewPewPew
4886	2022-09-27 10:47:41.92366	hero
4888	2022-09-27 10:48:26.021836	MeinFuhrer
4892	2022-09-27 10:49:01.471941	IFoughtForYou
4893	2022-09-27 10:49:02.609938	Military
4894	2022-09-27 10:49:03.081191	USARMY
4895	2022-09-27 10:49:03.539343	USAF
4896	2022-09-27 10:49:03.996852	USMC
4897	2022-09-27 10:49:04.450305	USNAVY
4898	2022-09-27 10:49:04.907264	USCG
4899	2022-09-27 10:49:05.386796	USSF
4900	2022-09-27 10:49:05.822773	ARNG
4902	2022-09-27 10:49:40.202608	Veterans
4903	2022-09-27 10:49:42.829961	FauciFraud
4907	2022-09-27 10:50:25.205227	magaa
4910	2022-09-27 10:51:16.47558	bourbons
4911	2022-09-27 10:52:17.664945	TruthFairy
4914	2022-09-27 10:55:15.833236	VoteRed
4915	2022-09-27 10:55:17.888208	FrontLineDoctors
4916	2022-09-27 10:55:18.336081	FreedomOfChoice
4917	2022-09-27 10:55:22.687694	BOSSTRAIN
4919	2022-09-27 10:55:23.631951	DumpsterFire
4920	2022-09-27 10:55:24.050172	Seattle
4921	2022-09-27 10:55:24.489802	Tacoma
4922	2022-09-27 10:55:24.969262	UsefullIdiots
4923	2022-09-27 10:55:25.425561	Crime
4925	2022-09-27 10:55:38.684051	stay
4926	2022-09-27 10:55:39.162197	shallnotbeinfringed
4927	2022-09-27 10:55:39.630942	donttreadonme
4929	2022-09-27 10:56:24.210235	CarriesCargo
4930	2022-09-27 10:56:25.045121	FrogForce
4932	2022-09-27 10:57:07.611494	LuvTrain
4934	2022-09-27 10:57:47.156056	SmokeScreen
4935	2022-09-27 10:58:00.109022	BidenLies
4940	2022-09-27 11:01:39.23273	Truths4Trump
4941	2022-09-27 11:01:41.545775	GunSafety
4943	2022-09-27 11:02:22.01209	stuckat7500
4947	2022-09-27 11:03:38.412842	UItra
4948	2022-09-27 11:03:39.46716	Trading
4950	2022-09-27 11:03:39.920791	Deplorable
4951	2022-09-27 11:03:40.377904	BasketofDeplorables
4952	2022-09-27 11:03:41.349106	TrumpIsMyPresident
4953	2022-09-27 11:03:51.655301	CABOOSE
4965	2022-09-27 11:07:39.190499	PatriotsFurTruth
4966	2022-09-27 11:08:24.677684	PappysTrainTime
4967	2022-09-27 11:08:25.215627	FBAP
4968	2022-09-27 11:09:15.442604	Pureblood
4970	2022-09-27 11:09:37.00405	BlockButton
4971	2022-09-27 11:09:43.225917	ActiveDuty
4972	2022-09-27 11:09:53.95801	DWACtoTheMOON
4974	2022-09-27 11:11:36.049739	amm339
4975	2022-09-27 11:11:36.488972	orginalmemes
4976	2022-09-27 11:11:38.73765	%C9%AA%EA%9C%B0%CA%99%E1%B4%80%E1%B4%98
4977	2022-09-27 11:13:21.162117	realSteveL
4978	2022-09-27 11:13:42.060232	2016Election
4979	2022-09-27 11:13:42.510735	NorthKorea
5100	2022-09-27 15:16:13.864493	whatisawoman
5259	2022-09-27 19:01:27.774216	CaylerEllingson
5260	2022-09-27 19:04:14.090835	ParallelEconomy
5261	2022-09-27 19:09:30.756257	TheEnemyWithin
5262	2022-09-27 19:09:39.489661	ThisIsWar
5265	2022-09-27 19:28:19.85041	Letsgobrandon
5315	2022-09-27 21:47:55.011902	tdvtruth
5316	2022-09-27 21:48:09.571811	SHARE
5326	2022-09-28 03:14:24.249633	Deepstate
5327	2022-09-28 03:14:24.902716	Lockhimup
5328	2022-09-28 03:14:52.633682	agree
5329	2022-09-28 03:14:53.049435	democrate
5331	2022-09-28 03:14:54.764913	incompetence
5445	2022-09-28 05:20:51.77279	BIGPHARMA
5449	2022-09-28 05:52:49.349457	HELIVES
5452	2022-09-28 05:53:20.622262	NateKlimkQ17
5453	2022-09-28 05:53:34.965896	Hammer0706
5459	2022-09-28 05:58:11.327927	Roosteralamo
5464	2022-09-28 06:11:15.437768	HS22
5465	2022-09-28 06:11:15.88358	AndBeOnd
5466	2022-09-28 06:11:17.709118	DemocratsAreDestroyingAmerica
5467	2022-09-28 06:11:18.670883	DemocratsTheEnemyWithin
5468	2022-09-28 06:11:43.851645	LD19T
5470	2022-09-28 06:13:28.936397	AshleyBidenDiary
5472	2022-09-28 06:16:23.760018	SAVETHECHILDREN
5474	2022-09-28 06:17:39.406638	DaylightSavingsTime
5479	2022-09-28 06:19:28.190883	Fiat
5480	2022-09-28 06:19:28.630116	Currency
5481	2022-09-28 06:19:29.110177	Debt
5482	2022-09-28 06:19:29.545533	Slaves
5483	2022-09-28 06:22:28.739044	TRUT
5509	2022-09-28 07:24:37.941115	brainwashed
5512	2022-09-28 07:24:40.240172	bidenmemes
5515	2022-09-28 07:25:14.527323	chuckle
5521	2022-09-28 07:26:26.400977	Slap
5527	2022-09-28 07:31:08.763916	lockherup
5528	2022-09-28 07:31:09.203165	wehavenotforgottenBenghazi
5529	2022-09-28 07:31:09.887547	PAIN
5531	2022-09-28 07:31:39.1055	Barack
5532	2022-09-28 07:31:52.899507	Rhinos
5534	2022-09-28 07:32:19.85985	Fullforensicaudit
5544	2022-09-28 07:38:18.709447	DISGRACEFUL
5545	2022-09-28 07:38:19.692273	TakeCareOfOurOwn
5547	2022-09-28 07:43:10.071099	IronRon
5548	2022-09-28 07:43:10.725466	DeSantis2022
5557	2022-09-28 07:48:33.73785	RUSHLimbaugh
5558	2022-09-28 07:49:06.44097	jackmaxey
5561	2022-09-28 07:50:36.406478	TRUTHERS
5567	2022-09-28 07:52:18.925327	Confess
5571	2022-09-28 07:53:25.126435	ChildTrafficking
5573	2022-09-28 07:53:36.807227	Pedo
5577	2022-09-28 07:56:46.08894	resign
5578	2022-09-28 07:58:32.24721	Commitment
5579	2022-09-28 07:59:25.434394	Bitchute
5580	2022-09-28 07:59:26.443932	DrJudyMilcovich
5582	2022-09-28 08:01:56.981968	nurembergtrials2
5584	2022-09-28 08:01:57.940342	durham
5585	2022-09-28 08:02:21.246385	nevada
5586	2022-09-28 08:02:26.784123	frazzledrip
5591	2022-09-28 08:02:32.110284	PedoGate
5592	2022-09-28 08:02:32.788378	FrazzleDrip
5602	2022-09-28 08:02:42.72982	wherearethechildren
5603	2022-09-28 08:02:46.23778	HumaAbedin
5604	2022-09-28 08:02:46.715168	Frazzledrip
5605	2022-09-28 08:02:47.92658	starvemoloch
5608	2022-09-28 08:03:01.637856	PIZZAGATE
5654	2022-09-28 08:17:22.409215	WeKnowNow
5656	2022-09-28 08:17:23.760692	Accountability
5661	2022-09-28 08:18:40.498507	Congress
5669	2022-09-28 08:24:07.216603	WorldPeace
5671	2022-09-28 08:24:24.937162	conditioned
5674	2022-09-28 08:24:32.36354	fuckjoebiden
5677	2022-09-28 08:33:02.915853	JohnMappin
5678	2022-09-28 08:33:09.138957	InItTogether
5679	2022-09-28 08:33:18.77762	ILoveTrump
5682	2022-09-28 08:36:57.932275	humbled
5684	2022-09-28 08:44:12.370157	11yearold
5685	2022-09-28 08:44:12.753892	younggirl
3859	2022-09-26 02:36:22.483696	AR15
3860	2022-09-26 02:36:22.964448	MCX
3862	2022-09-26 02:36:41.015583	GarandThumb
3865	2022-09-26 02:37:16.480214	Pro2A
3866	2022-09-26 02:37:17.318974	GunsofTruth
3867	2022-09-26 02:37:18.012826	GunReviews
3868	2022-09-26 02:37:46.661491	CMMG
3870	2022-09-26 02:38:01.416776	vault
3871	2022-09-26 02:38:02.763402	machineguns
3872	2022-09-26 02:38:06.829382	beltfeds
3873	2022-09-26 02:38:08.176803	rifles
3874	2022-09-26 02:38:09.059807	callofduty
3875	2022-09-26 02:38:09.806808	airsoft
3876	2022-09-26 02:38:21.701657	Mutant
3877	2022-09-26 02:38:22.280894	MK47
3878	2022-09-26 12:47:33.562634	cantmakethisstuffup
3879	2022-09-26 12:47:36.850901	dumpsterfire
3880	2022-09-26 12:47:37.337169	failure
3881	2022-09-26 12:47:41.870524	peopleareasking
3882	2022-09-26 12:47:42.32952	StandUPforAmerica
3883	2022-09-26 12:47:42.815175	StandUpForFreedom
3884	2022-09-26 12:47:47.257814	shadydeals
3885	2022-09-26 12:47:52.700705	soft
3886	2022-09-26 12:47:57.171816	disaster
3887	2022-09-26 12:47:57.580517	cackle
3888	2022-09-26 12:48:01.617778	vivalastool
3889	2022-09-26 12:48:05.532966	peopleshouse
3890	2022-09-26 13:51:09.19207	nc13
3891	2022-09-26 13:51:09.616893	bo4nc
3892	2022-09-26 13:51:11.817837	JoCo
3893	2022-09-26 13:51:17.063271	NC13
3894	2022-09-26 13:51:21.162512	TeamBo
3895	2022-09-26 13:51:49.903937	Packapalooza
3896	2022-09-26 13:51:50.34766	Wolfpack
3897	2022-09-26 13:53:05.61884	joco
3898	2022-09-26 13:53:10.010154	NCpol
3899	2022-09-26 13:53:16.327783	harnettcounty
3900	2022-09-26 13:53:18.803877	ncag
3901	2022-09-26 13:53:20.239488	ncfarms
3902	2022-09-26 13:54:55.904837	RedWave2022
3903	2022-09-26 13:55:18.248184	BanCRT
3904	2022-09-26 18:08:49.300246	lastyear
3905	2022-09-26 18:08:49.799193	20yeartribute
3906	2022-09-26 18:08:53.475122	TeamNunes
3907	2022-09-26 18:08:53.982703	coolestnephew
3908	2022-09-26 18:08:54.469152	fellowginger
3909	2022-09-26 18:09:22.776461	AynRand
3910	2022-09-26 18:09:23.244883	Objectivism
3911	2022-09-26 18:09:48.639564	TruthCrew
3912	2022-09-26 18:10:40.613945	action
3913	2022-09-26 19:03:45.344297	walmart
3914	2022-09-26 19:03:58.042185	Walmart
3915	2022-09-26 19:04:07.576248	russiahoax
3916	2022-09-26 19:05:04.715004	majorietaylorgreene
3917	2022-09-26 19:05:07.024213	2ndamendmentrights
3918	2022-09-26 19:06:14.373435	GoWokeGoBroke
3919	2022-09-26 19:07:32.680117	WokeMob
3920	2022-09-26 19:09:52.020942	Rigged2020
3921	2022-09-26 19:22:30.103775	AlecBaldwinKills
3922	2022-09-26 19:23:02.670978	AZGov
3923	2022-09-26 19:23:27.576228	dt47
3924	2022-09-26 19:23:27.971658	CarolsTruthTrain
3925	2022-09-26 19:24:02.945607	FBN
3926	2022-09-26 19:24:04.923857	IFBAP
3927	2022-09-26 19:24:07.415071	DropDisney
3928	2022-09-26 19:24:07.847806	NoMandates
3929	2022-09-26 19:24:08.840423	TWGRP
3930	2022-09-26 19:24:09.61334	Fam95
3931	2022-09-26 19:24:10.064051	TheFam
3932	2022-09-26 19:24:10.487012	NMT
3933	2022-09-26 19:24:11.287637	Fam829
3934	2022-09-26 19:24:11.711966	MarthasVineyard
3935	2022-09-26 19:24:13.316965	Pedocrats
3936	2022-09-26 19:24:32.254739	braves
3937	2022-09-26 19:24:38.968725	pedoHitler
3938	2022-09-26 19:24:48.512027	Blackrock
3939	2022-09-26 19:24:48.895414	NationalSecurity
3940	2022-09-26 19:24:50.736378	cantstopwontstop
3941	2022-09-26 19:24:55.101131	titter
3942	2022-09-26 19:24:55.495839	BotFarm
3943	2022-09-26 19:24:55.916425	LiberalPropaganda
3944	2022-09-26 19:24:56.349945	TruthSocialRocks
3945	2022-09-26 19:25:13.487664	stocks
3946	2022-09-26 19:25:20.236198	WagtheDog
3947	2022-09-26 19:25:29.308816	76united
3948	2022-09-26 19:25:29.793745	stpaddysday
3949	2022-09-26 19:25:30.323042	stpaddys
3950	2022-09-26 19:25:35.87295	betsyross
3951	2022-09-26 19:25:36.65892	wethepeople
3952	2022-09-26 19:25:37.10258	cantonga
3953	2022-09-26 19:25:37.589063	womenwhocarry
3954	2022-09-26 19:25:38.033366	americanrevolution
3955	2022-09-26 19:25:38.499354	mandatefreedom
3956	2022-09-26 19:25:39.850104	amen
3957	2022-09-26 19:25:40.5647	mandatory
3958	2022-09-26 19:25:41.050901	noknockwhat
3959	2022-09-26 19:25:42.774932	appealtoheaven
3960	2022-09-26 19:25:43.206301	mug
3961	2022-09-26 19:25:43.926977	coffeelover
3962	2022-09-26 19:25:44.349413	coffeetime
3963	2022-09-26 19:25:57.508302	patrioticapparel
3964	2022-09-26 19:25:57.969464	americanpatriot
3965	2022-09-26 19:26:01.497962	iloveguns
3966	2022-09-26 19:26:02.341774	tactical
3967	2022-09-26 19:26:05.705284	abolishtheirs
3968	2022-09-26 19:26:06.171926	threeletteragenciessuck
3969	2022-09-26 19:26:07.951147	coffeeordie
3970	2022-09-26 19:26:08.700821	smallbusiness
3971	2022-09-26 19:26:09.42949	coffeemug
3972	2022-09-26 19:26:19.754905	trumptrain
3973	2022-09-26 19:26:20.198905	kag
3974	2022-09-26 19:26:20.662302	draintheswamp
3975	2022-09-26 19:26:21.407646	makeamericagreatagain
3976	2022-09-26 19:26:22.109022	keepamereicagreat
3977	2022-09-26 19:26:22.565252	redpill
3978	2022-09-26 19:26:23.283253	republicans
3979	2022-09-26 19:26:24.64596	conservativememes
3980	2022-09-26 19:26:25.077723	gop
3981	2022-09-26 19:26:25.531929	qanon
3982	2022-09-26 19:26:26.466355	thegreatawakening
3983	2022-09-26 19:26:26.922015	politicalmemes
3984	2022-09-26 19:26:27.365188	rightwing
3985	2022-09-26 19:26:27.959815	truthseeker
3986	2022-09-26 19:26:28.417638	digitalsoldiers
3987	2022-09-26 19:26:30.662901	EvilAgenda
3988	2022-09-26 19:26:31.050942	fakepandemic
3989	2022-09-26 19:26:31.477058	bigpharma
3990	2022-09-26 19:26:32.198798	depopulation
3991	2022-09-26 19:26:40.287552	libertyordeath
3992	2022-09-26 19:26:50.339884	Lexit
3993	2022-09-26 19:26:50.741704	redtsunami2022
3994	2022-09-26 19:26:54.248559	patrioticgifts
3995	2022-09-26 19:26:54.940005	greenbeer
3996	2022-09-26 19:26:55.395798	stpaddys2022
3997	2022-09-26 19:27:04.338901	CAag
3998	2022-09-26 19:27:10.463068	D47
3999	2022-09-26 19:27:55.42668	AmericanPrideMonth
4000	2022-09-26 19:27:56.927316	Indiana
4001	2022-09-26 19:28:31.733472	AdoptAnOverpass
4002	2022-09-26 19:28:32.123249	VisaliaRWF
4003	2022-09-26 19:28:32.54765	CFRW
4004	2022-09-26 19:29:03.732268	w27
4005	2022-09-26 19:29:26.203354	MikeTyson
4006	2022-09-26 19:29:26.600506	JetBlue
4008	2022-09-26 19:29:27.882985	TysonAir
4010	2022-09-26 19:31:03.836652	S23
4011	2022-09-26 19:32:09.449202	JustAddCheesePlease
4013	2022-09-26 19:32:37.434956	LinWood
4014	2022-09-26 19:32:37.86172	whereshunter
4018	2022-09-26 19:32:44.617859	JimJordan
4019	2022-09-26 19:32:45.050194	LouieGohmert
4020	2022-09-26 19:32:45.79199	TedCruz
4022	2022-09-26 19:32:46.946948	MarshaBlackburn
4024	2022-09-26 19:32:50.916587	sotrue
4025	2022-09-26 19:32:51.341031	werescrewed
4026	2022-09-26 19:32:51.767666	timeforchange
4027	2022-09-26 19:33:07.354481	laptopfromhell
4028	2022-09-26 19:33:08.197769	bidenlaptop
4029	2022-09-26 19:33:08.628047	bigmike
4030	2022-09-26 19:33:09.309114	obamagate
4034	2022-09-26 19:33:26.256306	pizzanight
4035	2022-09-26 19:34:29.768925	MAGAVICTORY2024
4038	2022-09-26 19:34:32.842682	pw
4040	2022-09-26 19:36:03.482535	pfizer
4043	2022-09-26 19:36:05.819499	crimesagainsthumanity
4045	2022-09-26 19:36:09.24483	FreedomFlorida
4047	2022-09-26 19:37:08.292535	ResistCapitalism
4049	2022-09-26 19:38:36.613718	unitednations
4050	2022-09-26 19:38:37.645366	nwo
4053	2022-09-26 19:38:40.024195	wef
4054	2022-09-26 19:39:37.793455	Trumptruths
4055	2022-09-26 19:40:08.647637	BidenPresidentAlzheimer
4057	2022-09-26 19:41:06.214996	LETSGOBRANDON
4067	2022-09-26 19:50:37.139647	FedUp
4068	2022-09-26 19:51:03.112934	WithThePeople
4071	2022-09-26 19:51:50.901343	MakeAmericansFreeAgain
4072	2022-09-26 19:52:24.13174	Usa
4073	2022-09-26 19:52:36.559188	Re
4075	2022-09-26 19:54:52.350984	well
4077	2022-09-26 19:55:32.687638	OnlyInAmerica
4083	2022-09-26 19:58:02.15965	WorldEconomicForum
4084	2022-09-26 19:58:31.185418	socialgospel
4984	2022-09-27 11:14:51.281459	PATK
4985	2022-09-27 11:15:04.156163	TruthOverNews
4986	2022-09-27 11:15:04.692213	ClintonCampaign
4999	2022-09-27 11:20:39.058181	TrumpTrain
5000	2022-09-27 11:20:39.780138	WeAreTheNews
5001	2022-09-27 11:21:35.755564	GGTrains
5002	2022-09-27 11:21:36.604575	moonrides
5003	2022-09-27 11:21:37.339072	GLTrains
5004	2022-09-27 11:21:38.323903	MonsterTrain
5011	2022-09-27 11:24:58.303283	winstrains
5012	2022-09-27 11:25:59.119961	BidenPriceHike
5013	2022-09-27 11:26:00.831639	PM54Trains
5014	2022-09-27 11:26:04.375256	LisaGurl
5015	2022-09-27 11:27:51.115945	pix481
5016	2022-09-27 11:28:40.607002	V
5017	2022-09-27 11:29:16.225552	MonsterTrain0203
5018	2022-09-27 11:29:56.334239	MonsterTrain0202
5019	2022-09-27 11:31:34.315992	novemberiscoming
5020	2022-09-27 11:31:34.756153	2022midterms
5021	2022-09-27 11:32:28.436736	Luluscaboose
5022	2022-09-27 11:32:28.926702	FBF
5023	2022-09-27 11:33:38.192791	MAGAKing
5024	2022-09-27 11:34:21.525255	cindytrain
5025	2022-09-27 11:34:56.72719	Lara8express
5026	2022-09-27 11:34:57.225958	ExpressTeam
5027	2022-09-27 11:34:57.661862	Trump75Express
5028	2022-09-27 11:34:58.147886	lara8
5029	2022-09-27 11:34:58.57927	Lara8Truths
5030	2022-09-27 11:35:37.193419	MoonSpaceShuttle
5031	2022-09-27 11:36:36.045805	AmericaSecond
5032	2022-09-27 11:36:36.569406	BabyFormula
5033	2022-09-27 11:36:37.037515	BabyLivesMatter
5034	2022-09-27 11:36:39.260504	RogersTrains
5035	2022-09-27 11:37:55.171469	FBGtrains
5036	2022-09-27 11:37:55.93886	GGN
5037	2022-09-27 11:37:56.421462	GGTtrains
5038	2022-09-27 11:42:26.590977	PM54
5039	2022-09-27 11:42:29.764579	pix454
5040	2022-09-27 11:43:33.132521	dineshdsouza
5041	2022-09-27 11:43:47.877311	DGS1
5042	2022-09-27 11:44:59.551885	WeAreTheNewsNow
5043	2022-09-27 11:48:22.7387	pix437
5044	2022-09-27 11:49:07.646425	magatruth
5045	2022-09-27 11:51:20.737142	JPsTrains
5046	2022-09-27 11:54:33.42745	Ratpack
5047	2022-09-27 11:56:40.324051	Sheerglee
5048	2022-09-27 11:58:37.191782	BlatantTruth
5049	2022-09-27 11:59:23.551988	MonsterTrain0168
5050	2022-09-27 12:01:41.915913	MonsterTrain0169
5051	2022-09-27 12:03:02.108015	pix376
5052	2022-09-27 12:07:39.974842	MrPotatoHead
5053	2022-09-27 12:07:46.153272	BlondiesTruths
5054	2022-09-27 12:08:11.6267	followbackfriday
5055	2022-09-27 12:08:12.180042	LulusCaboose
5056	2022-09-27 12:09:57.574159	WeAreTruthSocial
5057	2022-09-27 12:14:30.757939	trumpmaga
5058	2022-09-27 12:14:31.201467	trumpteam
5059	2022-09-27 12:14:31.664392	trumpamerica
5060	2022-09-27 12:14:33.898518	lovepresident
5061	2022-09-27 12:14:34.340337	forever
5062	2022-09-27 12:14:34.769939	truthamerica
5101	2022-09-27 16:13:45.223301	epsteindidntkillhimself
5102	2022-09-27 16:13:46.271354	Getinthefight
5103	2022-09-27 16:13:49.547335	FourthReich
5136	2022-09-27 16:31:55.170098	BlondiesTrain68
5137	2022-09-27 16:34:22.654518	trumpsarmy
5143	2022-09-27 16:43:01.798968	TruckerConvoy
5148	2022-09-27 16:43:19.367411	TotalitarianTakeover
5149	2022-09-27 16:43:19.804032	OneWorldGovernment
5150	2022-09-27 16:43:20.230565	NewWorldOrder
5152	2022-09-27 16:43:21.332445	Storm
5153	2022-09-27 16:43:21.761966	TheStormIsHere
5154	2022-09-27 16:43:22.189554	ThePeopleAreTheCure
5161	2022-09-27 16:51:10.856909	StudentLoanDebt
5162	2022-09-27 16:51:11.280347	StudentLoans
5163	2022-09-27 16:51:15.825251	AgentsTruth
5167	2022-09-27 16:52:17.342397	DemocratsAreDestoryingAmerica
5168	2022-09-27 16:53:09.124449	Decertify2020
5170	2022-09-27 16:54:32.901874	FactsMatter
5171	2022-09-27 16:54:42.309828	HAFA
5173	2022-09-27 16:56:32.174127	criminals
5174	2022-09-27 16:56:38.499168	TrumpNation
5177	2022-09-27 16:57:43.316074	ThereIsNoQ
5178	2022-09-27 16:57:43.741582	Pedowood
5179	2022-09-27 16:57:44.204865	NCSWC
5181	2022-09-27 16:58:13.740469	microchippedlibtards
5182	2022-09-27 16:58:15.354799	pedos
5183	2022-09-27 16:58:15.74461	humantraffickers
5184	2022-09-27 16:58:16.446244	demonic
5185	2022-09-27 16:58:17.895506	stopchildtrafficking
5186	2022-09-27 16:58:18.328176	protectourchildren
5190	2022-09-27 17:05:12.341679	MAGABULLETTRAIN
5192	2022-09-27 17:05:14.074796	PATRIOTS
5193	2022-09-27 17:05:14.504967	TRUTHBETOLD
5263	2022-09-27 19:25:16.925289	metgala
4007	2022-09-26 19:29:27.054379	Fuckedaroundandfoundout
4009	2022-09-26 19:29:51.176875	drstrangemultiverseofmadness
4012	2022-09-26 19:32:34.552802	fix2020
4015	2022-09-26 19:32:43.287668	DonJr
4016	2022-09-26 19:32:43.739953	MTG
4017	2022-09-26 19:32:44.185616	Boebert
4021	2022-09-26 19:32:46.504916	JoshHawley
4023	2022-09-26 19:32:50.494859	real
4031	2022-09-26 19:33:16.343381	Fey
4032	2022-09-26 19:33:16.740061	RINO
4033	2022-09-26 19:33:17.166731	Traitor
4036	2022-09-26 19:34:30.199005	Patriots4Ever
4037	2022-09-26 19:34:31.892013	TruthTrains
4039	2022-09-26 19:34:42.801116	COVFeFe
4041	2022-09-26 19:36:03.919805	pfizersucks
4042	2022-09-26 19:36:04.366511	pfizerdocuments
4044	2022-09-26 19:36:06.296209	lockthemup
4046	2022-09-26 19:36:09.642806	KeepWokismOut
4048	2022-09-26 19:38:17.520524	ComeAndTakeIt
4051	2022-09-26 19:38:39.161126	soros
4052	2022-09-26 19:38:39.600924	klausschwab
4056	2022-09-26 19:40:19.101112	JoeIsCompromised
4058	2022-09-26 19:41:06.640355	FOLLOWFORFOLLOW
4059	2022-09-26 19:46:03.790476	BlueLivesMatter
4060	2022-09-26 19:46:54.759808	JESUS
4061	2022-09-26 19:47:07.782415	PROLIFE
4062	2022-09-26 19:47:08.197535	AboortionAbolitionist
4063	2022-09-26 19:47:08.644616	SelfDrivingTrain
4064	2022-09-26 19:47:09.090861	AbortionFreeStates
4065	2022-09-26 19:49:50.566828	rightfulpresident
4066	2022-09-26 19:49:59.997224	BUH
4069	2022-09-26 19:51:28.356801	Buffalo
4070	2022-09-26 19:51:28.754481	JacksonHole
4074	2022-09-26 19:52:59.756182	RT
4076	2022-09-26 19:55:27.646537	drillbabydrill
4078	2022-09-26 19:56:13.011385	Dilbert
4079	2022-09-26 19:56:54.024078	LawSuit
4080	2022-09-26 19:56:54.709657	AG
4081	2022-09-26 19:56:55.16116	KenPaxton
4082	2022-09-26 19:57:48.953345	RUM
4085	2022-09-26 20:06:09.40483	HeadStart
4086	2022-09-26 20:14:43.659932	AFT
4087	2022-09-26 20:14:44.497829	LearningLoss
4088	2022-09-26 20:25:09.56213	PedoJoe
4089	2022-09-26 20:30:19.630924	ElPaso
4090	2022-09-26 20:30:21.175407	IllegalImmigrants
4091	2022-09-26 20:30:34.775154	StagedPhoto
4092	2022-09-26 20:31:27.271824	GetSafeGetSouth
4093	2022-09-26 20:38:44.096815	Flashback
4094	2022-09-26 20:39:00.676661	VaccineMandate
4095	2022-09-26 20:39:15.970573	FREE99
4096	2022-09-26 20:45:58.904444	Metoo
4097	2022-09-26 20:46:05.288149	Me
4098	2022-09-26 20:49:50.860517	bankruptcy
4099	2022-09-26 20:49:52.189071	debt
4100	2022-09-26 20:51:05.756119	Iran
4101	2022-09-26 21:00:54.64077	DecisionMade
4102	2022-09-26 21:05:25.331257	Gurnee
4103	2022-09-26 21:05:26.903256	Illinois
4104	2022-09-26 21:14:25.610915	merica
4105	2022-09-26 21:37:56.467155	DrillBabyDrill
4106	2022-09-26 21:39:42.649301	JesusIsKing
4107	2022-09-26 21:39:43.109376	StandWithOttawa
4108	2022-09-26 21:39:43.534689	StandWithQuebec
4109	2022-09-26 21:39:44.793208	NoMachines
4110	2022-09-26 21:39:45.220962	OneDayOneVote
4111	2022-09-26 21:39:45.648615	PaperBallotsOnly
4112	2022-09-26 21:39:46.076001	NoMailInBallots
4113	2022-09-26 21:39:46.510057	EndTheMandates
4114	2022-09-26 21:39:46.968859	BuyMoreAmmo
4115	2022-09-26 21:39:47.789997	BabiesLivesMatter
4116	2022-09-26 21:39:48.224904	MakeArrests
4117	2022-09-26 21:39:48.652636	PerpWalks
4118	2022-09-26 21:39:49.124504	NoArrestsNoJustice
4119	2022-09-26 21:42:16.244653	FlannerFriday
4120	2022-09-26 21:42:43.214337	SC1
4121	2022-09-26 21:42:45.465619	SC7
4122	2022-09-26 21:43:23.163091	GAgov
4123	2022-09-26 21:43:24.766644	StopTheSteal
4124	2022-09-26 21:43:36.350678	MookDidntKillHimself
4125	2022-09-26 21:43:40.448485	NC11
4126	2022-09-26 21:44:07.178295	presidentielles2022
4127	2022-09-26 21:47:21.519044	FollowFriday
4128	2022-09-26 21:48:47.300201	freedommatters
4129	2022-09-26 21:48:56.509425	foxnews
4130	2022-09-26 21:48:58.161773	FreedomMatters
4131	2022-09-26 21:48:58.861989	truthtips
4132	2022-09-26 21:49:10.957378	gayconservatives
4133	2022-09-26 21:49:37.042029	NotMyWar
4134	2022-09-27 02:30:01.016908	TIPPINGPOINT
4135	2022-09-27 02:30:05.512007	historicalspotlight
4136	2022-09-27 02:30:06.737204	jacksonhole
4137	2022-09-27 02:30:07.241334	wyoming
4138	2022-09-27 02:30:10.281488	williambuckland
4139	2022-09-27 02:30:12.31424	OANN
4140	2022-09-27 02:30:32.042977	WeekyBriefing
4141	2022-09-27 02:30:42.119224	Trumprally
4142	2022-09-27 02:30:51.316706	NorthCarolina
4143	2022-09-27 02:31:17.363657	slavery
4144	2022-09-27 02:31:18.969385	MIDDLECLASS
4145	2022-09-27 02:31:24.628866	freelove
4146	2022-09-27 02:31:33.962657	unabomber
4147	2022-09-27 02:31:34.450815	tedkaczynski
4148	2022-09-27 02:31:36.509148	TAIWAN
4149	2022-09-27 02:31:56.873168	arlington
4150	2022-09-27 02:31:57.360969	confederacy
4151	2022-09-27 02:31:57.825943	robertelee
4152	2022-09-27 02:31:58.301665	civilwar
4153	2022-09-27 02:32:03.284669	Ohio
4154	2022-09-27 02:33:20.073951	vampire
4155	2022-09-27 02:33:20.934474	sickle
4156	2022-09-27 02:33:45.796152	georgewashington
4157	2022-09-27 02:33:46.306826	king
4158	2022-09-27 02:34:10.824507	kingcharles
4159	2022-09-27 02:35:25.421261	sprucegoose
4160	2022-09-27 02:35:25.901668	howardhughes
4161	2022-09-27 02:35:30.175647	queenelizabeth
4162	2022-09-27 02:36:08.952355	tallelhammam
4163	2022-09-27 02:36:10.631644	sodom
4164	2022-09-27 02:36:11.071014	tunguska
4165	2022-09-27 02:36:11.517764	explosion
4166	2022-09-27 02:38:11.56258	cnnsucks
4167	2022-09-27 02:38:22.963906	hoax
4168	2022-09-27 02:38:37.871136	dolleymadison
4169	2022-09-27 02:38:38.333858	madison
4170	2022-09-27 02:38:38.815732	firstlady
4171	2022-09-27 02:38:39.246645	whitehouse
4172	2022-09-27 02:38:39.687327	washington
4173	2022-09-27 02:38:40.110151	warof1812
4174	2022-09-27 02:38:41.842134	UNITEDNATIONS
4175	2022-09-27 02:38:42.344603	DIPLOMAT
4176	2022-09-27 02:38:42.798821	IMMUNITY
4177	2022-09-27 02:39:12.064902	fannyelssler
4178	2022-09-27 02:39:13.179274	ballerina
4179	2022-09-27 02:40:29.800262	curse
4180	2022-09-27 02:40:31.630203	pompeii
4181	2022-09-27 02:40:35.719283	ERICHOLDER
4182	2022-09-27 02:40:36.709548	ARMY
4183	2022-09-27 02:40:37.885951	ELECTION
4184	2022-09-27 02:41:07.370129	blimp
4185	2022-09-27 02:41:08.341173	L8
4186	2022-09-27 02:41:09.731099	mystery
4187	2022-09-27 02:41:11.542712	disappearance
4188	2022-09-27 02:41:12.659928	ghostship
4189	2022-09-27 02:41:14.089986	navy
4190	2022-09-27 02:41:45.42383	bobbyleach
4191	2022-09-27 02:41:45.877768	niagrafalls
4192	2022-09-27 02:41:49.009191	SAMHARRIS
4193	2022-09-27 02:41:49.468934	CONSPIRACY
4194	2022-09-27 02:41:50.267205	HUNTER
4195	2022-09-27 02:41:50.772756	LAPTOP
4196	2022-09-27 02:42:03.415895	valdaro
4197	2022-09-27 02:42:03.877345	skeletons
4198	2022-09-27 02:42:05.585535	MIGRANT
4199	2022-09-27 02:42:06.120923	CHILDREN
4200	2022-09-27 02:42:22.678284	USPS
4201	2022-09-27 02:42:23.903221	BALLOTS
4202	2022-09-27 02:42:29.195507	procrastinators
4203	2022-09-27 02:42:31.184185	BIGDAN
4204	2022-09-27 02:42:31.635883	WHITMER
4205	2022-09-27 02:42:32.077583	KIDNAPPING
4206	2022-09-27 02:42:53.672079	macbeth
4207	2022-09-27 02:42:54.128263	scotland
4208	2022-09-27 02:42:55.777087	SALMANRUSHDIE
4209	2022-09-27 02:42:56.301061	ATTACK
4210	2022-09-27 02:43:19.324651	hungerstones
4211	2022-09-27 02:43:19.783988	europe
4212	2022-09-27 02:43:36.935226	maya
4213	2022-09-27 02:43:37.385895	ballgame
4214	2022-09-27 02:43:39.094257	GARLAND
4215	2022-09-27 02:43:39.558025	MARALAGO
4216	2022-09-27 02:43:40.003063	RAID
4217	2022-09-27 02:43:48.529436	internment
4218	2022-09-27 02:43:48.983239	japanese
4219	2022-09-27 02:43:49.425923	german
4220	2022-09-27 02:43:49.875612	italian
4221	2022-09-27 02:44:12.561126	charlesmanson
4222	2022-09-27 02:44:13.045225	mindcontrol
4223	2022-09-27 02:44:15.251784	NATION
4224	2022-09-27 02:44:15.762719	DECLINE
4225	2022-09-27 02:44:48.101987	OAN
4226	2022-09-27 02:44:50.382651	napoleon
4227	2022-09-27 02:44:50.873922	exile
4228	2022-09-27 02:44:51.520025	sainthelena
4229	2022-09-27 02:44:56.856312	KERSHAW
4230	2022-09-27 02:45:25.090998	hirammaxim
4231	2022-09-27 02:45:25.606921	maximgun
4232	2022-09-27 02:45:26.084194	modernwarfare
4233	2022-09-27 02:45:50.040694	WeeklyBriefing
4234	2022-09-27 02:45:54.50286	FreedomofthePress
4235	2022-09-27 02:45:56.754217	WisconsinPrimary
4236	2022-09-27 02:46:23.726677	lordlansdowne
4237	2022-09-27 02:46:24.198852	marquessoflansdowne
4238	2022-09-27 02:46:25.910964	SANCLEMENTE
4239	2022-09-27 02:46:26.682664	ABORTION
4240	2022-09-27 02:46:28.629258	AMMONBUNDY
4241	2022-09-27 02:46:29.146811	GOVERNOR
4242	2022-09-27 02:46:29.96421	IDAHO
4243	2022-09-27 02:46:58.142872	assassination
4244	2022-09-27 02:46:58.61899	empress
4245	2022-09-27 02:46:59.33031	elisabeth
4246	2022-09-27 02:46:59.785813	austria
4247	2022-09-27 02:47:01.560505	VISA
4248	2022-09-27 02:47:02.087116	PORNHUB
4249	2022-09-27 02:47:20.76744	color
4250	2022-09-27 02:47:21.285495	television
4251	2022-09-27 02:47:22.928164	PELOSI
4252	2022-09-27 02:47:25.172203	GOVERNMENT
4253	2022-09-27 02:47:25.660529	COLLUDED
4254	2022-09-27 02:47:26.116779	BIGTECH
4255	2022-09-27 02:47:26.81731	PROPAGANDA
4256	2022-09-27 02:47:33.717306	alQaeda
4257	2022-09-27 02:47:42.447114	greece
4258	2022-09-27 02:47:42.903338	carthage
4259	2022-09-27 02:47:44.643175	HOUSE
4260	2022-09-27 02:47:45.124478	BILL
4261	2022-09-27 02:47:45.590287	GUNS
4262	2022-09-27 02:48:19.46644	PearsonSharp
4263	2022-09-27 02:48:21.736622	SuddenAdultDeathSyndrome
4264	2022-09-27 02:48:39.475353	royalgorge
4265	2022-09-27 02:49:33.079418	Freedomofthepress
4266	2022-09-27 02:49:52.797149	OANLIVE
4267	2022-09-27 02:49:58.205168	charliewilson
4268	2022-09-27 02:50:00.792137	DESANTIS
4269	2022-09-27 02:50:01.424125	DRAG
4270	2022-09-27 02:50:05.057504	ZELENSKY
4271	2022-09-27 02:50:36.067268	koreanwar
4272	2022-09-27 02:50:37.850669	BOROUGHS
4273	2022-09-27 02:50:38.328924	CRIME
4274	2022-09-27 02:50:52.111582	downwinders
4275	2022-09-27 02:50:52.568833	nuclear
4276	2022-09-27 02:50:53.011094	radiation
4277	2022-09-27 02:50:53.473972	johnwayne
4278	2022-09-27 02:50:55.11622	DEMOCRATS
4279	2022-09-27 02:50:55.577816	REPUBLICAN
4280	2022-09-27 02:50:56.02874	PRIMARIES
4281	2022-09-27 02:51:16.113188	tacomanarrowsbridge
4282	2022-09-27 02:51:16.563269	tacoma
4283	2022-09-27 02:51:18.542656	ATF
4284	2022-09-27 02:51:19.019314	WARRANTLESS
4285	2022-09-27 02:51:19.470723	FIREARM
4286	2022-09-27 02:51:34.033973	KKK
4287	2022-09-27 02:51:44.019561	verizon
4288	2022-09-27 02:51:44.504569	DirectTv
4289	2022-09-27 02:52:34.698279	nationalWWIImuseum
4290	2022-09-27 02:52:35.141656	neworleans
4291	2022-09-27 02:52:37.12341	JAMESMADISON
4292	2022-09-27 02:52:39.571586	SUN
4293	2022-09-27 02:52:40.021939	CLIMATECHANGE
4294	2022-09-27 02:53:16.578931	blackpanthers
4295	2022-09-27 02:53:17.036744	cult
4296	2022-09-27 02:53:33.129536	jessejames
4297	2022-09-27 02:53:33.597014	wildwest
4298	2022-09-27 02:54:38.462361	CLIVENBUNDY
4299	2022-09-27 02:54:38.936615	PATRIOT
4300	2022-09-27 02:55:09.400461	johnhines
4301	2022-09-27 02:55:34.446188	indianwars
4302	2022-09-27 02:55:35.247313	medalofhonor
4303	2022-09-27 02:57:42.779408	newyorkcity
4304	2022-09-27 02:57:44.864229	draft
4305	2022-09-27 02:57:50.762896	DRUGS
4306	2022-09-27 02:59:19.597835	kingdom
4307	2022-09-27 02:59:21.057315	dahomey
4308	2022-09-27 02:59:28.310985	ICLOUD
4309	2022-09-27 02:59:29.669124	HACKED
4310	2022-09-27 03:00:18.734856	rulebritannia
4311	2022-09-27 03:00:19.33242	risecolumbia
4312	2022-09-27 03:00:20.348768	hailcolumbia
4313	2022-09-27 03:00:22.046013	WISCONSIN
4314	2022-09-27 03:00:22.546886	SUPREMECOURT
4315	2022-09-27 03:00:23.54467	ILLEGITIMATE
4316	2022-09-27 03:00:45.053768	thebroadmoor
4317	2022-09-27 03:00:45.48999	hotel
4318	2022-09-27 03:00:47.382852	SHINZO
4319	2022-09-27 03:00:47.843796	ABE
4320	2022-09-27 03:00:48.307555	ASSASSINATED
4321	2022-09-27 03:01:38.977674	OANlive
4322	2022-09-27 03:01:57.05578	yogiberra
4323	2022-09-27 03:01:58.942682	DUTCH
4324	2022-09-27 03:01:59.410031	FARMERS
4325	2022-09-27 03:02:08.84174	PEARSONSHARP
4326	2022-09-27 03:02:24.855815	NIHILISM
4327	2022-09-27 03:02:25.337353	HIGHLANDPARK
4328	2022-09-27 03:03:24.600641	mycountrytisofthee
4329	2022-09-27 03:04:19.923204	GRANHOLM
4330	2022-09-27 03:04:20.391429	HATCHACT
4331	2022-09-27 03:04:23.004672	phyllisschlafly
4332	2022-09-27 03:04:47.830987	charlesmartel
4333	2022-09-27 03:04:48.266572	thehammer
4334	2022-09-27 03:04:49.94577	CHINA
4335	2022-09-27 03:04:50.41978	CONFUCIUS
4336	2022-09-27 03:04:58.620807	GhislainesLittleBlackBook
4337	2022-09-27 03:04:59.09194	GhislaineDidntKillHerself
4338	2022-09-27 03:05:00.864432	J6ShowTrial
4339	2022-09-27 03:05:12.778856	mendocino
4340	2022-09-27 03:05:15.233788	VOICEMAIL
4341	2022-09-27 03:05:45.739126	sullivanact
4342	2022-09-27 03:05:46.175141	bigtim
4343	2022-09-27 03:05:46.612649	secondamendment
4344	2022-09-27 03:05:48.661631	BUILDTHEWALL
4345	2022-09-27 03:06:16.692356	feminism
4346	2022-09-27 03:06:24.570738	FoodProcessingPlantFires
4347	2022-09-27 03:06:25.024459	FoodCrisis
4348	2022-09-27 03:06:47.650953	OneAmericaNewsInvestigates
4349	2022-09-27 03:07:08.457161	supremecourt
4350	2022-09-27 03:07:13.458181	badlands
4351	2022-09-27 03:07:13.888849	nationalpark
4352	2022-09-27 03:08:01.335161	fortstevens
4353	2022-09-27 03:08:01.773674	astoria
4354	2022-09-27 03:08:02.224941	oregon
4355	2022-09-27 03:08:02.950632	japan
4356	2022-09-27 03:08:11.837471	CapitolPunishmentMovie
4357	2022-09-27 03:08:22.882936	longestyear
4358	2022-09-27 03:09:16.996829	newalbion
4359	2022-09-27 03:09:21.954642	NASA
4360	2022-09-27 03:09:22.422212	astronaut
4361	2022-09-27 03:10:33.226438	teutoburgforest
4362	2022-09-27 03:10:33.671359	varus
4363	2022-09-27 03:10:35.593879	AID
4364	2022-09-27 03:10:36.084637	UKRAINE
4365	2022-09-27 03:10:57.019142	j6CommitteeHearings
4366	2022-09-27 03:10:59.737079	panchovilla
4367	2022-09-27 03:11:02.694646	HUNTERBIDEN
4368	2022-09-27 03:11:21.55539	knightstemplar
4369	2022-09-27 03:11:23.178745	DEMOCRAT
4370	2022-09-27 03:11:23.640653	GUILTY
4371	2022-09-27 03:11:24.325959	FRAUD
4372	2022-09-27 03:11:26.398024	DEPRAVITY
4373	2022-09-27 03:11:28.716208	RUSSIAHOAX
4374	2022-09-27 03:11:45.255692	J6CommitteeHearings
4375	2022-09-27 03:12:01.709698	christianity
4376	2022-09-27 03:12:02.18317	middleeast
4377	2022-09-27 03:12:32.685571	kilroywashere
4378	2022-09-27 03:12:34.357283	WALLETS
4379	2022-09-27 03:12:58.193383	sinking
4380	2022-09-27 03:12:58.624136	vasa
4381	2022-09-27 03:12:59.049322	ship
4382	2022-09-27 03:12:59.479392	sweden
4383	2022-09-27 03:13:01.47217	CARAVAN
4384	2022-09-27 03:13:03.35126	WOMAN
4385	2022-09-27 03:13:21.762402	shellshock
4386	2022-09-27 03:13:22.19056	annacolemanladd
4387	2022-09-27 03:13:42.860385	operationoverlord
4388	2022-09-27 03:13:43.300824	dday
4389	2022-09-27 03:13:45.750236	god
4390	2022-09-27 03:13:48.448425	franciscov%C3%A1zquezdecoronado
4391	2022-09-27 03:13:48.878521	conquistador
4392	2022-09-27 03:13:51.31738	usschesapeake
4393	2022-09-27 03:13:54.714129	PERKINSCOIE
4394	2022-09-27 03:14:31.393903	catherineenglebrecht
4395	2022-09-27 03:14:48.19388	AMBERHEARD
4396	2022-09-27 03:14:48.684798	KAMALAHARRIS
4397	2022-09-27 03:15:09.276107	CatherineEngelbrecht
4398	2022-09-27 03:15:20.936267	algerhiss
4399	2022-09-27 03:15:22.948415	RIGHTS
4400	2022-09-27 03:15:23.901908	TRUDEAU
4401	2022-09-27 03:15:24.349377	CANADA
4402	2022-09-27 03:15:25.955052	TRAVESTY
4403	2022-09-27 03:15:26.441031	JUSTICE
4404	2022-09-27 03:15:27.148199	SUSSMANN
4405	2022-09-27 03:15:29.038653	GLOBAL
4406	2022-09-27 03:15:29.52731	TECHNOCRACY
4407	2022-09-27 03:15:46.505152	AMERICAFIRST
4408	2022-09-27 03:16:01.911133	TruetheVote
4409	2022-09-27 03:16:17.001732	memorialday
4410	2022-09-27 03:16:33.731464	ULTRABETA
4411	2022-09-27 03:16:44.468975	MEMORIALDAY
4412	2022-09-27 03:16:48.113575	sickchickencase
4413	2022-09-27 03:16:50.038725	TEXAS
4414	2022-09-27 03:17:06.738507	OANLiveApp
4415	2022-09-27 03:17:08.720069	OpeningStatement
4416	2022-09-27 03:17:28.371516	redscare
4417	2022-09-27 03:17:28.809208	mccarthyism
4418	2022-09-27 03:17:29.254303	communists
4419	2022-09-27 03:17:30.952666	H1B
4420	2022-09-27 03:17:33.214684	DEATH
4421	2022-09-27 03:17:33.698734	ROE
4422	2022-09-27 03:18:01.733229	titanic
4423	2022-09-27 03:18:02.193312	prophet
4424	2022-09-27 03:18:02.673013	murder
4425	2022-09-27 03:18:03.111342	thorntonjenkinshains
4426	2022-09-27 03:18:37.82203	DISINFORMATION
4427	2022-09-27 03:18:40.035645	WOKE
4428	2022-09-27 03:18:40.567555	BROKE
4429	2022-09-27 03:18:42.924366	DIRTY51
4430	2022-09-27 03:19:00.602359	PSYOPS
4431	2022-09-27 03:19:02.663599	GLOBALIST
4432	2022-09-27 03:19:04.861364	HILLARY
4433	2022-09-27 03:19:05.596479	RUSSIAN
4434	2022-09-27 03:19:06.04061	COLLUSION
4435	2022-09-27 03:19:09.699828	CHRIST
4436	2022-09-27 03:19:10.192114	NANCY
4437	2022-09-27 03:19:26.028612	margarettruman
4438	2022-09-27 03:19:26.480901	truman
4439	2022-09-27 03:19:28.144086	VOTING
4440	2022-09-27 03:19:28.623235	MISCALCULATIONS
4441	2022-09-27 03:19:52.819489	newengland
4442	2022-09-27 03:19:53.25992	dark
4443	2022-09-27 03:19:53.70042	day
4444	2022-09-27 03:19:55.613425	GENDER
4445	2022-09-27 03:19:57.835466	LIBERAL
4446	2022-09-27 03:19:58.320989	LUNACY
4447	2022-09-27 03:20:00.97306	ESTABLISHMENT
4448	2022-09-27 03:20:06.47499	ELONMUSK
4449	2022-09-27 03:20:17.961564	lobotomy
4450	2022-09-27 03:20:18.407997	icepick
4451	2022-09-27 03:20:19.122684	rosemary
4452	2022-09-27 03:20:19.582863	kennedy
4453	2022-09-27 03:20:22.871889	ALIENS
4454	2022-09-27 03:20:23.309907	UFO
4455	2022-09-27 03:20:25.572832	WOMEN
4456	2022-09-27 03:20:26.007375	BOARDS
4457	2022-09-27 03:20:26.434271	LAW
4458	2022-09-27 03:20:28.332638	LEFT
4459	2022-09-27 03:20:28.830861	TERRIFIED
4460	2022-09-27 03:20:46.905151	pite%C8%99tiprisonexperiment
4461	2022-09-27 03:20:48.653249	LAWS
4462	2022-09-27 03:21:21.569106	koreanairlines
4463	2022-09-27 03:21:22.032881	flight
4464	2022-09-27 03:21:22.474897	airplane
4465	2022-09-27 03:21:22.921548	USSR
4466	2022-09-27 03:21:24.433156	SUMMEROFRAGE
4467	2022-09-27 03:21:26.162052	BUFFALO
4468	2022-09-27 03:21:26.698077	SHOOTER
4469	2022-09-27 03:21:27.135843	AUTHORITARIAN
4470	2022-09-27 03:21:27.603587	LEFTIST
4471	2022-09-27 03:21:44.811348	fridaythe13th
4472	2022-09-27 03:21:46.586706	WAR
4473	2022-09-27 03:22:22.483394	thecristerowar
4474	2022-09-27 03:22:24.034567	JUDICIAL
4475	2022-09-27 03:22:24.616839	INTIMIDATION
4476	2022-09-27 03:22:26.486736	SPIES
4477	2022-09-27 03:22:27.262721	MYSONHUNTER
4478	2022-09-27 03:23:03.996584	olddrum
4479	2022-09-27 03:23:05.725214	BALLOT
4480	2022-09-27 03:23:06.260708	CHAOS
4481	2022-09-27 03:23:08.5218	SLEEPWALKING
4482	2022-09-27 03:23:41.098209	magic
4483	2022-09-27 03:23:41.554101	cymatics
4484	2022-09-27 03:23:43.329706	SOCIAL
4485	2022-09-27 03:23:44.077151	WARRIORS
4486	2022-09-27 03:23:45.704333	ELON
4487	2022-09-27 03:23:46.241005	MUSK
4488	2022-09-27 03:23:47.039027	TWITTER
4489	2022-09-27 03:23:47.512878	BAN
4490	2022-09-27 03:25:07.630932	caseyjones
4491	2022-09-27 03:25:09.650893	REMATCH
4492	2022-09-27 03:25:37.769745	NARRATIVES
4493	2022-09-27 03:25:38.270448	EMOTIONS
4494	2022-09-27 03:25:42.949036	REPRESSION
4495	2022-09-27 03:25:48.095105	VACCINE
4496	2022-09-27 03:25:48.537892	BLOOD
4497	2022-09-27 03:25:48.994536	CLOTS
4498	2022-09-27 03:26:13.946825	bomb
4499	2022-09-27 03:26:15.855921	MARXIST
4500	2022-09-27 03:26:16.342674	PETULANCE
4501	2022-09-27 03:26:21.793629	CHRISTIANITY
4502	2022-09-27 03:26:22.343586	FINLAND
4503	2022-09-27 03:26:26.99544	CULTUREOFLIFE
4504	2022-09-27 03:26:48.254999	sketches
4505	2022-09-27 03:26:50.005244	MAGACROWD
4506	2022-09-27 03:26:56.051327	SENATE
4507	2022-09-27 03:26:56.490277	PRIMARY
4508	2022-09-27 03:27:11.733664	honestdick
4509	2022-09-27 03:27:12.161358	jamestate
4510	2022-09-27 03:27:13.91787	ROEVWADE
4511	2022-09-27 03:27:48.012369	kathyboudin
4512	2022-09-27 03:27:48.475108	weatherunderground
4513	2022-09-27 03:28:08.410662	laurelandhardy
4514	2022-09-27 03:28:08.855936	anotherfinemess
4515	2022-09-27 03:28:10.263394	SHOWTRIAL
4516	2022-09-27 03:28:11.980533	ECONOMY
4517	2022-09-27 03:28:13.527737	SEATTLE
4518	2022-09-27 03:28:17.408333	KAG
4519	2022-09-27 03:28:33.35168	benitomussolini
4520	2022-09-27 03:28:40.867218	DEREKCHAUVIN
4521	2022-09-27 03:28:41.453783	APPEALS
4522	2022-09-27 03:28:42.001944	MURDER
4523	2022-09-27 03:28:46.533472	MEGANFOX
4524	2022-09-27 03:28:48.267932	BLUELIVESMATTER
4525	2022-09-27 03:28:49.974538	MINISTRYOFTRUTH
4526	2022-09-27 03:29:10.603028	ulyssessgrant
4527	2022-09-27 03:29:11.019048	president
4528	2022-09-27 03:30:46.574929	distributionbyproxy
4529	2022-09-27 04:07:19.677126	TruthOverTweets
4530	2022-09-27 04:07:49.136805	TakeBackAmerica2022
4531	2022-09-27 04:07:50.098692	StandwithTrump
4532	2022-09-27 04:08:57.372322	frens
4533	2022-09-27 04:08:57.887509	frensfriday
4534	2022-09-27 04:09:26.362354	forgodandcountry
4535	2022-09-27 04:09:41.236051	wakeitup
4536	2022-09-27 04:09:42.120521	oyfe
4537	2022-09-27 04:10:37.386459	CatchUp
4538	2022-09-27 04:10:37.788905	PizzaGate
4539	2022-09-27 04:10:41.453015	pizzagateisreal
4540	2022-09-27 04:10:41.840306	pizzagate
4541	2022-09-27 04:10:42.281102	incoming
4542	2022-09-27 04:10:42.353457	killemwithkindness
4543	2022-09-27 04:10:51.988826	DondeDevin
4544	2022-09-27 04:11:34.41405	BorisJohnson
4545	2022-09-27 04:11:34.801512	Brexit
4546	2022-09-27 04:11:39.190437	DerailTheJ6JokeShow
4547	2022-09-27 04:11:45.015892	feds
4548	2022-09-27 04:11:58.866076	pedopeter
4549	2022-09-27 04:12:02.060367	NotTheDroidsYoureLookingFor
4550	2022-09-27 04:12:29.174831	backtogoldstandard
4551	2022-09-27 04:12:53.362943	trollingMSM
4552	2022-09-27 04:13:08.982034	FuckNike
4553	2022-09-27 04:13:23.990241	flannelfridays
4554	2022-09-27 04:13:24.463047	FollowFridays
4555	2022-09-27 04:13:24.960005	TSocial
4556	2022-09-27 04:13:50.484152	trusttheplan
4557	2022-09-27 04:14:09.175729	SecretCurriculum
4558	2022-09-27 04:14:14.518585	SpeechTsar
4559	2022-09-27 04:14:50.509547	Flannel
4560	2022-09-27 04:15:35.051893	FFM
4561	2022-09-27 04:16:22.312847	birthdaycelebrationcontinues
4562	2022-09-27 04:16:25.118881	ProveMeWrong
4563	2022-09-27 04:16:25.441207	BirthdayCelebration
4564	2022-09-27 04:16:46.9046	PANIC
4565	2022-09-27 04:16:52.944118	patriotsincommand
4566	2022-09-27 04:17:04.157161	TTV
4567	2022-09-27 04:17:04.668802	TigerProject
4568	2022-09-27 04:17:05.098626	Konnech
4569	2022-09-27 04:17:05.522285	PollChief
4570	2022-09-27 04:18:53.941051	HammerandScorecard
4571	2022-09-27 04:22:34.674918	FlannelFridays
4572	2022-09-27 04:22:47.575731	savethebabies
4573	2022-09-27 04:24:03.44168	fitFriday
4574	2022-09-27 04:24:41.147034	3LetterAgencies
4575	2022-09-27 04:25:03.588059	kevincult
4576	2022-09-27 04:25:34.906855	KevinForever
4577	2022-09-27 04:50:14.142259	DetransitionKeffafs
4578	2022-09-27 04:52:54.842435	nationals
4579	2022-09-27 04:52:55.309478	nats
4580	2022-09-27 04:52:58.919232	lastpractice
4581	2022-09-27 04:52:59.400533	area8
4582	2022-09-27 04:52:59.840132	steelchallenge
4583	2022-09-27 04:53:03.582931	steelteam6
4584	2022-09-27 05:05:19.921895	WTFFacts
4585	2022-09-27 05:50:02.898196	StillMAGA
4586	2022-09-27 05:51:39.185011	DurhamInvestigation
4587	2022-09-27 05:52:00.131327	shorts
4588	2022-09-27 05:53:18.330371	EnemyoftheState
4589	2022-09-27 07:01:09.897705	IFB
4590	2022-09-27 07:01:14.73859	SatanicCult
4591	2022-09-27 07:21:06.581917	RoshHashanah
4592	2022-09-27 07:21:07.551364	NBA
4593	2022-09-27 07:21:09.307224	Iranian
4594	2022-09-27 07:22:18.5388	Rohingya
4595	2022-09-27 07:22:27.186038	Cuba
4596	2022-09-27 07:22:27.662342	SOSCuba
4597	2022-09-27 07:22:35.76236	DictatorErdogan
4598	2022-09-27 07:23:16.838125	FreeTibet
4599	2022-09-27 07:23:22.523313	EidAlAdha
4600	2022-09-27 07:23:23.933892	EidMubarak
4601	2022-09-27 07:23:27.916685	SaveVenezuela
4602	2022-09-27 07:23:43.45463	Turkey
4603	2022-09-27 07:23:49.783356	JusticeForALLinTurkey
4604	2022-09-27 07:23:51.793729	Democracy
4605	2022-09-27 07:23:52.286033	FreedomForALL
4606	2022-09-27 07:23:52.727913	EnesKanterFREEDOMFoundation
4607	2022-09-27 07:23:54.813365	IslandOfResilience
4608	2022-09-27 07:23:57.273179	Rojava
4609	2022-09-27 07:23:57.777501	Kurds
4610	2022-09-27 07:23:58.440823	TurkeyOutOfRojava
4611	2022-09-27 07:24:06.177416	Syria
4612	2022-09-27 07:24:31.389479	HolocaustRemembranceDay
4613	2022-09-27 07:24:43.123073	India
4614	2022-09-27 07:24:45.944944	Shanghai
4615	2022-09-27 07:24:49.807714	Ramadan
4616	2022-09-27 07:24:51.245521	Vietnam
4617	2022-09-27 07:25:01.876983	Indigenous
4618	2022-09-27 07:25:02.545554	MMIW
4619	2022-09-27 07:25:03.011035	JusticeforIndigenous
4620	2022-09-27 07:25:17.24171	Oscar
4621	2022-09-27 07:25:22.16798	SOSNicaragua
4622	2022-09-27 07:25:29.126265	Myanmar
4623	2022-09-27 07:25:33.711154	Celtics
4624	2022-09-27 07:25:35.556645	Belarus
4625	2022-09-27 07:25:42.078283	NIKE
4626	2022-09-27 07:26:31.717516	FreeNavalny
4987	2022-09-27 11:18:49.529203	QuidProJoe
4988	2022-09-27 11:18:55.524896	DK
4989	2022-09-27 11:18:57.764197	ccintexas
4990	2022-09-27 11:18:58.245077	mt22
4991	2022-09-27 11:18:58.939011	fbn
4992	2022-09-27 11:19:35.651976	pix586
4993	2022-09-27 11:20:27.314149	usacommunity
4994	2022-09-27 11:20:27.851999	conservativechoice
4995	2022-09-27 11:20:36.804864	DividedWeFall
4996	2022-09-27 11:20:37.26328	StrongerTogether
4997	2022-09-27 11:20:38.142091	FollowBack
4998	2022-09-27 11:20:38.598292	Train
5005	2022-09-27 11:22:33.921431	RedRobin
5006	2022-09-27 11:22:38.711572	LionsNotSheep
5007	2022-09-27 11:22:43.242874	BlondiesTrain70
5008	2022-09-27 11:23:27.088196	UsefulIIdiot
5009	2022-09-27 11:23:29.335931	Ranger787TruthTrain
5010	2022-09-27 11:24:15.813878	BlondiesTrain24
5104	2022-09-27 16:13:54.527524	democratcities
5105	2022-09-27 16:14:32.285651	ThanksTrump
5106	2022-09-27 16:14:33.827819	fascists
5107	2022-09-27 16:14:34.302929	rainbowjihad
5108	2022-09-27 16:14:34.773388	okgroomer
5109	2022-09-27 16:14:35.21165	derangement
5110	2022-09-27 16:14:36.924911	hunter
5111	2022-09-27 16:14:40.326287	jenner
5112	2022-09-27 16:14:41.276139	chinavirus
5113	2022-09-27 16:14:44.997824	tucker
5114	2022-09-27 16:14:49.125867	prayforThomas
5115	2022-09-27 16:14:51.095312	ChinaVirus
5116	2022-09-27 16:14:52.099959	hiveai
5264	2022-09-27 19:25:18.476532	MetGala
5266	2022-09-27 19:28:27.360704	letsgrow
5267	2022-09-27 19:29:05.899974	Oklahoma
5268	2022-09-27 19:29:25.402882	PoliticalMemes
5317	2022-09-27 22:43:04.67042	40billion
5336	2022-09-28 03:41:01.738941	clotshot
5337	2022-09-28 03:43:03.126854	enoughsaid
5338	2022-09-28 03:43:55.062802	jesus
5339	2022-09-28 03:44:06.795639	EnjoyTheShow
5340	2022-09-28 03:44:13.885606	ProtectWomensSports
5341	2022-09-28 03:47:35.836359	Followthefollowers
5342	2022-09-28 03:49:59.140577	WeAllKnow
5343	2022-09-28 03:50:15.531595	TRUMP2020KAG
5344	2022-09-28 03:50:30.888173	DeSantisLand
5345	2022-09-28 03:50:32.355907	DisneyLand
5346	2022-09-28 03:50:36.178278	DontSayGay
5347	2022-09-28 03:51:45.663152	corrupt
5348	2022-09-28 03:52:25.234153	mediacorruption
5349	2022-09-28 03:52:25.917804	silentmajority
5350	2022-09-28 03:52:36.280691	spineless
5351	2022-09-28 03:53:17.801798	fedsurrection
5352	2022-09-28 03:54:00.118031	FEDUP
5353	2022-09-28 03:55:41.139894	CancelYouTube
5354	2022-09-28 03:55:55.077221	TRUMP2020
5355	2022-09-28 03:56:01.936679	USArmy
5356	2022-09-28 03:56:02.387252	USMarines
5357	2022-09-28 03:56:02.824713	USNavy
5358	2022-09-28 03:56:05.38313	Woke
5359	2022-09-28 03:56:05.805957	Wake
5360	2022-09-28 03:56:06.797215	AustraliaPatriots
5361	2022-09-28 03:56:07.282104	CanadaPatriots
5362	2022-09-28 03:56:08.01828	MexicoPatriots
5363	2022-09-28 03:56:08.729637	Biolab
5446	2022-09-28 05:21:43.838941	slowjoe
5447	2022-09-28 05:21:45.399811	weneedtrump
5448	2022-09-28 05:22:37.037647	Killary
5469	2022-09-28 06:11:46.18952	WDM
5471	2022-09-28 06:15:45.385117	rhinohuntingszn
5477	2022-09-28 06:19:21.466209	moderna
5478	2022-09-28 06:19:22.129314	plandemic
5484	2022-09-28 06:31:04.361768	JoanRivers
5485	2022-09-28 06:31:04.808982	Obamacrimefamily
5486	2022-09-28 06:31:17.814994	CrimeFamilies
5487	2022-09-28 06:31:19.097815	Bush
5488	2022-09-28 06:43:05.720463	SaveTheUSA
5489	2022-09-28 06:44:10.278859	clintoncrimefamily
5490	2022-09-28 06:44:12.729824	Michigan
5491	2022-09-28 06:44:13.956076	Colorado
5492	2022-09-28 06:44:14.382315	Fullforensicsudits
5493	2022-09-28 06:44:16.731767	GeorgeMagazine
5494	2022-09-28 06:44:56.480406	Apprentice
5495	2022-09-28 06:44:57.645853	CelebrityApprentice
5496	2022-09-28 06:44:58.081145	AnnieDuke
5497	2022-09-28 06:48:19.679113	LindsayGraham
5500	2022-09-28 07:07:11.185369	children
5501	2022-09-28 07:07:11.616904	poison
5535	2022-09-28 07:32:37.694205	LiquidGold
5612	2022-09-28 08:07:19.003978	JFKJr
5613	2022-09-28 08:07:19.409349	HRC
5615	2022-09-28 08:07:20.2856	Foster
5617	2022-09-28 08:07:21.140613	Scheib
5618	2022-09-28 08:07:21.577341	Rich
5619	2022-09-28 08:07:22.010719	Lucas
5623	2022-09-28 08:08:26.456793	GodisReal
5626	2022-09-28 08:09:45.046804	MATT
5627	2022-09-28 08:09:46.341693	FuckFauci
5628	2022-09-28 08:10:00.801532	AmishFarmersUnderAttack
5631	2022-09-28 08:13:58.101282	australia
5632	2022-09-28 08:13:58.518801	covid19
5646	2022-09-28 08:14:44.987879	thesepeoplearesick
5647	2022-09-28 08:14:45.664492	sick
5648	2022-09-28 08:14:49.337784	EvilDevilCrazyNancy
5650	2022-09-28 08:16:10.244854	jussayin
5655	2022-09-28 08:17:23.31425	ExposeThemAll
5657	2022-09-28 08:18:38.536249	fbi
5658	2022-09-28 08:18:38.942785	cia
5659	2022-09-28 08:18:39.364395	spy
5660	2022-09-28 08:18:40.052526	senators
5663	2022-09-28 08:22:17.086521	donnytisthewaytobefree
5666	2022-09-28 08:24:05.23729	StopTesting
5667	2022-09-28 08:24:06.340936	WeDoNotConsent
5668	2022-09-28 08:24:06.791394	TeachPeace
5670	2022-09-28 08:24:24.48434	snapoutofit
5672	2022-09-28 08:24:25.923428	jesuswins
5673	2022-09-28 08:24:27.216316	holdtheline
5675	2022-09-28 08:31:12.47283	BabyBoomers
5676	2022-09-28 08:32:05.967298	gaga0609
5680	2022-09-28 08:34:33.941193	NothingCanStopWhatIsComing
5681	2022-09-28 08:36:00.962128	dtoo
5683	2022-09-28 08:42:30.066309	GODwins
4627	2022-09-27 08:09:27.618906	elonchoccymilk
4628	2022-09-27 08:09:37.241612	Counterculture
4629	2022-09-27 08:10:16.24194	truethevote
4630	2022-09-27 08:11:08.365337	CrookedH
4631	2022-09-27 08:30:48.573292	Ian
4632	2022-09-27 08:30:52.487422	hurricanian
4633	2022-09-27 08:30:58.522092	HurricaneIan
4634	2022-09-27 08:30:58.964713	Hurricane
4635	2022-09-27 08:31:42.239117	GruesomeNewsom
4636	2022-09-27 08:31:52.962474	USSecretService
4637	2022-09-27 08:31:58.216087	Boooyah
4638	2022-09-27 08:32:25.034114	HuskerNation
4639	2022-09-27 08:32:25.423879	FireFrost
4640	2022-09-27 08:32:25.843998	RockChalkJayhawkKU
4641	2022-09-27 08:32:26.799368	Awesome
4642	2022-09-27 08:32:30.537281	sigh
4643	2022-09-27 08:32:40.350455	Ivermectin
4644	2022-09-27 08:32:40.83151	tech
4645	2022-09-27 08:32:43.20507	jeep
4646	2022-09-27 08:33:05.048194	jobkiller
4647	2022-09-27 08:33:36.807818	Amen
4648	2022-09-27 08:34:30.391628	exactly
4649	2022-09-27 08:34:35.641191	mybad
4650	2022-09-27 08:34:55.977784	DoubleSecretProbation
4651	2022-09-27 08:35:02.890653	Resident
4652	2022-09-27 08:35:03.296987	Actor
4653	2022-09-27 08:35:12.551253	Whoodathought
4654	2022-09-27 08:35:53.68483	TrumpRaid
4655	2022-09-27 08:35:55.830947	TheEyesofFaith
4656	2022-09-27 08:37:12.768693	peetape
4657	2022-09-27 08:38:02.241229	TRUTHCIVILWAR
4658	2022-09-27 08:38:35.394474	JK
4659	2022-09-27 08:38:46.89602	RussiagateSlayers
4660	2022-09-27 08:39:50.793799	Precipice
4661	2022-09-27 08:40:14.851602	techtyranny
4662	2022-09-27 08:40:15.588735	orwellian
4663	2022-09-27 08:40:33.56336	RecuseGarlandRecuse
4664	2022-09-27 08:40:35.975633	BringItOn
5063	2022-09-27 12:15:54.144341	KariLake
5064	2022-09-27 12:16:45.685183	Trumptrain
5065	2022-09-27 12:16:46.398139	Maenight39
5066	2022-09-27 12:18:11.208857	realdonaldtrump
5067	2022-09-27 12:18:12.150883	IMPEACH
5068	2022-09-27 12:18:34.690165	This
5069	2022-09-27 12:18:36.323122	Awaken
5070	2022-09-27 12:18:36.787008	heroesforhumanity
5071	2022-09-27 12:18:37.239551	gratitude
5072	2022-09-27 12:18:37.684098	happiness
5073	2022-09-27 12:18:38.400648	empower
5074	2022-09-27 12:18:38.849349	nft
5075	2022-09-27 12:18:39.294666	heroestruthtrain
5076	2022-09-27 12:18:39.733063	aheroinyou
5077	2022-09-27 12:18:40.16835	heroesfollowheroes
5078	2022-09-27 12:18:41.144125	enlighten
5079	2022-09-27 12:18:41.578877	success
5080	2022-09-27 12:18:42.284107	whatinspiresme
5081	2022-09-27 12:18:42.735434	herostories
5082	2022-09-27 12:18:43.181141	nominateyourhero
5083	2022-09-27 12:18:52.839899	PatriotsUnite
5084	2022-09-27 12:21:11.078325	ggTrains
5117	2022-09-27 16:14:59.211059	hive
5118	2022-09-27 16:15:00.46928	coveffe
5119	2022-09-27 16:15:02.355292	happyinternationalwomensday
5120	2022-09-27 16:15:04.888556	dod
5121	2022-09-27 16:15:05.512563	epicfail
5122	2022-09-27 16:15:06.511161	justthenews
5123	2022-09-27 16:15:18.572843	veep
5124	2022-09-27 16:15:21.274528	FactsFirst
5125	2022-09-27 16:15:22.35889	transgendering
5126	2022-09-27 16:15:22.836892	STOPTHESTEAL
5127	2022-09-27 16:15:26.580963	magaagain
5128	2022-09-27 16:16:05.318266	Wuhan
5129	2022-09-27 16:16:07.454444	rondesantis
5130	2022-09-27 16:16:10.818571	ivermectin
5131	2022-09-27 16:16:11.248299	hydroxychloroquine
5138	2022-09-27 16:34:30.766931	BlondiesTrain42
5140	2022-09-27 16:39:12.575276	smallaccountexplosion
5141	2022-09-27 16:40:05.682684	Yuge
5142	2022-09-27 16:42:58.809055	AskJandA
5157	2022-09-27 16:44:49.547308	BrianCates
5158	2022-09-27 16:51:08.232561	GodBlessTheWorld
5159	2022-09-27 16:51:08.659505	GODSARMY
5160	2022-09-27 16:51:10.379828	ArchKennedy
5164	2022-09-27 16:51:16.850016	DumbTS7500caprule
5165	2022-09-27 16:52:06.697246	l0
5166	2022-09-27 16:52:15.00195	RightWingJewess
5169	2022-09-27 16:53:09.558638	exposevoterfraud
5172	2022-09-27 16:54:53.54672	WeKnow
5175	2022-09-27 16:56:38.931079	choochoo
5176	2022-09-27 16:57:42.840542	Trump2020
5180	2022-09-27 16:57:45.388653	ReadThePosts
5187	2022-09-27 17:04:41.651951	LIKE
5188	2022-09-27 17:05:04.253452	SilentNoMore
5189	2022-09-27 17:05:08.702301	IMissPresTrump
5191	2022-09-27 17:05:12.855399	AMMOUP
5269	2022-09-27 20:56:22.081654	ExposeIlluminati
5270	2022-09-27 20:56:24.256347	united
5271	2022-09-27 20:56:24.681532	godwins
5272	2022-09-27 20:56:25.099544	godsarmy
5273	2022-09-27 20:57:28.180976	ThePedophileDisclosureProject
5274	2022-09-27 20:58:21.94972	liberalmentaldisorder
5275	2022-09-27 20:58:22.332909	fear
5276	2022-09-27 20:59:15.57034	TruthMatters
5277	2022-09-27 20:59:16.961431	GODWON
5278	2022-09-27 20:59:18.311452	GameOver
5279	2022-09-27 20:59:19.990485	A%E1%B5%80W%E1%B4%B4A%E1%B4%B1K%E1%B4%B3E%E1%B4%BFN%E1%B4%B1I%E1%B4%ACN%E1%B5%80G
5280	2022-09-27 21:00:55.072882	crimesaginsthumaniry
5281	2022-09-27 21:00:55.513237	weresfauci
5282	2022-09-27 21:00:55.942234	knowingly
5318	2022-09-28 02:06:21.454842	MediaBias
5319	2022-09-28 02:54:12.792443	CNNShakeup
5364	2022-09-28 04:26:28.280652	TruthBomb
5365	2022-09-28 04:27:58.623935	TrumpB424
5366	2022-09-28 04:28:12.100704	VetLivesMatter
5367	2022-09-28 04:31:11.390043	FOLLOW
5378	2022-09-28 04:35:47.144508	FAntifa
5379	2022-09-28 04:35:47.56931	closetheborder
5382	2022-09-28 04:35:48.960402	NottheSniffersChildren
5383	2022-09-28 04:35:49.419029	OurChildren
5384	2022-09-28 04:35:59.332015	TrumpsTruths
5387	2022-09-28 04:37:16.876313	SenatorKennedy
5390	2022-09-28 04:38:16.508728	celebsarenotgods
5394	2022-09-28 04:38:28.362499	KevinMcCarthy
5406	2022-09-28 04:42:01.513013	parentalrightsbill
5410	2022-09-28 04:44:24.475123	BanDisney
5411	2022-09-28 04:44:55.397603	jfk
5414	2022-09-28 04:44:56.95252	ThePlan
5417	2022-09-28 04:45:38.330448	WeHaveItAll
5421	2022-09-28 04:45:50.390612	Pizzagate
5423	2022-09-28 04:47:18.150505	caught
5450	2022-09-28 05:53:03.829292	Oneconcerneddude
5451	2022-09-28 05:53:04.840171	roosteralamo
5454	2022-09-28 05:53:49.048283	LadyLiberty817
5455	2022-09-28 05:54:02.995312	pepelepugh
5456	2022-09-28 05:54:25.65232	Roosteralmo
5457	2022-09-28 05:54:28.779941	INGODWETRUST
5698	2022-09-28 08:45:15.922364	TrupForAmerica
5702	2022-09-28 08:48:13.030312	vegetable
5703	2022-09-28 08:48:14.733616	HillaryForPrison
5704	2022-09-28 08:49:04.795186	SAveAmerica
5705	2022-09-28 08:49:05.630278	Infiltration
5706	2022-09-28 08:50:01.007331	JesusPleasePutTrumpInOffice
5707	2022-09-28 08:50:03.413061	alwaysbeready
5708	2022-09-28 08:50:03.85844	nra
5709	2022-09-28 08:50:08.244598	MRL
5712	2022-09-28 08:54:40.686519	Pw
5714	2022-09-28 08:57:09.385158	kevinmccarthy
5716	2022-09-28 08:57:37.741091	flagchallenge
5718	2022-09-28 08:57:39.317163	loveamerica
7039	2022-09-29 23:42:33.214511	CorporateWokeism
7040	2022-09-29 23:42:36.167959	exposeevil
7041	2022-09-29 23:42:36.869011	queer
7042	2022-09-29 23:42:37.594917	GAYMONTH
7043	2022-09-29 23:42:38.028911	GayAgenda
7044	2022-09-29 23:42:38.777799	ChildAbuse
7045	2022-09-29 23:42:39.210526	dragqueen
7046	2022-09-29 23:42:40.250575	Rainbow
7047	2022-09-29 23:42:48.331214	SHAMEONYOU
7048	2022-09-29 23:42:48.784993	judgementiscoming
7049	2022-09-29 23:42:49.216391	wrathofGod
7050	2022-09-29 23:42:50.216592	sexualizationofchildren
7051	2022-09-29 23:42:50.904579	theyrecomingforyourkids
7052	2022-09-29 23:42:52.395998	ShameTheShameless
7053	2022-09-29 23:42:53.161928	DragShowForKids
7054	2022-09-29 23:42:53.997701	pedophile
7055	2022-09-29 23:42:54.453335	ReturntoGod
7056	2022-09-29 23:42:55.685692	kidslivesmatter
7057	2022-09-29 23:42:56.412053	genderconfusion
7058	2022-09-29 23:42:59.309998	victimmentality
7059	2022-09-29 23:42:59.905488	virtuesignaling
7060	2022-09-29 23:43:10.286218	OkGroomer
7061	2022-09-29 23:43:13.45398	demons
7074	2022-09-30 22:26:38.274719	JeffreyDahmer
7075	2022-09-30 22:28:49.669539	DeSantis2028
7076	2022-09-30 22:29:06.63486	SuddenDeath
7077	2022-09-30 22:29:08.416704	TrustTheScience
7078	2022-09-30 22:29:38.492246	BelieveAllWomen
7079	2022-09-30 22:29:41.880726	wrongpresident
7080	2022-09-30 22:29:59.556931	warisaracket
7081	2022-09-30 22:30:23.345053	CovenantOfDominion
7082	2022-09-30 22:31:36.664896	AbolishTheIRS
7083	2022-09-30 22:32:19.897412	BadAss
7084	2022-09-30 22:32:32.67898	ThanksJoeBiden
7085	2022-09-30 22:32:38.258369	TheGenocideEndsToday
7086	2022-09-30 22:32:42.839288	newrules
7087	2022-09-30 22:32:44.80909	PatriotParty
7088	2022-09-30 22:32:45.401861	NoMoreRINOS
7089	2022-09-30 22:32:47.179266	BeColorBlind
7090	2022-09-30 22:33:03.152164	FLORIDA
7091	2022-09-30 22:33:03.913785	ULTRAMAGA
7092	2022-09-30 22:33:05.255435	TRUMPTRUTHS
7093	2022-09-30 22:34:20.251012	lgbfjb
7096	2022-09-30 22:36:40.138207	laralogan
7097	2022-09-30 22:38:09.209918	IStandWithLatvia
7098	2022-09-30 22:38:38.023559	IStandWithJesus
7099	2022-09-30 22:38:49.716481	IStandWithPutin
7101	2022-09-30 22:40:48.509006	stopthedistraction
7104	2022-09-30 22:41:28.455835	Graham
7106	2022-09-30 22:42:12.315787	wedontforget
7108	2022-09-30 22:42:19.088352	grace
7109	2022-09-30 23:01:44.254036	LoriLightfoot
7110	2022-09-30 23:01:44.920839	GregAbbott
7111	2022-09-30 23:03:57.877131	NAACP
7113	2022-09-30 23:10:36.738575	BuyingVotes
7114	2022-09-30 23:11:50.703533	m39
7225	2022-10-01 01:40:33.236196	2NDINLINEFORPRESIDENCY
7226	2022-10-01 01:41:50.291424	CWC
7227	2022-10-01 01:43:15.575552	jim
7228	2022-10-01 01:45:27.483544	Jan6th
7306	2022-10-01 05:00:22.830704	LetTheTruthBegin
7330	2022-10-01 05:18:09.838718	justoneguysopinion
7337	2022-10-01 05:19:21.75155	NeverAgain
7340	2022-10-01 05:19:42.142289	PutGod1st
7345	2022-10-01 05:20:39.365655	awakeandalive
7348	2022-10-01 05:22:09.685862	Trumplady
7350	2022-10-01 05:23:42.041072	taxesshouldnthappen
7351	2022-10-01 05:24:17.287271	swine
7353	2022-10-01 05:24:38.994858	smilealittle
7357	2022-10-01 05:25:37.200931	crookedbiden
7358	2022-10-01 05:25:43.674497	smilewhenyoucan
7359	2022-10-01 05:27:32.981384	flannelfriday
7361	2022-10-01 05:28:24.2282	STFU
7364	2022-10-01 05:33:28.50884	duckduckgo
7365	2022-10-01 05:33:28.94353	brave
7366	2022-10-01 05:33:29.392501	bravesearch
7367	2022-10-01 05:34:41.666392	rothschilds
7448	2022-10-01 09:26:59.612124	Clintons
7449	2022-10-01 09:27:00.053475	killers
7450	2022-10-01 09:27:36.364351	InsiderTrading
7451	2022-10-01 09:31:00.091711	maskmandate
7452	2022-10-01 09:31:00.832437	CDCIsCorrupt
7453	2022-10-01 09:31:33.613236	Tedcruz
7454	2022-10-01 09:32:57.318721	TheBigGuy
7455	2022-10-01 09:34:47.453184	BidenCrimesAgainstHumanity
7456	2022-10-01 09:36:21.36567	PatriotsInControl
7457	2022-10-01 09:36:21.768136	BiggestStingOperation
7458	2022-10-01 09:37:21.733032	GUNRIGHTS
7459	2022-10-01 09:44:31.526364	Oil
7460	2022-10-01 09:44:31.97091	TedNugent
7461	2022-10-01 09:46:20.001992	Vaccinedeaths
7462	2022-10-01 09:46:23.696732	SouthCarolina
7463	2022-10-01 09:46:24.086617	KrystleMatthews
7464	2022-10-01 09:49:19.179131	BidenHasBrokenAmerica
7465	2022-10-01 09:49:19.863898	rinosmustgo
7466	2022-10-01 09:50:58.664204	taxation
7467	2022-10-01 09:51:10.066938	Trumpwon2020
7468	2022-10-01 09:56:04.612268	Love1
7469	2022-10-01 09:56:48.722453	Q01
7470	2022-10-01 09:57:14.590868	cwmwisdom
7471	2022-10-01 09:59:54.083547	BrandyTifa
7472	2022-10-01 10:01:29.403543	RACISTSHYPOCRITESandLIARS
7473	2022-10-01 10:01:38.323619	CutTheCrapShow
7474	2022-10-01 10:01:38.737316	JovanHuttonPulitzer
7475	2022-10-01 10:01:39.21143	BallotMules
7476	2022-10-01 10:02:48.741564	TRUM
7477	2022-10-01 10:03:08.273452	FallofTheCabal
7478	2022-10-01 10:03:09.495319	ItHadToBeThisWay
7479	2022-10-01 10:03:16.629158	d47
7480	2022-10-01 10:06:11.547439	DAVOS
7481	2022-10-01 10:06:12.000803	oneworldgovernment
7482	2022-10-01 10:06:12.737523	MKULTRA
7483	2022-10-01 10:06:15.583909	MAGA4LIFE
7484	2022-10-01 10:07:03.614078	TeamAmerica
7485	2022-10-01 10:11:00.71242	Midterms2022
7486	2022-10-01 10:13:12.987373	TimeForChange
7487	2022-10-01 10:13:27.620174	backfire
7488	2022-10-01 10:13:59.23399	UMTT
7489	2022-10-01 10:17:03.907571	RatDog
7490	2022-10-01 10:17:05.398549	penisenvy
7491	2022-10-01 10:17:41.319453	Amazon
7561	2022-10-01 12:07:41.301951	Kiev
7575	2022-10-01 14:14:34.696248	Monday
5699	2022-09-28 08:47:03.946317	kaybird59
5700	2022-09-28 08:47:37.075821	TrustThePlan
5701	2022-09-28 08:48:01.72239	SBN
5713	2022-09-28 08:55:25.810651	NoIllegals
5715	2022-09-28 08:57:10.598994	franklymemen
7062	2022-09-29 23:48:58.437557	LGBFJB
7063	2022-09-29 23:49:01.616089	conventionofstates
7067	2022-09-30 00:03:13.079613	boycottwalmart
7094	2022-09-30 22:36:32.083853	dadmove
7095	2022-09-30 22:36:36.001637	BidenIsThePatsy
7100	2022-09-30 22:40:48.078596	holdheraccountable
7102	2022-09-30 22:41:06.71403	Thatsmysenator
7103	2022-09-30 22:41:26.137221	PeePadsAndKneePads
7105	2022-09-30 22:41:28.924183	FRAUDS
7107	2022-09-30 22:42:18.140271	humanity
7229	2022-10-01 02:17:14.966951	stopchildsextrafficking
7230	2022-10-01 02:17:15.381559	SaveOurChidren
7231	2022-10-01 02:19:48.918981	PELOSIBUSTED
7232	2022-10-01 02:19:55.071891	TN1
7233	2022-10-01 02:19:56.980429	WindDirectionMatters
7234	2022-10-01 02:27:58.409199	pedopete
7235	2022-10-01 02:32:44.719706	J6Commission
7236	2022-10-01 02:33:49.700318	FDemocrats
7237	2022-10-01 02:33:53.658878	bidenworstpresidentever
7238	2022-10-01 02:38:46.642598	tamponshortage
7239	2022-10-01 02:38:47.173997	Brawny
7240	2022-10-01 02:38:52.796672	%F0%9D%94%B9%F0%9D%95%9A%F0%9D%95%95%F0%9D%95%96%F0%9D%95%9F%F0%9D%95%97%F0%9D%95%9D%F0%9D%95%92%F0%9D%95%A5%F0%9D%95%9A%F0%9D%95%A0%F0%9D%95%9F
7241	2022-10-01 02:38:53.312412	%F0%9D%94%BD%F0%9D%95%81%F0%9D%94%B9
7242	2022-10-01 02:38:53.854242	%F0%9D%94%BD%F0%9D%95%81%F0%9D%94%B9%F0%9D%95%9A%F0%9D%95%95%F0%9D%95%96%F0%9D%95%9F
7243	2022-10-01 02:38:54.325831	%F0%9D%95%83%F0%9D%95%96%F0%9D%95%A5%F0%9D%95%A4%F0%9D%94%BE%F0%9D%95%A0%F0%9D%94%B9%F0%9D%95%A3%F0%9D%95%92%F0%9D%95%9F%F0%9D%95%95%F0%9D%95%A0%F0%9D%95%9F
7244	2022-10-01 02:39:35.223701	J6CommitteeHoaxers
7245	2022-10-01 02:41:12.571483	2Genders
7246	2022-10-01 02:45:38.507663	FireArms
7247	2022-10-01 02:45:38.987517	dummyrats
7248	2022-10-01 02:46:42.601149	TrumpTowers
7249	2022-10-01 02:51:11.898599	MailInBallot
7250	2022-10-01 02:51:12.572263	AbsenteeBallots
7251	2022-10-01 02:51:13.005239	PA
7252	2022-10-01 02:51:18.503895	Recession
7253	2022-10-01 02:51:34.484498	Comfy
7254	2022-10-01 02:51:34.905208	UltraMAGAKing
7255	2022-10-01 02:53:20.614487	Sheriffs
7256	2022-10-01 02:53:21.252773	prosecute
7257	2022-10-01 02:57:21.392517	Nothingcanstopwhatiscoming
7258	2022-10-01 02:57:47.998401	Fooked
7259	2022-10-01 02:58:57.376494	conflictofinterest
7260	2022-10-01 03:02:02.217838	HERSHEYS
7261	2022-10-01 03:02:02.700261	BOYCOTT
7262	2022-10-01 03:02:05.751823	ben
7263	2022-10-01 03:05:19.166144	trumpisback
7264	2022-10-01 03:05:47.644406	Decency
7265	2022-10-01 03:06:29.810401	jimcaviezel
7266	2022-10-01 03:06:30.248167	thestormisuponus
7267	2022-10-01 03:06:30.686801	whatstormMrPresident
7268	2022-10-01 03:12:47.927409	regan
7307	2022-10-01 05:02:38.910835	begginbiden
7311	2022-10-01 05:07:28.918209	TrumpRaided
7313	2022-10-01 05:07:33.581133	VinScully
7318	2022-10-01 05:10:51.563348	Honor
7324	2022-10-01 05:16:07.435429	Advance
7328	2022-10-01 05:16:51.969745	ClintKick
7331	2022-10-01 05:18:32.702861	dadjoke
7332	2022-10-01 05:18:33.377388	itsokaytosmile
7333	2022-10-01 05:18:35.194663	gettingeasy
7335	2022-10-01 05:18:54.376391	ftf
7338	2022-10-01 05:19:27.856156	mediasucks
7339	2022-10-01 05:19:37.840091	sticktothescript
7343	2022-10-01 05:20:21.196	alwaysremember
7352	2022-10-01 05:24:38.60451	dailyfun
7354	2022-10-01 05:25:22.619248	followthefollower
7355	2022-10-01 05:25:25.117925	fuel
7356	2022-10-01 05:25:36.779856	whereshunterbidenslaptop
7360	2022-10-01 05:28:21.92416	qdropreality
7492	2022-10-01 10:27:03.289096	canelmaddow
7493	2022-10-01 10:28:33.51191	TRUTHWARRIORS
7494	2022-10-01 10:31:56.367463	Laptopfromhell
7495	2022-10-01 10:35:32.033159	julianassange
7496	2022-10-01 10:35:33.74326	JulianAssange
7497	2022-10-01 10:35:34.136661	WikiLeaks
7498	2022-10-01 10:35:35.364573	information
7499	2022-10-01 10:35:35.8046	Government
7500	2022-10-01 10:35:38.334034	mediadeception
7501	2022-10-01 10:35:45.181647	wikileaks
7502	2022-10-01 10:35:45.615481	comms
7503	2022-10-01 10:35:47.424699	Surveillance
7504	2022-10-01 10:37:56.439138	MoreLike99
7505	2022-10-01 10:38:22.359356	hillary
7506	2022-10-01 10:41:06.660151	supportourtroops
7507	2022-10-01 10:43:24.553681	Curruption
7508	2022-10-01 10:43:25.236692	CheatingDemocrats
7509	2022-10-01 10:45:48.947723	RICO
7510	2022-10-01 10:46:37.875036	GhislaineMaxwell
7511	2022-10-01 10:46:38.267004	JeffreyEpstein
7512	2022-10-01 10:46:38.769173	HumanTrafficking
7513	2022-10-01 10:50:40.578045	VACCINEREACTIONS
7514	2022-10-01 10:52:16.120173	Waltdisney
7515	2022-10-01 10:52:32.887684	embarrassing
7516	2022-10-01 10:53:23.956629	2020Coup
7517	2022-10-01 10:53:37.459489	SadButTrue
7518	2022-10-01 10:57:19.281602	BIGGUY
7519	2022-10-01 10:57:19.73277	BOGUSBIDEN
7520	2022-10-01 10:58:28.795423	zelenskyy
7521	2022-10-01 10:58:29.232051	BQQM
7522	2022-10-01 10:59:26.696178	decertify
7523	2022-10-01 10:59:29.303301	trumplady
7524	2022-10-01 10:59:31.294959	BidenCriminalCabal
7525	2022-10-01 10:59:31.718103	FJBX3
7526	2022-10-01 11:01:22.439956	boycottdisney
7527	2022-10-01 11:03:23.020569	PENNSTATE
7528	2022-10-01 11:03:23.433949	Marxist
7529	2022-10-01 11:03:24.454657	WEG1WGA
7530	2022-10-01 11:03:59.790999	electionCrimes
7562	2022-10-01 12:07:42.107579	Odessa
7576	2022-10-01 14:17:55.579379	NeverForgetBenghazi
7577	2022-10-01 14:34:27.562003	DeathPenalty
7578	2022-10-01 14:36:32.502077	UnitedStatesGovernment
7579	2022-10-01 14:36:32.93567	dictatorship
7581	2022-10-01 14:43:30.659511	House
7582	2022-10-01 14:45:11.473993	whyliberalssuck
7584	2022-10-01 14:47:06.327846	thesaltycracker
7586	2022-10-01 14:47:07.22893	salty
7589	2022-10-01 14:47:08.535201	billclinton
7591	2022-10-01 14:47:09.439311	haiti
7592	2022-10-01 14:47:10.166676	clintons
7594	2022-10-01 14:47:11.588643	clintonfamily
7597	2022-10-01 14:54:32.782285	Smolleted
7598	2022-10-01 14:54:34.014413	Findthem
7599	2022-10-01 14:54:34.663523	400vests
7601	2022-10-01 14:56:32.521003	WARNING
7604	2022-10-01 15:01:26.278722	TwoTieredJusticeSystem
5710	2022-09-28 08:51:57.726648	AdamSchiff
5711	2022-09-28 08:51:58.291266	Pedophile
5717	2022-09-28 08:57:38.13135	Followers
5719	2022-09-28 08:57:39.749892	LOVEAMERICANS
5720	2022-09-28 08:59:14.100502	45and47
5721	2022-09-28 09:33:57.859876	Warroom
5722	2022-09-28 09:34:04.504198	ChrisStevens
5723	2022-09-28 09:34:04.901363	SeanSmith
5724	2022-09-28 09:34:05.369374	GlenDoherty
5725	2022-09-28 09:34:05.793138	TyroneWoods
5726	2022-09-28 09:57:41.495668	GODSSOLDIER
5727	2022-09-28 09:58:31.536282	CONFESSOURSINS
5728	2022-09-28 09:58:31.955952	JOHN3
5729	2022-09-28 09:58:47.685962	Navyseal
5730	2022-09-28 09:58:48.219392	ericgreitens
5731	2022-09-28 09:58:50.77238	Americans
5732	2022-09-28 09:58:55.362241	MSNBC
5733	2022-09-28 10:15:41.211865	HB1464
5734	2022-09-28 10:15:41.627959	electionintegrity
5735	2022-09-28 10:15:42.290787	electionreform
5736	2022-09-28 10:15:58.443947	Wakeup
5737	2022-09-28 10:15:58.902368	Followme
5738	2022-09-28 10:26:48.507112	Antifa
5739	2022-09-28 10:26:48.939767	crime
5740	2022-09-28 10:27:11.87834	Racist
5741	2022-09-28 10:27:44.09914	musk
5742	2022-09-28 10:27:45.311803	realdailytrades
5743	2022-09-28 10:27:47.089387	currency
5744	2022-09-28 10:27:47.561781	stock
5745	2022-09-28 10:27:48.545133	market
5746	2022-09-28 10:27:48.995798	trade
5747	2022-09-28 10:27:49.450713	buy
5748	2022-09-28 10:27:49.91024	sell
5749	2022-09-28 10:27:50.854411	coinbase
5750	2022-09-28 10:28:03.84936	Paintmycountryred
5751	2022-09-28 10:29:36.051666	lovejesus
5752	2022-09-28 10:29:36.720802	dontbealibtard
5753	2022-09-28 10:37:50.526585	ultraMAGA
5754	2022-09-28 10:37:53.085798	PedoPeter
5755	2022-09-28 10:37:53.788786	JAN6
5756	2022-09-28 10:37:54.220874	patriotgames
5757	2022-09-28 10:37:55.190384	patriotsunite
5758	2022-09-28 10:37:57.579856	FAM88
5759	2022-09-28 10:38:09.412456	ROTUS
5760	2022-09-28 10:38:15.527149	DustyHill
5761	2022-09-28 10:38:15.923537	ZZTop
5762	2022-09-28 10:38:16.464192	classicrock
5763	2022-09-28 10:39:15.665481	MALA
5764	2022-09-28 10:39:20.732416	sheepypeople
5765	2022-09-28 11:30:40.209567	Trafficking
5766	2022-09-28 11:54:55.057697	update
5767	2022-09-28 12:20:34.490895	LMAO
5768	2022-09-28 12:20:51.287455	CVMA
5769	2022-09-28 12:59:01.793243	Karen
5770	2022-09-28 12:59:50.767295	StaceyAbrams
5771	2022-09-28 13:00:09.109048	Hypocrisy
5772	2022-09-28 13:00:45.451694	BrettKavanaugh
5773	2022-09-28 13:01:24.137233	Absolutely
5774	2022-09-28 13:01:39.855979	THIS
5775	2022-09-28 13:02:22.426965	Following
5776	2022-09-28 13:15:28.582919	CloseTheBorder
5777	2022-09-28 13:15:28.994179	SecureThePolls
5778	2022-09-28 13:16:04.338095	BidenSucks
5779	2022-09-28 13:16:31.299932	PrayerChain
5780	2022-09-28 13:16:31.970389	JusticeClarenceThomas
5781	2022-09-28 13:16:32.673101	goodnreadyt
5782	2022-09-28 13:18:38.708877	louiegiglio
5783	2022-09-28 13:19:54.927436	abbafather
5784	2022-09-28 13:19:59.166276	Comforter
5785	2022-09-28 13:26:23.432541	betterbeready
5786	2022-09-28 13:28:08.074912	iam
5787	2022-09-28 13:29:04.847009	neversaywecant
5788	2022-09-28 13:29:37.432698	whenitrustGod
5789	2022-09-28 13:29:44.903362	bidenamerica
5790	2022-09-28 13:30:22.886027	fleetwoodmac
5791	2022-09-28 13:30:23.367193	landslide
5792	2022-09-28 13:32:10.214854	marktwain
5793	2022-09-28 13:32:37.073366	tellthetruth
5794	2022-09-28 13:32:41.362588	truthbomb
5795	2022-09-28 13:38:00.826912	HEISRISEN
5796	2022-09-28 14:25:38.712312	petvaccineskillers
5797	2022-09-28 14:31:11.619367	whereisthelist
5798	2022-09-28 15:14:40.378072	WY3
5799	2022-09-28 15:15:06.471867	Nuremberg2
5800	2022-09-28 15:17:25.300899	trumpswaronchildtrafficking
5801	2022-09-28 15:20:26.864884	TRUTHoftheday
5802	2022-09-28 15:21:44.245447	MISSTrump
5803	2022-09-28 15:22:06.643186	AssaultWeaponsBan
5804	2022-09-28 15:22:33.129386	feckless
5805	2022-09-28 15:22:33.566121	BorderCzarKamala
5806	2022-09-28 15:22:34.259317	buildthewall
5807	2022-09-28 15:23:46.378943	SussmanTrial
5808	2022-09-28 15:24:00.800184	schoolshootings
5809	2022-09-28 15:24:01.490943	georgefloyd
5810	2022-09-28 15:24:50.405775	VaccineMandates
5811	2022-09-28 15:24:50.797631	VaccinePassports
5812	2022-09-28 15:26:57.104487	DisinformationGovernanceBoard
5813	2022-09-28 15:29:04.271298	memepage
5814	2022-09-28 15:31:30.412505	NewMexicoforTrump
5815	2022-09-28 15:31:30.807269	FreedomRide
5816	2022-09-28 15:31:31.491863	SantafeNM
5817	2022-09-28 15:31:31.916886	VoteRedToSaveAmercia
5818	2022-09-28 15:31:33.607921	NewMexico
5819	2022-09-28 15:32:19.296138	VoteThemOut
5820	2022-09-28 15:33:22.520969	PfizerDump
5821	2022-09-28 15:33:57.105902	StopHumanTrafficking
5822	2022-09-28 15:36:07.343428	Bidencheated2020
5823	2022-09-28 15:36:07.769392	ElectionFraud2020
5824	2022-09-28 15:37:41.803695	conspyre
5825	2022-09-28 15:38:01.479089	Women
5826	2022-09-28 15:38:20.287979	TruthOfTheDay
5827	2022-09-28 15:42:05.610936	LockherUp
5828	2022-09-28 15:43:30.672901	RetruthForTrump
5829	2022-09-28 15:45:33.782325	ProtectOurKids
5830	2022-09-28 15:46:03.566782	Haiti
5831	2022-09-28 15:46:05.591628	Cannibal
5832	2022-09-28 15:46:06.018956	SpiritCooking
5833	2022-09-28 15:46:07.304089	LeaveTheCave
5834	2022-09-28 15:47:41.640413	MAGATruth
5835	2022-09-28 15:48:44.681972	PROSECUTE
5836	2022-09-28 15:49:04.632445	Firepelosi
5837	2022-09-28 15:49:25.453043	Redwavecoming
5838	2022-09-28 15:50:05.310922	darktolight
5839	2022-09-28 15:52:12.193888	GodSaveAmerica
5840	2022-09-28 15:52:27.282907	WhoreHouseHarris
5841	2022-09-28 15:52:27.713797	CrackheadHunter
5842	2022-09-28 15:52:29.685554	WeWillStandTogether
5843	2022-09-28 15:52:49.860511	OBAMA
5844	2022-09-28 15:52:50.381829	BRANDON
5845	2022-09-28 15:54:01.40849	ifollowbackallpatriots
5846	2022-09-28 15:54:02.834173	hooah
5847	2022-09-28 15:55:07.243523	GreatMemeWar
5848	2022-09-28 15:55:07.908724	MemesAtTheReady
5849	2022-09-28 15:55:08.408107	TakeTheOath
5850	2022-09-28 15:55:09.367053	SilentMajority
5851	2022-09-28 15:55:09.848125	QArmy
5852	2022-09-28 15:55:10.547399	TakeAMemeLeaveAMeme
5853	2022-09-28 15:55:43.928391	fearmongering
5854	2022-09-28 15:56:04.412938	NEVERFORGET
5855	2022-09-28 15:56:12.007491	JFKwasRight
5856	2022-09-28 16:48:03.630398	ketchup
5857	2022-09-28 16:48:50.137605	magat
5858	2022-09-28 16:49:05.568984	datascience
5859	2022-09-28 16:49:42.377586	MAGAtoilet
5860	2022-09-28 18:47:14.458077	dairyfree
5861	2022-09-28 18:47:15.310794	glutenfree
5862	2022-09-28 18:47:15.967917	blackstone
5863	2022-09-28 20:08:50.211621	Trump24America
5864	2022-09-28 20:29:29.077916	volunteer
5865	2022-09-28 20:29:29.838215	getinvolved
5866	2022-09-28 20:29:30.272409	norinos
5867	2022-09-28 20:29:30.732859	nomoredems
5868	2022-09-28 20:29:47.782516	MAWA
5869	2022-09-28 20:29:48.27282	14WORDS
5870	2022-09-28 20:29:48.747832	NotAshamed
5871	2022-09-28 20:29:49.210205	HailTrump
5872	2022-09-28 20:29:55.274594	HailVictory
5873	2022-09-28 20:30:00.191481	Termlimits
5874	2022-09-28 20:30:49.653839	clownworld
5875	2022-09-28 20:32:59.753454	everythingisalie
5876	2022-09-28 20:33:00.196077	wakeupamerica
5877	2022-09-28 20:33:13.859942	harp
5878	2022-09-28 20:33:19.730369	traitor
5879	2022-09-28 20:36:32.967487	think
5880	2022-09-28 20:36:40.268083	babies
5881	2022-09-28 20:36:40.693719	womb
5882	2022-09-28 20:37:47.55032	mermaid
5883	2022-09-28 20:37:54.596799	BIGFACTS
5884	2022-09-28 20:38:42.437858	Las
5885	2022-09-28 20:39:56.400971	Question
5886	2022-09-28 20:40:49.246355	boston
5887	2022-09-28 20:40:49.669408	bostonstrong
5888	2022-09-28 20:40:50.198354	Tsarnaev
5889	2022-09-28 20:41:20.776639	SavetheChildren
5890	2022-09-28 20:41:21.1666	WeWillNotIgnoreThis
5891	2022-09-28 20:41:21.595646	theworstofhumanityhurtkids
5892	2022-09-28 20:42:39.378154	pissedtxvet
5893	2022-09-28 20:57:50.518945	arrestfauci
5894	2022-09-28 20:57:51.148995	Remdesivir
5895	2022-09-28 20:57:51.581996	wewillneverforget
5896	2022-09-28 21:39:26.283596	facebooksucks
5897	2022-09-28 21:39:26.707457	socialistmedia
5898	2022-09-28 21:42:19.978093	MarjorieTaylorGreene
5899	2022-09-28 21:51:42.179188	restoremyrepublc
5900	2022-09-28 22:29:23.96861	PureBloofForLife
5901	2022-09-28 22:29:44.707246	ripcord
5902	2022-09-28 22:30:55.595721	SenatorRonJohnson
5903	2022-09-28 22:31:18.318207	AndyTifa
5904	2022-09-28 22:31:23.418914	OldManStrength
5905	2022-09-28 22:31:48.095205	NEC
5906	2022-09-28 22:31:58.345765	EmperorDissent
5907	2022-09-28 22:33:15.950716	BeLikebiden
5908	2022-09-28 22:33:25.371667	bidenbikechallenge
5909	2022-09-28 22:33:43.846844	SalcedoStorm
5910	2022-09-28 22:34:30.350828	Gospel
5911	2022-09-28 22:34:30.849874	Prayer
5912	2022-09-28 22:34:31.89803	HolySpirit
5913	2022-09-28 22:34:32.32789	Grace
5914	2022-09-28 22:34:33.015188	Protestant
5915	2022-09-28 22:34:33.463596	Church
5916	2022-09-28 22:34:33.902605	Salvation
5917	2022-09-28 22:34:34.658633	Trinity
5918	2022-09-28 22:34:36.475323	Worship
5919	2022-09-28 22:36:02.465527	RighttoLife
5920	2022-09-28 22:36:03.160936	GoodvsEvil
5921	2022-09-28 22:36:03.634582	MomMadeHerChouceInTheBedroom
5922	2022-09-28 22:36:04.105458	Abstinence
5923	2022-09-28 22:36:04.536905	DontHaveSexDontHaveaBaby
5924	2022-09-28 22:36:05.092978	VerySimpleConcept
5925	2022-09-28 22:40:16.442994	TheForeverLost
5926	2022-09-28 22:40:58.459576	AMERICAwins
5927	2022-09-28 22:41:08.956329	NoDeals
5928	2022-09-28 22:43:25.123595	nuremberg2
5929	2022-09-28 23:28:50.938771	MidtermVariant
5930	2022-09-28 23:29:04.265387	Wewillnotbesilenced
5931	2022-09-28 23:29:27.302552	roevwadeoverturned
5932	2022-09-28 23:29:27.975205	victory
5933	2022-09-28 23:40:47.345049	VaccineScam
5934	2022-09-28 23:41:19.512129	StopTheTreaty
5935	2022-09-28 23:49:28.169901	GodLovesYouTourUK
5936	2022-09-28 23:50:44.977451	TrumpsTruth
5937	2022-09-28 23:51:06.159003	heb10
5938	2022-09-28 23:54:55.273624	cancelcuture
5939	2022-09-28 23:54:55.786576	lunatics
5940	2022-09-28 23:54:56.273125	bringTrumpback
5941	2022-09-28 23:54:56.735317	Thedregsofsociety
5942	2022-09-28 23:54:57.227579	cantmakethisshitup
5943	2022-09-28 23:55:56.451435	hpp
5944	2022-09-29 00:00:18.049205	katkerr
5945	2022-09-29 00:00:18.467116	robinbullock
5946	2022-09-29 00:00:18.917792	hankkunnerman
5947	2022-09-29 00:07:03.300106	Follow
5948	2022-09-29 00:08:01.802491	SarahPalin
5949	2022-09-29 00:08:11.343022	decertify2020election
5950	2022-09-29 00:08:30.818108	destruction
5951	2022-09-29 00:08:31.256466	populationcontrol
5952	2022-09-29 00:09:16.51808	NeverHeardOfSuch
5953	2022-09-29 01:07:25.720682	Parents
5954	2022-09-29 01:15:38.592616	MakeSportsFairAgain
5955	2022-09-29 01:15:39.283964	WomensRights
5956	2022-09-29 01:16:19.615415	vaccineSideEffects
5957	2022-09-29 01:17:45.503581	stolen
5958	2022-09-29 01:17:45.936098	HarryMarkopolos
5959	2022-09-29 01:18:14.166337	gascrisis
5960	2022-09-29 01:18:14.902546	LetThemEatTelsas
5961	2022-09-29 01:20:01.840345	MidTerms2022
5962	2022-09-29 01:24:02.019008	HalynaHutchins
5963	2022-09-29 01:25:38.470679	AmericanSpirit
5964	2022-09-29 01:27:24.466546	GreenNewDeal
5965	2022-09-29 01:29:48.134423	Jan6Hoax
5966	2022-09-29 01:29:48.747685	FreeJan6PoliticalPrisoners
5967	2022-09-29 01:29:49.215883	ReleaseTheFootage
5968	2022-09-29 01:29:49.708789	ProsecutePelosi
5969	2022-09-29 01:30:39.609005	BidenSux
5970	2022-09-29 01:30:41.913784	FauciForPrison
5971	2022-09-29 01:30:44.29637	bidenbordercrisis
5972	2022-09-29 01:31:25.083671	WashingtonDC
5973	2022-09-29 01:31:31.058961	HillaryGate
5974	2022-09-29 01:31:49.539313	standyourground
5975	2022-09-29 01:31:56.564804	Heidi07
5976	2022-09-29 01:32:14.584334	tinpotdictator
5977	2022-09-29 01:32:14.890226	honorRespect
5978	2022-09-29 01:32:24.525891	HonorRespect
5979	2022-09-29 01:34:56.564338	LetsUniteTogether
5980	2022-09-29 01:36:08.000222	womenpower
5981	2022-09-29 01:36:10.741544	13Hours
5982	2022-09-29 01:37:50.362089	adversereaction
5983	2022-09-29 01:37:50.865585	insuranceclaim
5984	2022-09-29 01:38:28.578422	RedFriday
5985	2022-09-29 01:38:30.170433	ThursdayTruths
5986	2022-09-29 01:38:30.61367	truthmatters
5987	2022-09-29 01:38:31.095807	IRSArmy
5988	2022-09-29 01:38:53.604264	reading
5989	2022-09-29 01:39:10.537302	Whyiamhere
5990	2022-09-29 01:39:14.823179	Arrestfauci
5991	2022-09-29 01:40:24.790306	defundFBI
5992	2022-09-29 01:40:39.245846	GrowingPains
5994	2022-09-29 01:41:01.659693	DefundDojFbiIrs
5996	2022-09-29 01:41:03.132732	ProtectTheChildren
5997	2022-09-29 01:41:04.886901	LetsUniteToget
5998	2022-09-29 01:41:56.488842	purgeFBI
5999	2022-09-29 01:41:57.199871	DEFUNDTHEFBI
6000	2022-09-29 01:42:01.917735	GrowingPaine
6004	2022-09-29 01:42:55.242045	Rsbn
6006	2022-09-29 01:43:16.248307	followback
6009	2022-09-29 01:43:58.104983	StopTheFraud
6013	2022-09-29 01:46:34.535924	Thereishope
6014	2022-09-29 01:46:41.654144	nooneshouldbeforced
6015	2022-09-29 01:47:19.557031	LetsUniteToge
6017	2022-09-29 01:48:07.495127	MABA
6018	2022-09-29 01:48:16.038963	progress
6019	2022-09-29 01:50:53.303516	impeach
6020	2022-09-29 01:52:44.168592	fearnot
6021	2022-09-29 01:53:48.534048	democratTricks
6022	2022-09-29 01:54:21.584137	greatReset
6023	2022-09-29 01:54:25.541685	hunterBiden
6024	2022-09-29 01:54:41.334916	Insurrection
6025	2022-09-29 01:55:03.797873	pedo
6026	2022-09-29 01:55:38.580639	wellaintthatthetruth
6027	2022-09-29 01:55:55.198189	TossVos
7064	2022-09-29 23:59:05.214306	HisNameWasSethRich
7112	2022-09-30 23:10:24.324692	Hydroxychloroquine
7115	2022-09-30 23:13:40.923001	Floridaendorsements
7116	2022-09-30 23:13:41.317301	TrumpEndorsement
7117	2022-09-30 23:47:23.444454	pelosimustgo
7118	2022-09-30 23:49:24.834397	huwhitememes
7121	2022-09-30 23:52:41.170356	PO
7122	2022-09-30 23:57:18.637042	Defund
7123	2022-10-01 00:04:07.416594	termlimits
7269	2022-10-01 03:17:25.286411	Savetheworld
7270	2022-10-01 03:17:48.338015	ripTwitter
7271	2022-10-01 03:17:48.720958	ripFacebook
7272	2022-10-01 03:18:09.759393	radio
7273	2022-10-01 03:18:10.657076	gunforhire
7274	2022-10-01 03:20:37.627783	AntediluvianStrampunk
7275	2022-10-01 03:20:51.282401	prayforamerica
7276	2022-10-01 03:21:38.826196	USBioLabs
7277	2022-10-01 03:21:39.275389	Pathogens
7278	2022-10-01 03:21:45.964158	YoureWatchingaMovie
7279	2022-10-01 03:21:46.360959	EnjoytheShow
7308	2022-10-01 05:06:25.013261	selfdrivingtrain
7310	2022-10-01 05:07:21.811397	Slave
7312	2022-10-01 05:07:33.021016	Dodgers
7315	2022-10-01 05:08:36.541177	GalaxyQuest
7316	2022-10-01 05:08:59.472075	FWC
7317	2022-10-01 05:10:20.316293	Redeemeraz
7320	2022-10-01 05:12:17.571238	improvements
7321	2022-10-01 05:12:18.015678	inquiringminds
7342	2022-10-01 05:20:09.598489	DONTTREADONME
7344	2022-10-01 05:20:21.968433	whatgoesaroundcomesaround
7346	2022-10-01 05:21:58.781805	factsoveremotions
7347	2022-10-01 05:21:59.493505	destroytheechochamber
7349	2022-10-01 05:23:41.584945	whenabudgetisntabudget
7362	2022-10-01 05:29:29.137671	fake
7363	2022-10-01 05:29:32.952848	truthisvital
7531	2022-10-01 11:40:16.133305	ScamDemic
7563	2022-10-01 12:17:22.31291	tlc
7580	2022-10-01 14:39:44.913577	MichiganVoterFraud
7583	2022-10-01 14:45:12.199618	kenyaobama
7585	2022-10-01 14:47:06.750509	saltycracker
7587	2022-10-01 14:47:07.6735	saltyarmy
7588	2022-10-01 14:47:08.101654	thesaltmustflow
7590	2022-10-01 14:47:08.969132	thenationalpulse
7593	2022-10-01 14:47:10.917386	clintonfamilycrimes
7595	2022-10-01 14:47:15.126108	ArrestHuntet
7596	2022-10-01 14:47:18.008272	Investigate
7600	2022-10-01 14:56:26.722345	Pepe
7602	2022-10-01 14:56:35.385501	Warning
7607	2022-10-01 15:05:43.238093	Honk
7608	2022-10-01 15:11:42.441048	bidenisweak
7610	2022-10-01 15:12:43.095735	lockemup
7612	2022-10-01 15:14:15.391964	YourFullOfShitJoe
7613	2022-10-01 15:14:15.841922	NotBuyingIt
7616	2022-10-01 15:15:53.812273	UFF45
7620	2022-10-01 15:17:07.520294	%F0%9D%98%9E%F0%9D%98%B0%F0%9D%98%B3%F0%9D%98%AC%F0%9D%98%B4
7622	2022-10-01 15:22:27.368428	bordersecurity
7623	2022-10-01 15:23:07.803022	coronavirus
7625	2022-10-01 15:24:20.701489	warringAgainstGod
7629	2022-10-01 15:24:22.426127	JesusRescues
7632	2022-10-01 15:26:38.832472	patriotforever
7685	2022-10-01 17:00:22.005987	EnergyCrisis
7693	2022-10-03 00:37:14.879798	Forbes400
7701	2022-10-03 09:24:27.51295	trumplovers
7711	2022-10-03 09:27:52.382897	ourpresident
7712	2022-10-03 09:28:11.389919	nothingbutthetruth
7716	2022-10-03 09:28:56.817687	drake
7724	2022-10-03 09:31:18.567707	leavethechildrenalone
7726	2022-10-03 09:32:17.776466	OBAMAGATE
7729	2022-10-03 09:34:18.780317	Fightback
7730	2022-10-03 09:34:23.013779	Pissedoff
7732	2022-10-03 09:37:25.60526	MaternityWard
7734	2022-10-03 09:37:26.706074	Basement
7735	2022-10-03 09:37:27.48188	Lied
7736	2022-10-03 09:37:27.919498	BioLabs
7737	2022-10-03 09:37:28.619812	Confirmed
7738	2022-10-03 09:38:13.753485	constitutionalcarry
7739	2022-10-03 09:39:28.174796	DEMS
7740	2022-10-03 09:40:05.570147	FeralAmericans
7741	2022-10-03 09:40:06.01702	FeralAmericanClothing
7742	2022-10-03 09:40:06.457779	DTOM
7743	2022-10-03 09:40:06.935653	freepeople
7744	2022-10-03 09:40:07.366187	DontTreadOnMe
7745	2022-10-03 09:40:08.105603	AaronLewis
7746	2022-10-03 09:40:08.829237	freedomfighters
7747	2022-10-03 09:40:10.130529	freedominchrist
7748	2022-10-03 09:40:10.57187	freedomisntfree
7749	2022-10-03 09:40:11.023169	freedomlifestyle
7750	2022-10-03 09:40:12.017647	freedomoftheseas
7751	2022-10-03 09:40:12.451176	freedomtochoose
7752	2022-10-03 09:40:13.150198	freedomwriters
7753	2022-10-03 09:40:13.588524	freefire
7754	2022-10-03 09:40:14.019519	FreedomSeeds
7755	2022-10-03 09:40:14.715548	Apparel
7756	2022-10-03 09:43:02.587022	DrainTheDeepStateSwamp
7757	2022-10-03 09:43:23.385515	Agenda2030
7758	2022-10-03 09:43:23.836155	Agenda21
7759	2022-10-03 09:43:24.27191	Agenda2050
7760	2022-10-03 09:43:24.788825	Newworldorder
7761	2022-10-03 09:43:25.538169	TheGreatReset
7762	2022-10-03 09:43:28.700007	Covid_19
7763	2022-10-03 09:43:29.398693	CovidVaccines
7764	2022-10-03 09:44:37.1282	trumpwin
7765	2022-10-03 09:44:38.163075	patriotvoice
7766	2022-10-03 09:45:20.361486	TrueStory
7767	2022-10-03 09:49:52.78998	DemonCrats
7768	2022-10-03 09:51:56.196781	wwg1wg
7769	2022-10-03 09:53:00.150157	bidendidthat
5993	2022-09-29 01:40:44.261545	LetsUnit
5995	2022-09-29 01:41:02.610359	ProtectTheKids
6001	2022-09-29 01:42:40.893282	DefundIRS
6002	2022-09-29 01:42:47.771576	CovidScam
6003	2022-09-29 01:42:53.462094	Rally
6005	2022-09-29 01:43:15.795938	follow
6007	2022-09-29 01:43:16.709584	followers
6008	2022-09-29 01:43:57.610903	VoteFinchem
6010	2022-09-29 01:45:25.752596	derelictionofduty
6011	2022-09-29 01:46:27.586196	dapool
6012	2022-09-29 01:46:34.125742	RoadtoHope
6016	2022-09-29 01:47:50.570881	CANNABILISM
6028	2022-09-29 03:13:58.644344	WomenForTrump
6029	2022-09-29 03:13:59.879702	BidenIsNotMyPresident
6030	2022-09-29 03:14:00.916863	Resist
6031	2022-09-29 03:14:41.352828	Memes
6032	2022-09-29 03:14:41.797977	FightBack
6033	2022-09-29 03:14:42.518626	Conspiracies
6034	2022-09-29 03:14:43.024533	BO
6035	2022-09-29 03:14:43.858694	Hussein
6036	2022-09-29 03:14:44.321031	Barry
6037	2022-09-29 03:15:40.351352	trumpsupporters
6038	2022-09-29 03:17:50.950355	NinaJankowicz
6039	2022-09-29 03:19:09.579411	Easter_2022
6040	2022-09-29 03:20:19.770338	january6
6041	2022-09-29 03:20:20.217933	jan6
6042	2022-09-29 03:20:49.399144	Notjustpoliticsasusual
6043	2022-09-29 03:20:49.826352	timballard
6044	2022-09-29 03:20:50.557179	ourrescue
6045	2022-09-29 03:20:51.100153	operationundergroundrailroad
6046	2022-09-29 03:21:11.375192	WatchTheWater
6047	2022-09-29 03:21:11.827095	SnakeVenom
6048	2022-09-29 03:21:12.271911	DrArdis
6049	2022-09-29 03:21:13.503375	serpent
6050	2022-09-29 03:21:13.946729	devil
6051	2022-09-29 03:21:14.396573	exposed
6052	2022-09-29 03:21:15.352917	mRNA
6053	2022-09-29 03:21:16.921695	Kingcobra
6054	2022-09-29 03:21:17.362204	proteins
6055	2022-09-29 03:21:17.792374	Boosters
6056	2022-09-29 03:21:18.244137	death
6057	2022-09-29 03:21:19.338447	StewPeters
6058	2022-09-29 03:22:38.963129	TruthsTrain
6059	2022-09-29 03:22:39.705934	MAGATruths
6060	2022-09-29 03:22:56.42919	CorruptHillary
6061	2022-09-29 03:22:57.636644	ArrestHer
6062	2022-09-29 03:22:59.935785	libssuck
6063	2022-09-29 03:26:27.861135	vaxxed
6064	2022-09-29 04:02:31.256985	jan6NONselectcomittee
6065	2022-09-29 04:02:39.756692	mypillow
6066	2022-09-29 04:03:25.118345	GreggPhillips
6067	2022-09-29 04:03:25.51178	fearthebeard
6068	2022-09-29 04:03:25.955348	FACTCHECKING
6069	2022-09-29 04:03:26.920818	ballots
6070	2022-09-29 04:06:47.138825	ElectionMeltdown
6071	2022-09-29 04:07:15.079972	PeterThiel
6072	2022-09-29 04:07:15.752805	Capitalism
6073	2022-09-29 04:08:51.714421	military
6074	2022-09-29 04:10:39.770138	KINGTRUMP
6075	2022-09-29 04:12:41.952415	babyformulashortage
6076	2022-09-29 04:12:42.340784	PLANNED
6077	2022-09-29 04:12:43.014399	CommonCore
6078	2022-09-29 04:12:46.583989	BuckFiden
6079	2022-09-29 04:12:47.616245	stupidity
6080	2022-09-29 04:12:48.305634	StolenElections
6081	2022-09-29 04:12:49.140073	idiotsincharge
6082	2022-09-29 04:13:26.011265	Bush43
6083	2022-09-29 04:13:26.42774	Rumsfeld
6084	2022-09-29 04:13:27.099153	LarrySilverstein
6085	2022-09-29 04:13:46.611155	Gunrights
6086	2022-09-29 04:13:56.226577	Dt47
6087	2022-09-29 04:13:59.505448	RIPTaxPayers
6088	2022-09-29 04:14:00.261976	CongressIsComplicit
6089	2022-09-29 04:14:00.73055	verifyWallStreetApes
6090	2022-09-29 04:15:10.593291	woohoo
6091	2022-09-29 04:17:51.364845	Schumer
6092	2022-09-29 04:17:51.803015	Kavanaugh
6093	2022-09-29 04:20:17.557969	Trump2022
6094	2022-09-29 04:20:36.279217	SicSemperGroomers
6095	2022-09-29 04:21:12.938727	vibe
6096	2022-09-29 04:21:13.595534	memetroll
6097	2022-09-29 04:21:14.007411	ruthless
6098	2022-09-29 04:21:14.675579	beastmode
6099	2022-09-29 04:21:15.358917	truthsauce
6100	2022-09-29 04:21:15.829212	triggered
6101	2022-09-29 04:21:17.054986	libturd
6102	2022-09-29 04:21:17.757064	savage
6103	2022-09-29 04:21:18.433147	usa1776
6104	2022-09-29 04:21:19.639777	democrap
6105	2022-09-29 04:21:20.080026	freethinker
6106	2022-09-29 04:21:20.780938	liberaltears
6107	2022-09-29 04:21:21.200003	amazing
6108	2022-09-29 04:21:21.617425	sjw
6109	2022-09-29 04:21:22.549804	sauce
6110	2022-09-29 04:21:22.977925	sheeeeshhh
6111	2022-09-29 04:21:23.673774	commiescum
6112	2022-09-29 04:21:24.695804	nakedtruth
6113	2022-09-29 04:21:25.134219	wordsalad
6114	2022-09-29 04:21:25.615189	strength
6115	2022-09-29 04:21:26.294971	challenge
6116	2022-09-29 04:21:26.764671	hillaryfartsdustpoopie
6117	2022-09-29 04:21:27.211878	vaxjunkie
6118	2022-09-29 04:22:14.559221	GiftIdeas
6119	2022-09-29 04:22:14.93986	gifts
6120	2022-09-29 04:22:15.452906	gift
6121	2022-09-29 04:22:26.300245	TowerTruths
6122	2022-09-29 04:23:05.450935	LetsGoDonald
6123	2022-09-29 04:23:16.227639	WHOTreaty
6124	2022-09-29 04:23:16.60571	IGAs
6125	2022-09-29 04:24:10.990265	BidenEnergyCrisis
6126	2022-09-29 04:24:11.427905	ThanksBiden
6127	2022-09-29 04:24:40.48595	IWant1
6128	2022-09-29 04:25:13.516451	pos
6129	2022-09-29 04:25:34.317445	share
6130	2022-09-29 04:27:20.335127	boom
6131	2022-09-29 04:27:25.916178	burnthemasks
6132	2022-09-29 04:27:26.313593	increaseyourcarbonfootprint
6133	2022-09-29 04:27:26.77345	letfreedomring
6134	2022-09-29 04:31:32.494227	TimeToPayThePiper
6135	2022-09-29 04:33:16.14834	WeLoveYou
6136	2022-09-29 04:33:17.205966	PalmBeach
6137	2022-09-29 04:34:46.29162	trustjesus
6138	2022-09-29 04:34:48.098938	godisincontrol
6139	2022-09-29 04:34:49.047818	all
6140	2022-09-29 04:34:49.755118	willbe
6141	2022-09-29 07:59:23.879213	COMMENT
6142	2022-09-29 07:59:31.925184	Goodmorning
6143	2022-09-29 07:59:40.998363	STAYTUNED
6144	2022-09-29 07:59:41.492725	Saveamerica
6145	2022-09-29 08:03:44.097527	PrayerTrain
6146	2022-09-29 08:04:07.850928	IWillNotForget
6147	2022-09-29 08:04:08.245607	InstinctOverFear
6148	2022-09-29 09:29:56.561382	ResearchForYourself
6149	2022-09-29 09:34:05.308904	infor
6150	2022-09-29 09:34:34.274127	ProjectRipCord
6151	2022-09-29 09:36:30.988813	RedPillTheNation
6152	2022-09-29 09:37:15.58374	dwacw
6153	2022-09-29 09:37:23.60154	trolls
6154	2022-09-29 09:39:09.03594	amm330
6155	2022-09-29 09:40:12.821808	WeAreNotAlone
6156	2022-09-29 09:40:13.251781	Roswell
6157	2022-09-29 09:40:13.688348	SpaceForce
6158	2022-09-29 09:41:19.122812	trumptruth
6159	2022-09-29 09:41:19.638601	saveourrepublic
6160	2022-09-29 09:41:51.913277	scamdemic
6161	2022-09-29 09:41:52.302768	vaccineagenda
6162	2022-09-29 09:43:14.723271	B2bomber
6163	2022-09-29 09:44:18.248085	MagaTruth
6164	2022-09-29 09:46:01.097344	SCOTUSnominee
6165	2022-09-29 09:46:01.540385	COVIDVaccine
6166	2022-09-29 09:46:02.279135	Jab
6167	2022-09-29 09:46:59.509807	2020Election
6168	2022-09-29 09:48:00.634658	ImpeachBidenAdminstration
6169	2022-09-29 09:48:57.628061	JoeBidenWostPresidentEver
6170	2022-09-29 09:49:27.101926	VoteDemocratsout
6171	2022-09-29 09:49:27.503444	impeachBidenHarris
6172	2022-09-29 09:49:33.169327	lion
6173	2022-09-29 09:49:33.615809	bidenisanembarrassment
6174	2022-09-29 09:49:54.893014	CacklingKamala
6175	2022-09-29 09:49:55.612248	TuckerCarlson
6176	2022-09-29 09:49:56.28819	CancelJoyBehar
6177	2022-09-29 09:50:32.806492	RothsChild
6178	2022-09-29 09:50:50.259333	slocoastwine
6179	2022-09-29 09:50:50.949325	pismobeach
6180	2022-09-29 09:51:15.031858	discernment
6181	2022-09-29 09:51:45.691682	TruthTalk
6182	2022-09-29 09:51:56.385702	TrumpWasRightAboutEverything
6183	2022-09-29 09:52:54.179081	organicfarming
6184	2022-09-29 09:52:54.61546	avilabeach
6185	2022-09-29 09:52:55.055081	honeybees
6186	2022-09-29 09:53:02.158695	dowork
6187	2022-09-29 09:53:02.55716	rackandroll
6188	2022-09-29 09:53:02.994934	carbonic
6189	2022-09-29 09:53:53.974791	VeteranStrong
6190	2022-09-29 09:53:55.653829	battlebuddies
6191	2022-09-29 09:53:56.073697	weneedeachother
6192	2022-09-29 09:53:58.264333	puppets
6193	2022-09-29 09:54:12.585221	SupportAmerica
6194	2022-09-29 09:54:12.981407	AmericanOil
6195	2022-09-29 09:54:33.106253	basketpress
6196	2022-09-29 09:54:33.51199	get
6197	2022-09-29 09:54:33.950168	MJ12
6198	2022-09-29 09:56:04.361256	Suspended4Life
6199	2022-09-29 09:56:04.756367	FoundSomethingBetter
6200	2022-09-29 09:56:45.649398	auditall50states
6201	2022-09-29 09:57:12.749254	LIONMODE
6202	2022-09-29 09:57:20.713539	Pentagon
6203	2022-09-29 09:57:21.164683	BushCrimeFamily
6204	2022-09-29 10:32:20.21386	TrumpForTruth
6205	2022-09-29 10:34:35.907944	decertify2020
6206	2022-09-29 10:38:49.97914	Commifornia
6207	2022-09-29 10:38:54.200911	TheOldDays
6208	2022-09-29 10:39:10.338937	TheBestIsYetToCome
6209	2022-09-29 10:40:08.118112	factcheckthis
6210	2022-09-29 10:40:26.659013	DemocratsAreFascists
6211	2022-09-29 10:40:29.348585	JimJordan4Speaker
6212	2022-09-29 10:41:29.668618	freedom2022
6213	2022-09-29 10:42:21.274404	istandwithstevebannon
6214	2022-09-29 10:42:31.248659	offmsm
6215	2022-09-29 10:42:59.509645	HistoryMatters
6216	2022-09-29 10:43:36.569916	labsthatknowtruthwins
6217	2022-09-29 10:43:41.239876	WERENOTGONNATAKEIT
6218	2022-09-29 10:43:41.97373	THEGREATAWAKENING
6219	2022-09-29 10:44:18.537594	control
6220	2022-09-29 10:44:39.222475	LIARS
6221	2022-09-29 10:44:54.824555	WorldWarIII
6222	2022-09-29 10:44:55.266928	InformationWar
6223	2022-09-29 10:44:56.008081	TheGreatAwak
6224	2022-09-29 10:44:59.732083	ClintonBodyCount
6225	2022-09-29 10:45:00.141713	TheClintonsKillEveryone
6226	2022-09-29 10:45:00.587581	HideYourWife
6227	2022-09-29 10:45:01.048848	HideYourKids
6228	2022-09-29 10:45:01.814822	MassMurderers
6229	2022-09-29 10:45:02.313488	LolitaExpress
6230	2022-09-29 10:45:02.819998	EpsteinsBuddies
6231	2022-09-29 10:45:03.282315	Arkancide
6232	2022-09-29 10:45:52.12008	onlytwogenders
6233	2022-09-29 10:46:23.421563	ChildSacrifice
6234	2022-09-29 10:46:23.883846	Baal
6235	2022-09-29 10:46:24.326057	Molech
6236	2022-09-29 10:46:25.509346	Satanic
6237	2022-09-29 10:46:25.95577	CultOfElitists
6238	2022-09-29 10:46:41.626825	King
6239	2022-09-29 10:47:18.536621	MyBodyMyChoice
6240	2022-09-29 10:47:19.007096	Hypocrites
6241	2022-09-29 10:51:57.496971	wakeupworld
6242	2022-09-29 10:53:51.22014	JFK
6243	2022-09-29 10:53:51.613234	GreatestComebackEver
6244	2022-09-29 10:53:52.044736	EducationNotIndoctrination
6245	2022-09-29 10:54:42.61111	ukrainerussiawar
6246	2022-09-29 10:57:24.866007	wearethestorm
6247	2022-09-29 10:57:50.580795	pdeoworld
6248	2022-09-29 10:57:51.020293	childtrafficking
6249	2022-09-29 10:57:51.69735	arrestthemall
6250	2022-09-29 10:58:08.486662	ghislainesclientlist
6251	2022-09-29 10:59:57.399216	WereNotAllSheep
6252	2022-09-29 10:59:57.799288	StopItAlready
6253	2022-09-29 11:00:57.575415	Adrenochome
6254	2022-09-29 11:02:02.10309	ActorBasedReality
6255	2022-09-29 11:02:15.912445	NothingCanStopThisStorm
6256	2022-09-29 11:02:17.364033	liberties
6257	2022-09-29 11:02:17.793891	EnougIsEnough
6258	2022-09-29 11:02:18.546458	FightForTrump
6259	2022-09-29 11:05:39.086163	ChinaJoe
6260	2022-09-29 11:06:36.243924	ObamaCrimeFamily
6261	2022-09-29 11:06:36.93436	Cabul
6262	2022-09-29 11:06:37.36384	DemonicDemocrats
6263	2022-09-29 11:06:58.616447	godbless
6264	2022-09-29 11:07:32.48728	whyimhere
6265	2022-09-29 11:08:49.364287	notaxes
6266	2022-09-29 11:08:50.020828	taxationwithoutrepresentation
6267	2022-09-29 11:09:16.788894	Share
6268	2022-09-29 11:11:21.133272	BillGates
6269	2022-09-29 11:12:32.909905	carlson
6270	2022-09-29 11:12:33.600496	kidrock
6271	2022-09-29 11:12:34.032383	canceled
6272	2022-09-29 11:12:34.460095	idgaf
6273	2022-09-29 11:12:34.913894	interview
6274	2022-09-29 11:13:23.709837	deception
6275	2022-09-29 11:13:55.254328	humantraffickingawareness
6276	2022-09-29 11:13:55.68444	endmodernslavery
6277	2022-09-29 11:13:56.380093	endslavery
6278	2022-09-29 11:17:03.799562	saveallchildren
6279	2022-09-29 11:17:04.510861	stophumantrafficking
6280	2022-09-29 11:19:35.500792	unitedwestand
6281	2022-09-29 11:19:58.545337	Nov3
6282	2022-09-29 11:25:32.320426	BatterUpBannon
6283	2022-09-29 11:25:54.011175	crimes
6284	2022-09-29 11:27:27.457542	Wisdom
6285	2022-09-29 11:29:17.26226	rootin4putin
6286	2022-09-29 11:54:32.555663	hypocrisy
6287	2022-09-29 11:55:20.057197	priorities
6288	2022-09-29 11:59:15.744364	cuecards
6289	2022-09-29 11:59:16.30921	cardgame
6290	2022-09-29 11:59:16.871822	deaddrops
6291	2022-09-29 12:02:57.922867	eyeswideopen
6292	2022-09-29 12:03:32.543792	wastingtaxdollars
6293	2022-09-29 12:03:33.017876	peopleproblems
6294	2022-09-29 12:03:38.359282	countryfolkscansurvive
6295	2022-09-29 12:03:39.803445	hereintherealworld
6296	2022-09-29 12:03:47.011167	rhino
6297	2022-09-29 12:04:59.477556	landofthefree
6298	2022-09-29 12:05:00.029141	homeofthebrave
6299	2022-09-29 12:05:04.555526	byefauci
6300	2022-09-29 12:06:03.377899	1stamendment
6301	2022-09-29 12:06:38.390485	eniskanterfreedom
6302	2022-09-29 12:06:39.913865	45President
6303	2022-09-29 12:06:41.603653	GOVOTE
6304	2022-09-29 12:06:44.928332	moveon
6305	2022-09-29 12:06:52.420984	hesalive
6306	2022-09-29 12:07:10.137603	nomasks
6307	2022-09-29 12:07:10.694866	nojabs
6308	2022-09-29 12:07:11.15852	nolockdowns
6309	2022-09-29 12:07:29.796629	problemsolved
6310	2022-09-29 12:07:40.303967	TRAITOR
6311	2022-09-29 12:08:10.873084	ineptocracy
6312	2022-09-29 12:08:20.53762	byefelicia
6313	2022-09-29 12:08:29.750523	therealvirus
6314	2022-09-29 12:08:49.21891	justsayno
6315	2022-09-29 12:09:16.737165	liars
6316	2022-09-29 12:09:17.156477	thieves
6317	2022-09-29 12:09:37.673011	DISNEYS
6318	2022-09-29 12:09:38.087218	BAPHOMET
6319	2022-09-29 12:09:50.859677	babylivesmatter
6320	2022-09-29 12:09:56.557269	itsyourright
6321	2022-09-29 12:10:05.133281	THEYWORKFORUS
6322	2022-09-29 12:10:05.585864	makegoodchoices
6323	2022-09-29 12:11:30.820685	Stolen
6324	2022-09-29 12:11:33.666691	strangerdanger
6325	2022-09-29 12:11:41.494434	passion
6326	2022-09-29 12:11:45.529187	WWTD
6327	2022-09-29 12:12:29.976362	FollowTheMoney
6328	2022-09-29 12:15:53.502785	AreYouAwake
6329	2022-09-29 12:42:49.409927	McConnell
6330	2022-09-29 12:42:50.567188	dumb7500TScaprule
6331	2022-09-29 12:44:34.813195	Quote
6332	2022-09-29 12:46:14.916439	Mr_Potatohead
6333	2022-09-29 12:47:20.587299	lolz
6334	2022-09-29 12:47:24.987854	ChooseLife
6335	2022-09-29 12:49:32.708532	TheFed
6336	2022-09-29 12:49:33.110951	EndTheFedNOW
6337	2022-09-29 12:50:30.802315	JamesWoods
6338	2022-09-29 12:51:39.260336	AMEN
6339	2022-09-29 12:52:22.124984	tuckercarlson
6340	2022-09-29 12:52:32.039422	willsmithchrisrock
6341	2022-09-29 12:52:32.68215	rightonschedule
6342	2022-09-29 12:52:33.13397	chookolingo
6343	2022-09-29 12:53:34.538424	suits
6344	2022-09-29 12:53:34.978376	tattoos
6345	2022-09-29 12:53:35.764198	scootertrash
6346	2022-09-29 12:54:53.052667	FREEDOMCONVOY
6347	2022-09-29 12:56:33.832519	lockfauciup
6348	2022-09-29 12:58:35.234891	AOCSMOLLETT
6349	2022-09-29 12:58:59.041881	K9
6350	2022-09-29 12:58:59.435344	mwd
6351	2022-09-29 12:58:59.876394	loyalty
6352	2022-09-29 12:59:00.338359	MilitaryLivesMatter
6353	2022-09-29 12:59:00.796974	militarydog
6354	2022-09-29 12:59:01.520935	dogswithjobs
6355	2022-09-29 12:59:02.000281	dogsarefamily
6356	2022-09-29 12:59:29.2852	DidYouKnow
6357	2022-09-29 12:59:29.735621	911victims
6358	2022-09-29 12:59:30.188449	compensation
6359	2022-09-29 12:59:30.641352	Bill
6360	2022-09-29 12:59:58.170348	prayfortheinjured
6361	2022-09-29 13:01:04.803981	Clickbait
6362	2022-09-29 13:01:05.26129	FakeNewsJackals
6363	2022-09-29 13:01:13.442226	QuestionEverything
6364	2022-09-29 13:01:39.705394	revolution
6365	2022-09-29 13:02:00.11121	BioResearchLabs
6366	2022-09-29 13:02:00.776309	VictoriaNuland
6367	2022-09-29 13:03:05.948519	InstantKarma
6368	2022-09-29 13:03:30.761722	Redpill
6369	2022-09-29 13:03:40.312158	askingformyfrens
6370	2022-09-29 13:05:42.319584	CohenLies
6371	2022-09-29 13:08:22.246016	retruths
6372	2022-09-29 13:10:57.214944	BidenGasCrisis
6373	2022-09-29 13:11:29.675292	FrogTrain
6374	2022-09-29 13:11:48.21891	MJImpression
6375	2022-09-29 13:12:25.381097	publicschools
6376	2022-09-29 13:14:31.764446	CIAKILLEDJFK
6377	2022-09-29 13:15:10.611497	dogma
6378	2022-09-29 13:16:49.460842	MeLoveYouLongTime
6379	2022-09-29 13:17:07.987601	michaelflynn
6380	2022-09-29 13:17:34.388499	ohfuck
6381	2022-09-29 13:18:16.389594	paddedwalls
6382	2022-09-29 13:22:55.13821	mrpotatohead
6383	2022-09-29 13:23:19.934308	NationalNurseDay
6384	2022-09-29 13:23:27.045616	jonmcnaughton
6385	2022-09-29 13:24:38.489421	MissionAccomplished
6386	2022-09-29 13:26:25.195278	leogang
6387	2022-09-29 13:28:20.485987	25thAmendment
6388	2022-09-29 13:28:43.130454	Jackals
6389	2022-09-29 13:28:52.875812	RINOSabotage
6390	2022-09-29 13:29:51.832979	KArizona
6391	2022-09-29 13:30:37.457716	keepexposing
6392	2022-09-29 13:30:59.530393	TRUMP2020MAGA
6393	2022-09-29 13:31:08.386	protectthechildren
6394	2022-09-29 13:32:05.216058	SatanicPortal
6395	2022-09-29 13:32:08.235706	pardoned
6396	2022-09-29 13:32:08.647164	BornAgain
6397	2022-09-29 13:32:09.096241	saved
6398	2022-09-29 13:32:10.867732	Romney
6399	2022-09-29 13:32:11.370947	Boozman
6400	2022-09-29 13:32:12.003864	Lankford
6401	2022-09-29 13:32:13.466241	LibLabs
6402	2022-09-29 13:32:14.014378	Gutless
6403	2022-09-29 13:32:26.489496	Meshawn
6404	2022-09-29 13:32:30.298508	CNNLies
6405	2022-09-29 13:33:05.077946	Dogsoftruth
6406	2022-09-29 13:34:52.650985	StoneColdTruth
6407	2022-09-29 13:35:29.861554	watchman
6408	2022-09-29 13:42:17.382417	Stoppayingtaxes
6409	2022-09-29 13:44:00.89573	Americanoil
6410	2022-09-29 13:44:22.247284	Fjb
6411	2022-09-29 13:44:23.410663	Gasprices
6412	2022-09-29 13:44:23.857295	anon
6413	2022-09-29 13:56:29.8056	Lindakay
6414	2022-09-29 13:59:53.771934	liveFreeOrDie
6415	2022-09-29 14:00:00.017713	stopsocialism
6416	2022-09-29 14:00:00.731377	warroomposse
6417	2022-09-29 14:00:01.823741	DanielleStella
6418	2022-09-29 14:00:55.458036	7500limit
6419	2022-09-29 14:01:00.647932	HappyBirthdayTrump
6420	2022-09-29 14:01:01.063608	Trump2024orBefore
6421	2022-09-29 14:03:02.113429	knowledgeispower
6422	2022-09-29 14:03:20.144919	truthsocialsupport
6423	2022-09-29 14:03:22.086824	clinton614
6424	2022-09-29 14:03:25.071494	CloseOurBorders
6425	2022-09-29 14:03:25.658736	Finishthewall
6426	2022-09-29 14:03:53.556614	DefundDC
6427	2022-09-29 14:04:11.381045	BLMRiots
7065	2022-09-29 23:59:23.539196	umpg
7119	2022-09-30 23:52:40.27142	barrysoetoro
7120	2022-09-30 23:52:40.679168	osamaobama
7124	2022-10-01 00:07:10.508681	lyingfauci
7280	2022-10-01 03:59:39.478942	PlymouthDuster
7281	2022-10-01 03:59:45.386836	EyesOnJesus
7282	2022-10-01 03:59:54.909206	RedneckRivieraWhiskey
7283	2022-10-01 04:00:45.902848	BadgeOfHonor
7284	2022-10-01 04:00:54.1941	AlrightyThen
7285	2022-10-01 04:02:19.59327	StickYourProgressWhereTheSunDontShine
7286	2022-10-01 04:02:29.067618	DroppinLikeFlies
7287	2022-10-01 04:02:33.981554	88Percent
7288	2022-10-01 04:02:45.694426	MadeInTheUSA
7289	2022-10-01 04:02:46.320407	DontBeAPaulPelosi
7290	2022-10-01 04:02:46.790288	dontdrinkanddrive
7291	2022-10-01 04:03:22.957579	TickTock
7292	2022-10-01 04:03:29.097611	LifeDay
7293	2022-10-01 04:03:55.54789	DrinkAmerican
7294	2022-10-01 04:04:11.105491	KevinAndEggs
7295	2022-10-01 04:04:26.734474	JustTeach
7296	2022-10-01 04:04:39.716986	MoveAlongNow
7297	2022-10-01 04:04:40.345843	NothingToSeeHere
7298	2022-10-01 04:04:47.89895	StayTheCourse
7309	2022-10-01 05:07:20.948239	Doulos
7314	2022-10-01 05:07:36.412376	Stand
7532	2022-10-01 11:50:46.340271	BAR
7533	2022-10-01 11:50:46.916405	browningautomaticrifle
7534	2022-10-01 11:50:54.596378	VietnamVeteransDay
7535	2022-10-01 11:50:55.480017	dignity
7536	2022-10-01 11:50:55.980998	worth
7537	2022-10-01 11:51:29.829071	factual
7538	2022-10-01 11:51:32.073215	stillMYPresident
7539	2022-10-01 11:51:32.920818	CirclevilleOhio
7564	2022-10-01 12:49:25.624088	ConnectorExpress
7566	2022-10-01 12:55:56.839543	DontGroomOurKids
7567	2022-10-01 12:58:09.583097	breakingnews
7569	2022-10-01 12:59:37.054728	Hollywood
7603	2022-10-01 15:00:35.661994	TaxationWithoutRepresentation
7606	2022-10-01 15:04:54.972941	BIDENSAMERICA
7609	2022-10-01 15:11:42.881615	weakbiden
7617	2022-10-01 15:16:46.166859	Everyone
7618	2022-10-01 15:16:46.582431	trophy
7626	2022-10-01 15:24:21.122215	transgenderism
7631	2022-10-01 15:26:25.447613	UNITEFORJUSTICE
7634	2022-10-01 15:39:18.378594	Dollywood
7638	2022-10-01 15:39:56.296572	MakeAsylumsGreatAgain
7643	2022-10-01 15:47:45.757307	Instablock
7649	2022-10-01 15:57:18.306196	Pray4USA
7650	2022-10-01 15:57:20.998082	BackInTheDay
7686	2022-10-02 23:34:47.564338	convoyforfreedom
7687	2022-10-02 23:34:48.016389	truckersforfreedom
7694	2022-10-03 00:50:21.893589	woodwork
7695	2022-10-03 00:50:37.121456	weatherwarfare
7696	2022-10-03 00:50:49.585636	woodworking
7707	2022-10-03 09:27:30.122132	jesusisking
7708	2022-10-03 09:27:45.325815	censor
7715	2022-10-03 09:28:42.580459	wearebeingliedto
7717	2022-10-03 09:28:57.247537	jakedials
7719	2022-10-03 09:29:40.448632	belike
7722	2022-10-03 09:31:06.262252	Election2024
7725	2022-10-03 09:31:32.572279	browerreport
7727	2022-10-03 09:33:28.852143	patriotsunited
7728	2022-10-03 09:33:29.431267	wearethemajority
7731	2022-10-03 09:37:25.165904	Bombing
7733	2022-10-03 09:37:26.281469	BioLab
7818	2022-10-03 11:18:44.063485	cancelFACEBOOK
7819	2022-10-03 11:20:58.354975	LockHetUp
7820	2022-10-03 11:21:59.603836	nurembergtrialpart2
7821	2022-10-03 11:26:58.595854	herbstock
7822	2022-10-03 11:26:59.008091	growgoodenergy
7823	2022-10-03 11:26:59.451899	growyourown
7824	2022-10-03 11:26:59.915814	michigan
7825	2022-10-03 11:27:00.624407	herbs
7826	2022-10-03 11:27:01.085687	farmacy
7827	2022-10-03 11:27:01.528592	thecureisnatural
7828	2022-10-03 11:27:01.967947	foodcrisis
7829	2022-10-03 11:27:02.415043	wildcraft
7830	2022-10-03 11:27:09.054246	drill
7831	2022-10-03 11:27:10.016514	letgobrandon
7832	2022-10-03 11:27:10.470725	keystone
7833	2022-10-03 11:27:11.434297	crudeoil
7845	2022-10-04 01:19:09.408179	TrumpMAGAKing
7853	2022-10-04 01:21:50.956029	ViralBlizzard
7860	2022-10-04 01:46:38.474573	TheyMustBeHeldAccountable
7865	2022-10-04 01:49:52.378701	redPill
7866	2022-10-04 01:52:40.532954	REDFRIDAY
7867	2022-10-04 01:53:07.422051	urainianone
7869	2022-10-04 01:54:11.566775	justicebyourhands
7870	2022-10-04 01:54:23.340648	goodtimes
7871	2022-10-04 01:54:27.705695	DEFUNDFAUCI
7872	2022-10-04 01:54:28.755852	NOTAVACCINE
7874	2022-10-04 01:54:32.166145	conservativemom
7875	2022-10-04 01:54:33.284514	patriotmom
7876	2022-10-04 01:55:02.933035	crowder
7879	2022-10-04 01:56:45.805506	teamtruth
7881	2022-10-04 02:09:41.886509	FRANKLINMONK
7883	2022-10-04 02:18:29.74481	religiousexemption
7891	2022-10-05 22:21:00.840707	teamchris
7892	2022-10-05 22:21:01.900879	teamwill
7895	2022-10-05 22:21:33.414445	meantweets
7912	2022-10-05 22:24:46.108064	faafo
7913	2022-10-05 22:24:53.212907	liberalpos
7915	2022-10-05 22:25:41.253326	snailtrail
7917	2022-10-05 22:26:29.039651	fuckem
7919	2022-10-05 22:26:34.974932	socialmedia
7921	2022-10-05 22:26:37.956443	funnyfilters
7939	2022-10-05 22:34:18.655005	IARSC
7940	2022-10-05 22:36:31.587018	MittRomney
7942	2022-10-05 23:28:57.623697	RefuseTheJab
7944	2022-10-05 23:33:10.343986	Ilove45
7949	2022-10-05 23:35:33.35526	beekeeper
7950	2022-10-05 23:37:16.790976	RINOBGONE
7951	2022-10-05 23:44:08.218196	HitTheFollowButton
7952	2022-10-05 23:44:47.990171	conductors
7956	2022-10-05 23:51:09.070498	truthtrainsop
7958	2022-10-05 23:52:10.445982	walmartbarginbin
7959	2022-10-05 23:52:11.725715	BigMike
7961	2022-10-05 23:53:33.916552	Hero
7962	2022-10-06 00:12:49.774833	PENNSYLVANIA
7964	2022-10-06 00:14:38.351806	worldwide
7965	2022-10-06 00:14:38.772943	bestpresidentinmylife
7968	2022-10-06 00:28:25.459561	list
7969	2022-10-06 00:28:25.892127	maxwellcase
7971	2022-10-06 00:28:27.041975	blackbook
7972	2022-10-06 00:28:27.522031	harddrives
7974	2022-10-06 00:33:27.851854	cuties
7977	2022-10-06 00:37:10.410077	BidenCovid
7979	2022-10-06 00:37:41.557967	tactics
7983	2022-10-06 00:38:40.28369	followformore
7985	2022-10-06 00:38:49.063366	liberalslie
7986	2022-10-06 00:38:49.530117	followmeformore
7987	2022-10-06 00:39:25.435639	Follow4Follow
7988	2022-10-06 00:40:37.818603	Zero
7991	2022-10-06 00:41:40.334515	Jeep
7995	2022-10-06 00:42:34.176292	SarahSandersFan
6428	2022-09-29 14:04:12.083032	DCPolice
7066	2022-09-30 00:00:26.498044	KillerCuomo
7125	2022-10-01 00:07:11.476838	followthemoney
7126	2022-10-01 00:07:11.89588	wagthedog
7299	2022-10-01 04:24:27.421415	HiTreason
7319	2022-10-01 05:11:23.406876	laptop
7322	2022-10-01 05:14:48.794046	ShepCon22
7323	2022-10-01 05:15:35.284652	smear
7325	2022-10-01 05:16:09.837906	SethRich
7326	2022-10-01 05:16:22.840017	diva
7327	2022-10-01 05:16:24.73479	EagleExpress
7329	2022-10-01 05:17:26.890952	WendysRightAgain
7334	2022-10-01 05:18:35.851985	createdtragedy
7336	2022-10-01 05:18:54.838288	notatrain
7341	2022-10-01 05:19:46.225473	dedication
7540	2022-10-01 12:00:27.933671	yep
7541	2022-10-01 12:02:09.991445	Rinos
7545	2022-10-01 12:02:37.965378	MilitaryTribunals
7546	2022-10-01 12:02:38.657948	Gitmo
7548	2022-10-01 12:02:57.715804	Primaried2022
7549	2022-10-01 12:02:59.817951	OperationPaperClip
7554	2022-10-01 12:03:05.843844	NewPolitics
7555	2022-10-01 12:03:06.290839	knowledge
7556	2022-10-01 12:03:25.067958	dumbestmanontv
7565	2022-10-01 12:51:26.265204	WeneedTrump
7570	2022-10-01 12:59:37.451031	Pedophilia
7605	2022-10-01 15:01:58.857025	HappyTrains
7688	2022-10-02 23:34:50.703207	warinukraine
7770	2022-10-03 09:53:00.564448	notanyonespresident
7771	2022-10-03 09:53:06.052904	BidenInFlation
7772	2022-10-03 10:01:23.94748	ZelenskyPuppet
7773	2022-10-03 10:09:44.222281	aHurricaneCat
7774	2022-10-03 10:11:34.890076	REDPILL
7834	2022-10-03 16:49:40.561958	BorderSecurity
7835	2022-10-03 16:49:40.989691	EconomicBoom
7836	2022-10-03 16:52:43.985942	godisgood
7838	2022-10-03 16:52:44.918989	summervibes
7840	2022-10-04 00:38:51.123274	cpapsareawesome
7841	2022-10-04 00:39:52.129567	FromMyColdDeadHands
7842	2022-10-04 01:09:10.437519	Missouri
7846	2022-10-04 01:19:11.194797	savehumanity
7847	2022-10-04 01:19:20.924286	votebundy
7849	2022-10-04 01:19:22.147642	idpol
7851	2022-10-04 01:20:26.72305	BringbackTrump
7852	2022-10-04 01:20:40.292047	GrumpyOldDems
7854	2022-10-04 01:28:41.5452	BeNotAfraid
7855	2022-10-04 01:28:43.223992	RealCourage
7856	2022-10-04 01:28:46.020737	HuntersLatop
7858	2022-10-04 01:29:16.35322	CBS
7861	2022-10-04 01:48:03.383733	TheyMustbeHeldAccountable
7862	2022-10-04 01:48:49.262324	TexasStrong
7863	2022-10-04 01:49:20.896946	WeMustHoldThemAccountable
7864	2022-10-04 01:49:24.485419	savebabycyrus
7868	2022-10-04 01:53:44.36158	theymustbeheldaccountable
7873	2022-10-04 01:54:31.658247	letthembreathe
7877	2022-10-04 01:55:19.144687	TheyMustbeheldAccountable
7878	2022-10-04 01:55:28.360666	Tyranny
7880	2022-10-04 01:56:47.015876	pissedlegion
7882	2022-10-04 02:18:29.277394	federalgovernment
7884	2022-10-04 02:18:38.311206	timesup
7885	2022-10-04 02:20:26.758928	BidensWar
7886	2022-10-04 02:33:03.564839	SavingAmerica
7887	2022-10-04 02:33:04.033894	RushFollow
7888	2022-10-05 21:38:10.659915	EnoughIsEnough
7889	2022-10-05 22:20:52.657525	bluelivesmatter
7890	2022-10-05 22:20:57.261558	cancelled
7893	2022-10-05 22:21:03.271588	teamwhocares
7894	2022-10-05 22:21:28.404995	imissorangeman
7896	2022-10-05 22:22:49.723685	goadd
7897	2022-10-05 22:22:50.216163	newpage
7898	2022-10-05 22:22:51.002908	nolibtards
7899	2022-10-05 22:23:04.545933	cashless
7900	2022-10-05 22:23:16.18661	pickuplocation
7901	2022-10-05 22:23:27.168125	looksprettygoodonme
7902	2022-10-05 22:23:27.654769	oldasdirt
7903	2022-10-05 22:23:29.121323	tiktokpeeps
7904	2022-10-05 22:23:29.680712	whereyaat
7905	2022-10-05 22:24:01.755563	skunt
7906	2022-10-05 22:24:08.617829	guncontroldoesntwork
7907	2022-10-05 22:24:09.193154	fuckguncontrol
7908	2022-10-05 22:24:09.679009	votethemout
7909	2022-10-05 22:24:10.439551	donttreatonme
7910	2022-10-05 22:24:11.076376	molonlabe
7911	2022-10-05 22:24:35.90788	americaproud
7914	2022-10-05 22:25:30.342056	cryptkeeperpelosi
7916	2022-10-05 22:26:09.847173	ummm
7918	2022-10-05 22:26:34.216795	gofollowthemall
7920	2022-10-05 22:26:37.507099	cutedogs
7922	2022-10-05 22:26:57.951913	liberalsarepussies
7923	2022-10-05 22:27:25.822591	fuckkamallaharris
7924	2022-10-05 22:27:26.485242	fuckAOC
7925	2022-10-05 22:27:28.585481	fuckfauci
7926	2022-10-05 22:27:29.08326	fuckbilkgates
7927	2022-10-05 22:27:29.932665	fuckpelosi
7928	2022-10-05 22:27:30.442948	fuckthemall
7929	2022-10-05 22:28:47.173103	feelinggood
7930	2022-10-05 22:28:49.066636	lmmfao
7931	2022-10-05 22:29:09.983842	FAAFO
7932	2022-10-05 22:29:25.365	whoworeitbetter
7933	2022-10-05 22:29:33.770555	fuckdemocrats
7934	2022-10-05 22:29:40.302042	loveit
7935	2022-10-05 22:29:41.008598	fuckFB
7936	2022-10-05 22:29:41.531889	fucktwitter
7937	2022-10-05 22:29:41.99748	FUCKJOEBIDEN
7938	2022-10-05 22:31:18.377774	AskQuestions
7941	2022-10-05 23:19:28.965848	kaleighmcenany
7943	2022-10-05 23:31:46.499085	bringhimback
7945	2022-10-05 23:35:29.73105	Honey
7946	2022-10-05 23:35:31.817232	savethebees
7947	2022-10-05 23:35:32.308237	libertarian
7948	2022-10-05 23:35:32.789306	lgbt
7953	2022-10-05 23:48:38.790791	shoplocal
7954	2022-10-05 23:48:39.999275	farmersfeedtheworld
7955	2022-10-05 23:49:25.025679	Laylalouloulessor
7957	2022-10-05 23:51:34.670795	Fall2021
7960	2022-10-05 23:52:20.627539	buildingTruthsocial
7963	2022-10-06 00:14:19.74217	NursingHomeScandal
7966	2022-10-06 00:15:16.829321	AZVoterFraud
7967	2022-10-06 00:16:19.641713	dirtyvoterrolls
7970	2022-10-06 00:28:26.605394	minors
7973	2022-10-06 00:30:45.446596	fixitnow
7975	2022-10-06 00:34:34.013726	covidlies
7976	2022-10-06 00:34:35.018286	vaccineispoison
7978	2022-10-06 00:37:23.581831	hooverdam
7980	2022-10-06 00:37:42.033438	psycologicalwarfare
7981	2022-10-06 00:38:17.081114	MadeinAmerica
7982	2022-10-06 00:38:39.081646	fightlikehell
7984	2022-10-06 00:38:47.752534	2020ElectionFraud
7989	2022-10-06 00:41:08.568787	trudeau
7990	2022-10-06 00:41:19.620739	raceto30k
7992	2022-10-06 00:41:40.777875	JeepLife
7993	2022-10-06 00:42:03.366101	IFBAPs
7994	2022-10-06 00:42:18.011008	HONK
7996	2022-10-06 00:42:41.171291	FOLLOWBACK
7997	2022-10-06 00:42:48.762563	maskdontwork
7998	2022-10-06 00:42:49.226066	RainbowJihad
6429	2022-09-29 14:05:56.478733	UvaldeTX
6430	2022-09-29 14:06:00.290172	RobbElementary
6431	2022-09-29 15:18:16.281141	BoycottFoxNews
6432	2022-09-29 15:18:46.077576	DangerousTour
6433	2022-09-29 15:18:52.613919	ULTRAFEDUP
6434	2022-09-29 15:18:55.144653	PutItBackAsYouFoundIt
6435	2022-09-29 15:18:56.558009	JoesGotToGo
6436	2022-09-29 15:18:57.355813	TrumpStillMyPresident
6437	2022-09-29 15:19:10.662542	UltraFedUp
6438	2022-09-29 15:19:14.628067	StillMyPresident
6439	2022-09-29 15:19:23.738567	BidenCheated
6440	2022-09-29 15:19:33.63535	SarahSanders
6441	2022-09-29 15:19:58.150148	bidenfakepresident
6442	2022-09-29 15:21:35.638885	UnfilteredwithDanBongino
6443	2022-09-29 15:22:22.031964	BIDENCHEATED2020
6444	2022-09-29 15:24:47.40455	NetflixExodus
6445	2022-09-29 15:27:05.266842	sweetflorida
6446	2022-09-29 15:27:35.319247	Troll
6447	2022-09-29 15:28:38.881863	covidtestsaredangerous
6448	2022-09-29 15:29:11.760715	BigGuy
6449	2022-09-29 15:29:18.525525	bidenbrain
6450	2022-09-29 15:29:26.259378	Viscoil
6451	2022-09-29 15:29:39.825025	trumpwasrightabouteverything
6452	2022-09-29 15:33:09.286273	BidenRemorse
6453	2022-09-29 15:33:09.890701	fakepresident
6454	2022-09-29 15:33:22.047385	fix2020first
6455	2022-09-29 15:34:59.593593	Globalism
6456	2022-09-29 15:35:59.612793	earthtogod
6457	2022-09-29 15:36:16.824955	WeSeeYou
6458	2022-09-29 15:37:23.655948	johnkennedy
6459	2022-09-29 15:38:15.895992	wheresthelove
6460	2022-09-29 15:38:16.360231	Trumpwasrightabouteverything
6461	2022-09-29 15:38:31.272921	whereisfauci
6462	2022-09-29 15:38:33.214571	usbiolabs
6463	2022-09-29 15:38:34.394726	Ukrainebiolabs
6464	2022-09-29 15:38:34.835562	DS
6465	2022-09-29 15:38:49.897238	bidencheated
6466	2022-09-29 15:38:51.464734	lovettuthsocial
6467	2022-09-29 15:38:52.493219	twittersucks
6468	2022-09-29 15:39:23.338524	Illegal
6469	2022-09-29 15:39:23.773284	Certification
6470	2022-09-29 15:39:24.199977	Electors
6471	2022-09-29 15:39:24.878926	MoreVotesThanVoters
6472	2022-09-29 15:39:39.785656	prayforbiden
6473	2022-09-29 15:39:40.359492	psalms109
6474	2022-09-29 15:40:25.508811	puppetbiden
6475	2022-09-29 15:40:57.05795	potofgold
6476	2022-09-29 15:40:57.570355	rainbow
6477	2022-09-29 15:41:14.547075	Peoplesconvoy
6478	2022-09-29 15:41:31.941154	danboginoshow
6479	2022-09-29 15:41:37.326667	psaki
6480	2022-09-29 15:41:37.999654	circleback
6481	2022-09-29 15:41:39.198727	peppermintpatty
6482	2022-09-29 15:41:58.173178	ididthat
6483	2022-09-29 15:42:35.041013	lovetruthsocial
6484	2022-09-29 15:43:07.907163	sucks
6485	2022-09-29 17:11:29.32277	word
6486	2022-09-29 17:12:19.385379	Huge
6487	2022-09-29 17:12:27.070923	Fam81
6488	2022-09-29 17:12:30.689519	FL29
6489	2022-09-29 17:13:16.717713	USAUSAUSA
6490	2022-09-29 17:13:29.140106	drbirx
6491	2022-09-29 17:13:33.915604	BoycottVerizon
6492	2022-09-29 17:13:39.50904	SpellingMatters
6493	2022-09-29 17:13:43.563771	NotGettingOurGuns
6494	2022-09-29 17:13:53.538874	justice4J6
6495	2022-09-29 17:13:53.97095	j6hoax
6496	2022-09-29 17:13:54.398231	KashPatel
6497	2022-09-29 17:13:56.957177	vaccinesarepoison
6498	2022-09-29 17:14:04.660074	freeJ6politicalprisoners
6499	2022-09-29 17:14:05.094061	FreePamelaHemphill
6500	2022-09-29 17:14:05.548067	FreeMasonCourson
6501	2022-09-29 17:14:07.555325	CashPatel
6502	2022-09-29 17:14:27.80426	DT
6503	2022-09-29 17:14:28.761277	sony
6504	2022-09-29 17:14:29.185695	camera
6505	2022-09-29 17:14:33.341357	shadows
6506	2022-09-29 17:14:33.726911	light
6507	2022-09-29 17:14:34.222631	tuscaloosa
6508	2022-09-29 17:14:50.530609	Thefam
6509	2022-09-29 17:14:51.271335	bannon
6510	2022-09-29 17:14:56.466006	isaiah51
6511	2022-09-29 17:15:28.362685	saynothejabs
6512	2022-09-29 17:15:29.038269	saynotovaccines
6513	2022-09-29 17:16:43.255188	SheepNoMore
6514	2022-09-29 17:16:43.657551	TheWorldIsWakingUp
6515	2022-09-29 17:16:45.924348	Midterms
6516	2022-09-29 17:16:46.323819	Election2022
6517	2022-09-29 17:16:46.764407	StopBiden
6518	2022-09-29 17:17:05.237238	sealevellies
6519	2022-09-29 17:17:11.459699	bidendemented
6520	2022-09-29 17:17:26.553739	biasmedia
6521	2022-09-29 17:17:27.48092	bullshit
6522	2022-09-29 17:17:57.729267	KariLakeforAZGovernor
6523	2022-09-29 17:17:58.38126	liberalismisamentaldisorder
6524	2022-09-29 17:18:04.09081	realLesWhite
6525	2022-09-29 17:19:57.536179	end
6526	2022-09-29 17:20:37.076817	GatesForHell
6527	2022-09-29 17:20:43.804362	Ozzy
6528	2022-09-29 17:20:57.91741	NerdTalk
6529	2022-09-29 17:20:59.258218	CovidHoax
6530	2022-09-29 17:20:59.927209	vaccineskill
6531	2022-09-29 17:21:00.352405	endthecabal
6532	2022-09-29 17:21:09.208697	K8Willson
6533	2022-09-29 17:21:24.381496	AR6
6534	2022-09-29 17:21:47.209942	ANTIFA
6535	2022-09-29 17:21:49.981265	GodBlessTexas
6536	2022-09-29 17:22:10.983035	protests
6537	2022-09-29 17:22:11.376007	Tehran
6538	2022-09-29 17:22:11.826945	MahsaAmini
6539	2022-09-29 17:22:16.682941	kek
6540	2022-09-29 17:22:29.328269	FuckDemoncrats
6541	2022-09-29 17:24:57.091138	MSMEnemyOfThePeople
6542	2022-09-29 17:24:57.51915	pziferiscorrupt
6543	2022-09-29 17:24:57.96229	FauciLiesPeopleDie
6544	2022-09-29 17:25:11.222002	NoSePuede
6545	2022-09-29 17:25:25.927376	Dominion
6546	2022-09-29 17:25:43.790154	cantcensormysign
6547	2022-09-29 17:26:29.215438	RedLineBeingCrossed
6548	2022-09-29 17:26:37.790712	AK6
6549	2022-09-29 17:26:47.825572	Saveourchildren
6550	2022-09-29 17:26:54.933153	BidenCrime
6551	2022-09-29 17:27:01.861303	Telegram
6552	2022-09-29 17:27:07.59644	CoNsPiRaCyORtRuTh
6553	2022-09-29 17:27:07.986557	Research
6554	2022-09-29 17:27:08.409083	YouDecide
6555	2022-09-29 17:27:10.840354	WitnessProtection
6556	2022-09-29 17:27:17.522796	MichelleObamaIsADude
6557	2022-09-29 17:27:22.344337	FlatEarth
6558	2022-09-29 17:29:20.515921	fakemedia
6559	2022-09-29 17:29:21.165672	thinkfreely
6560	2022-09-29 17:29:43.819531	ObamaGate
6561	2022-09-29 17:29:45.300586	ballotharvesting
6562	2022-09-29 17:30:47.283053	treasonous
6563	2022-09-29 17:30:53.459827	WT3
6564	2022-09-29 17:30:57.664476	savewomenssports
6566	2022-09-29 17:31:58.089098	DonaldTrump45
6567	2022-09-29 17:33:17.533636	RYANKELLY
6568	2022-09-29 17:33:20.746105	7500CLUB
6569	2022-09-29 17:33:40.071046	RYANKELLEY
6570	2022-09-29 17:34:47.626101	NotMyAmerica
6573	2022-09-29 17:34:54.619947	TrumoTrains
7068	2022-09-30 04:57:40.980269	stoptheinsanity
7127	2022-10-01 00:31:27.364689	Weakness
7128	2022-10-01 00:33:38.72145	PedoHiter
7129	2022-10-01 00:33:57.815834	happybirthdaycatturd
7130	2022-10-01 00:34:00.588631	HappyBirthdayCatturd
7131	2022-10-01 00:34:50.536531	ShannonBrandt
7132	2022-10-01 00:34:51.008986	CaylorEllingson
7133	2022-10-01 00:34:55.913319	GlobalWarming
7134	2022-10-01 00:35:59.394519	IllegalAliens
7136	2022-10-01 00:36:18.154821	MarkHouck
7147	2022-10-01 00:40:21.875894	privillege
7151	2022-10-01 00:41:21.88077	SchoolChoice
7153	2022-10-01 00:43:21.235109	LetitiaJames
7156	2022-10-01 00:47:00.051651	EdwardSnowden
7159	2022-10-01 00:47:47.158129	Mussolini
7161	2022-10-01 00:48:28.978365	FoodShortageJoe
7162	2022-10-01 00:48:29.443553	sleepyjoebiden
7163	2022-10-01 00:48:30.688746	TrumpNews
7169	2022-10-01 00:48:37.971981	InGodWeTrust
7170	2022-10-01 00:48:38.421735	TRUMPTRAIN
7171	2022-10-01 00:48:38.875689	RIGGED
7176	2022-10-01 00:49:48.665919	LawEnforcement
7182	2022-10-01 00:53:22.185634	BOSS
7185	2022-10-01 00:54:20.059118	NOBail
7187	2022-10-01 00:55:21.253793	BidenNotMyPresident
7188	2022-10-01 00:55:23.210436	Peace
7190	2022-10-01 00:57:03.184231	NoCrime
7194	2022-10-01 00:57:59.020626	JFRS
7195	2022-10-01 00:57:59.465281	GodzillaOfTruth
7196	2022-10-01 00:59:09.386395	RobbyMook
7198	2022-10-01 00:59:38.733783	Cabal
7199	2022-10-01 01:01:34.526621	alexjones
7200	2022-10-01 01:01:34.957053	infowars
7300	2022-10-01 04:24:28.312934	Hangthemall
7368	2022-10-01 06:08:57.674511	abortionkills
7369	2022-10-01 06:16:06.062619	panicindc
7370	2022-10-01 06:19:06.325775	FlashBackFriday
7371	2022-10-01 06:21:04.181373	MichaelByrd
7372	2022-10-01 06:21:04.914273	Jan6ers
7373	2022-10-01 06:21:44.819113	groomer
7374	2022-10-01 06:23:32.890696	patriots4ever
7378	2022-10-01 06:29:19.550721	DeSantisRocks
7379	2022-10-01 06:31:44.364717	stoptheWHO
7380	2022-10-01 06:32:09.951024	RP
7381	2022-10-01 06:32:13.041062	incompetent
7382	2022-10-01 06:34:19.495799	VoteTrump2024
7383	2022-10-01 06:34:23.254538	Truthfulnews
7384	2022-10-01 06:34:23.975286	subscribe
7385	2022-10-01 06:36:27.739989	TrumpWON
7386	2022-10-01 06:37:08.22507	MagaStrong
7387	2022-10-01 06:37:23.731209	trumptryths
7388	2022-10-01 06:38:33.215073	i
7389	2022-10-01 06:41:15.00174	FixVotingLaws
7390	2022-10-01 06:41:16.290067	WTGJASON
7391	2022-10-01 06:41:35.940039	GodBlessUsAll
7392	2022-10-01 06:41:36.641951	PrayAndGiveThanks
7393	2022-10-01 06:42:37.216812	Anons
7394	2022-10-01 06:42:37.958967	Normies
7395	2022-10-01 06:42:39.040998	WeareTheNewsNow
7396	2022-10-01 06:43:04.206579	OGConductors
7397	2022-10-01 06:43:04.926446	Hospitals
7399	2022-10-01 06:48:12.408449	WakeUpSheeple
7402	2022-10-01 06:49:00.966978	therealstory
7403	2022-10-01 06:50:25.746975	Trump4547
7407	2022-10-01 06:52:24.381208	LongPostsDontCare
7409	2022-10-01 06:54:45.750619	greatjob
7410	2022-10-01 06:54:49.31905	2022elections
7411	2022-10-01 06:54:52.210548	BMJ
7412	2022-10-01 07:02:23.105426	Hell
7542	2022-10-01 12:02:10.871979	HunterLaptop
7557	2022-10-01 12:04:06.218537	Democrat
7559	2022-10-01 12:04:36.088081	Fakenews
7560	2022-10-01 12:05:15.736971	Democide
7568	2022-10-01 12:59:22.999996	Justice4J6
7611	2022-10-01 15:14:14.932271	ChiefShitemPants
7614	2022-10-01 15:14:34.077304	GodBlessJudgeKathrynMizelle
7615	2022-10-01 15:15:20.484947	StudentGreed
7619	2022-10-01 15:17:07.116569	%F0%9D%98%8A%F0%9D%98%A2%F0%9D%98%B1%F0%9D%98%AA%F0%9D%98%B5%F0%9D%98%A2%F0%9D%98%AD%F0%9D%98%AA%F0%9D%98%B4%F0%9D%98%AA%F0%9D%98%AE
7621	2022-10-01 15:20:40.362855	weAREbeingINVADED
7624	2022-10-01 15:24:19.766009	lgbtideology
7627	2022-10-01 15:24:21.544317	AntiChristSpirit
7628	2022-10-01 15:24:21.977049	HistoryRepeatsItSelf
7630	2022-10-01 15:25:40.171415	FreeAssangeNOW
7633	2022-10-01 15:36:18.583157	2AHASNOTHINGTODOWITHDEER
7635	2022-10-01 15:39:19.030223	Sevierville
7636	2022-10-01 15:39:19.460916	PigeonForge
7637	2022-10-01 15:39:19.942417	GreatSmokyMtns
7639	2022-10-01 15:41:07.469822	FuckJohnKerry
7640	2022-10-01 15:41:12.914151	bancooking
7641	2022-10-01 15:42:09.886907	jameswoods
7642	2022-10-01 15:46:28.121162	iaminvisable17
7644	2022-10-01 15:52:23.282936	LoveLife
7645	2022-10-01 15:55:53.002984	sd39
7647	2022-10-01 15:57:01.945687	LockThemAllUp
7651	2022-10-01 15:57:21.803833	PatriotsUnited
7653	2022-10-01 15:58:27.732548	bringtrumpback
7654	2022-10-01 15:58:31.302858	carolstruth
7662	2022-10-01 16:02:35.181129	ThreePercent
7664	2022-10-01 16:04:07.902974	dr47
7666	2022-10-01 16:04:17.493382	studentloanforgivness
7667	2022-10-01 16:04:17.953253	NancyHasToGo
7669	2022-10-01 16:05:21.757663	DefundPlannedParenthood
7672	2022-10-01 16:06:20.674859	extremeownership
7674	2022-10-01 16:07:01.376782	LiberalLunacy
7675	2022-10-01 16:07:01.824156	DemocratDerangement
7676	2022-10-01 16:07:09.480857	Toney
7677	2022-10-01 16:07:48.140172	friendsforever
7689	2022-10-02 23:47:07.822525	TruthSocialJail
7775	2022-10-03 10:14:54.351638	scam
7776	2022-10-03 10:15:51.229985	OhSissyBoyJoe
7777	2022-10-03 10:17:49.409101	IMPEACHBIDEN
7778	2022-10-03 10:18:58.951134	STORM
7779	2022-10-03 10:18:59.635598	ToreSays
7780	2022-10-03 10:21:44.318004	burisma
7781	2022-10-03 10:21:44.985743	crack
7782	2022-10-03 10:21:45.697543	theleftcantmeme
7783	2022-10-03 10:22:46.653537	firepelosi
7784	2022-10-03 10:24:02.982879	pwroudlyunpoisoned
7785	2022-10-03 10:24:49.218117	themouthoftruth
7837	2022-10-03 16:52:44.435961	livelife
7839	2022-10-03 16:52:51.047994	graceious
7843	2022-10-04 01:17:44.054633	CAH
7844	2022-10-04 01:18:21.890783	Hunterslaptopisreal
7848	2022-10-04 01:19:21.549873	keepidahoidaho
7850	2022-10-04 01:19:22.850783	IDleg
7857	2022-10-04 01:28:48.680523	PandorasBox
7859	2022-10-04 01:29:18.903268	RobertCosta
6565	2022-09-29 17:31:19.022426	SymbolismWillBeTheirDownfall
6575	2022-09-29 17:36:48.671865	FYI
6576	2022-09-29 17:38:35.537012	GreenEnergy
6580	2022-09-29 17:38:38.028815	FlerfClub
6581	2022-09-29 17:38:38.444243	flatearth
6582	2022-09-29 17:39:43.502166	WeCaughtThemAll
6583	2022-09-29 17:43:51.553977	SimonMagus
6585	2022-09-29 17:44:42.904676	melgibson
6587	2022-09-29 17:48:35.951333	cheeseballs
6592	2022-09-29 17:49:58.68177	Downtheroadpastthetree
6594	2022-09-29 17:51:24.080602	mysterymaps
6595	2022-09-29 17:51:24.511863	maps
6599	2022-09-29 17:52:43.006038	flatearthtruth
6602	2022-09-29 17:52:44.321294	flatearthisreal
6603	2022-09-29 17:52:44.744873	flatearthproofs
6607	2022-09-29 17:52:46.570843	DoYourOwnResearch
6609	2022-09-29 17:52:50.363101	STATIONARYEARTH
6610	2022-09-29 17:52:50.792783	Stationary
6614	2022-09-29 17:52:55.224146	deathpanda
6615	2022-09-29 17:53:15.106854	clownshowover
6623	2022-09-29 17:56:00.904446	LOSTHISTORY
6624	2022-09-29 17:56:01.392976	StolenHistory
6636	2022-09-29 17:57:03.150784	KEK
6639	2022-09-29 17:58:44.546802	GITMO
6640	2022-09-29 17:58:49.349639	crickets
6641	2022-09-29 17:58:49.826552	redcheckechochamber
6642	2022-09-29 17:58:50.327764	prayerpartners
6643	2022-09-29 17:58:51.5299	WarCriminals
6646	2022-09-29 17:59:40.472172	WeAreWinning
6647	2022-09-29 18:00:09.729259	wedidntforget
6648	2022-09-29 18:00:10.175789	wewontforget
6651	2022-09-29 18:03:00.427587	MedicalMafia
6653	2022-09-29 18:03:01.381943	Technocrats
6654	2022-09-29 18:03:30.428807	peacefulprotest
6655	2022-09-29 18:03:51.106832	stateoftheUnion
7069	2022-09-30 19:57:48.504476	REtruth
7135	2022-10-01 00:36:02.467357	IllegalAlien
7137	2022-10-01 00:36:34.201183	StormIsUponUs
7138	2022-10-01 00:37:08.831062	EpsteinIsland
7141	2022-10-01 00:39:16.252906	Mississippi
7142	2022-10-01 00:39:31.796141	SC9
7144	2022-10-01 00:39:45.720909	ScandalOfTheCentury
7145	2022-10-01 00:39:48.015999	MagaCountry
7149	2022-10-01 00:40:26.799137	CivilRights
7150	2022-10-01 00:40:41.488394	ItsGoingToBeBiblical
7152	2022-10-01 00:42:47.319083	NorthDakota
7154	2022-10-01 00:44:42.592633	Monster
7155	2022-10-01 00:45:24.522178	Germany
7157	2022-10-01 00:47:00.498427	NSA
7158	2022-10-01 00:47:37.362811	SpecialMaster
7160	2022-10-01 00:48:24.020489	UMGN
7165	2022-10-01 00:48:32.454518	democrat
7168	2022-10-01 00:48:35.980104	maga24
7172	2022-10-01 00:49:04.232177	22Seq
7175	2022-10-01 00:49:39.021549	UraniumOne
7180	2022-10-01 00:51:43.936902	NightShift
7181	2022-10-01 00:52:12.250333	RobertSteele
7184	2022-10-01 00:54:19.621373	bidenscrimecrisis
7301	2022-10-01 04:24:58.730959	HistoryLesson
7303	2022-10-01 04:27:53.881895	dystopia
7304	2022-10-01 04:27:54.287553	alliswell
7375	2022-10-01 06:26:01.090624	make1984greatagain
7376	2022-10-01 06:28:42.598702	Fed
7377	2022-10-01 06:28:43.268403	Investors
7543	2022-10-01 12:02:33.455703	Caught
7544	2022-10-01 12:02:37.796513	DrJosephLadapo
7558	2022-10-01 12:04:33.039831	CacklersAnonymous
7571	2022-10-01 13:05:57.851345	morons
7646	2022-10-01 15:57:00.966943	RinosAreWorseThanDemocrats
7648	2022-10-01 15:57:09.710822	jeanpierre
7652	2022-10-01 15:57:40.147161	TRUMPFOREVER
7655	2022-10-01 16:00:47.068771	PatriotsFight
7656	2022-10-01 16:01:08.420454	NotFunnyAndOhSoSick
7657	2022-10-01 16:01:14.244347	ResistNWO
7658	2022-10-01 16:01:28.977939	SlowTheSpreadOfTyranny
7661	2022-10-01 16:02:32.0036	TheFungiCrew
7663	2022-10-01 16:02:47.28066	DT4
7668	2022-10-01 16:04:41.625248	ByeByeBiden
7671	2022-10-01 16:05:23.473834	LilaRose
7673	2022-10-01 16:06:21.098685	Allpeoplematternotjustredchecks
7678	2022-10-01 16:09:10.091007	TREASON
7679	2022-10-01 16:09:10.735663	SetUsFree45
7681	2022-10-01 16:18:38.204634	GodAlmighty
7682	2022-10-01 16:26:10.051479	superioritycomplex
7683	2022-10-01 16:42:25.729387	StopTheWhining
7684	2022-10-01 16:47:06.806711	manpower
7690	2022-10-02 23:47:57.916353	Winred
7691	2022-10-02 23:47:58.520693	RNC
7697	2022-10-03 09:21:44.355168	changeyourlife
7698	2022-10-03 09:22:27.912401	TakeTheRedPill
7699	2022-10-03 09:22:28.445913	billmaher
7700	2022-10-03 09:22:28.911425	partyofCOMMONSENSE
7702	2022-10-03 09:25:17.622974	craiglong45
7703	2022-10-03 09:26:09.388428	freethem
7704	2022-10-03 09:27:07.544929	fightforchildren
7705	2022-10-03 09:27:28.156645	joy
7706	2022-10-03 09:27:29.686911	thegoodnewsofthegospel
7709	2022-10-03 09:27:45.743653	cancelculture
7710	2022-10-03 09:27:46.27992	sickofit
7713	2022-10-03 09:28:41.434722	fakenewsmedia
7714	2022-10-03 09:28:42.11447	independentjournalists
7718	2022-10-03 09:29:14.878728	HerschelWalker
7720	2022-10-03 09:29:41.65827	pennsylvania
7721	2022-10-03 09:30:57.64781	truthaboutBLM
7723	2022-10-03 09:31:17.090834	DisinformationBoard
7786	2022-10-03 10:55:12.13407	ILoveAmerica
7787	2022-10-03 10:56:58.253102	usconstitution
7788	2022-10-03 10:56:58.661318	billofrights
7789	2022-10-03 10:58:44.984673	MorganWallen
7790	2022-10-03 10:59:06.9509	makingsocialmediafunagain
7791	2022-10-03 10:59:08.240814	info
7792	2022-10-03 10:59:10.858931	agenda
7793	2022-10-03 10:59:25.731081	AndbeOnd
7794	2022-10-03 11:00:13.042548	SaveCalifornia
7795	2022-10-03 11:00:17.348539	BBQ
7796	2022-10-03 11:00:17.751307	bbqpork
7797	2022-10-03 11:01:23.149341	No5G
7798	2022-10-03 11:03:51.797037	Qanon
7799	2022-10-03 11:04:09.334835	gomerpyle
7800	2022-10-03 11:04:09.739287	usmc
7801	2022-10-03 11:04:22.020627	Arsenal
7802	2022-10-03 11:04:22.416048	K
7803	2022-10-03 11:07:27.505999	BarrackObama
7804	2022-10-03 11:08:43.96377	DEA
7805	2022-10-03 11:08:44.705624	TITLE42
7806	2022-10-03 11:10:47.067729	WeSeeYouObama
7807	2022-10-03 11:10:58.439414	CA
7808	2022-10-03 11:11:41.409608	mgarden
7809	2022-10-03 11:11:49.093245	pedowood
7810	2022-10-03 11:14:39.090031	ilivedit
7811	2022-10-03 11:17:01.205712	BidenLaptop
7812	2022-10-03 11:17:36.011801	DRAINTHESWAMP
7813	2022-10-03 11:17:36.444119	BIDENCRIMEFAMILY
7814	2022-10-03 11:17:36.875386	HUNTERSLAPTOP
7815	2022-10-03 11:17:37.310788	WHERESHUNTER
7816	2022-10-03 11:17:37.749907	BIDENLAPTOPSMATTER
7817	2022-10-03 11:17:38.435006	DENAZIFICATION
6571	2022-09-29 17:34:51.59545	GeorgiaGuidestones
6572	2022-09-29 17:34:54.226813	YtumpTruths
6574	2022-09-29 17:35:37.669481	questions
6577	2022-09-29 17:38:36.988727	EV
6578	2022-09-29 17:38:37.459979	ElectricVehicles
6579	2022-09-29 17:38:37.908143	FossilFuel
6584	2022-09-29 17:44:17.321438	BlameGameBiden
6586	2022-09-29 17:47:01.117945	Godspeed
6588	2022-09-29 17:48:36.386395	sweeping
6589	2022-09-29 17:48:41.859545	kimclement
6590	2022-09-29 17:48:42.250441	kimclementprophecy
6591	2022-09-29 17:49:12.185529	broke
6593	2022-09-29 17:51:23.68788	Mystery
6596	2022-09-29 17:51:25.20261	lostworld
6597	2022-09-29 17:51:25.635044	oldworld
6598	2022-09-29 17:51:26.358619	WeveBeenLiedToAboutEverything
6600	2022-09-29 17:52:43.434592	flatearther
6601	2022-09-29 17:52:43.860866	flatearthmatters
6604	2022-09-29 17:52:45.206084	globeisdead
6605	2022-09-29 17:52:45.646819	GlobeIsALie
6606	2022-09-29 17:52:46.143056	nocurvature
6608	2022-09-29 17:52:49.674463	flatstationaryearth
6611	2022-09-29 17:52:51.967425	nasalies
6612	2022-09-29 17:52:54.342665	sunislocal
6613	2022-09-29 17:52:54.769277	sunrays
6616	2022-09-29 17:53:35.08455	MommaBears
6617	2022-09-29 17:53:49.117409	TrueEarth
6618	2022-09-29 17:54:59.656799	Hawaii
6619	2022-09-29 17:55:08.734097	Rino
6620	2022-09-29 17:55:09.1765	LockHimUp
6621	2022-09-29 17:55:59.625398	flatearthmap
6622	2022-09-29 17:56:00.429914	map
6625	2022-09-29 17:56:02.14596	nasaisafruad
6626	2022-09-29 17:56:02.627932	spaceisfake
6627	2022-09-29 17:56:03.108671	morelands
6628	2022-09-29 17:56:03.587719	EXTRATERRA
6629	2022-09-29 17:56:04.107327	extraterrestrial
6630	2022-09-29 17:56:04.55797	et
6631	2022-09-29 17:56:19.186825	georgesoros
6632	2022-09-29 17:56:19.624631	SorosIsEvil
6633	2022-09-29 17:56:20.348823	SorosIsANaziCollaborator
6634	2022-09-29 17:56:20.827562	SorosIsANazi
6635	2022-09-29 17:56:21.307698	fuckgeorgesoros
6637	2022-09-29 17:57:19.392157	Iowa
6638	2022-09-29 17:57:19.868448	exposethelies
6644	2022-09-29 17:58:55.638166	WeCameWeSawHeDied
6645	2022-09-29 17:59:38.667414	TRUMPWASRIGHT
6649	2022-09-29 18:01:27.826574	AwakenedNotWoke
6650	2022-09-29 18:02:59.986002	Heresy
6652	2022-09-29 18:03:00.906543	Technocracy
6656	2022-09-29 18:05:23.988301	wannabeetrucker
6657	2022-09-29 18:17:19.574813	Ewaranon
6658	2022-09-29 18:18:42.543632	GodIsAmazing
6659	2022-09-29 18:30:33.19966	NoProtesting
6660	2022-09-29 18:36:23.946945	HillaryIsADemon
6661	2022-09-29 18:41:03.187344	GroomerBiden
6662	2022-09-29 18:44:03.305709	MidnightRide
6663	2022-09-29 18:49:19.541508	HappyMemorialDay
6664	2022-09-29 18:54:59.925451	teacher
6665	2022-09-29 18:55:00.340237	SRO
6666	2022-09-29 18:55:01.078098	SchoolSafety
6667	2022-09-29 18:55:02.162253	violence
6668	2022-09-29 19:02:05.709907	greatawakening
6669	2022-09-29 19:03:43.857548	Space
6670	2022-09-29 19:05:58.521535	MerrickGarland
6671	2022-09-29 19:05:59.203453	FJoeBiden
6672	2022-09-29 19:05:59.661035	FJoeBidan
6673	2022-09-29 19:06:00.123196	DogFacePonia
6674	2022-09-29 19:06:00.88405	BidenDisaster
6675	2022-09-29 19:06:01.441903	BidenMustGo
6676	2022-09-29 19:06:03.096817	MerrickGarlandMustResign
6677	2022-09-29 19:06:03.573193	BidenIsALaughingstock
6678	2022-09-29 19:07:28.745729	BidensFailures
6679	2022-09-29 19:12:21.276829	DemocratsAreCorrupt
6680	2022-09-29 19:39:53.00082	election2022
6681	2022-09-29 19:48:45.068927	tailgating
6682	2022-09-29 19:48:46.078162	FIGHTBACK
6683	2022-09-29 19:49:57.148384	fightback
6684	2022-09-29 19:49:58.699044	dropboxinitiative2022
6685	2022-09-29 19:50:04.414018	jovanhuttonpulitzer
6686	2022-09-29 19:52:04.978369	TakingOutTheTrash
6687	2022-09-29 19:52:34.069336	M39
6688	2022-09-29 20:03:18.812858	illegalaliens
6689	2022-09-29 20:03:19.79263	VoteInPersonOnElectionDay
6690	2022-09-29 20:03:28.386424	Virginia
6691	2022-09-29 20:04:16.687004	determules
6692	2022-09-29 20:04:17.128783	illegalBallotMules
6693	2022-09-29 20:09:57.347671	LindseyGangreneMustGo
6694	2022-09-29 20:09:58.682427	Senate
6695	2022-09-29 20:10:00.384027	mitchmcconnell
6696	2022-09-29 20:12:52.426575	truthwins
6697	2022-09-29 20:12:53.411398	dontbelazy
6698	2022-09-29 20:15:00.014815	NoMoreStolenElections
6699	2022-09-29 20:15:45.191076	protectyourvote
6700	2022-09-29 20:28:19.495562	ReturnTheDiamonds
6701	2022-09-29 20:28:20.160225	democratsaredestroyingamerica
6702	2022-09-29 20:29:07.698834	PrayForTrump
6703	2022-09-29 20:29:18.560877	Release
6704	2022-09-29 20:30:01.143157	ReleaseTheInfo
6705	2022-09-29 20:32:35.381681	dontgetittwistedsister
6706	2022-09-29 20:32:41.056464	ThankYouForYourService
6707	2022-09-29 20:32:41.868933	Dumbts7500caprule
6708	2022-09-29 20:32:55.047253	gungrab
6709	2022-09-29 20:32:55.502972	notmypresident
6710	2022-09-29 20:33:42.944172	Patriotgames
6711	2022-09-29 20:33:48.838645	CVR
6712	2022-09-29 20:33:55.650211	oklahoma
6713	2022-09-29 20:34:02.403781	monday
6714	2022-09-29 20:34:08.279523	irs
6715	2022-09-29 20:36:36.233787	pollwatcher
6716	2022-09-29 20:38:57.025562	fight
6717	2022-09-29 20:38:59.100926	Ray
6718	2022-09-29 20:41:37.588743	Wyoming
6719	2022-09-29 20:41:39.018326	rinos
6720	2022-09-29 20:43:17.668901	FakeFoxNews
6721	2022-09-29 20:43:18.056314	seesomethingsaysomething
6722	2022-09-29 20:43:19.244133	VoteKariLakeAZGovernor
6723	2022-09-29 20:43:20.206481	TakeOurCountryBack
6724	2022-09-29 20:43:22.254792	RacineCounty
6725	2022-09-29 20:46:48.442025	rlectionfraud
6726	2022-09-29 20:46:50.29281	IllegitimateBiden
6727	2022-09-29 20:47:30.31403	TinaPeters
6728	2022-09-29 20:51:31.97771	stacyabrams
6729	2022-09-29 20:54:17.58195	USSupremeCourt
6730	2022-09-29 20:54:18.095421	MNCourts
6731	2022-09-29 20:54:18.544136	FreedomTruckers
6732	2022-09-29 20:54:19.206429	ConservativeParty
6733	2022-09-29 20:54:20.144465	MNCD6
6734	2022-09-29 20:54:20.562683	WrightCountyMN
6735	2022-09-29 20:54:20.985743	MonticelloMN
6736	2022-09-29 20:54:21.415	Boome
6737	2022-09-29 20:55:51.997024	presidentdonaldjtrump
6738	2022-09-29 20:57:16.454402	HighSchool
6739	2022-09-29 20:57:16.877915	FFA
6740	2022-09-29 20:57:17.311805	Teen
6741	2022-09-29 20:57:17.751608	VoTech
6742	2022-09-29 20:57:18.406854	college
6743	2022-09-29 20:57:59.190742	EarlyVoting
6744	2022-09-29 20:57:59.627157	Voterfraud
6745	2022-09-29 20:58:00.055934	voteinp
6746	2022-09-29 20:58:03.436484	AMERICA
6747	2022-09-29 20:58:28.10054	voting
6748	2022-09-29 20:59:11.877599	WATCH
6749	2022-09-29 20:59:30.638466	DROPBOX
6750	2022-09-29 20:59:37.232229	RemoveBidenAdminNow
6751	2022-09-29 21:03:57.887213	SarahF
6752	2022-09-29 21:04:21.980276	CleanelectionsUSA
6753	2022-09-29 21:34:39.552495	FNP
6754	2022-09-29 21:34:40.015179	FMM
6755	2022-09-29 21:34:58.263781	BarrSucks
6756	2022-09-29 21:35:01.570288	Who
6757	2022-09-29 21:36:06.194267	OurGovernmentIsBroke
6758	2022-09-29 21:36:07.803591	quitfoxnews
6759	2022-09-29 21:36:12.567777	KamalawillgetaNobel
6760	2022-09-29 21:36:57.008016	StopThe7500Limit
6761	2022-09-29 21:37:20.856246	hateisforrookies
6762	2022-09-29 21:37:21.26733	riseabove
6763	2022-09-29 21:39:28.144561	NeverInAmerica
6764	2022-09-29 21:49:53.089393	dougmastriano
6765	2022-09-29 21:50:12.184943	GeneralFlynn
6766	2022-09-29 21:50:12.820175	DanScavino
6767	2022-09-29 21:50:13.34959	Dontrumpjr
6768	2022-09-29 21:50:13.846007	SydneyPowell
6769	2022-09-29 21:50:14.268413	Linwood
6770	2022-09-29 21:50:56.543323	RealPresidentTrump
6771	2022-09-29 21:51:48.265737	DisbandTheFBI
6772	2022-09-29 21:51:56.273261	BeijingBasementBiden
6773	2022-09-29 21:52:08.178141	NancyPantsPelosi
6774	2022-09-29 21:52:16.896093	Fam822
6775	2022-09-29 21:53:17.197764	Scamdemic
6776	2022-09-29 21:53:39.722338	BringBackTrumpNow
6777	2022-09-29 21:53:41.803468	DraintheSwamp
6778	2022-09-29 21:54:19.406972	HappyIndependenceDay
6779	2022-09-29 21:54:26.10962	HuntersLaptop
6780	2022-09-29 21:54:31.627951	Desperate
6781	2022-09-29 21:54:32.233005	Grasping
6782	2022-09-29 21:54:42.167213	protect2A
6783	2022-09-29 21:54:56.63311	GodWon
6784	2022-09-29 21:55:00.898118	GodWonToday
6785	2022-09-29 21:55:12.575258	EveryLieWillBeRevealed
6786	2022-09-29 21:55:20.662936	Whistleblower
6787	2022-09-29 21:55:31.337327	bantrans
6788	2022-09-29 21:55:58.371494	Fix2020Now
6789	2022-09-29 21:56:03.86661	CovFeFe
6790	2022-09-29 21:56:04.339008	DebGold
6791	2022-09-29 21:56:04.799353	WTM
6792	2022-09-29 21:56:06.574151	GoldStuart
6793	2022-09-29 21:56:30.803469	termlimitsnow
6794	2022-09-29 21:57:16.906304	BoycottFauxNews
6795	2022-09-29 21:57:20.925143	ProjectBluebeam
6796	2022-09-29 21:57:50.361109	SchiffsAPedo
6797	2022-09-29 21:57:59.847084	TraitorKemp
6798	2022-09-29 21:58:11.602901	Kek
6799	2022-09-29 21:58:36.627412	TheLiftMaster
6800	2022-09-29 21:59:24.9496	WhenYouKnowYouKnow
6801	2022-09-29 21:59:37.850167	FISA
6802	2022-09-29 21:59:57.796842	ExpandGITMO
6803	2022-09-29 22:00:01.69032	LawAndOrder
6804	2022-09-29 22:00:02.130603	CommonLaw
6805	2022-09-29 22:00:02.567934	DoNoHarm
6806	2022-09-29 22:00:55.964316	MissyouTrump
6807	2022-09-29 22:00:59.886844	Believe
6808	2022-09-29 22:01:50.834958	FRANCE
6809	2022-09-29 22:01:51.301811	Macron
6810	2022-09-29 22:01:51.888265	LePen
6811	2022-09-29 22:01:52.511846	RiggedElection
6812	2022-09-29 22:01:53.009886	McKinseyGate
6813	2022-09-29 22:01:53.534331	ParisRoubaix
6814	2022-09-29 22:02:13.139142	JesusWon
6815	2022-09-29 22:05:05.873325	distraction
6816	2022-09-29 23:07:48.125834	sugarmomma
6817	2022-09-29 23:07:48.760453	gasbuddy
6818	2022-09-29 23:08:35.425806	fuckingidiot
6819	2022-09-29 23:08:35.891506	openthepipeline
6820	2022-09-29 23:08:36.893222	workingamericans
6821	2022-09-29 23:14:26.569436	elonmuskbuystwitter
6822	2022-09-29 23:14:38.067038	SundayScripture
6823	2022-09-29 23:14:41.610765	SmartChristian
6824	2022-09-29 23:14:42.279901	BibleStudy
6825	2022-09-29 23:14:44.234013	bibleverse
6826	2022-09-29 23:14:48.58949	Bar
6827	2022-09-29 23:14:49.026467	texasbar
6828	2022-09-29 23:14:53.779916	myocarditis
6829	2022-09-29 23:14:54.270708	diedsuddenly
6830	2022-09-29 23:15:15.327261	sads
6831	2022-09-29 23:15:25.651392	IMissTrump
6832	2022-09-29 23:15:27.628366	christians
6833	2022-09-29 23:15:28.830298	NOVAVAX
6834	2022-09-29 23:15:29.527641	DrJaneRuby
6835	2022-09-29 23:15:53.270893	SADS
6836	2022-09-29 23:15:56.400877	bloodclots
6837	2022-09-29 23:16:04.132679	DrRichardUrso
6838	2022-09-29 23:16:13.183097	Fight4USAorGTFO
6839	2022-09-29 23:16:13.316919	VAIDS
6840	2022-09-29 23:16:14.146053	RoseDC11
6841	2022-09-29 23:16:27.790924	deathjab
6842	2022-09-29 23:16:41.624579	911truth
6843	2022-09-29 23:17:00.879931	COVIDVACCINEVICTIMS
6844	2022-09-29 23:17:09.693341	ConstitutionalRepublic
6845	2022-09-29 23:17:16.836149	marthasVineyard
6846	2022-09-29 23:17:33.64328	immigrants
6847	2022-09-29 23:17:48.956437	covidvaccine
6848	2022-09-29 23:17:49.403574	covidvaccineinjuries
6849	2022-09-29 23:18:27.959377	FuckJayInslee
6850	2022-09-29 23:18:28.356559	WA
6851	2022-09-29 23:18:36.217085	pslams
6852	2022-09-29 23:18:37.087631	bible
6853	2022-09-29 23:18:56.95859	insidejob
6854	2022-09-29 23:19:01.560163	DrSteveKirsch
6855	2022-09-29 23:19:07.506942	Deuteronomy
6856	2022-09-29 23:19:08.212597	DoctrineMatters
6857	2022-09-29 23:19:10.590248	SheriffGradyJudd
6858	2022-09-29 23:19:24.435857	vaccineinjuries
6859	2022-09-29 23:19:29.13065	trialdata
6860	2022-09-29 23:19:29.577281	JimmyDoreShow
6861	2022-09-29 23:20:13.893809	TuckerIsRight
6862	2022-09-29 23:20:28.013405	CovidVaccine
6863	2022-09-29 23:20:53.080577	FUCKAROUNDANDFINDOUT
6864	2022-09-29 23:20:54.486481	SaluteToYouSir
6865	2022-09-29 23:20:59.352281	BigPharma
6866	2022-09-29 23:21:11.364464	ShowersWithAshley
6867	2022-09-29 23:21:36.319107	TomMacDonald
6868	2022-09-29 23:21:48.035196	DrPeterMcCullough
6869	2022-09-29 23:21:53.573126	psalms
6870	2022-09-29 23:22:14.566249	DrRobertMalone
6871	2022-09-29 23:22:15.030068	warroom
6872	2022-09-29 23:22:27.924348	MagaExtremist
6873	2022-09-29 23:23:21.521424	JimBreuer
6874	2022-09-29 23:23:22.363731	Devils
6875	2022-09-29 23:24:08.902002	mkultra
6876	2022-09-29 23:24:23.78137	thanksforplaying
6877	2022-09-29 23:24:31.41952	MikkiWillis
6879	2022-09-29 23:24:55.258895	sterilization
6880	2022-09-29 23:24:55.696907	infertility
6888	2022-09-29 23:26:52.714625	judicialwatch
6889	2022-09-29 23:26:53.671628	tomfitton
6890	2022-09-29 23:28:13.945356	DietrichBonhoeffer
6891	2022-09-29 23:28:24.519098	UninformedConsent
6893	2022-09-29 23:28:26.886681	NurembergTrials
6895	2022-09-29 23:28:53.795948	conspiracytheory
6898	2022-09-29 23:29:38.679367	millionmagamarch
6900	2022-09-29 23:29:56.717162	farrightextremists
6901	2022-09-29 23:29:58.248614	FakeNewsMedia
6904	2022-09-29 23:30:03.969668	NeurolinguisticProgramming
6905	2022-09-29 23:30:21.444394	ThreatToOurDemocracy
6906	2022-09-29 23:31:38.145832	WAKEUP
6907	2022-09-29 23:31:46.691459	mrnavaccine
6908	2022-09-29 23:31:47.146671	heartattack
6911	2022-09-29 23:31:57.614716	Ephesians511
6913	2022-09-29 23:32:07.922122	SchlongCovid
6918	2022-09-29 23:32:52.608483	WorldIvermectinDay
6920	2022-09-29 23:33:28.505105	EpsteinClientList
6921	2022-09-29 23:33:29.320013	flightlogsdontlie
6923	2022-09-29 23:33:43.082159	wearemorethanconquerors
6925	2022-09-29 23:33:55.180311	Names
6928	2022-09-29 23:34:42.188693	Clotshot
6930	2022-09-29 23:34:50.166652	bioweapon
6933	2022-09-29 23:34:58.802568	vaccinepassport
6934	2022-09-29 23:34:59.225875	BioSurveillance
6938	2022-09-29 23:35:16.059912	defendfreedom
6939	2022-09-29 23:35:16.914306	ThisWeWillDefend
6940	2022-09-29 23:35:21.971474	AdverseReactions
6941	2022-09-29 23:35:24.176442	SpikeProtein
6942	2022-09-29 23:35:25.14159	Heartattacks
6949	2022-09-29 23:35:52.776273	BioNTech
6951	2022-09-29 23:35:54.821957	ALLTHEANIMALSDIED
6953	2022-09-29 23:35:56.028186	ProtectYourFamily
6956	2022-09-29 23:36:02.285478	covidvaccines
6957	2022-09-29 23:36:02.9987	covidvaccineforchildren
6958	2022-09-29 23:36:05.209197	miscarriages
6959	2022-09-29 23:36:13.780081	mrnabioweapon
6963	2022-09-29 23:36:31.526779	MyBodyMYChoice
6964	2022-09-29 23:36:33.803215	ephesians612
6965	2022-09-29 23:36:44.253807	DrZelenko
6969	2022-09-29 23:36:55.028153	RestInPeace
6970	2022-09-29 23:36:55.472075	DrZevZelenko
6971	2022-09-29 23:36:57.869993	zelenkoprotocol
6975	2022-09-29 23:37:08.507652	AllTheWorldsAstage
6976	2022-09-29 23:37:10.4772	GreenScreen
6978	2022-09-29 23:37:16.007617	TheRealAnthonyFauci
6979	2022-09-29 23:37:57.551913	PfizerDocuments
6981	2022-09-29 23:38:11.121222	thankQ
6982	2022-09-29 23:38:33.844553	GhilaineMaxwelldidntkillherself
6985	2022-09-29 23:38:39.651948	UnbornLivesMatter
6986	2022-09-29 23:38:40.873489	AdoptionIsAnOption
6988	2022-09-29 23:38:49.339962	overturned
6992	2022-09-29 23:38:56.76774	boycottDisney
6994	2022-09-29 23:39:08.108409	BarackObama
6997	2022-09-29 23:39:25.347137	NewsMax
6998	2022-09-29 23:39:33.693012	DrNaomiWolf
7000	2022-09-29 23:39:47.672185	Timcast
7001	2022-09-29 23:39:48.11039	TimeSquareTruthBombing
7005	2022-09-29 23:41:02.762651	LongTermEffects
7006	2022-09-29 23:41:03.44904	bellspalsy
7007	2022-09-29 23:41:06.944486	gradyjudd
7008	2022-09-29 23:41:07.478556	PolkCountyFL
7009	2022-09-29 23:41:07.941373	badass
7010	2022-09-29 23:41:09.951319	DefendOurChildren
7011	2022-09-29 23:41:10.420859	SchoolShooting
7012	2022-09-29 23:41:23.956016	activist
7013	2022-09-29 23:41:25.090391	LGBT
7014	2022-09-29 23:41:26.461627	ComingForYourChildren
7015	2022-09-29 23:41:28.537116	Trans
7016	2022-09-29 23:41:40.292122	covid19vaccination
7017	2022-09-29 23:41:41.613845	deathtoll
7018	2022-09-29 23:41:42.891925	vaids
7019	2022-09-29 23:41:44.826827	stroke
7020	2022-09-29 23:41:46.056074	Mandateskill
7021	2022-09-29 23:41:48.614738	JusticeKavanaugh
7022	2022-09-29 23:41:49.053626	AssassinationAttemptOn_JusticeKavanaugh
7023	2022-09-29 23:41:55.698616	1Peter5
7024	2022-09-29 23:41:56.383819	resist
7025	2022-09-29 23:41:56.857917	HaveFaith
7026	2022-09-29 23:42:00.920957	pridebeforethefall
7027	2022-09-29 23:42:01.372233	nothingtobeproudabout
7028	2022-09-29 23:42:01.809593	lgbtq
7029	2022-09-29 23:42:02.240589	gaypride
7030	2022-09-29 23:42:02.679493	AlphabetMafia
7031	2022-09-29 23:42:05.286533	JesseWatters
7032	2022-09-29 23:42:05.795829	PaulPelosi
7033	2022-09-29 23:42:06.214372	PelosiDUI
7034	2022-09-29 23:42:06.891831	Mugshot
7035	2022-09-29 23:42:22.180976	ComeAndTakeThem
7036	2022-09-29 23:42:22.73433	colddeadhands
7037	2022-09-29 23:42:23.710845	selfdefense
7038	2022-09-29 23:42:24.143868	DefendTheSecond
7070	2022-09-30 22:06:23.897107	Thebiglie
7071	2022-09-30 22:07:51.379998	stopsorosnow
7139	2022-10-01 00:38:00.429205	CliamteHoax
7140	2022-10-01 00:39:13.819342	Infanticide
7143	2022-10-01 00:39:32.867317	Fam926
7146	2022-10-01 00:40:21.458173	whitepeople
7148	2022-10-01 00:40:22.351055	sneako
7164	2022-10-01 00:48:31.663829	IMWITHHER
7166	2022-10-01 00:48:33.172135	bidenspeech
7167	2022-10-01 00:48:33.918873	4Trump
7173	2022-10-01 00:49:11.490632	BrickAgentArmy
7174	2022-10-01 00:49:11.935786	DontMVEMeBro
7177	2022-10-01 00:50:18.616103	Sweden
7178	2022-10-01 00:51:31.45121	SepTember24
7179	2022-10-01 00:51:37.682027	PureEvil
7189	2022-10-01 00:55:23.596163	Strength
7208	2022-10-01 01:09:48.628911	blondies
7209	2022-10-01 01:09:49.067465	blondiestrains
7211	2022-10-01 01:09:49.971914	amztruths
7212	2022-10-01 01:09:51.301421	4usa
7213	2022-10-01 01:09:51.759206	truths4trump
7215	2022-10-01 01:09:56.087837	UltraMagaTrains
7219	2022-10-01 01:12:45.550177	pipeline
7220	2022-10-01 01:16:16.515409	LHU
7221	2022-10-01 01:17:21.513054	SSDD
7222	2022-10-01 01:19:05.936976	BFD
7223	2022-10-01 01:26:47.122822	Educate
7224	2022-10-01 01:28:02.198056	NSDT
7302	2022-10-01 04:25:16.055823	crybabyAdamKinzinger
7398	2022-10-01 06:46:09.988865	WhereIsJamesWoods
7400	2022-10-01 06:48:13.656029	GodBlessPresidentTrump
7401	2022-10-01 06:48:20.883388	bishopleonbenjamin
7404	2022-10-01 06:52:00.454552	GODBlessDonaldJTrump
7405	2022-10-01 06:52:00.947281	GodBlessTheFreedomFightersWW
7406	2022-10-01 06:52:01.668875	GodBlessTheChildren
7408	2022-10-01 06:52:40.22206	CannotTrustMSM
7547	2022-10-01 12:02:39.104988	2022Midterms
7550	2022-10-01 12:03:02.233321	censoring
6878	2022-09-29 23:24:48.210923	SteveKirsch
6881	2022-09-29 23:24:56.136956	lipidnanoparticles
6882	2022-09-29 23:24:56.823077	study
6883	2022-09-29 23:25:42.33953	mRNAvaccines
6884	2022-09-29 23:25:43.115368	VaccineInjury
6885	2022-09-29 23:25:51.644916	SuddenDeathSyndrome
6886	2022-09-29 23:25:52.681061	HeartAttacksInTeenagers
6887	2022-09-29 23:26:45.999681	mrna
6892	2022-09-29 23:28:24.952444	Genocide
6894	2022-09-29 23:28:30.737138	nightshift
6896	2022-09-29 23:29:27.539599	spirtualwarfare
6897	2022-09-29 23:29:28.142623	GoodVsEvil
6899	2022-09-29 23:29:40.701914	AnneHeche
6902	2022-09-29 23:29:58.74178	domesticterrorists
6903	2022-09-29 23:30:03.134	MockingbirdMedia
6909	2022-09-29 23:31:48.480989	CardiacArrest
6910	2022-09-29 23:31:55.451391	MilitaryIsTheOnlyWay
6912	2022-09-29 23:32:00.031817	FAUCILIEDMILLIONSDIED
6914	2022-09-29 23:32:09.682839	ThesePeopleAreSick
6915	2022-09-29 23:32:41.970027	climatehoax
6916	2022-09-29 23:32:45.315451	unmasked
6917	2022-09-29 23:32:46.005215	unafraid
6919	2022-09-29 23:32:56.195182	StayStrong
6922	2022-09-29 23:33:31.526367	americanembarrassment
6924	2022-09-29 23:33:53.112236	john14
6926	2022-09-29 23:34:19.598189	stepupforthechildren
6927	2022-09-29 23:34:30.098841	NeverForgetWhatTheyDid
6929	2022-09-29 23:34:46.818023	DRClareCraig
6931	2022-09-29 23:34:57.18481	policestate
6932	2022-09-29 23:34:57.617082	digitalID
6935	2022-09-29 23:35:02.544082	indoctrination
6936	2022-09-29 23:35:07.635452	economiccollapse
6937	2022-09-29 23:35:10.706791	DrPierreKory
6943	2022-09-29 23:35:37.241293	mRNAbioweapon
6944	2022-09-29 23:35:37.707019	nicknemeroff
6945	2022-09-29 23:35:49.124506	DeathByMedicine
6946	2022-09-29 23:35:50.059155	SpikeProteinBioWeapons
6947	2022-09-29 23:35:51.6095	Merck
6948	2022-09-29 23:35:52.325794	JohnsonandJohnson
6950	2022-09-29 23:35:53.247322	astrazeneca
6952	2022-09-29 23:35:55.594017	canwetalkaboutit
6954	2022-09-29 23:35:59.097018	pericarditis
6955	2022-09-29 23:35:59.775272	childrenshealthdefense
6960	2022-09-29 23:36:20.760389	childrenvaccination
6961	2022-09-29 23:36:21.196665	SIDS
6962	2022-09-29 23:36:22.399501	adverseevents
6966	2022-09-29 23:36:47.296953	peaceinthestorm
6967	2022-09-29 23:36:51.635989	DrDavidMartin
6968	2022-09-29 23:36:52.127586	USAWatchdog
6972	2022-09-29 23:37:06.735002	hologram
6973	2022-09-29 23:37:07.349176	portal
6974	2022-09-29 23:37:07.816125	technology
6977	2022-09-29 23:37:12.537335	noretreatnosurrender
6980	2022-09-29 23:38:01.87492	thankyouGod
6983	2022-09-29 23:38:38.235664	lifewins
6984	2022-09-29 23:38:38.966078	CelebrateLifeMonth
6987	2022-09-29 23:38:48.870305	RoeVSWade
6989	2022-09-29 23:38:50.045509	LiberalismIsAMentalDisorder
6990	2022-09-29 23:38:50.764527	celebrate
6991	2022-09-29 23:38:54.532261	RoeOverturned
6993	2022-09-29 23:39:00.083997	PursuitOfHappiness
6995	2022-09-29 23:39:10.989594	THANKYOUTRUMP
6996	2022-09-29 23:39:11.423484	legend
6999	2022-09-29 23:39:47.224493	Devolution
7002	2022-09-29 23:39:57.165706	VaccinatedToDeath
7003	2022-09-29 23:39:58.169281	fda
7004	2022-09-29 23:39:59.189232	SpikeProteins
7072	2022-09-30 22:08:23.569273	FEDSURRECTION
7073	2022-09-30 22:08:24.51296	FDOJ
7183	2022-10-01 00:53:24.750104	SchoolBoards
7186	2022-10-01 00:54:47.712605	GavinMcInnes
7191	2022-10-01 00:57:03.599675	SalGrecoDidNothingWrong
7192	2022-10-01 00:57:52.077537	FTM
7193	2022-10-01 00:57:58.619459	Thursday
7197	2022-10-01 00:59:38.295406	Epstein
7201	2022-10-01 01:01:35.390935	alexwasright
7202	2022-10-01 01:05:25.403125	MxM
7203	2022-10-01 01:06:31.755979	justinanderschforsheriff
7204	2022-10-01 01:06:38.349548	citizenjournalist
7205	2022-10-01 01:06:38.835403	wearethenews
7206	2022-10-01 01:09:44.151559	alttech
7207	2022-10-01 01:09:44.910597	smartballots
7210	2022-10-01 01:09:49.524404	blondiestruths
7214	2022-10-01 01:09:55.235966	americatheneautiful
7216	2022-10-01 01:09:57.139196	magagang
7217	2022-10-01 01:11:39.810334	thisistheway
7218	2022-10-01 01:12:45.079905	openkeystone
7305	2022-10-01 04:58:40.780791	proudnavymom
7413	2022-10-01 07:10:13.198888	planned
7414	2022-10-01 07:10:15.399042	preppermom
7415	2022-10-01 07:10:15.863872	prepper
7416	2022-10-01 07:10:16.611238	trumpstruth
7417	2022-10-01 07:13:22.165806	Onevote
7418	2022-10-01 07:16:23.436548	proudantivaxer
7419	2022-10-01 07:16:24.308636	purebloodpuresoul
7420	2022-10-01 07:21:44.943343	republicanparty
7421	2022-10-01 07:21:45.925917	bencarson
7422	2022-10-01 07:21:46.697256	usapatriots
7423	2022-10-01 07:22:30.983525	ArmorofGod
7424	2022-10-01 07:22:31.41589	Ephesians611
7425	2022-10-01 07:23:04.67022	POS
7426	2022-10-01 07:26:01.837795	REPOST
7427	2022-10-01 07:26:02.222404	NEVERGONNAQUIT
7428	2022-10-01 07:27:17.636315	flushthetoilet
7429	2022-10-01 07:30:27.103586	proud
7430	2022-10-01 07:32:15.098685	VP
7431	2022-10-01 07:43:09.914432	endtyrranynow
7432	2022-10-01 07:44:02.472185	TRUST17
7433	2022-10-01 07:50:04.377907	trust
7434	2022-10-01 07:50:18.88836	T
7435	2022-10-01 07:50:29.030816	DoesHeSoundLikeAbadGuy
7436	2022-10-01 07:50:29.437106	WhatTheHellisGoingOn
7437	2022-10-01 07:50:29.893163	NotSoundingSoSinisterAfterAll
7438	2022-10-01 07:53:53.388997	ThomasRenz
7439	2022-10-01 07:54:24.943939	arresthillary
7440	2022-10-01 07:54:48.213909	maga45
7441	2022-10-01 07:57:36.512472	Vets
7442	2022-10-01 07:57:37.265151	Army
7443	2022-10-01 07:57:38.304647	Airforce
7444	2022-10-01 07:57:39.005243	Soldiers
7445	2022-10-01 08:04:06.048816	MovieScene
7446	2022-10-01 08:05:54.81196	PoliceOfficer
7447	2022-10-01 08:05:55.233533	Detective
7551	2022-10-01 12:03:02.667605	rewriting
7552	2022-10-01 12:03:03.453141	bookstores
7553	2022-10-01 12:03:04.515135	alternativemedia
7572	2022-10-01 14:10:28.955274	TRUMPTRAINS
7573	2022-10-01 14:10:58.740276	HolySaturday
7574	2022-10-01 14:14:34.008648	InThisTogether
7659	2022-10-01 16:02:19.349318	ItsTime
7660	2022-10-01 16:02:19.989068	YouveBeenDuped
7665	2022-10-01 16:04:13.197785	dumbTs7500caprule
7670	2022-10-01 16:05:23.049983	LiveAction
7680	2022-10-01 16:18:37.754043	mypresident
7692	2022-10-02 23:47:58.976614	RinoRonna
7999	2022-10-06 00:43:08.661849	TRUMPendorsed
8049	2022-10-06 01:21:45.653997	bidenlies
9895	2022-10-09 09:26:39.356788	ChinaCoal
11557	2022-10-12 23:41:22.371348	Humbled
11558	2022-10-12 23:41:24.322305	FGB
11559	2022-10-12 23:41:25.969549	RKellylawyer
12157	2022-10-13 14:22:00.426798	mistake
12178	2022-10-13 14:38:20.379307	JSTR
12179	2022-10-13 14:41:28.823154	WOMENSTANDUP
12181	2022-10-13 14:42:28.927181	PrayerWarrior
12183	2022-10-13 14:42:34.939346	ShalomyahBowers
12186	2022-10-13 14:43:24.599308	Churches
12193	2022-10-13 14:47:09.283256	HomeOfTheBrave
12206	2022-10-13 14:59:02.227374	threat
12210	2022-10-13 15:01:09.479687	partyofscience
12213	2022-10-13 15:01:25.111587	RuledByNumbera
12214	2022-10-13 15:08:31.923419	BlakeMasters
12215	2022-10-13 15:08:32.695365	AWRHawkins
12218	2022-10-13 15:11:49.613949	UM5
12221	2022-10-13 15:17:15.280196	Thrivetimeshow
12222	2022-10-13 15:17:15.779728	GenFlynn
12223	2022-10-13 15:17:16.303194	DaveScarlett
12226	2022-10-13 15:17:21.929801	lifeinsurance
12232	2022-10-13 15:21:22.241265	TrueTheVotes
12234	2022-10-13 15:22:07.791066	socialists
12243	2022-10-13 15:32:47.226996	TomCruise
12247	2022-10-13 15:37:20.479047	Clots
12251	2022-10-13 15:44:15.886961	RisksOutweighBenefits
12252	2022-10-13 15:45:13.267805	UltraExtremeMAGA
12277	2022-10-13 16:56:46.107416	firefucci
12286	2022-10-13 17:07:30.507872	SaveOurElections
12290	2022-10-13 17:19:17.311096	TheGreatMagaKing
12367	2022-10-13 20:02:41.17629	MakesYouThink
12372	2022-10-13 20:39:55.490313	maxfollow
12378	2022-10-13 20:49:12.41937	TruthSocialists
12382	2022-10-13 20:53:43.743345	KillaryforPrison
12385	2022-10-13 21:00:11.360995	toxicingredients
12447	2022-10-13 23:53:00.367471	Bonfire
12451	2022-10-14 00:22:13.951239	TrumpRallyNE
12459	2022-10-14 00:57:10.618234	fracking
12469	2022-10-14 01:01:11.3359	Maricopa
12477	2022-10-14 01:05:13.615142	FactyFact
12478	2022-10-14 01:06:48.026211	RKelly
12479	2022-10-14 01:06:56.72237	growingpains
12480	2022-10-14 01:09:10.778429	lagunabeach
12481	2022-10-14 01:10:10.35031	NotNormalJoe
12482	2022-10-14 01:11:38.338588	amirite
12483	2022-10-14 01:21:08.666666	karmaisabeotch
12485	2022-10-14 01:21:34.166453	BBCNews
12486	2022-10-14 01:22:59.966517	WWWG1WGA
12487	2022-10-14 01:25:00.914969	USOil
12488	2022-10-14 01:25:01.394648	USSoil
12491	2022-10-14 01:34:19.530809	kitchigiwah
12492	2022-10-14 01:39:15.620446	itsallahoax
12493	2022-10-14 01:42:30.802846	vp
12494	2022-10-14 02:17:08.983595	RedShoeClub
12495	2022-10-14 02:17:10.179987	HumanLeather
12496	2022-10-14 02:17:10.879615	TonyPodesta
12497	2022-10-14 02:18:57.228728	dietwitterdie
12498	2022-10-14 02:22:26.395499	oranges
12501	2022-10-14 02:45:19.759658	wewillfixthis
12502	2022-10-14 02:48:44.303798	home
12503	2022-10-14 02:51:08.856991	kentuckyturtle
12504	2022-10-14 02:52:13.675965	yum
12505	2022-10-14 02:55:18.73165	dfw
12506	2022-10-14 03:36:41.413931	dogecoin
12507	2022-10-14 03:36:45.017713	leatherholster
12510	2022-10-14 03:37:26.539922	thistruthwouldbebanned
12511	2022-10-14 04:02:12.700937	scrollhell
12512	2022-10-14 04:22:22.152401	%F0%9D%98%99%F0%9D%98%A6%F0%9D%98%9B%F0%9D%98%B3%F0%9D%98%B6%F0%9D%98%B5%F0%9D%98%A9
12513	2022-10-14 04:32:19.078316	americanideas
12515	2022-10-14 04:32:20.500121	keepfighting
12516	2022-10-14 04:32:20.915398	americaisworthit
12521	2022-10-14 04:32:27.17554	dontgiveup
12522	2022-10-14 04:32:27.672337	wewin
12523	2022-10-14 04:32:31.360731	liberalsareracist
12524	2022-10-14 04:32:31.847204	elitistsuck
12527	2022-10-14 04:32:33.24589	theleftsucks
12528	2022-10-14 04:32:33.734021	panderingfools
12529	2022-10-14 04:32:34.239564	checkyourself
12536	2022-10-14 04:32:44.561025	theyworkforus
12537	2022-10-14 04:32:45.4884	firethemall
12543	2022-10-14 04:32:48.796489	knowyourhistory
12546	2022-10-14 04:32:56.688437	tenthammendment
12548	2022-10-14 04:32:58.011909	deathtotyranny
12549	2022-10-14 04:32:58.54608	freedomwins
12550	2022-10-14 04:32:59.095906	beradical
12553	2022-10-14 04:33:07.423614	graft
12554	2022-10-14 04:33:08.503222	deceitful
12555	2022-10-14 04:33:09.251005	traitors
12556	2022-10-14 04:33:14.551139	flight93
12562	2022-10-14 04:33:24.567336	jamesmadison
12563	2022-10-14 04:33:25.091187	welfarestate
12564	2022-10-14 04:33:25.675514	hewasright
12567	2022-10-14 04:33:27.713906	followit
12568	2022-10-14 04:33:28.09098	restrictthegovernment
12569	2022-10-14 04:33:28.449896	governmentaintyourmama
12570	2022-10-14 04:33:28.810245	standupforyourself
12571	2022-10-14 04:33:29.195886	bidenstudentloans
12572	2022-10-14 04:33:29.630966	mindyourbusiness
12576	2022-10-14 04:33:34.174003	thomaspaine
12577	2022-10-14 04:33:35.879379	dontbackdown
12579	2022-10-14 04:33:37.421137	communismsucks
12580	2022-10-14 04:33:37.978826	standuptopower
12581	2022-10-14 04:33:41.865393	dontstopbelieving
12582	2022-10-14 04:33:42.850483	honoraryfounder
12583	2022-10-14 04:33:43.203843	speaktruth
12584	2022-10-14 04:33:45.500039	johnadams
12585	2022-10-14 04:33:46.410147	seeyouatthepolls
12586	2022-10-14 04:33:47.175244	becareful
12587	2022-10-14 04:33:47.530821	midtermsarecoming
12591	2022-10-14 04:33:58.668985	funnycauseitstrue
12592	2022-10-14 04:33:59.024795	whatajoke
12593	2022-10-14 04:33:59.383914	biggovernmentsucks
12594	2022-10-14 04:34:00.181488	constitutionalrights
12596	2022-10-14 04:34:11.896293	biggovscares
12597	2022-10-14 04:34:12.496675	hatecorruption
12598	2022-10-14 04:34:13.069728	protectourrights
12600	2022-10-14 04:34:16.215054	alexanderhamilton
12601	2022-10-14 04:34:17.083709	americaideas
12603	2022-10-14 04:34:18.431847	disbandthefbi
12604	2022-10-14 04:34:19.198239	sinnature
12605	2022-10-14 04:34:19.562223	absolutepowercorruptsabsolutely
12606	2022-10-14 04:34:19.968177	historyrepeatsitself
12607	2022-10-14 04:34:25.436492	deepstatesucks
12608	2022-10-14 04:34:25.788985	wearewatching
12609	2022-10-14 04:34:26.15167	neveragain
12610	2022-10-14 04:34:26.512983	challengeeverything
12611	2022-10-14 04:34:27.08192	bigbrother
12612	2022-10-14 04:34:27.446286	weakmenbringhardtimes
12613	2022-10-14 04:34:27.800303	fools
12614	2022-10-14 04:34:30.975258	cicero
12615	2022-10-14 04:34:32.598044	notgoingtomissyou
12616	2022-10-14 04:34:32.96505	coward
8000	2022-10-06 00:47:26.417941	dumpfoxnews
8001	2022-10-06 00:47:26.873414	dumpfoxnewshosts
8014	2022-10-06 00:51:58.204847	SocialSecurity
8015	2022-10-06 00:51:58.677589	TaxedToDeath
8016	2022-10-06 00:51:59.693208	TaxationIsTheft
8017	2022-10-06 00:52:00.184249	Crooks
8018	2022-10-06 00:52:00.75838	Demonrats
8019	2022-10-06 00:52:01.25837	Retirement
8020	2022-10-06 00:52:01.878427	Thieves
8023	2022-10-06 00:54:06.175677	itsnotavaccine
8027	2022-10-06 00:54:46.957676	hrclied
8039	2022-10-06 01:06:08.849655	bidensaidthat
8041	2022-10-06 01:06:30.153464	KY8
8046	2022-10-06 01:09:44.504883	ranger787
8047	2022-10-06 01:12:26.835191	SaveOurBabies
8051	2022-10-06 01:27:09.712048	MAGAcrew
8052	2022-10-06 01:30:51.033245	democratsarefascists
8053	2022-10-06 01:30:55.695282	MaralagoRaid
8054	2022-10-06 01:32:58.099916	fenbendazole
8055	2022-10-06 01:33:00.254962	doxycycline
8058	2022-10-06 01:34:23.447276	wisconsinfraud
8059	2022-10-06 01:34:35.930199	truthtrump
9896	2022-10-09 09:27:17.585717	SwampDonkeys
11560	2022-10-12 23:41:43.09603	MySaviorFlipsTables
11561	2022-10-12 23:41:45.154356	PraiseBeToGod
11562	2022-10-12 23:41:46.872519	GraceForPurpose
11563	2022-10-12 23:41:59.111045	PutYourArmorOn
11564	2022-10-12 23:42:05.669353	SchiftySchiff
11565	2022-10-12 23:42:07.06069	Blast
11566	2022-10-12 23:42:10.250737	Prayers
11567	2022-10-12 23:42:18.78011	blast
11568	2022-10-12 23:42:20.217081	BushFoundationLogo
11569	2022-10-12 23:42:35.168911	PaveAndPray
11570	2022-10-12 23:42:38.872222	FindURInnerHunger
11571	2022-10-12 23:42:39.20589	StormIsComingQ
11572	2022-10-12 23:42:45.378228	IWillSurvive
11573	2022-10-12 23:42:45.844637	PickMeUp
11574	2022-10-12 23:43:03.879291	TearItDown
11575	2022-10-12 23:43:11.056014	RedFlags
11576	2022-10-12 23:43:19.745141	MonsterMike
11577	2022-10-12 23:43:25.460491	chicagocrime
11578	2022-10-12 23:43:40.27449	WeLoveU
11579	2022-10-12 23:43:49.226807	NeverEVERConcede
11580	2022-10-12 23:43:55.62695	potatohead
11581	2022-10-12 23:43:55.930221	ClimateChangeScam
11582	2022-10-12 23:44:02.721576	Happy4th
11583	2022-10-12 23:44:21.485273	Delusional
11584	2022-10-12 23:44:26.648374	cornwatch
11585	2022-10-12 23:44:31.038958	LedZeppelin
11586	2022-10-12 23:44:31.376165	Kasmir
11587	2022-10-12 23:44:39.846088	Qpoll
11588	2022-10-12 23:44:56.854222	Guardians
11589	2022-10-12 23:44:58.786601	SoSoHappy
11590	2022-10-12 23:44:59.090937	BigBeautifulPlan
11591	2022-10-12 23:45:05.479204	FrontLineLiz
11592	2022-10-12 23:45:08.109146	itcouldhappen
11593	2022-10-12 23:45:21.516462	keeppraying
11594	2022-10-12 23:45:22.040585	AlmightyFather
11595	2022-10-12 23:45:23.567501	Day542
11596	2022-10-12 23:45:29.27699	FreedomFighters
11597	2022-10-12 23:45:29.780259	declarationofindependence
11598	2022-10-12 23:45:31.912653	GaveUpEverything
11599	2022-10-12 23:45:32.439917	17Days
11600	2022-10-12 23:45:32.771012	56Men
11601	2022-10-12 23:45:34.659587	Sacrafice
11602	2022-10-12 23:45:35.384289	ThomasJefferson
11603	2022-10-12 23:45:35.717566	JohnHancock
11604	2022-10-12 23:45:58.189598	CassidyClaims
11605	2022-10-12 23:46:03.363922	GreatestStoryEverTold
11606	2022-10-12 23:46:12.34738	patriotPrayers
11607	2022-10-12 23:46:18.16899	PatriotPrayers
11608	2022-10-12 23:46:19.447886	WithGodNow
11609	2022-10-12 23:46:37.1699	GuardiansOfThePedos
11610	2022-10-12 23:46:51.55993	MeToday
11611	2022-10-12 23:47:14.660426	godweneedyounow
11612	2022-10-12 23:47:16.368902	UsersAndAbusers
11613	2022-10-12 23:47:37.799374	CalmBeforeTheStorm
11614	2022-10-12 23:47:38.282152	HaveYouEverSeenRain
11615	2022-10-12 23:47:41.062596	PutMyArmorOn
11616	2022-10-12 23:47:41.393156	Fight4WhatsRight
11617	2022-10-12 23:47:41.726552	Crusaders
11618	2022-10-12 23:47:42.061135	ShowEmWhatWeAreMadeOf
11619	2022-10-12 23:47:42.403787	NoFear
11620	2022-10-12 23:47:42.73774	Ephesians610To20
11621	2022-10-12 23:47:44.490509	ShowEmWhatWereMadeOf
11622	2022-10-12 23:47:45.01567	Power
11623	2022-10-12 23:47:45.350936	SoundMind
11624	2022-10-12 23:47:45.687111	Fight
11625	2022-10-12 23:47:46.408232	CaitlynnCurtis
11626	2022-10-12 23:47:59.450375	QPost4958
11627	2022-10-12 23:48:03.271041	Qpost4958
11628	2022-10-12 23:48:04.875241	newQ
11629	2022-10-12 23:48:05.788268	shill
11630	2022-10-12 23:48:12.391548	CaitlynneCurtis
11631	2022-10-12 23:48:12.842745	Therapy
11632	2022-10-12 23:48:14.826531	FaithOverFear
11633	2022-10-12 23:48:17.869697	KashMeOutside
11634	2022-10-12 23:48:22.96193	17K
11635	2022-10-12 23:50:44.604772	WeAreEverywhere
11636	2022-10-12 23:50:45.443116	GhostInTheMachine
11637	2022-10-12 23:50:48.690272	MyWay
11638	2022-10-12 23:50:54.730427	GrandTheftAuto
11639	2022-10-12 23:50:56.604437	grab
11640	2022-10-12 23:50:58.597024	MyThemeSong
11641	2022-10-12 23:51:03.478787	DontEvenHateHaters
11642	2022-10-12 23:51:04.001553	WarGoingOnWithGoodNEvil
11643	2022-10-12 23:51:04.333401	purpose
11644	2022-10-12 23:51:07.47973	WillYOu
11645	2022-10-12 23:51:15.531534	GrabTheWheel
11646	2022-10-12 23:51:39.009808	DeepStateTears
11647	2022-10-12 23:51:54.260728	LongMovie
11648	2022-10-12 23:51:55.413172	DanielsDream
11649	2022-10-12 23:51:56.301124	OnlyThroughHim
11650	2022-10-12 23:51:57.835453	BookOfDaniel
11651	2022-10-12 23:51:58.170095	ReadTheWordOfTheLord
11652	2022-10-12 23:52:07.509412	GodBlessPatriots
11653	2022-10-12 23:52:07.842782	BlessAllTheLordsPeople
11654	2022-10-12 23:52:20.493472	PinkCanFOff
11655	2022-10-12 23:52:32.432607	ForAlwaysAndForever
11656	2022-10-12 23:54:53.883859	Garden
11657	2022-10-12 23:57:15.60094	FutureProvesPast
11658	2022-10-12 23:57:17.408137	HalfAndJai
11659	2022-10-12 23:57:17.931103	BlacksAbandonIng
11660	2022-10-12 23:57:18.456355	Qpost570
11661	2022-10-12 23:57:18.792342	QPost4806
11662	2022-10-12 23:57:19.315161	BlackVoteNoMore
11663	2022-10-12 23:57:20.912956	BlackVotersAbandoning
11664	2022-10-12 23:57:44.179321	HadToBThisWay
11665	2022-10-12 23:57:49.490247	goodday
11666	2022-10-12 23:57:55.292577	PrisonPlanet
11667	2022-10-12 23:57:57.89494	GreatToBearWitness
11668	2022-10-12 23:58:04.2351	post4956
11669	2022-10-12 23:58:16.011728	LetterOfTheDay
11670	2022-10-12 23:58:32.369472	post4954
11671	2022-10-12 23:58:38.208832	Showtime
8002	2022-10-06 00:48:43.404702	AmericanFreedomTour
8003	2022-10-06 00:48:54.323434	ifapb
8006	2022-10-06 00:49:01.325261	covidlie
8008	2022-10-06 00:49:05.833802	orwell
8010	2022-10-06 00:49:48.210772	desantis2024
8012	2022-10-06 00:51:36.779319	ObidenCrimeFamily
8013	2022-10-06 00:51:37.193983	J6Patriots
8021	2022-10-06 00:52:03.502572	InstalledNotElected
9897	2022-10-09 15:42:05.26277	mrq
9898	2022-10-09 16:16:44.92319	TERMLIMITS
9899	2022-10-09 16:17:04.420511	BIDENLIED
9900	2022-10-09 16:17:09.575201	FIREFAUCI
9901	2022-10-09 16:17:10.343088	TYRANT
9902	2022-10-09 16:18:15.025489	MadeIt
9903	2022-10-09 16:19:40.351232	electionshaveconsequenses
9904	2022-10-09 16:20:07.506915	Startyourdayright
9905	2022-10-09 16:20:11.532167	LOOKUP
9906	2022-10-09 16:23:03.949823	THINK
9907	2022-10-09 16:23:05.324299	HISTORYREPEATSITSELF
9908	2022-10-09 16:24:02.412987	thechosen
9909	2022-10-09 16:24:23.069684	kansascityshuffle
9910	2022-10-09 17:23:01.088341	FauciLiedPeopleDied
9911	2022-10-09 17:23:22.855427	RudyGiuliani
9912	2022-10-09 17:23:23.295847	FultonCounty
9913	2022-10-09 17:24:11.278489	TopNotch
9914	2022-10-09 17:24:19.16038	Climate
9915	2022-10-09 17:24:19.59211	Emissions
9916	2022-10-09 17:24:34.338419	BRINGBACKTRUMPNOW
9917	2022-10-09 17:24:34.781232	45won
9918	2022-10-09 17:25:10.805685	offtoseethewizard
9919	2022-10-09 17:25:12.750693	depopulationagenda
9920	2022-10-09 17:27:33.43753	dontgiveupyourguns
9921	2022-10-09 17:28:24.43172	DeepCleanDC
9922	2022-10-09 17:28:25.106808	NoWhereToHide
9923	2022-10-09 17:28:46.303375	enjoytheshow
9924	2022-10-09 17:28:46.726048	thestormishere
9925	2022-10-09 17:28:47.160945	itshappening
9926	2022-10-09 17:29:37.965941	VACCINES
9927	2022-10-09 17:29:43.106642	truthseekersunited
9928	2022-10-09 17:29:43.505533	luckygirl
9929	2022-10-09 17:29:44.054389	whatatimetobealive
9930	2022-10-09 17:29:50.461595	OURCOUNTRYISFALLINGFAST
9931	2022-10-09 17:30:48.905778	chemtrails
9932	2022-10-09 17:30:49.466038	anotherconspiracytheory
9933	2022-10-09 17:30:49.91271	tinhatswereright
9939	2022-10-09 17:33:52.1482	goRussia
9940	2022-10-09 17:35:43.475879	bestpresident
9941	2022-10-09 17:36:11.694711	truthseekersheaven
9945	2022-10-09 17:37:12.832699	redshoeclub
9946	2022-10-09 17:38:42.29281	watch
9947	2022-10-09 17:38:43.210583	disception
9960	2022-10-09 17:49:05.88853	NationalSecurityRisk
9961	2022-10-09 17:52:39.776039	JackMaxie
9962	2022-10-09 17:57:48.432001	smokeandmirrors
9963	2022-10-09 17:57:48.868345	nothingtoseehere
9964	2022-10-09 18:00:17.583111	BlackPope
9965	2022-10-09 18:32:30.790657	posrino
9966	2022-10-09 18:49:00.506615	Strategika
9967	2022-10-09 18:50:42.003168	holysexuality
9968	2022-10-09 18:50:42.969639	homosexuality
9969	2022-10-09 18:50:49.915246	abuse
9970	2022-10-09 18:50:50.358894	neglect
9971	2022-10-09 18:50:50.836198	fostercare
9972	2022-10-09 18:50:51.674715	stories
9973	2022-10-09 18:50:52.598939	Godstory
9974	2022-10-09 18:50:53.323958	behindthemike
9975	2022-10-09 18:51:02.494543	apologeticsforkids
9976	2022-10-09 18:51:16.068068	spotify
9977	2022-10-09 18:51:16.842085	applepodcasts
9978	2022-10-09 18:51:17.277292	googlepodcasts
9979	2022-10-09 18:51:17.728421	amazonmusic
9980	2022-10-09 18:51:18.436871	stitcherpodcast
9981	2022-10-09 18:51:18.881989	pandoramusic
9982	2022-10-09 18:51:19.336171	tunein
9983	2022-10-09 18:51:20.023514	alexa
9984	2022-10-09 19:53:39.489871	fall
9988	2022-10-09 19:53:56.211843	BrittanyAldean
9995	2022-10-09 19:54:10.563494	michelleobama
9999	2022-10-09 19:54:44.315714	Commedian
10000	2022-10-09 19:54:45.019263	hellywood
10015	2022-10-09 19:55:21.866615	BoomWeek
10024	2022-10-09 19:55:55.748864	UpsideDownWorld
10028	2022-10-09 19:56:29.745265	cassidyhutchinson
10029	2022-10-09 19:56:31.166914	KayleighMcEnany
10034	2022-10-09 19:57:01.82917	BIDENBIKE
10035	2022-10-09 19:57:28.540103	DOITQ
10037	2022-10-09 19:57:55.055531	HappyBirthdayPresidentTrump
10039	2022-10-09 19:58:01.507154	deltasmatter
10040	2022-10-09 19:58:04.760207	Bloodlines
10041	2022-10-09 19:58:05.984235	shirleyjones
10042	2022-10-09 19:58:06.450357	LOOKALIKES
10043	2022-10-09 19:58:10.502097	pyramid
10045	2022-10-09 19:58:11.925609	hollywood
10048	2022-10-09 19:58:22.65442	highwayrobbery
10055	2022-10-09 19:58:48.704648	NXIVM
10062	2022-10-09 20:00:10.567125	ThesePeopleAreStupid
10078	2022-10-09 20:01:11.041825	insiderpaper
10080	2022-10-09 20:01:25.734791	AntiChrist
10081	2022-10-09 20:01:31.074913	DonkeyPox
10086	2022-10-09 20:02:32.322296	famine
10089	2022-10-09 20:02:41.527062	americanflag
10092	2022-10-09 20:02:49.572312	DeborahBirx
10098	2022-10-09 20:03:26.545192	courage
10102	2022-10-09 20:03:54.360587	Bikeweek2022
10106	2022-10-09 20:04:16.984032	myfellowamericans
10115	2022-10-09 20:05:18.995959	TimCurry
10116	2022-10-09 20:05:19.954963	IT
10117	2022-10-09 20:05:29.712157	MooseLodge
10118	2022-10-09 20:05:30.391982	tikibar
10119	2022-10-09 20:05:31.382868	aboutlastnight
10120	2022-10-09 20:06:07.856149	horror
10122	2022-10-09 20:07:22.455173	caitlynjenner
10125	2022-10-09 20:07:37.221605	Firmament
10131	2022-10-09 20:09:24.80892	GeraldoRivera
10132	2022-10-09 20:09:25.645813	bettemidler
10133	2022-10-09 20:09:28.493963	trumphaters
10134	2022-10-09 20:09:29.407162	JoyBehar
10140	2022-10-09 20:10:34.474518	aweektoremember
10144	2022-10-09 20:11:23.940456	hotdogboy
10146	2022-10-09 20:11:40.298683	angels
10149	2022-10-09 20:12:07.269262	FaithAlone
10152	2022-10-09 20:12:14.9837	FoodPlantsBurning
10153	2022-10-09 20:12:57.66506	abortionismurder
10155	2022-10-09 20:13:19.079437	nanwhaley
10156	2022-10-09 20:13:35.012874	demoncrats
10157	2022-10-09 20:13:44.551843	witchhunt
10158	2022-10-09 20:13:49.836975	AncientEgypt
10163	2022-10-09 20:14:31.058331	savedbygrace
10166	2022-10-09 20:14:42.675674	SilencedNoMore
10167	2022-10-09 20:14:50.603425	MikeDeWine
10168	2022-10-09 20:14:53.775208	Primary2022
10169	2022-10-09 20:14:58.245221	CelineDion
10170	2022-10-09 20:15:10.227135	qdelta
10174	2022-10-09 20:15:39.76608	qproof
10175	2022-10-09 20:15:49.347129	qdrops
10179	2022-10-09 20:17:25.062308	mostlypeacefulprotests
8004	2022-10-06 00:48:54.748472	ifab
8005	2022-10-06 00:48:59.999915	faucilied
8007	2022-10-06 00:49:03.748433	ifba
8011	2022-10-06 00:50:10.918799	FollowforFollow
8022	2022-10-06 00:53:58.495949	texasbus
8024	2022-10-06 00:54:15.023687	stopthemadness
9934	2022-10-09 17:31:12.698356	Ahem
9935	2022-10-09 17:31:14.442327	TeamQ
9936	2022-10-09 17:31:55.037476	releasethekraken
9937	2022-10-09 17:31:56.262498	ISTANDWITHSIDNEY
9938	2022-10-09 17:33:16.68438	FaceEverythingAndRise
9942	2022-10-09 17:36:17.359387	KeyStoneXL
9948	2022-10-09 17:38:46.984411	FU
9950	2022-10-09 17:40:14.694138	IMISSTRUMP
9954	2022-10-09 17:41:24.213774	TrumpArmy
9956	2022-10-09 17:41:59.157501	JenniBluStrpAndKash
9957	2022-10-09 17:41:59.709045	starsandstripes
9985	2022-10-09 19:53:40.609289	pumpkinseason
9989	2022-10-09 19:53:57.370866	MarenMorris
9990	2022-10-09 19:53:57.864355	CassadeePope
9991	2022-10-09 19:53:58.342342	JasonAldean
9992	2022-10-09 19:53:58.81486	insurrectionbarbie
9993	2022-10-09 19:53:59.311479	KarenMorris
9994	2022-10-09 19:54:07.787885	bibleversesdaily
10001	2022-10-09 19:54:48.219532	EzraMiller
10002	2022-10-09 19:54:49.537093	Sicko
10003	2022-10-09 19:54:55.109584	kevinfederline
10005	2022-10-09 19:54:56.92866	cdan
10006	2022-10-09 19:54:57.40471	blinditem
10008	2022-10-09 19:55:04.407471	DanSchneider
10014	2022-10-09 19:55:17.687593	borisjohnson
10016	2022-10-09 19:55:38.175105	PALEHORSE
10017	2022-10-09 19:55:38.588144	Abaddon
10018	2022-10-09 19:55:39.036303	Apollyon
10021	2022-10-09 19:55:46.297556	cern
10023	2022-10-09 19:55:52.11241	revelation
10026	2022-10-09 19:56:03.868568	KimClementProphecies
10027	2022-10-09 19:56:24.6621	YourLifeMatters
10032	2022-10-09 19:56:56.588057	JeffBezos
10038	2022-10-09 19:58:00.47226	YouAreWatchingAMovie
10046	2022-10-09 19:58:14.317724	triangle
10047	2022-10-09 19:58:17.204637	COOPERNORIEGA
10049	2022-10-09 19:58:26.395347	JimmyFallon
10050	2022-10-09 19:58:29.126361	CAMILLEVASQUEZ
10051	2022-10-09 19:58:29.988635	jodiarias
10052	2022-10-09 19:58:39.955109	kellyosbourne
10053	2022-10-09 19:58:40.385617	halsey
10056	2022-10-09 19:58:49.718797	monarchbutterfly
10057	2022-10-09 19:58:50.155188	MindControl
10063	2022-10-09 20:00:18.721666	masons
10064	2022-10-09 20:00:19.661687	freemasons
10065	2022-10-09 20:00:20.601044	QwasRight
10066	2022-10-09 20:00:28.015193	texasshooting
10070	2022-10-09 20:00:38.345195	floodoftruth
10071	2022-10-09 20:00:38.794529	DripDripFlood
10072	2022-10-09 20:00:41.052156	GodWillLeadYouToTruth
10077	2022-10-09 20:01:09.464343	KevinSpacey
10083	2022-10-09 20:02:15.445658	ChristIsKing
10090	2022-10-09 20:02:44.59468	beholdapalehorse
10094	2022-10-09 20:03:00.702972	danbongino
10097	2022-10-09 20:03:20.787302	bookofrevelation
10103	2022-10-09 20:03:55.440026	myrtlebeach
10104	2022-10-09 20:04:01.889936	prayup
10105	2022-10-09 20:04:04.956238	VibeCheck
10107	2022-10-09 20:04:24.907743	dankmemes
10108	2022-10-09 20:04:29.917743	ufo
10109	2022-10-09 20:04:30.365018	alieninvasion
10110	2022-10-09 20:04:34.406326	marsattacks
10113	2022-10-09 20:05:03.434813	trumpsreturn
10121	2022-10-09 20:06:26.301388	billgatesisevil
10123	2022-10-09 20:07:22.897336	kardashian
10124	2022-10-09 20:07:26.601783	ThesePeopeAreEvil
10127	2022-10-09 20:07:55.030907	MOAB
10128	2022-10-09 20:07:56.428882	BoomWeekAhead
10129	2022-10-09 20:08:09.618111	maskoff
10130	2022-10-09 20:09:13.201369	lessgovernmentmorefreedom
10135	2022-10-09 20:09:40.906878	Fetanyl
10136	2022-10-09 20:09:41.356278	ProtectOurBorder
10143	2022-10-09 20:11:08.261571	scientology
10147	2022-10-09 20:11:52.985829	blackbabylivesmatter
10154	2022-10-09 20:12:59.345824	prolifegeneration
10159	2022-10-09 20:13:58.099126	VaccineIsNotMyChoice
10160	2022-10-09 20:14:03.133328	maythe4thbewithyou
10161	2022-10-09 20:14:04.700568	checkmate
10176	2022-10-09 20:16:05.479774	JamesOkeefe
10177	2022-10-09 20:16:06.415058	JoshGerstein
10178	2022-10-09 20:17:02.343933	fullarmorofgod
10180	2022-10-09 20:17:40.664814	thearmorofGod
10182	2022-10-09 20:18:40.398742	SupportPatriots
10186	2022-10-09 20:19:44.463671	conspiracyrealist
10187	2022-10-09 20:19:45.347157	Rush
10190	2022-10-09 20:20:25.166952	CaughtThemAll
10191	2022-10-09 20:20:50.443353	twitterbattle2022
10192	2022-10-09 20:20:53.738487	heknows
10197	2022-10-09 20:21:20.223453	kardashians
11672	2022-10-12 23:58:47.949705	WinningJustBeginning
11673	2022-10-12 23:59:05.270223	GodProudMonth
11674	2022-10-12 23:59:06.526434	GodIsProud
11675	2022-10-12 23:59:23.351457	DaveKnows
11676	2022-10-12 23:59:23.658902	optic
11677	2022-10-12 23:59:24.570351	X22
11678	2022-10-12 23:59:25.094314	ProtectTheUnborn
11679	2022-10-12 23:59:31.776517	MarkedSafe
11680	2022-10-12 23:59:36.545516	AllPraiseToGod
11681	2022-10-13 00:00:14.128238	DestructiveGovernment
11682	2022-10-13 00:00:27.074489	NationalQuseumOfMemes
11683	2022-10-13 00:00:29.000124	KillingInnocent
11684	2022-10-13 00:00:47.685153	JudgeNapalatano
11685	2022-10-13 00:00:48.528975	inalienablerights
11686	2022-10-13 00:00:53.179516	HappyBirthdayJusticeThomas
11687	2022-10-13 00:00:54.936961	GreatJob
11688	2022-10-13 00:00:55.419023	BlackBelt
11689	2022-10-13 00:00:55.751138	CitizenArrest
11690	2022-10-13 00:00:58.515814	KnowYourInaliebleRights
11691	2022-10-13 00:01:04.80182	MustNotInfringe
11692	2022-10-13 00:01:10.348513	BushFamilyValues
11693	2022-10-13 00:01:29.967932	GoodVibrations
11694	2022-10-13 00:01:30.304594	Gratitude
11695	2022-10-13 00:01:33.568584	GrumblersDrain
11696	2022-10-13 00:01:40.483863	Discertion
11697	2022-10-13 00:01:45.680626	ForgotTheFries
11698	2022-10-13 00:01:47.525556	LovinIt
11699	2022-10-13 00:01:53.668213	steak
11700	2022-10-13 00:01:56.201979	rigged
11701	2022-10-13 00:01:58.355235	200mules
11702	2022-10-13 00:02:16.111254	post4593
11703	2022-10-13 00:02:16.585496	TrustINYourself
11704	2022-10-13 00:02:16.915906	UnityNotDivision
11705	2022-10-13 00:02:33.810525	TheDickJoeBidenShow
11706	2022-10-13 00:02:36.197005	pedoDad
11707	2022-10-13 00:02:47.775358	WallToWallTrap
11708	2022-10-13 00:02:49.609298	Habbening
11709	2022-10-13 00:02:51.402802	Thecalmbeforethestorm
11710	2022-10-13 00:02:54.557138	GodKnowsHisPeople
8009	2022-10-06 00:49:42.268557	satire
8025	2022-10-06 00:54:17.775279	hunterslaptop
8026	2022-10-06 00:54:30.902409	elontwitter
8028	2022-10-06 00:55:08.963331	joebidenlied
8029	2022-10-06 00:56:44.163417	twogenders
8030	2022-10-06 00:59:39.734701	Abbott
8032	2022-10-06 01:00:04.510481	shadowgoverment
8034	2022-10-06 01:02:01.545418	trustthescience
8036	2022-10-06 01:02:16.343215	cdclied
8040	2022-10-06 01:06:29.170886	MediaIsTheEnemyOfThePeople
8042	2022-10-06 01:06:30.906153	Fam1003
8043	2022-10-06 01:07:11.979806	yawn
8044	2022-10-06 01:07:12.398945	youlostlibtards
8045	2022-10-06 01:09:43.782194	blondiestrain
8060	2022-10-06 01:37:42.87071	mediaisevil
8062	2022-10-06 01:37:58.110203	lovetheapp
8071	2022-10-06 01:52:39.574173	epochtimes
8079	2022-10-06 01:53:37.66751	bidendidthis
8082	2022-10-06 01:54:26.344957	follow4follow
8083	2022-10-06 01:54:34.385854	desantis24
9943	2022-10-09 17:36:50.113811	texasmade
9944	2022-10-09 17:37:04.243283	Smear
9949	2022-10-09 17:40:01.139387	PLDM
9951	2022-10-09 17:40:27.306529	gainfollowers
9952	2022-10-09 17:40:29.954413	conspiracytheories
9953	2022-10-09 17:41:22.988027	AmericaStrong
9955	2022-10-09 17:41:24.923857	wekeepourguns
9958	2022-10-09 17:44:19.002485	BringBackTheMagaKing
9959	2022-10-09 17:45:26.130726	whoisQ
9986	2022-10-09 19:53:45.975139	NetflixHistory101
9987	2022-10-09 19:53:52.955115	Birthday
9996	2022-10-09 19:54:12.493899	captionthis
9997	2022-10-09 19:54:14.714736	allgoodthings
9998	2022-10-09 19:54:40.528466	LockHunterUp
10004	2022-10-09 19:54:56.164046	BritneySpears
10007	2022-10-09 19:54:59.507145	danecook
10009	2022-10-09 19:55:04.881805	nickelodeon
10010	2022-10-09 19:55:05.347003	mirandacosgrove
10011	2022-10-09 19:55:05.850497	JennetteMcCurdy
10012	2022-10-09 19:55:08.927945	allthingsworktogetherforgood
10013	2022-10-09 19:55:10.088952	bibleverseoftheday
10019	2022-10-09 19:55:42.509851	BEYONCE
10020	2022-10-09 19:55:45.568242	fourhorsemen
10022	2022-10-09 19:55:48.506133	strangerthings
10025	2022-10-09 19:56:00.450876	hadroncollider
10030	2022-10-09 19:56:36.760957	delicioso
10031	2022-10-09 19:56:44.333048	Moloch
10033	2022-10-09 19:56:57.716223	QProofs
10036	2022-10-09 19:57:34.462518	doitQ
10044	2022-10-09 19:58:11.486312	ProjectMonarch
10054	2022-10-09 19:58:43.971466	cardib
10058	2022-10-09 19:58:50.862741	ArianaGrande
10059	2022-10-09 19:58:51.325274	CDAN
10060	2022-10-09 19:58:51.796278	blindgossip
10061	2022-10-09 19:59:05.484846	dailymemes
10067	2022-10-09 20:00:28.729245	freemason
10068	2022-10-09 20:00:29.175332	TexasSchoolMassacre
10069	2022-10-09 20:00:29.660348	googleearth
10073	2022-10-09 20:00:47.460128	pepethefrog
10074	2022-10-09 20:00:47.900843	MichaelTheArchangel
10075	2022-10-09 20:00:48.38924	angel
10076	2022-10-09 20:01:06.137936	RayLiotta
10079	2022-10-09 20:01:25.034177	ObamaForGITMO
10082	2022-10-09 20:01:36.171054	movingmountains
10084	2022-10-09 20:02:25.163615	delta
10085	2022-10-09 20:02:30.848397	JesusIsTheWay
10087	2022-10-09 20:02:33.283328	FORGODANDCOUNRTY
10088	2022-10-09 20:02:39.808248	isupportthecurrentthing
10091	2022-10-09 20:02:45.688031	ww
10093	2022-10-09 20:02:59.979905	cartoons
10095	2022-10-09 20:03:11.895727	invisibleEnemy
10096	2022-10-09 20:03:19.126063	burkinafaso
10099	2022-10-09 20:03:44.511402	SeniorYearNetflix
10100	2022-10-09 20:03:45.529572	netlfix
10101	2022-10-09 20:03:50.535725	morningmemes
10111	2022-10-09 20:04:36.343745	alientakeover
10112	2022-10-09 20:04:56.579363	WeAreQ
10114	2022-10-09 20:05:04.323672	melaniatrump
10126	2022-10-09 20:07:49.948263	BabysLivesMatter
10137	2022-10-09 20:10:02.519642	HollywoodElite
10138	2022-10-09 20:10:02.948242	Vampires
10139	2022-10-09 20:10:12.12739	parishilton
10141	2022-10-09 20:10:35.65837	QDeltas
10142	2022-10-09 20:10:55.189918	nasa
10145	2022-10-09 20:11:24.339387	bathhousebarry
10148	2022-10-09 20:12:06.368455	ByFaithNotSight
10150	2022-10-09 20:12:08.216172	GodIsGreat
10151	2022-10-09 20:12:08.65381	Godisincontrol
10162	2022-10-09 20:14:24.722443	intheendwewin
10164	2022-10-09 20:14:35.966139	books
10165	2022-10-09 20:14:36.406888	occult
10171	2022-10-09 20:15:14.477649	Twister
10172	2022-10-09 20:15:16.719341	spiderman
10173	2022-10-09 20:15:26.087609	rulesfortheebutnotforme
10181	2022-10-09 20:18:27.496077	MetGala2022
10183	2022-10-09 20:19:15.652796	sia
10184	2022-10-09 20:19:25.088132	birdflu
10185	2022-10-09 20:19:31.035903	MarinaAbramovic
10188	2022-10-09 20:20:15.689438	gruntlife
10189	2022-10-09 20:20:21.557656	Pegasus
10193	2022-10-09 20:21:11.55986	TruthSocialHowTo
10194	2022-10-09 20:21:18.034585	slutsforsatan
10195	2022-10-09 20:21:19.065144	meganfox
10196	2022-10-09 20:21:19.738707	juliafox
10198	2022-10-09 20:21:31.435921	bohemiangrove
10199	2022-10-09 20:21:32.866278	ClintEastwood
10202	2022-10-09 20:21:58.733513	CrazyDaysAndNights
10204	2022-10-09 20:22:17.032317	annadelvey
10205	2022-10-09 20:22:18.414884	InventingAnna
10206	2022-10-09 20:22:27.414302	33degreemasons
10207	2022-10-09 20:22:39.938256	AlexandriaOcasioCortez
10208	2022-10-09 20:22:41.141517	DefendOurBorder
10209	2022-10-09 20:22:46.32879	boomweek
10212	2022-10-09 20:23:18.270055	WHCD
10213	2022-10-09 20:23:19.585336	donlemon
10214	2022-10-09 20:23:21.04015	cnnfakenews
10215	2022-10-09 20:23:21.717374	msmfakenews
10216	2022-10-09 20:23:41.287961	naomijudd
10217	2022-10-09 20:23:42.016819	grandpa
10218	2022-10-09 20:23:42.973502	rip
10219	2022-10-09 20:23:43.407904	countrymusic
10221	2022-10-09 20:23:47.51441	geoffmorrell
10222	2022-10-09 20:23:47.964926	disneyisevil
10223	2022-10-09 20:24:00.401132	nebraska
10224	2022-10-09 20:24:10.091661	games
10226	2022-10-09 20:24:14.568517	fakewars
10227	2022-10-09 20:24:15.332346	nfldraft
10229	2022-10-09 20:24:21.520283	expose2022
10230	2022-10-09 20:24:41.710061	movie
10231	2022-10-09 20:24:42.14152	hungergames
10232	2022-10-09 20:24:46.926326	whosucks
10234	2022-10-09 20:27:08.503895	covidrelief
10235	2022-10-09 20:27:11.046999	trumpsetthetrap
10236	2022-10-09 20:27:11.537725	caughtthemall
10237	2022-10-09 20:27:39.449927	qdrop
10238	2022-10-09 20:27:40.134472	donaldtrumpjr
10239	2022-10-09 20:27:54.930308	brains
10240	2022-10-09 20:28:00.641523	creepyjoebiden
8031	2022-10-06 01:00:03.128195	Bidencrimefamily
8033	2022-10-06 01:00:19.970951	Angela73
8035	2022-10-06 01:02:15.583024	endteachersunions
8037	2022-10-06 01:02:31.460856	greendeal
8038	2022-10-06 01:06:05.908786	WSWT
8048	2022-10-06 01:20:27.131829	MadisonCawthorn
8050	2022-10-06 01:22:46.489132	worldwar3
8056	2022-10-06 01:33:39.112864	MAGATRUTH
8057	2022-10-06 01:33:39.56652	AmzGrce
8061	2022-10-06 01:37:49.373977	keepemcoming
8063	2022-10-06 01:37:58.766132	lovethetruthsocialcommunity
8064	2022-10-06 01:37:59.803495	followall
8065	2022-10-06 01:40:12.197876	fauciisamurderer
8066	2022-10-06 01:40:17.30042	%E1%91%8C%E1%94%95%E1%96%87%E1%97%B4%E1%91%AD%E1%91%8C%E1%97%B7%E1%92%AAI%E1%91%95%E1%91%AD%E1%97%A9T%E1%96%87IOTT%E1%96%87%E1%97%A9I%E1%91%8E
8067	2022-10-06 01:41:34.915394	nosuchthingascoincidence
8068	2022-10-06 01:47:30.26489	CONDUCTORS
8069	2022-10-06 01:47:30.743368	OGCONDUCTORS
8070	2022-10-06 01:50:18.680791	Justice4Lupe
8072	2022-10-06 01:52:40.187954	dontsaygaybill
8073	2022-10-06 01:52:41.262621	protectthekids
8074	2022-10-06 01:52:41.739435	defundtheteachersunion
8075	2022-10-06 01:52:46.615327	endthepropaganda
8076	2022-10-06 01:53:04.03441	hunterbidenlaptop
8077	2022-10-06 01:53:17.800278	pelosiisevil
8078	2022-10-06 01:53:35.473109	pelosiisdrunk
8080	2022-10-06 01:53:38.262536	bidengasprices
8081	2022-10-06 01:54:23.786111	oan
8084	2022-10-06 01:55:05.995604	fromtherooftops
8085	2022-10-06 01:55:07.013922	wewillnotwaiver
8086	2022-10-06 01:55:29.346136	dominionwashacked
8087	2022-10-06 01:57:16.988191	gaspricecheck
8088	2022-10-06 06:38:01.027371	Mitch
8089	2022-10-06 06:38:11.453862	Semperfi
8090	2022-10-06 06:38:20.162501	Puppets
8091	2022-10-06 06:38:32.965835	sleepinggiant
8092	2022-10-06 06:38:33.394352	Majesty
8093	2022-10-06 06:38:33.83186	GreatestPresidentEver
8094	2022-10-06 06:38:34.282551	SemperFidelis
8095	2022-10-06 06:39:02.417506	UnitedStatesofAmerica
8096	2022-10-06 06:39:02.897733	SemperFi
8097	2022-10-06 06:40:57.834296	WWG1WGA_Worldwide
8098	2022-10-06 06:41:30.439508	DOIT45
8099	2022-10-06 06:42:05.063311	blacksfortrump2020
8100	2022-10-06 06:43:02.562958	OrangePill
8101	2022-10-06 06:43:10.545215	StasiFBI
8102	2022-10-06 06:44:08.397308	AwakingTheSleepingGiant
8103	2022-10-06 06:44:51.488958	TacoJill
8104	2022-10-06 06:45:04.205369	GodsLand
8105	2022-10-06 06:45:10.853693	DeclarationOfIndependence
8106	2022-10-06 06:45:12.067817	TheStormIsUponUs
8107	2022-10-06 06:46:08.836103	UltraMAGApancakes
8108	2022-10-06 06:46:09.242267	GREATEST
8109	2022-10-06 06:46:15.302711	LillyPadLounge
8110	2022-10-06 06:46:42.905285	Greatest
8111	2022-10-06 06:46:43.452951	UltraMagaPancakes
8112	2022-10-06 06:46:47.622634	pancakes
8113	2022-10-06 06:52:01.628921	intimidationtactics
8114	2022-10-06 06:57:05.041424	Raskin
8115	2022-10-06 06:57:06.118945	PanicInDC
8116	2022-10-06 06:57:19.45373	TyrannicalGovernment
8117	2022-10-06 06:57:20.469546	Neatherlands
8118	2022-10-06 06:57:29.008382	Suicided
8119	2022-10-06 06:57:41.466602	showtrial
8120	2022-10-06 06:58:00.983428	latinos
8121	2022-10-06 06:58:01.773786	demonrats
8122	2022-10-06 06:58:04.828933	NancyPelosiistrash
8123	2022-10-06 06:58:07.979541	Pelosithedrunk
8124	2022-10-06 06:58:08.737781	pelosiwillhang
8125	2022-10-06 06:58:11.836257	nancypelosi
8126	2022-10-06 06:58:12.280695	politicalcartoon
8127	2022-10-06 06:58:12.737063	mayraflores
8128	2022-10-06 06:58:16.33269	MayraFlores
8129	2022-10-06 06:58:20.632713	TX34
8130	2022-10-06 06:58:21.412493	HouseOfRepresentatives
8131	2022-10-06 06:58:28.139132	cognitivetest
8132	2022-10-06 06:58:37.905789	Matrix
8133	2022-10-06 06:58:42.97385	hypocricy
8134	2022-10-06 06:59:26.781331	Bike
8135	2022-10-06 06:59:27.221458	bikefail
8136	2022-10-06 06:59:32.353164	RehobothBeach
8137	2022-10-06 06:59:39.174224	CobertInsurrectionConspiracy
8138	2022-10-06 06:59:47.646527	Funny
8139	2022-10-06 07:00:03.613698	fakebook
8140	2022-10-06 07:00:09.620111	Censored
8141	2022-10-06 07:00:10.048379	suspended
8142	2022-10-06 07:00:10.492245	ProudAmerican
8143	2022-10-06 07:00:10.93355	Gay
8144	2022-10-06 07:00:35.997471	blackout
8145	2022-10-06 07:00:36.954282	BuckleUp
8146	2022-10-06 07:00:47.563582	COMMIES
8147	2022-10-06 07:00:48.126298	TakeAmericaBack
8148	2022-10-06 07:00:56.90477	bieber
8149	2022-10-06 07:01:42.981639	factcheckers
8150	2022-10-06 07:01:43.659175	FoodProcessingPlant
8151	2022-10-06 07:01:44.63437	NoJusticeInAmerica
8152	2022-10-06 07:02:13.5046	January6politicalprisoners
8153	2022-10-06 07:02:39.076747	facebook
8154	2022-10-06 07:03:37.150948	vindication
8155	2022-10-06 07:04:18.818513	twitterexposed
8156	2022-10-06 07:10:13.166708	StateControlledMedia
8157	2022-10-06 07:10:13.891596	ClassActionLawsuit
8158	2022-10-06 07:10:40.204721	leak
8159	2022-10-06 07:11:03.670221	RFKJr
8160	2022-10-06 07:11:06.515798	FakebookisFinished
8161	2022-10-06 07:11:11.901457	libtards
8162	2022-10-06 07:11:12.662114	UnhingedLiberals
8163	2022-10-06 07:11:27.222537	WRWY
8164	2022-10-06 07:11:29.842728	AmishForTrump
8165	2022-10-06 07:11:37.52095	Brandons
8166	2022-10-06 07:11:45.899329	Pain
8167	2022-10-06 07:11:46.63835	WWG1WGAWORLDWIDE
8168	2022-10-06 07:12:17.73032	Demoncrats
8169	2022-10-06 07:12:22.120008	hilarious
8170	2022-10-06 07:12:52.142794	CornPop
8171	2022-10-06 07:13:07.417494	EvilElites
8172	2022-10-06 07:13:12.167111	ElonMuskTwitter
8173	2022-10-06 07:13:12.695764	Panic
8174	2022-10-06 07:13:16.168269	TimPool
8175	2022-10-06 07:13:16.726436	WAPO
8176	2022-10-06 07:13:17.177075	Exposed
8177	2022-10-06 07:13:17.608512	Doxxed
8178	2022-10-06 07:18:19.926959	WashingtonPost
8179	2022-10-06 07:18:20.47758	Libsoftiktok
8180	2022-10-06 07:18:38.418725	FunnyMemes
8181	2022-10-06 07:18:41.715806	AbuseOfPower
8182	2022-10-06 07:18:42.162074	LeaderOfTheHouse
8183	2022-10-06 07:18:47.718147	GaysForTrump
8184	2022-10-06 07:18:58.051102	SecretsWillBeExposed
8185	2022-10-06 07:19:05.328974	Superman
8186	2022-10-06 07:19:08.507794	Libtards
8187	2022-10-06 07:19:12.035492	IronMike
8188	2022-10-06 07:19:12.55058	Tyson
8189	2022-10-06 07:19:13.009788	OnFire
8190	2022-10-06 07:19:20.190126	Masks
8191	2022-10-06 07:19:20.641922	Wokism
8192	2022-10-06 07:29:45.049098	Satire
8193	2022-10-06 07:29:50.448941	Tucker
8194	2022-10-06 07:29:51.721812	BidenPoop
8195	2022-10-06 07:29:54.975792	BirdPoopBiden
8196	2022-10-06 07:29:55.54426	BirdsRepresent
8197	2022-10-06 07:29:58.752511	NYCShooter
8198	2022-10-06 07:29:59.342665	MorallyWhite
8199	2022-10-06 07:30:00.075568	GunContol
8200	2022-10-06 07:30:00.658686	FalseFlag
8201	2022-10-06 07:30:04.194579	Whistleblowers
8202	2022-10-06 07:32:33.971302	BankingCartels
8203	2022-10-06 07:33:36.398782	NoEqualJustice
8204	2022-10-06 07:33:36.806421	NastyNancy
8205	2022-10-06 07:33:37.275065	Nancy
8206	2022-10-06 07:33:37.698852	Peloisi
8207	2022-10-06 07:33:50.097416	2020StolenElection
8208	2022-10-06 07:33:50.532932	ThePelosiCoup
8209	2022-10-06 07:34:28.371352	PaulSperry
8210	2022-10-06 07:35:05.353587	DosneyPhiles
8211	2022-10-06 07:35:08.656539	Spoof
8212	2022-10-06 07:40:28.884244	Powerful
8213	2022-10-06 07:40:38.987189	J6WitchHunt
8214	2022-10-06 07:44:01.729158	Afghanistan
8215	2022-10-06 07:44:02.948855	Opium
8216	2022-10-06 07:44:04.697147	BringJusticeNow
8217	2022-10-06 07:44:30.2169	ConspiracyTheorist
8218	2022-10-06 07:45:11.891708	EnemiesOfThePeople
8219	2022-10-06 07:45:12.497182	Statement
8220	2022-10-06 07:45:13.552049	LapTop
8221	2022-10-06 07:45:14.048629	Hucksters
8222	2022-10-06 07:45:16.654664	Rothchild
8223	2022-10-06 07:45:17.319362	Corona
8224	2022-10-06 07:45:26.475604	UFCFighter
8225	2022-10-06 07:45:27.232793	FB
8226	2022-10-06 07:45:27.91273	Boom
8227	2022-10-06 07:45:28.348381	Fakebook
8228	2022-10-06 07:45:32.653955	iraq
8229	2022-10-06 07:45:36.73109	CouyGriffen
8230	2022-10-06 07:45:37.59977	FederalCourt
8231	2022-10-06 07:45:38.041844	Arlington
8232	2022-10-06 07:45:49.27003	WestPoint
8233	2022-10-06 07:45:49.93795	Overdoses
8234	2022-10-06 07:45:50.379618	MilitaryFailure
8235	2022-10-06 07:45:50.867593	LackOfLeadership
8236	2022-10-06 07:45:51.348861	Cocaine
8237	2022-10-06 07:45:52.081888	WokeMilitary
8238	2022-10-06 07:46:00.219038	HunterBidensLapTop
8239	2022-10-06 07:46:01.026155	ThreeLetterAgencies
8240	2022-10-06 07:46:04.105301	X22Report
8241	2022-10-06 07:46:04.662867	FreePress
8242	2022-10-06 07:46:05.126502	NeverQuit
8243	2022-10-06 07:46:05.600194	BlackPillers
8244	2022-10-06 07:46:09.351656	FreeJan6th
8245	2022-10-06 07:46:13.771426	LapTopFromHell
8246	2022-10-06 07:46:22.478834	SealTeam6
8247	2022-10-06 07:46:47.651492	Journalist
8248	2022-10-06 07:46:48.802323	AmericaInDistress
8249	2022-10-06 07:46:53.307877	PoliticalPrisoner
8250	2022-10-06 07:46:54.263741	FreedomOfThePress
8251	2022-10-06 07:46:56.681916	Insanity
8252	2022-10-06 07:46:57.348536	NoJustice
8253	2022-10-06 07:46:58.058021	Victim
8254	2022-10-06 07:47:03.091499	WomenAreBeingErased
8255	2022-10-06 07:47:03.79395	Enough
8256	2022-10-06 07:47:12.879436	Hopium
8257	2022-10-06 07:47:26.477066	JohnWayne
8258	2022-10-06 07:47:27.575929	Warrior
8259	2022-10-06 07:47:32.684269	CargoShip
8260	2022-10-06 07:47:34.779747	EmotionalDamage
8261	2022-10-06 07:47:35.423492	Trudeu
8262	2022-10-06 07:47:38.08916	Senator
8263	2022-10-06 07:47:58.408824	WomensSports
8264	2022-10-06 07:47:58.852803	MenReplacingWomen
8265	2022-10-06 07:48:05.581517	Maxwell
8266	2022-10-06 07:48:06.072701	MaritimeLaw
8267	2022-10-06 07:48:09.007645	Cowards
8268	2022-10-06 07:48:09.666489	Criminals
8269	2022-10-06 07:48:10.103253	WarMachine
8270	2022-10-06 07:48:24.063561	HunterLapTop
8271	2022-10-06 07:48:24.716025	Sick
8272	2022-10-06 07:48:57.701943	Mask
8273	2022-10-06 07:49:00.273965	Gestapo
8274	2022-10-06 07:49:00.775934	AmericanKGB
8275	2022-10-06 07:49:05.959638	Fighter
8276	2022-10-06 07:49:10.877331	Projecting
8277	2022-10-06 07:49:37.25989	Fire
8278	2022-10-06 07:49:38.727041	Compromised
8279	2022-10-06 07:49:39.181993	Photos
8280	2022-10-06 07:49:46.379904	IronCross
8281	2022-10-06 07:49:58.599191	NoWar
8282	2022-10-06 07:49:59.338815	EnemyOfTheState
8283	2022-10-06 07:50:00.339058	SOS
8284	2022-10-06 07:50:16.646795	Propaganda
8285	2022-10-06 07:50:29.050638	Bidensux
8286	2022-10-06 07:50:36.091094	GovernorHochul
8287	2022-10-06 07:50:36.947234	NewYorkRangers
8288	2022-10-06 07:50:42.235953	RedPill
8289	2022-10-06 07:50:42.838866	RedPills
8290	2022-10-06 07:50:43.820914	FreedomOfPress
8291	2022-10-06 07:50:48.146443	Patience
8292	2022-10-06 07:50:50.251025	JudgementDay
8293	2022-10-06 07:50:51.238712	Fox
8294	2022-10-06 07:51:14.985643	GoldStandard
8295	2022-10-06 07:51:19.576089	JimJordonSpeaker
8296	2022-10-06 07:51:19.948095	EverGreen
8297	2022-10-06 07:51:20.588657	CargoShipStuck
8298	2022-10-06 07:51:21.032509	ChesapeakeBay
8299	2022-10-06 07:51:21.481857	UhOh
8300	2022-10-06 07:51:28.485973	PatriotArtist
8301	2022-10-06 07:51:36.934035	NYPost
8302	2022-10-06 07:51:37.908256	Weak
8303	2022-10-06 07:51:38.908207	NuclearTalks
8304	2022-10-06 07:51:41.012339	Bannon
8305	2022-10-06 07:51:41.727356	Rothschild
8306	2022-10-06 07:51:42.194676	FedIsDead
8307	2022-10-06 07:51:42.668437	Sanctions
8308	2022-10-06 07:51:46.315045	TheEndIsNear
8309	2022-10-06 07:51:57.995335	DraftDodgerMittRomney
8310	2022-10-06 07:52:16.946399	DomesticTerrorist
8311	2022-10-06 07:52:18.9268	Feeedom
8312	2022-10-06 07:52:21.006291	Tulsi
8313	2022-10-06 07:52:29.491943	Rome
8314	2022-10-06 07:52:29.937455	JakeSullivan
8315	2022-10-06 07:52:53.835446	interference
8316	2022-10-06 07:53:13.542999	HydeForCongess
8317	2022-10-06 07:53:14.095462	Hypocricy
8318	2022-10-06 07:53:14.806116	DeepStateWar
8319	2022-10-06 07:53:22.822851	FellowPatriot
8320	2022-10-06 07:53:23.354735	HardTimes
8321	2022-10-06 07:53:23.81157	GiveSendGo
8322	2022-10-06 07:53:24.621858	J6Committee
8323	2022-10-06 07:53:26.085302	AmericanPride
8324	2022-10-06 07:53:26.844815	Awakening
8325	2022-10-06 07:53:29.560342	Free
8326	2022-10-06 07:53:42.812985	GeorgeNews
8327	2022-10-06 07:53:45.951248	MarkSteyn
8328	2022-10-06 07:53:46.585796	GBNews
8329	2022-10-06 07:53:47.56507	TruthPill
8331	2022-10-06 07:53:52.625913	GreatBritain
8332	2022-10-06 07:54:08.779195	FreedomofPress
8333	2022-10-06 07:54:09.472441	Trumpwasright
8334	2022-10-06 07:54:16.141445	NotOneInch2A
8336	2022-10-06 07:54:53.191244	StandUp
8337	2022-10-06 07:55:34.094534	PBS
8339	2022-10-06 07:56:14.103035	insurgents
8340	2022-10-06 07:56:14.814603	DirtyWray
8341	2022-10-06 07:56:16.946469	UpdateHelp
8342	2022-10-06 07:56:48.254418	npc
8343	2022-10-06 07:56:49.517096	HumanShields
8345	2022-10-06 07:57:15.645768	Coverup
8347	2022-10-06 07:57:23.658833	FraudulantElection
8349	2022-10-06 07:57:48.620314	WeAreTheMajority
8350	2022-10-06 07:57:49.710354	EnergySecretary
8351	2022-10-06 07:57:50.789892	Crisis
8359	2022-10-06 07:59:42.859709	Poland
8360	2022-10-06 07:59:43.597864	DemolitionTeam
8366	2022-10-06 08:01:30.80798	GodSaveUs
8368	2022-10-06 08:01:32.200933	FakeHistory
10200	2022-10-09 20:21:33.402259	RobertFKennedyJr
10201	2022-10-09 20:21:41.593678	ahs
10203	2022-10-09 20:22:05.465506	fakepRESIDENT
10210	2022-10-09 20:23:02.552284	johnnydepp
10211	2022-10-09 20:23:09.423988	melania
10220	2022-10-09 20:23:43.850353	country
10225	2022-10-09 20:24:14.142204	moneylaundering
10228	2022-10-09 20:24:15.767176	nfl
10233	2022-10-09 20:25:10.331828	vermont
10241	2022-10-09 20:28:13.894187	stoppedophilianormalization
10242	2022-10-09 20:28:23.156131	trumpet
10244	2022-10-09 20:28:43.553867	shadowban
10246	2022-10-09 20:29:29.933689	france
10252	2022-10-09 20:30:30.962814	conservativeant
10254	2022-10-09 20:30:47.536583	uk
10258	2022-10-09 20:31:24.170117	crashandburn
10260	2022-10-09 20:31:33.161401	frogz
10263	2022-10-09 20:33:19.820583	togetherweStand
10265	2022-10-09 20:33:22.020305	ronpaul
10266	2022-10-09 20:33:23.290677	incometax
10272	2022-10-09 20:34:15.88506	spirithalloween
10276	2022-10-09 20:35:12.34579	symbolismwillbetheirdownfall
10279	2022-10-09 20:35:18.575485	CitadelIsEnron
10288	2022-10-09 20:36:30.768822	satanism
10291	2022-10-09 20:36:46.587689	eyeofhorus
10297	2022-10-09 20:36:56.94311	JohnJamesMI
10298	2022-10-09 20:36:59.069905	PrinceAndrew
10302	2022-10-09 20:37:46.796224	deltas
10304	2022-10-09 20:38:09.73485	HeIsRisen
10307	2022-10-09 20:38:21.44004	HillaryRottenToTheCoreClinton
10309	2022-10-09 20:38:23.308153	PelosiEvilToTheCore
10316	2022-10-09 20:39:24.665419	feinstein
10320	2022-10-09 20:39:47.254813	theworldiswatching
10322	2022-10-09 20:40:32.617684	consequences
10343	2022-10-09 20:41:59.832594	thewing
10344	2022-10-09 20:42:07.46338	sarahaines
10345	2022-10-09 20:42:07.916899	whoopi
10349	2022-10-09 20:42:20.640813	shills
10354	2022-10-09 20:42:40.565671	cruella
10356	2022-10-09 20:42:42.858673	TheDeathPenalty
10357	2022-10-09 20:43:12.275626	flagsout
10359	2022-10-09 20:43:21.050884	Gatorade
10362	2022-10-09 20:43:38.306889	LAPTOPFROMHELL
10364	2022-10-09 20:44:03.518218	choice
10367	2022-10-09 20:44:22.171974	precipice
10372	2022-10-09 20:44:47.156553	Buttigieg
10373	2022-10-09 20:44:48.521641	ButtigiegTheLoser
10377	2022-10-09 20:45:05.146223	TrumpsTrains
10386	2022-10-09 20:46:04.360327	dailybibleverse
10388	2022-10-09 20:46:18.397127	TheFauciSorosVaccine
10390	2022-10-09 20:46:35.410085	LOCKHERUP
10393	2022-10-09 20:46:44.428833	dontcomply
10402	2022-10-09 20:47:29.971998	mittromney
10405	2022-10-09 20:47:41.716745	MadHattersMother
10406	2022-10-09 20:47:49.808605	HisShitIsSoLame
10408	2022-10-09 20:47:57.315289	ThoseMotherFuckers
10418	2022-10-09 20:49:40.401903	Let
10419	2022-10-09 20:49:40.857687	StupidSonOfABitch
10438	2022-10-09 20:52:21.476955	KillaryStrikesAgain
10441	2022-10-09 20:53:13.734007	kayajones
10442	2022-10-09 20:53:22.619494	NoVOTINGMACHINES
10450	2022-10-09 20:54:23.97132	NPC
10455	2022-10-09 20:54:35.753035	Brilliant
10456	2022-10-09 20:54:37.188925	scandal
10474	2022-10-09 20:56:27.457471	rotinhellsoros
11711	2022-10-13 00:02:57.056257	Valuable
11712	2022-10-13 00:02:59.705306	WallToWall
11713	2022-10-13 00:03:00.440584	TheSting
11714	2022-10-13 00:03:05.222277	GodsPeopleKnow
11715	2022-10-13 00:03:12.855585	CatturdWear
11716	2022-10-13 00:03:43.772774	stronghold
11717	2022-10-13 00:03:44.078306	captive
11718	2022-10-13 00:03:45.22259	truthtrap
11719	2022-10-13 00:06:05.705397	LateNight
11720	2022-10-13 00:06:13.610826	wwg1Wga
11721	2022-10-13 00:06:14.138201	pencilNeck
11722	2022-10-13 00:06:17.748163	panicinDC
11723	2022-10-13 00:06:32.351064	PatriotPrayer
11724	2022-10-13 00:09:13.219408	FlippinTables
12158	2022-10-13 14:22:00.839196	Passport
12165	2022-10-13 14:32:21.552224	ArrestBirx
12172	2022-10-13 14:34:46.600147	MaxineWaters
12175	2022-10-13 14:37:08.047081	iseeyou
12176	2022-10-13 14:37:08.699505	rebel
12278	2022-10-13 16:56:46.783255	chhhhinavirus
12373	2022-10-13 20:39:56.010115	truthtrumps
12377	2022-10-13 20:48:38.319423	ToTheMoon
12461	2022-10-14 00:57:12.034266	administration
12474	2022-10-14 01:03:16.528518	democratsocialist
12499	2022-10-14 02:23:14.071773	hilloryforprison
12500	2022-10-14 02:33:54.919494	conductor
12508	2022-10-14 03:36:45.360638	gunholsters
12509	2022-10-14 03:36:45.703988	palmettoleatherworks
12514	2022-10-14 04:32:20.095797	theodoreroosevelt
12518	2022-10-14 04:32:22.127046	wewillnotbesilenced
12519	2022-10-14 04:32:26.240825	northisnorth
12520	2022-10-14 04:32:26.679342	keepthepressureon
12534	2022-10-14 04:32:40.907204	tyrantswillnotbetolerated
12535	2022-10-14 04:32:43.272291	georgemason
12538	2022-10-14 04:32:46.151078	trackthis
12541	2022-10-14 04:32:47.971008	wearethepower
12542	2022-10-14 04:32:48.413858	timeisup
12544	2022-10-14 04:32:53.495306	patrickhenry
12545	2022-10-14 04:32:56.216614	statesrights
12547	2022-10-14 04:32:57.143808	letitcome
12551	2022-10-14 04:32:59.543238	silenceisdeadly
12557	2022-10-14 04:33:15.451308	letsroll
12558	2022-10-14 04:33:16.497716	standuptoevil
12565	2022-10-14 04:33:26.767171	theconstitution
12566	2022-10-14 04:33:27.206423	readit
12573	2022-10-14 04:33:29.985199	stayoutofmylife
12574	2022-10-14 04:33:30.387138	smallgovernment
12575	2022-10-14 04:33:30.776216	rocks
12578	2022-10-14 04:33:36.444567	staythecourse
8330	2022-10-06 07:53:48.506636	Chyna
8335	2022-10-06 07:54:49.38849	TrumpLive
8338	2022-10-06 07:55:35.078824	TruthWillSetUsFree
8344	2022-10-06 07:57:15.083465	BioLans
8346	2022-10-06 07:57:16.138128	Nuland
8348	2022-10-06 07:57:24.063298	WhiteHats
8352	2022-10-06 07:58:14.852194	HighTreason
8354	2022-10-06 07:58:36.630897	Interview
8361	2022-10-06 07:59:55.059896	Migs
8364	2022-10-06 08:00:19.846158	UniversityOfPittsburgh
8365	2022-10-06 08:00:27.453031	obamabad
10243	2022-10-09 20:28:30.005105	panic
10245	2022-10-09 20:29:28.890934	macron
10247	2022-10-09 20:29:49.771404	libsoftiktok
10248	2022-10-09 20:29:50.783081	taylorlorenz
10249	2022-10-09 20:29:57.736072	Godsnotdead
10250	2022-10-09 20:29:59.626169	ForGodandCountry
10251	2022-10-09 20:30:12.460837	lockhimup
10253	2022-10-09 20:30:42.761344	poc
10255	2022-10-09 20:30:57.063479	BoycottDeepStateNews
10256	2022-10-09 20:31:08.324789	losangelestimes
10257	2022-10-09 20:31:22.092154	Babies
10259	2022-10-09 20:31:32.201929	pepe
10261	2022-10-09 20:31:49.602951	yearoftheboomerang
10262	2022-10-09 20:33:08.312709	dailymeme
10264	2022-10-09 20:33:20.291809	allLivesmatter
10267	2022-10-09 20:33:23.809813	thefed
10268	2022-10-09 20:34:02.906304	wwe
10269	2022-10-09 20:34:03.299256	nxt
10270	2022-10-09 20:34:03.773667	hhh
10271	2022-10-09 20:34:03.719996	marinelepen
10273	2022-10-09 20:34:17.416767	cnnplus
10274	2022-10-09 20:34:25.582911	ashleybiden
10275	2022-10-09 20:34:56.562672	theoccult
10277	2022-10-09 20:35:12.868989	EcoHealthAlliance
10278	2022-10-09 20:35:18.1867	CitadelScandal
10280	2022-10-09 20:35:19.010399	KenGriffinIsBernieMadoff
10281	2022-10-09 20:35:19.190192	TheUN
10282	2022-10-09 20:35:31.818199	antichrist
10283	2022-10-09 20:35:41.804147	KanyeWestTheBestIsYetToCome
10284	2022-10-09 20:36:04.953489	DumbAndDumber
10285	2022-10-09 20:36:06.980796	MorningsinAmerica
10286	2022-10-09 20:36:16.855816	Jesuschrist
10287	2022-10-09 20:36:30.101864	markofthebeast
10289	2022-10-09 20:36:37.315194	timemagazine
10290	2022-10-09 20:36:41.468722	gates
10292	2022-10-09 20:36:45.776523	LyingLibs
10293	2022-10-09 20:36:47.195958	WinTheSenateSeatinGeorgia
10294	2022-10-09 20:36:47.653654	TheGoodFight
10295	2022-10-09 20:36:52.226083	freeassange
10296	2022-10-09 20:36:55.411951	TeamHerschel
10299	2022-10-09 20:37:10.068122	NETFLIX
10300	2022-10-09 20:37:34.533204	GunGrab
10301	2022-10-09 20:37:34.934116	Socialistdemocrats
10303	2022-10-09 20:37:57.715616	thankyounext
10305	2022-10-09 20:38:18.12287	easter
10306	2022-10-09 20:38:18.787094	Heisrisen
10308	2022-10-09 20:38:22.586839	blmriots
10310	2022-10-09 20:38:40.707137	FalseProfit
10311	2022-10-09 20:39:01.703912	truthbombs
10312	2022-10-09 20:39:01.687946	TheEvilWithin
10313	2022-10-09 20:39:04.843313	WayToGoHershel
10314	2022-10-09 20:39:06.174929	WarnockIsASorosBackedFlop
10315	2022-10-09 20:39:09.21538	RaphaelWarnock
10317	2022-10-09 20:39:32.739919	PelosiHarrisCortez
10318	2022-10-09 20:39:33.832335	EzekialKelly
10319	2022-10-09 20:39:43.493879	aprilshowers
10321	2022-10-09 20:40:31.591803	JenniferLawrenceJustAnotherHollywoodUneducatedLoser
10323	2022-10-09 20:40:32.955487	JealousOfDrTuckerCarlsonTheBrilliant
10324	2022-10-09 20:40:46.248707	frustrating
10325	2022-10-09 20:40:50.290256	Godfirst
10326	2022-10-09 20:40:57.109138	HillaryTheLyingMurderingTreasonousMostHatedWomanInTheWorld
10327	2022-10-09 20:40:57.629176	hidinbiden
10328	2022-10-09 20:40:58.096787	creepyjoe
10329	2022-10-09 20:40:59.399072	anotherafghanistanfailureForBiden
10330	2022-10-09 20:41:00.377947	BidenYouTotalFuckingFailure
10331	2022-10-09 20:41:04.414786	topkek
10332	2022-10-09 20:41:20.441195	cmt
10333	2022-10-09 20:41:20.878139	mickeyguyton
10334	2022-10-09 20:41:21.298226	coffeeanderson
10335	2022-10-09 20:41:25.849711	MAGAAllTheWayBaby
10336	2022-10-09 20:41:27.513205	midterms2022
10337	2022-10-09 20:41:28.193921	gayleking
10338	2022-10-09 20:41:28.865522	cmtawards
10339	2022-10-09 20:41:29.70051	RollRedWaveRoll
10340	2022-10-09 20:41:39.813433	playbook
10341	2022-10-09 20:41:49.773003	willywonka
10342	2022-10-09 20:41:56.408556	mediamatters
10346	2022-10-09 20:42:15.709081	carlrovetgepussy
10347	2022-10-09 20:42:16.100988	karlrovethepussy
10348	2022-10-09 20:42:18.264689	flynn
10350	2022-10-09 20:42:23.018088	LizChaneytheTurncoatPartII
10351	2022-10-09 20:42:30.142227	DefinitelyReapWhatTheyHaveSown
10352	2022-10-09 20:42:34.80759	mickeymouse
10353	2022-10-09 20:42:38.640777	ketanjibrownjackson
10355	2022-10-09 20:42:40.019513	IllegitimateJoe
10358	2022-10-09 20:43:18.549504	SaveTheMemes
10360	2022-10-09 20:43:32.65625	heisrisen
10361	2022-10-09 20:43:33.177897	JesusLives
10363	2022-10-09 20:44:00.546202	COVIDArchitectFauci
10365	2022-10-09 20:44:04.775939	testimony
10366	2022-10-09 20:44:04.83506	WhoCares
10368	2022-10-09 20:44:22.620081	scrooge
10369	2022-10-09 20:44:28.589717	awakenotwoke
10370	2022-10-09 20:44:29.043394	historylesson
10371	2022-10-09 20:44:30.507019	merrychristmas
10374	2022-10-09 20:44:49.992916	kentajibrownjackson
10375	2022-10-09 20:44:55.46685	howdumbisthat
10376	2022-10-09 20:44:59.33373	joshallen
10378	2022-10-09 20:45:11.024926	borderwall
10379	2022-10-09 20:45:11.792034	SEXCRIMES
10380	2022-10-09 20:45:12.237105	NOPROSECUTION
10381	2022-10-09 20:45:15.634998	buildthatwall
10382	2022-10-09 20:45:16.132015	doitq
10383	2022-10-09 20:45:23.089634	forGodandcountry
10384	2022-10-09 20:45:30.454152	GodisGood
10385	2022-10-09 20:45:48.230385	washingtonpost
10387	2022-10-09 20:46:13.740221	DespicableJoeBiden
10389	2022-10-09 20:46:20.966655	BidenTheFirstAndLast
10391	2022-10-09 20:46:36.36349	Rongney
10392	2022-10-09 20:46:37.811714	actors
10394	2022-10-09 20:47:05.639406	leakedemails
10395	2022-10-09 20:47:07.64668	AFuckingDisgrace
10396	2022-10-09 20:47:16.023917	madonna
10397	2022-10-09 20:47:19.548925	gold
10398	2022-10-09 20:47:20.754205	buygoldandsilver
10399	2022-10-09 20:47:21.19518	centralbankers
10400	2022-10-09 20:47:29.017745	wewillALLbethere
10401	2022-10-09 20:47:29.915466	AlwaysFree
10403	2022-10-09 20:47:31.934819	tulsigabbard
10404	2022-10-09 20:47:39.298291	TheMottleyCrew
10407	2022-10-09 20:47:52.353903	waltdisney
8353	2022-10-06 07:58:18.530715	MemeFuckery
8355	2022-10-06 07:58:48.924552	Weapons
8356	2022-10-06 07:58:49.412542	Nuclear
8357	2022-10-06 07:59:27.38492	DOD
8358	2022-10-06 07:59:31.196037	BioWeapons
8362	2022-10-06 07:59:58.327393	NewPatriot
8363	2022-10-06 08:00:19.07	Fauchi
8367	2022-10-06 08:01:31.466428	GiveUsStrength
8369	2022-10-06 08:02:02.260409	Distraction
8370	2022-10-06 08:02:05.574055	Movie
8371	2022-10-06 08:02:49.394379	ObamasThirdTerm
8372	2022-10-06 08:02:59.939891	TBIYTC
8373	2022-10-06 08:03:13.106664	OO
8374	2022-10-06 08:03:26.563893	DisasterAdministration
8375	2022-10-06 08:03:41.528608	cheers
8376	2022-10-06 08:04:43.455009	British
8377	2022-10-06 08:04:47.591315	Evilwoman
8378	2022-10-06 08:05:09.761838	biolab
8379	2022-10-06 08:05:27.556072	Documents
8380	2022-10-06 08:05:31.861947	2020mules
8381	2022-10-06 08:05:50.014186	ASBMilitary
8382	2022-10-06 08:06:04.630922	JesusisKing
8383	2022-10-06 08:07:03.964909	TRUTHINTRUMPSTERS14
8384	2022-10-06 08:07:14.152366	Nato
8385	2022-10-06 08:07:15.680903	Busted
8386	2022-10-06 08:07:24.907563	FalseFlags
8387	2022-10-06 08:07:25.815366	Trapped
8388	2022-10-06 08:07:31.586278	War
8389	2022-10-06 08:07:35.309301	PedoJo
8390	2022-10-06 08:08:12.981554	conservativehiphop
8391	2022-10-06 08:08:13.429516	hiphop
8392	2022-10-06 08:08:13.910402	patriotmusic
8393	2022-10-06 08:08:30.553501	Tapes
8394	2022-10-06 08:08:59.755534	Snowden
8395	2022-10-06 08:09:00.239561	Heros
8396	2022-10-06 08:09:52.710787	FoxNewsSunday
8397	2022-10-06 08:10:27.918982	BryceMitchell
8398	2022-10-06 08:10:28.808741	BasedAF
8399	2022-10-06 08:10:55.252962	BrandonFalls
8400	2022-10-06 08:11:22.922848	magacrowd
8401	2022-10-06 08:11:35.856242	bigjoke
8402	2022-10-06 08:11:38.789972	Prices
8403	2022-10-06 08:11:39.225791	Disaster
8404	2022-10-06 08:12:14.69232	FakeAccount
8405	2022-10-06 08:12:16.42403	JuliansRum
8406	2022-10-06 08:12:17.570444	2ASavesLives
8407	2022-10-06 08:12:17.686118	Zalensky
8408	2022-10-06 08:12:18.587651	ElisjshaDicken
8409	2022-10-06 08:12:20.311815	AlphaPunisher
8410	2022-10-06 08:12:26.746042	rigged2020
8411	2022-10-06 08:13:41.896996	Pompeo
8412	2022-10-06 08:13:42.820134	Checkmate
8413	2022-10-06 08:14:39.413298	Bidened
8414	2022-10-06 08:14:56.845795	enemy
8415	2022-10-06 08:14:57.700922	MandatesPronouns
8416	2022-10-06 08:15:42.430781	flinsarmy
8417	2022-10-06 08:16:13.776943	StLouis
8418	2022-10-06 08:16:14.451566	robbery
8419	2022-10-06 08:16:14.924853	GasStation
8420	2022-10-06 08:16:28.961389	JoshShapiro
8421	2022-10-06 08:16:37.856134	Shrood
8422	2022-10-06 08:16:49.990454	SIMPSONS
8423	2022-10-06 08:16:50.39581	MASKS
8424	2022-10-06 08:17:23.763479	BidenSOTU
8425	2022-10-06 08:17:27.249189	Brainwashing
8426	2022-10-06 08:17:27.699089	Mindcontrol
8427	2022-10-06 08:17:28.458844	Bots
8428	2022-10-06 08:17:28.907859	DontbeaDummy
8429	2022-10-06 08:17:29.385002	Thinkforyourself
8430	2022-10-06 08:17:29.828707	WakeMEmeS
8431	2022-10-06 08:18:18.452852	2aShallNotBeInfringed
8432	2022-10-06 08:18:20.164703	BioWeaponLabs
8433	2022-10-06 08:18:20.761357	Obiden
8434	2022-10-06 08:19:11.733357	boebert
8435	2022-10-06 08:19:15.196653	MattGaetz
8436	2022-10-06 08:19:57.813285	SupportTheUnborn
8437	2022-10-06 08:19:58.213198	RightToLife
8438	2022-10-06 08:21:07.557487	PepeNews
8439	2022-10-06 08:21:09.519618	UKRAINEOk
8440	2022-10-06 08:22:56.424516	investigation
8441	2022-10-06 08:23:38.519067	makesciencegreatagain
8442	2022-10-06 08:24:58.338617	FAINOS
8443	2022-10-06 08:36:05.248508	DoNotFear
8444	2022-10-06 08:36:06.195378	Repent
8445	2022-10-06 08:36:07.123473	salvation
8446	2022-10-06 08:36:08.388258	Messiah
8447	2022-10-06 08:36:10.327743	gospel
8448	2022-10-06 08:36:11.131218	holy
8449	2022-10-06 08:36:12.58885	army
8450	2022-10-06 08:36:14.385	airforce
8451	2022-10-06 08:36:16.268931	wrath
8452	2022-10-06 08:36:17.673959	Savior
8453	2022-10-06 08:36:18.495853	believers
8454	2022-10-06 08:36:19.59348	YouAreForgiven
8455	2022-10-06 08:36:20.398265	BloodofChrist
8456	2022-10-06 08:36:21.269016	WordofGod
8457	2022-10-06 08:36:22.352868	SonofMan
8458	2022-10-06 08:36:22.959454	PraiseGod
8459	2022-10-06 08:36:23.437367	worship
8460	2022-10-06 08:36:23.93798	ifollowjesus
8461	2022-10-06 08:36:27.434444	roevswade
8462	2022-10-06 08:45:55.347078	Epsteins
8463	2022-10-06 08:45:56.129109	Trafficked
8464	2022-10-06 08:45:56.670402	Children
8465	2022-10-06 08:45:57.225676	ABC
8466	2022-10-06 08:47:09.312328	sheep
8467	2022-10-06 08:47:16.522899	GodFirst
8468	2022-10-06 08:47:28.508743	DisneyGroomer
8469	2022-10-06 08:48:47.74131	LetHerHaveIt
8470	2022-10-06 08:48:48.519789	demon
8471	2022-10-06 08:52:09.692028	Sticks
8472	2022-10-06 09:03:48.692293	BigPharmaLies
8473	2022-10-06 09:03:49.162123	VaccineInjuriesAreReal
8474	2022-10-06 09:10:19.312091	Maine
8475	2022-10-06 09:12:04.183822	TruthTruths
8476	2022-10-06 09:12:05.389946	enforceourlaws
8477	2022-10-06 09:12:22.54893	ALLINTHEFAMILY
8478	2022-10-06 09:14:12.761379	AOCeyes
8479	2022-10-06 09:15:06.054925	driverealcars
8480	2022-10-06 09:15:21.014982	IAMMAGA
8481	2022-10-06 09:15:37.39504	tRUTH
8482	2022-10-06 09:20:33.619274	MolonLabe
8483	2022-10-06 09:21:46.667034	Doctors
8484	2022-10-06 09:21:47.091646	murdered
8485	2022-10-06 09:21:47.782239	vitamind
8486	2022-10-06 09:25:14.027144	Video
8487	2022-10-06 09:26:45.080262	JoeBot
8488	2022-10-06 09:27:22.748057	StopGroomers
8489	2022-10-06 09:29:24.84412	mostpopularpresidentever
8490	2022-10-06 09:29:25.575696	myass
8491	2022-10-06 09:32:27.329463	CriticalMaceTheory
8492	2022-10-06 09:35:11.764228	stopvoterfraud
8493	2022-10-06 09:36:49.810468	FtheChicoms
8494	2022-10-06 09:37:22.900943	VeteransDay
8495	2022-10-06 09:39:47.849971	SocialismSucks
8496	2022-10-06 09:41:19.70608	protecttheinnocent
8497	2022-10-06 09:41:20.124626	enoughisenough
8498	2022-10-06 09:42:10.298586	DCcorruption
8499	2022-10-06 09:43:08.381468	ELECTIONFRAUD
8500	2022-10-06 09:43:19.381921	strongertogether
8501	2022-10-06 09:45:09.440416	NRAconvention
8502	2022-10-06 09:46:15.084685	bidenisanabsolutescumbag
8507	2022-10-06 09:54:50.436234	actofwar
8508	2022-10-06 09:55:03.169506	Belgium
8511	2022-10-06 09:58:20.477335	Trunalimunumaprzure
8515	2022-10-06 10:02:35.086785	MichaelByrdMurderedAshliBabbittInColdBlood
10409	2022-10-09 20:48:12.505144	fuckingawesome
10420	2022-10-09 20:49:41.39586	O
10426	2022-10-09 20:50:34.001064	staceyabrams
10437	2022-10-09 20:52:21.895135	harveyweinstein
10449	2022-10-09 20:54:08.670804	thesepeoplearestupid
10458	2022-10-09 20:54:40.603344	RotinHellEternallyClintonsandallyourOBidenCronies
10459	2022-10-09 20:54:45.087963	zombieapocalypse
10462	2022-10-09 20:55:15.05071	TotalLosers
10464	2022-10-09 20:55:35.002347	halloween
10466	2022-10-09 20:55:40.378515	painiscoming
10467	2022-10-09 20:55:48.300926	shadilay
10490	2022-10-09 20:58:43.223661	oneofthestupidsuburbanbitches
10498	2022-10-09 20:59:21.290813	stuffemwherethesundon
10501	2022-10-09 20:59:41.216092	LyingKillary
10502	2022-10-09 20:59:50.74187	fraudci
10506	2022-10-09 21:00:26.282718	militaryistheonlyway
10509	2022-10-09 21:00:41.863628	glowies
10511	2022-10-09 21:00:53.524798	mannymachado
10543	2022-10-09 21:06:31.309906	chess
10544	2022-10-09 21:06:40.74237	MothersWhoEatTheirYoung
10546	2022-10-09 21:07:11.161391	eattheelite
11725	2022-10-13 00:25:34.831264	clintonbodycount
11726	2022-10-13 00:25:43.527903	BIGGUYJOE
11727	2022-10-13 00:25:46.76679	TaDa
11728	2022-10-13 00:25:54.948738	wolvesinsheepsclothing
11730	2022-10-13 00:56:59.09795	camouflage
11731	2022-10-13 01:03:05.54	f
11732	2022-10-13 01:10:22.34384	therealtruth
11733	2022-10-13 01:10:22.741593	theonlytruth
11734	2022-10-13 01:26:15.669243	Israel
11736	2022-10-13 01:28:46.793868	COVIDHOAX
11754	2022-10-13 01:48:17.023386	iamaviralplague
11756	2022-10-13 01:54:59.358094	ifyoulikepinacoladas
11758	2022-10-13 02:05:33.44564	HealWoody
11761	2022-10-13 02:06:45.833571	bloodyhell
11762	2022-10-13 02:07:21.953672	ifyoulikefenbencoladas
11763	2022-10-13 02:07:25.957396	ifyouknowyouknow
11765	2022-10-13 02:11:14.911489	crenshaws
11766	2022-10-13 02:12:25.939887	offthesauce
11767	2022-10-13 02:12:26.337567	momentofsilence
11768	2022-10-13 02:15:49.551915	stlawrenceriver
11769	2022-10-13 02:15:50.476524	bronzebacks
11770	2022-10-13 02:16:24.177478	DanchenkoTrial
11771	2022-10-13 02:16:53.437182	billboardsingodscountry
11773	2022-10-13 02:20:05.865231	CurrencyCrash
11774	2022-10-13 02:21:25.720942	cabelas
11777	2022-10-13 02:22:18.806897	byebyedirtybastards
11778	2022-10-13 02:23:16.665418	FCC
11779	2022-10-13 02:23:40.629352	postroe
11780	2022-10-13 02:23:41.029411	letthemlive
11781	2022-10-13 02:24:28.561347	TeachKidsTheTruth
11782	2022-10-13 02:24:28.989654	NomoreRoe
11783	2022-10-13 02:28:05.197393	deathjabs
11784	2022-10-13 02:30:18.033384	PublicCharge
11785	2022-10-13 02:32:16.918093	metabolicmystery
11786	2022-10-13 02:33:31.737296	doj
11787	2022-10-13 02:35:28.719891	Bahamas
11788	2022-10-13 02:36:16.817455	ISTANDWITHNAVARRO
11789	2022-10-13 02:40:37.994999	GEORGEnews
11790	2022-10-13 02:42:06.134932	fvckcancer
11791	2022-10-13 02:42:06.581376	fvckparasites
11792	2022-10-13 02:42:59.221818	B
11793	2022-10-13 02:47:18.257588	Semiconductors
11794	2022-10-13 02:47:19.157236	ArtificialIntelligence
11795	2022-10-13 02:50:56.969764	FliptheBird
11796	2022-10-13 02:58:24.34171	weknowwhy
11797	2022-10-13 02:58:25.133801	bestisyettocome
11798	2022-10-13 02:58:25.677806	bluestateturningred
11799	2022-10-13 02:58:26.705858	expose
11800	2022-10-13 02:58:27.441732	letitallout
11801	2022-10-13 02:58:30.073568	theygetwhattheydeserve
11802	2022-10-13 03:04:12.1457	ShallWePlayAgame
11803	2022-10-13 03:05:49.046057	SCOTUSBlog
11804	2022-10-13 03:06:32.557984	AngelaStantonKing
11805	2022-10-13 03:10:29.883091	Ukraine4Lyfe
11806	2022-10-13 03:10:36.46608	Cleveland
11807	2022-10-13 03:12:43.801481	anthonybourdain
11808	2022-10-13 03:12:44.358583	chesterbennington
11809	2022-10-13 03:12:45.206537	chriscornell
11810	2022-10-13 03:12:45.810226	avicii
11811	2022-10-13 03:12:46.578005	johnpodesta
11812	2022-10-13 03:13:25.189812	StillPresidentDJT
11813	2022-10-13 03:15:53.902535	brainfog
11814	2022-10-13 03:19:28.207002	cancerabsolutelysucks
11815	2022-10-13 03:24:14.710298	BiologicalWeapons
11816	2022-10-13 03:26:36.96598	RunBeechesrun
11817	2022-10-13 03:26:56.822559	covidplandemic
11818	2022-10-13 03:36:49.20772	1776united
11819	2022-10-13 03:37:13.44107	TtumpTruths
11820	2022-10-13 03:37:30.865638	Stopthe
11821	2022-10-13 03:38:21.42171	pfizerdatadump
11822	2022-10-13 03:42:14.001481	loseradministration
11823	2022-10-13 03:46:22.349829	corporations
11824	2022-10-13 03:46:23.14623	CityOfLondon
11825	2022-10-13 03:46:23.690623	DistrictOfColumbia
11826	2022-10-13 03:46:24.953541	Vatican
11827	2022-10-13 03:49:34.931492	DRAINtheSWAMP
11828	2022-10-13 03:54:10.873083	iconcur
11829	2022-10-13 04:02:59.283199	onepartyactingastwo
11830	2022-10-13 04:04:10.443021	Americascrimefamily
11831	2022-10-13 04:04:33.914727	themoreyouknow
11832	2022-10-13 04:04:52.273778	foodcosts
11833	2022-10-13 04:05:55.746641	where
11834	2022-10-13 04:12:10.148279	HAPPYSATURDAY
11835	2022-10-13 04:12:10.578096	weekendvibes
11836	2022-10-13 04:32:43.547962	DefeatVoterFraud
11837	2022-10-13 05:16:52.105807	Secondisthenewfirst
11838	2022-10-13 05:18:15.425883	NotReally
11839	2022-10-13 05:19:10.458197	NovemberIsComing
11840	2022-10-13 05:30:45.087234	trumpTruths
11841	2022-10-13 05:33:40.193738	StopDisney
11842	2022-10-13 05:34:10.48905	SaveAllChildren
11843	2022-10-13 05:35:15.789614	NOCAP
11844	2022-10-13 05:35:20.009824	astheyshould
11845	2022-10-13 05:35:24.86695	BANNED
11846	2022-10-13 05:35:29.877851	covidtheatre
11847	2022-10-13 05:35:31.736544	rootintootinputin
11848	2022-10-13 05:36:31.929943	WOKEMOB
11849	2022-10-13 05:36:38.886427	bigfacts
11850	2022-10-13 05:36:40.193729	talktome
11851	2022-10-13 05:36:42.899007	losers
11852	2022-10-13 05:36:46.033869	REDWAVE
11853	2022-10-13 05:39:22.461894	Save
11854	2022-10-13 06:07:14.389683	SAHM
11855	2022-10-13 06:09:12.587187	Grifters
11856	2022-10-13 06:09:13.089482	Everywhere
11857	2022-10-13 06:09:13.634577	EyesOn
11858	2022-10-13 06:21:34.868981	trivia
8503	2022-10-06 09:46:20.603661	Katanjibrownjackson
8509	2022-10-06 09:56:33.262891	SmallGovernment
8510	2022-10-06 09:56:33.705263	best
8512	2022-10-06 10:00:19.611478	fuckchina
8514	2022-10-06 10:02:06.882062	fucktonyblair
8516	2022-10-06 10:06:31.495187	BUY_DWAC
8517	2022-10-06 10:06:49.857119	shopPetersSquare
8518	2022-10-06 10:08:45.34479	anotheractofwar
8519	2022-10-06 10:09:09.38399	nadlerisalyingsackofshit
10410	2022-10-09 20:48:37.950861	CrocodileTears
10411	2022-10-09 20:48:41.215663	WhatAHorrorOfAnInhumanBeing
10412	2022-10-09 20:48:44.281503	DropTheClubAndWalkAway
10413	2022-10-09 20:48:45.855326	ericadams
10414	2022-10-09 20:49:01.207961	meantweet
10415	2022-10-09 20:49:12.351291	zelensky
10416	2022-10-09 20:49:18.318788	HellYeah
10417	2022-10-09 20:49:39.338089	JenSakiYouTreasonousBitch
10421	2022-10-09 20:49:57.874879	grammys
10422	2022-10-09 20:50:11.869338	bowser
10423	2022-10-09 20:50:12.349679	mario
10424	2022-10-09 20:50:19.428502	TraitorJoe
10425	2022-10-09 20:50:31.398648	sundayfunday
10427	2022-10-09 20:50:35.885196	election2020
10428	2022-10-09 20:50:41.77518	qalert
10429	2022-10-09 20:51:18.002483	hidenbiden
10430	2022-10-09 20:51:24.504375	archangelmichael
10431	2022-10-09 20:51:26.797353	teaching
10432	2022-10-09 20:51:45.554186	HunterTheHun
10433	2022-10-09 20:51:54.089906	invisibleenemy
10434	2022-10-09 20:52:06.685158	FuckYouBidenYouSnivelingPatheticSnivelingPieceOfShit
10435	2022-10-09 20:52:16.507501	Weinstein
10436	2022-10-09 20:52:20.557411	sheknew
10439	2022-10-09 20:52:23.663393	hocuspocus
10440	2022-10-09 20:53:11.862403	Godscreation
10443	2022-10-09 20:53:30.464898	rarepepe
10444	2022-10-09 20:53:49.932276	parentalcontrol
10445	2022-10-09 20:53:57.230481	90skid
10446	2022-10-09 20:54:03.000174	acadamyawards
10447	2022-10-09 20:54:03.485205	oscars2022
10448	2022-10-09 20:54:06.636031	demidiots
10451	2022-10-09 20:54:26.160902	truthshallsetyoufree
10452	2022-10-09 20:54:26.645549	freeyourmind
10453	2022-10-09 20:54:32.54779	Avoidance
10454	2022-10-09 20:54:35.321309	madisoncawthorn
10457	2022-10-09 20:54:39.705465	Damnocrat
10460	2022-10-09 20:54:49.476388	finallygetridofyoufuckers
10461	2022-10-09 20:55:05.880939	redcross
10463	2022-10-09 20:55:21.296906	HoleinOne
10465	2022-10-09 20:55:35.705111	mems
10468	2022-10-09 20:56:13.615802	standup
10469	2022-10-09 20:56:14.071455	makenoise
10470	2022-10-09 20:56:14.541215	ipledgeallegiance
10471	2022-10-09 20:56:21.537659	RealConservatives
10472	2022-10-09 20:56:22.715439	jadasmith
10473	2022-10-09 20:56:26.521871	mydreamisabouttocometrue
10475	2022-10-09 20:56:33.790042	ff
10476	2022-10-09 20:57:21.543297	WWIIIO
10477	2022-10-09 20:57:41.838088	nothingleftbutagreasesmearonthepavenent
10478	2022-10-09 20:57:43.29952	itsgonnabebiblical
10479	2022-10-09 20:57:44.363439	soroskeephidingyouuglyevilpussy
10480	2022-10-09 20:57:46.725726	breakthebanks
10481	2022-10-09 20:57:47.485262	centralbanks
10482	2022-10-09 20:58:03.189493	nancymussolini
10483	2022-10-09 20:58:14.78364	harveyweintstein
10484	2022-10-09 20:58:15.5033	lockthem
10485	2022-10-09 20:58:20.998274	DickforBrainsOBiden
10486	2022-10-09 20:58:26.86501	stupidisasstupiddoes
10487	2022-10-09 20:58:30.003471	Doyourjobyoufuckingpunkass
10488	2022-10-09 20:58:37.172869	proudtobeanAmerican
10489	2022-10-09 20:58:43.36509	redcarpet
10491	2022-10-09 20:58:46.305939	Right
10492	2022-10-09 20:58:59.254836	believe
10493	2022-10-09 20:59:00.265398	Whatafuckingloser
10494	2022-10-09 20:59:08.031729	TruthHurts
10495	2022-10-09 20:59:08.433359	TruthTeller
10496	2022-10-09 20:59:15.918128	Jesusisking
10497	2022-10-09 20:59:18.554528	linetheirpocketswithourtaxpayerdollars
10499	2022-10-09 20:59:27.946023	renegade
10500	2022-10-09 20:59:39.833569	weg1wga
10503	2022-10-09 20:59:52.764864	joker
10504	2022-10-09 20:59:53.205248	gamenight
10505	2022-10-09 21:00:22.631707	fuckyoudominion
10507	2022-10-09 21:00:35.047416	c_a
10508	2022-10-09 21:00:38.905159	settinworldrecords
10510	2022-10-09 21:00:42.140369	apatheticlazyentitledstupidmotherfuckers
10512	2022-10-09 21:01:11.834781	worldleaders
10513	2022-10-09 21:01:12.906788	un
10514	2022-10-09 21:01:13.079474	NancyMussolini
10515	2022-10-09 21:01:18.368312	discovery
10516	2022-10-09 21:01:21.217339	someuglymugs
10517	2022-10-09 21:01:35.82838	blessherheart
10518	2022-10-09 21:01:37.634351	timefortheobidenstopay
10519	2022-10-09 21:01:40.566941	fuckingpatheticbastards
10520	2022-10-09 21:02:14.760844	morningprayer
10521	2022-10-09 21:02:43.893279	HappyStPattiesDay
10522	2022-10-09 21:02:46.51981	LyingJenPsaki
10523	2022-10-09 21:02:50.807119	parentsrights
10524	2022-10-09 21:03:14.570318	Businesses
10525	2022-10-09 21:03:25.896334	EnolaGay
10526	2022-10-09 21:03:53.597137	thelaptopfromhell
10527	2022-10-09 21:03:55.141694	robertbiden
10528	2022-10-09 21:03:56.047251	itsover
10529	2022-10-09 21:04:02.478079	trumpisright
10530	2022-10-09 21:04:03.423643	stormydaniels
10531	2022-10-09 21:04:15.581006	treasonousPieceofShitBiden
10532	2022-10-09 21:04:17.148063	trumwasright
10533	2022-10-09 21:04:31.132481	WorthlessTreasonousPieceofShitJoeBiden
10534	2022-10-09 21:04:46.779076	bloomberg
10535	2022-10-09 21:04:58.793451	MassGenocideFauci
10536	2022-10-09 21:05:08.04224	blessing
10537	2022-10-09 21:05:10.123225	thankful
10538	2022-10-09 21:05:34.201881	returnthediamonds
10539	2022-10-09 21:05:41.508359	mikepompeo
10540	2022-10-09 21:05:41.948381	dogcomms
10541	2022-10-09 21:05:47.053992	FossilFools
10542	2022-10-09 21:06:19.628779	That
10545	2022-10-09 21:06:49.933495	ForGodAndCountry
10547	2022-10-09 21:07:11.00051	WhatAFreak
10548	2022-10-09 21:07:35.81753	fastfood
10549	2022-10-09 21:07:36.983698	governmenthatesus
10550	2022-10-09 21:07:37.72986	won
10551	2022-10-09 21:07:59.134906	FreeUkraine
10552	2022-10-09 21:08:01.802615	FreeUsa
10553	2022-10-09 21:08:02.523813	GodblesstheUSA
10554	2022-10-09 21:08:06.15018	Redemption
10555	2022-10-09 21:08:07.087681	goodvsevil
10556	2022-10-09 21:08:11.676798	faithoverfear
10557	2022-10-09 21:08:57.891873	stimulus
10558	2022-10-09 21:09:11.049773	saintpatricksday
10559	2022-10-09 21:09:12.059661	oilandgas
10560	2022-10-09 21:09:12.368257	kittycanscratch
8504	2022-10-06 09:51:18.513634	keepcarsreal
8505	2022-10-06 09:51:21.709167	torqueandrecoil
8506	2022-10-06 09:52:27.51661	BabyFormulaShortage
8513	2022-10-06 10:01:07.638648	Darkmaga
10561	2022-10-09 21:09:15.835305	medusa
10562	2022-10-09 21:09:17.160273	saintpatrick
10582	2022-10-09 21:14:03.348232	northkorea
10589	2022-10-09 21:16:11.249903	magacountry
10596	2022-10-09 21:16:43.042529	theseelitistpigsaren
10605	2022-10-09 21:19:45.373488	ellen
10606	2022-10-09 21:19:46.496772	lindseygraham
10612	2022-10-09 21:20:29.98749	trumpcard
10616	2022-10-09 21:22:09.186549	whitehats
10629	2022-10-09 21:25:55.243095	Omar
10632	2022-10-09 21:25:56.353844	Lightfoot
10639	2022-10-09 21:26:01.856917	Cooper
10653	2022-10-09 21:30:27.425336	JusticeIsComing
10658	2022-10-09 21:30:40.494797	pResident
10661	2022-10-09 21:31:12.541379	uncutgems
10662	2022-10-09 21:31:13.000705	ye
10665	2022-10-09 21:31:29.530716	Republic
10670	2022-10-09 21:32:43.388516	weareq
10672	2022-10-09 21:33:24.558788	DCprotest
11729	2022-10-13 00:25:56.896945	precocious
11735	2022-10-13 01:26:33.076939	GreatAwaking
11737	2022-10-13 01:28:54.93902	Pence
11743	2022-10-13 01:31:10.363938	WEARETHENEWS
11744	2022-10-13 01:31:10.813095	MASKSDONTWORK
11745	2022-10-13 01:31:11.333197	VAXSDONTWORK
11746	2022-10-13 01:31:11.783377	ARRESTFAUCI
11750	2022-10-13 01:34:46.494346	TheyWorkForUs
11755	2022-10-13 01:50:42.173702	parasiteprotocol
11764	2022-10-13 02:08:12.209545	trustissues
11772	2022-10-13 02:18:48.249384	therealcurrency
11775	2022-10-13 02:22:18.15774	parasitesbugme
11776	2022-10-13 02:22:18.469102	parasitefuneral
11859	2022-10-13 06:21:56.164579	payraise
11860	2022-10-13 06:22:20.789178	clintonmurders
11861	2022-10-13 06:22:25.708083	HumanitarianAid
11862	2022-10-13 06:22:27.678316	AmitJain
11864	2022-10-13 06:22:55.971848	GreatMAGAKing
11865	2022-10-13 06:23:05.384304	squad
11866	2022-10-13 06:23:10.998427	left
11870	2022-10-13 06:23:14.813049	PeacefulProtests
11871	2022-10-13 06:23:15.220046	justmy2cents
11873	2022-10-13 06:23:20.724289	politician
11874	2022-10-13 06:23:38.241074	russiacollusion
12279	2022-10-13 16:56:47.363107	whuuuufluuuuu
12282	2022-10-13 17:03:27.101245	FingerPrintOfFraud
12374	2022-10-13 20:43:46.243609	Reddit
12376	2022-10-13 20:48:37.064095	DWACspac
12379	2022-10-13 20:51:27.400707	godgivenrights
12380	2022-10-13 20:51:28.428603	freedoms
12381	2022-10-13 20:52:21.246473	defundpublicschools
12383	2022-10-13 20:57:24.199331	ROSE4SENATE
12384	2022-10-13 20:57:25.203596	wvpol
12386	2022-10-13 21:00:26.825351	HomeSchool
12387	2022-10-13 21:00:27.170178	FundStudents
12388	2022-10-13 21:00:27.510726	DefundPublicSchools
12389	2022-10-13 21:02:16.176739	DownGoesDisney
12390	2022-10-13 21:03:28.011523	madeintheusa
12391	2022-10-13 21:03:28.444735	MadeInAmerica
12392	2022-10-13 21:03:29.099588	americanjobs
12393	2022-10-13 21:03:51.037811	WestVirginiansFirst
12394	2022-10-13 21:05:40.331546	DefundPublicSchool
12395	2022-10-13 21:08:28.759588	FakebookIsFinished
12396	2022-10-13 21:13:05.262524	hediedforoursins
12397	2022-10-13 21:13:30.095844	TPP
12398	2022-10-13 21:15:16.377592	FloodFakebook
12399	2022-10-13 21:15:17.825691	WakeuptheNeighborhood
12400	2022-10-13 21:15:18.546081	CensorshipSucks
12401	2022-10-13 21:16:40.515554	godfirst
12402	2022-10-13 21:16:41.376947	freedomfigher
12403	2022-10-13 21:16:42.425984	mma
12404	2022-10-13 21:16:42.840876	wmma
12405	2022-10-13 21:16:43.297413	firstamendment
12406	2022-10-13 21:21:41.576341	82ndAirborne
12407	2022-10-13 21:22:58.102075	AlmostHeaven
12408	2022-10-13 21:35:24.286817	FireAOC
12409	2022-10-13 21:36:16.82394	GrowUpOrGetOut
12410	2022-10-13 21:36:17.327519	leftwimgwhacko
12411	2022-10-13 21:37:11.240354	ChildTorture
12412	2022-10-13 21:37:12.22531	frazzeldrip
12413	2022-10-13 21:37:23.809194	FettermanIsAThug
12414	2022-10-13 21:37:48.998338	LookingForANewDoctor
12415	2022-10-13 21:37:58.33244	saveourair
12416	2022-10-13 21:38:23.051161	FettermanIsAlwaysStoned
12417	2022-10-13 21:39:27.174505	DeSantisAirlines
12418	2022-10-13 21:42:17.535376	DD214_Vets
12419	2022-10-13 21:43:16.403576	WeAreJ6
12420	2022-10-13 21:45:22.548699	UninstallPedoPeter
12421	2022-10-13 21:45:22.89294	TheThe
12422	2022-10-13 21:45:23.429835	DESPICABLE
12423	2022-10-13 21:47:59.569638	keepgoing
12424	2022-10-13 21:48:13.589004	notmyprssident
12425	2022-10-13 21:50:22.39154	TruthAds
12426	2022-10-13 21:59:31.055021	Groomer
12427	2022-10-13 21:59:31.752247	LeaveOurChildrenAlone
12428	2022-10-13 21:59:50.347126	Fetterman
12429	2022-10-13 22:00:48.354924	PAVoterFraud
12430	2022-10-13 22:01:13.472981	DougMastrianoForPAGovernor
12431	2022-10-13 22:01:51.904164	PoisonedByOurOwnGovernment
12432	2022-10-13 22:05:28.325318	demflation
12433	2022-10-13 22:05:33.16307	mariabartiromo
12434	2022-10-13 22:06:09.476548	ConvienentCOVID
12435	2022-10-13 22:09:38.130944	ULTRANUCLEARMAGA
12436	2022-10-13 22:14:36.218702	vpn
12437	2022-10-13 22:15:25.979738	MAGAawesome
12438	2022-10-13 22:20:19.126796	loser
12439	2022-10-13 22:23:23.590828	DepartmentOfFilthyJustice
12440	2022-10-13 22:23:24.006907	BureauOfFenderFluidTrannies
12441	2022-10-13 22:34:25.980949	MatthewMcConaughey
12442	2022-10-13 22:35:51.023772	ChevyChase
12443	2022-10-13 22:36:24.586682	beachlife
12444	2022-10-13 23:20:46.639045	PsyWar
12445	2022-10-13 23:52:48.315541	WeMissTrump
12448	2022-10-13 23:53:29.375473	ArmandLeg
12449	2022-10-13 23:53:29.847363	ThanksJoe
12450	2022-10-14 00:01:23.455384	MotorBoatin
12452	2022-10-14 00:48:40.662385	Trupm2024
12453	2022-10-14 00:51:18.206363	IsaacKappy
12454	2022-10-14 00:53:01.614526	ditchtheRINOS
12455	2022-10-14 00:54:28.982339	saveOURchildren
12456	2022-10-14 00:57:08.214324	boys
12457	2022-10-14 00:57:08.708946	girls
12460	2022-10-14 00:57:11.610523	orangemanbad
12462	2022-10-14 00:57:54.326183	funnynotfunny
12463	2022-10-14 00:57:56.26242	circlebackpsaki
12464	2022-10-14 00:58:07.894281	honored
12465	2022-10-14 00:59:09.354875	GetRidOfShifty
12467	2022-10-14 01:00:17.783417	doublebonus
12468	2022-10-14 01:01:09.426364	truthevote
12470	2022-10-14 01:01:12.234934	DominionVotingMachines
12471	2022-10-14 01:01:12.974888	ghostvotes
12473	2022-10-14 01:03:15.674353	inconvenienttruths
8520	2022-10-06 10:09:12.46346	pedocracy
8521	2022-10-06 10:11:37.811333	ReTruthed
8522	2022-10-06 10:11:50.529695	DrugCartels
8523	2022-10-06 10:11:51.23291	Title42
8524	2022-10-06 10:17:44.456655	truthsupport
8525	2022-10-06 10:17:45.008875	webapp
8526	2022-10-06 10:18:15.130544	democratsaresoclassy
8527	2022-10-06 10:18:53.463454	foreignaidismoneylaundering
8528	2022-10-06 10:19:27.583458	HB4327
8529	2022-10-06 10:19:32.963838	SadTruths
8530	2022-10-06 10:24:13.597186	FJBFJBFJBFJBFJBFJBFJBFJB
8531	2022-10-06 10:24:31.944999	truckerlife
8532	2022-10-06 10:24:32.341052	ladytrucker
8533	2022-10-06 10:24:32.771896	truckingkitty
8534	2022-10-06 10:24:33.200904	truckercat
8535	2022-10-06 10:24:40.893166	endthebs
8536	2022-10-06 10:25:31.505937	UMT
8537	2022-10-06 10:28:37.681781	ParentsAreWatching
8538	2022-10-06 10:28:44.200961	foodshortages
8539	2022-10-06 10:28:45.653903	ninjanews
8540	2022-10-06 10:30:03.984913	dumpFOXnews
8541	2022-10-06 10:30:04.409851	destroythenarrative
8542	2022-10-06 10:30:04.843677	foxnewssoldout
8543	2022-10-06 11:06:14.782916	bluegrave
8544	2022-10-06 11:13:51.970647	RedOctober
8545	2022-10-06 11:45:52.70028	USA250
8546	2022-10-06 11:45:53.147739	patriotism
8547	2022-10-06 11:45:54.924266	Corrupt
8548	2022-10-06 11:45:55.661879	CorruptGovernment
8549	2022-10-06 11:45:56.107111	GovernmentCorruption
8550	2022-10-06 11:45:56.566996	Wray
8551	2022-10-06 11:45:57.02122	ChristopherWray
8552	2022-10-06 11:45:57.834676	christopherwrayisyetanothercriminal
8553	2022-10-06 11:45:58.294117	FbiRaidsTrump
8554	2022-10-06 11:45:58.736703	FBIraidsMarALago
8555	2022-10-06 11:45:59.178655	FBInsurrection
8556	2022-10-06 11:45:59.62254	FBIs
8557	2022-10-06 11:46:00.0714	fbiraidmaralago
8558	2022-10-06 11:46:00.518394	FBIGestapo
8559	2022-10-06 11:46:00.985595	FBIHasBeenPoliticized
8560	2022-10-06 11:46:01.44238	FBIisAmericasKGB
8561	2022-10-06 11:46:02.1698	ImpeachMerrickGarland
8562	2022-10-06 11:46:03.18766	dojcorruption
8563	2022-10-06 11:46:03.684372	DOJisCorrupt
8564	2022-10-06 22:18:13.312646	ProudWacko
8565	2022-10-06 22:35:28.292093	SaveTheChildrenTrain
8566	2022-10-06 22:38:47.893778	DontFuckWithTexas
8567	2022-10-06 22:38:55.086354	thetruth
8568	2022-10-06 22:38:56.969224	PfizerSucks
8569	2022-10-06 22:39:27.586388	your2020votewasstolen
8570	2022-10-06 22:39:34.877715	Fixthe2020fraud
8571	2022-10-06 22:39:50.247225	repost
8572	2022-10-06 22:39:51.472701	StopSexTrafficking
8573	2022-10-06 22:40:00.617855	AmITheOnlyOne
8574	2022-10-06 22:40:04.558802	Staind
8575	2022-10-06 22:54:22.946593	FastAndFurious
8576	2022-10-06 22:54:47.022565	OrangeFella
8577	2022-10-06 22:55:33.621618	MagaAngelo
8578	2022-10-06 23:50:47.649985	ShareFetchRewards
8579	2022-10-07 04:49:48.481856	youknowyoumisshim
8580	2022-10-07 04:49:52.712025	ElevateBeauty
8581	2022-10-07 04:49:53.631927	BeautyfortheOutspoken
8582	2022-10-07 04:50:24.005519	defundHollywood
8583	2022-10-07 04:50:24.589818	putonthefullarmourofGod
8584	2022-10-07 04:50:34.507328	thankyouJesus
8585	2022-10-07 04:51:28.167152	insane
8586	2022-10-07 04:52:10.664053	TrustGod
8587	2022-10-07 05:48:00.518636	redwavecoming
8588	2022-10-07 05:49:10.400713	Hologram
8589	2022-10-07 05:49:11.17089	DeepFake
8590	2022-10-07 05:49:11.61641	Queen
8591	2022-10-07 05:49:22.829004	RonJohnson
8592	2022-10-07 05:49:26.626879	RedPilling
8593	2022-10-07 05:49:37.926088	surveillance
8594	2022-10-07 05:49:38.576684	Davos
8595	2022-10-07 05:49:39.294153	Tracking
8596	2022-10-07 05:49:41.959077	HillsUpHarris
8597	2022-10-07 05:49:48.828608	FreedomFromMedicalTyranny
8598	2022-10-07 05:49:52.263229	GrapheneOxide
8599	2022-10-07 05:49:52.69486	AdverseEffects
8600	2022-10-07 05:49:53.144406	Nanotechnology
8601	2022-10-07 05:49:58.965921	TheCabalWillFall
8602	2022-10-07 05:50:09.367085	BrandonPriceHike
8603	2022-10-07 05:50:13.249894	FoodShortages
8604	2022-10-07 05:50:17.095686	FalloftheCabal
8605	2022-10-07 05:50:17.524255	SupportLocalFarmers
8606	2022-10-07 05:50:17.977269	NeighborhoodWatch
8607	2022-10-07 05:50:24.567229	MedicalTyranny
8608	2022-10-07 05:50:24.869076	KiddingNotKidding
8609	2022-10-07 05:50:25.819462	CoryBooker
8610	2022-10-07 05:50:26.262635	ClownShow
8611	2022-10-07 05:50:27.668473	Waterfall
8612	2022-10-07 05:50:28.119946	CommsBlackout
8613	2022-10-07 05:50:35.524952	FoodShortage
8614	2022-10-07 05:50:36.82398	GetItDone
8615	2022-10-07 05:50:36.954425	BrandonsHandlers
8616	2022-10-07 05:50:42.406125	microchip
8617	2022-10-07 05:50:42.815178	ID
8618	2022-10-07 05:50:45.477719	DrOZ
8619	2022-10-07 05:50:45.92563	MICROCHIPIMPLANTS
8620	2022-10-07 05:50:48.598871	Trump2024andBefore
8621	2022-10-07 05:50:56.538396	KlausSchwab
8622	2022-10-07 05:50:57.447828	DanCrenshaw
8623	2022-10-07 05:50:59.733423	ThankYouTrump
8624	2022-10-07 05:51:00.199831	symbolism
8625	2022-10-07 05:51:00.658968	illuminati
8626	2022-10-07 05:51:01.43892	GIJane
8627	2022-10-07 05:51:02.090141	Jada
8628	2022-10-07 05:51:01.971815	WeNeedAMiacleNOW
8629	2022-10-07 05:51:02.535832	Skulls
8630	2022-10-07 05:51:03.519745	MissThoseTruths
8631	2022-10-07 05:51:10.952948	Pepsi
8632	2022-10-07 05:51:12.667562	OURHOUSE
8633	2022-10-07 05:51:13.975302	SupportOurTroops
8634	2022-10-07 05:51:16.289304	PrayForTheWounded
8635	2022-10-07 05:51:17.016651	VaccineInjured
8636	2022-10-07 05:51:19.866082	AI
8637	2022-10-07 05:51:20.304993	NoMoreLies
8638	2022-10-07 05:51:23.100953	Lies
8639	2022-10-07 05:51:27.817834	HonkHonk2022
8640	2022-10-07 05:51:37.781201	TrumpSues
8641	2022-10-07 05:51:38.233353	Lawsuits
8642	2022-10-07 05:51:39.718861	PresidentTrump2024
8643	2022-10-07 05:52:07.89342	Sacrifice
8644	2022-10-07 05:52:12.177922	Trump2024AndBefore
8645	2022-10-07 05:52:17.291648	GWHB
8646	2022-10-07 05:52:27.823004	nojustice
8647	2022-10-07 05:52:28.257201	crybaby
8648	2022-10-07 05:52:41.579393	NoJab
8649	2022-10-07 05:52:42.292808	GodWillPrevail
8650	2022-10-07 05:52:54.810445	FoodSupply
8651	2022-10-07 05:52:55.259886	RealityCheck
8652	2022-10-07 05:53:22.15261	israel
8653	2022-10-07 05:53:22.59686	elal
8654	2022-10-07 05:53:25.369744	generator
8655	2022-10-07 05:53:26.061449	neighborhoodwatch
8657	2022-10-07 05:53:31.001514	PatriotsGalore
8659	2022-10-07 05:53:44.492457	MixedMartialArts
8661	2022-10-07 05:53:46.873266	ufc
8663	2022-10-07 05:53:47.318593	mixed
8664	2022-10-07 05:53:47.751107	UkraineIsSoCorrupt
8665	2022-10-07 05:53:50.739547	gitmo
8667	2022-10-07 05:53:51.701242	campjustice
8668	2022-10-07 05:53:55.210116	Freedoms
8671	2022-10-07 05:54:15.784723	cabal
8672	2022-10-07 05:54:16.738965	picoftheday
8673	2022-10-07 05:54:43.310668	electric
8674	2022-10-07 05:54:47.624482	support
8678	2022-10-07 06:01:14.572606	savethechilden
8680	2022-10-07 06:04:51.780344	wakethefuckup
8682	2022-10-07 06:07:37.982087	voterID
8685	2022-10-07 06:09:01.664346	ClintonEmail
8688	2022-10-07 06:09:02.945275	Comey
8689	2022-10-07 06:10:29.563346	RedBelliedWoodpecker
8691	2022-10-07 06:10:30.906837	nikon
8696	2022-10-07 06:13:05.39022	iPhoneSE
8697	2022-10-07 06:13:25.766995	TrumpWon2020
8701	2022-10-07 06:14:53.643145	IKnewThisDayWouldComeEventually
8702	2022-10-07 06:15:10.531404	SixthAmendment
8707	2022-10-07 06:16:27.238614	John8
8727	2022-10-07 06:45:24.151053	parents
10563	2022-10-09 21:09:21.531027	banishthesnakes
10568	2022-10-09 21:10:27.170258	harrypotter
10569	2022-10-09 21:10:39.314999	bengarrison
10570	2022-10-09 21:11:09.768857	WhoIsJohnGalt
10571	2022-10-09 21:11:12.220899	mel
10572	2022-10-09 21:11:25.77	randpaul
10573	2022-10-09 21:11:34.762891	nonplayercharacter
10574	2022-10-09 21:12:15.434195	wearewinning
10576	2022-10-09 21:12:41.449257	batman
10577	2022-10-09 21:13:17.747414	joelosteen
10578	2022-10-09 21:13:19.036159	jesuswasright
10580	2022-10-09 21:13:47.102535	tidepods
10583	2022-10-09 21:14:17.822361	up
10586	2022-10-09 21:15:29.333695	louisvuitton
10587	2022-10-09 21:15:40.515136	wuhan
10588	2022-10-09 21:16:10.22608	jussiesmollett
10590	2022-10-09 21:16:15.918394	ghislaine
10591	2022-10-09 21:16:26.66773	iamthestorm
10592	2022-10-09 21:16:31.854553	arkancide
10593	2022-10-09 21:16:33.993494	juicysmollett
10594	2022-10-09 21:16:37.39048	kings
10595	2022-10-09 21:16:38.468185	queen
10598	2022-10-09 21:17:44.30183	morningcoffee
10599	2022-10-09 21:17:50.082896	matrix
10600	2022-10-09 21:18:02.083522	jesussaves
10601	2022-10-09 21:18:58.088017	Ye
10602	2022-10-09 21:18:58.52562	variety
10603	2022-10-09 21:19:11.426472	keepamericagreat
10604	2022-10-09 21:19:14.132956	forGodandCountry
10607	2022-10-09 21:19:47.368388	w
10608	2022-10-09 21:20:08.031462	zoolander
10609	2022-10-09 21:20:15.855713	pain
10610	2022-10-09 21:20:16.612946	punisher
10613	2022-10-09 21:21:03.985138	vatican
10614	2022-10-09 21:21:05.534795	jesuit
10615	2022-10-09 21:21:06.086188	rome
10617	2022-10-09 21:22:41.67286	nightlymemes
10618	2022-10-09 21:22:42.511074	itsmaam
10619	2022-10-09 21:22:47.865465	nomamdate
10621	2022-10-09 21:23:15.637273	Americandream
10622	2022-10-09 21:23:21.327879	internationalwomensday
10623	2022-10-09 21:25:40.567213	blackoutnecessary
10624	2022-10-09 21:25:51.205885	Birx
10625	2022-10-09 21:25:51.787317	Zuckerburg
10626	2022-10-09 21:25:52.381613	Dorsey
10627	2022-10-09 21:25:53.614976	Cuomo
10628	2022-10-09 21:25:54.125396	Newsom
10630	2022-10-09 21:25:55.81851	Cortez
10631	2022-10-09 21:25:55.931426	bibleversedaily
10633	2022-10-09 21:25:57.792933	Kemp
10634	2022-10-09 21:25:58.6175	Robinson
10635	2022-10-09 21:25:59.138706	Merkel
10636	2022-10-09 21:26:00.259935	Schiff
10637	2022-10-09 21:26:00.792109	Podesta
10638	2022-10-09 21:26:01.31825	Brown
10640	2022-10-09 21:27:10.763996	cartoon
10642	2022-10-09 21:28:13.305402	taxrefund
10643	2022-10-09 21:28:33.982031	nomask
10644	2022-10-09 21:28:46.381264	johnlennon
10645	2022-10-09 21:28:46.892856	imagine
10647	2022-10-09 21:29:23.003948	mememagic
10648	2022-10-09 21:29:26.091968	lancer
10649	2022-10-09 21:29:27.551529	bushsr
10650	2022-10-09 21:29:28.133557	raisedright
10652	2022-10-09 21:30:24.634734	noname
10655	2022-10-09 21:30:33.158395	Pakistan
10656	2022-10-09 21:30:33.610876	EasterEggRoll
10659	2022-10-09 21:30:41.190766	SmokeAndMirrors
10664	2022-10-09 21:31:29.042333	Sovereignty
10667	2022-10-09 21:32:07.771705	seanpenn
10668	2022-10-09 21:32:28.36487	rudy
10669	2022-10-09 21:32:35.394708	antivax
10671	2022-10-09 21:33:22.511807	truckerconvoy
10673	2022-10-09 21:33:44.36915	FCancer
10675	2022-10-09 21:33:59.407437	trumpcountry
10676	2022-10-11 02:41:21.181441	badmedicine
10677	2022-10-11 02:41:21.652376	junkscience
10679	2022-10-11 02:49:11.931869	returntosender
10680	2022-10-11 02:49:12.956366	madeinchina
10681	2022-10-11 02:49:13.519058	frenchfrypotatohead
10682	2022-10-11 03:07:48.051923	TRUMPB424
10683	2022-10-11 03:08:25.724851	VerifyTrumpNews
10684	2022-10-11 03:15:50.030547	STAYWOKE
10685	2022-10-11 03:29:05.075262	PalmOil
10688	2022-10-11 03:29:07.149458	SeedOils
10689	2022-10-11 03:29:07.680418	CornProtein
10692	2022-10-11 03:37:31.128053	SendHelp
10693	2022-10-11 03:44:55.621729	MVStrong
10694	2022-10-11 03:47:21.542139	Improve
10695	2022-10-11 03:47:22.273337	Consciousness
10698	2022-10-11 03:47:23.703346	Selfimprovement
10701	2022-10-11 03:50:47.051457	InflationReductionAct
10702	2022-10-11 03:52:38.042934	NuclearWeapons
10703	2022-10-11 03:53:36.20389	MemeTeam
10704	2022-10-11 03:54:55.308881	GTATrump
10705	2022-10-11 03:54:55.802986	Carjacking
10706	2022-10-11 03:58:05.47942	MD06
10707	2022-10-11 04:05:44.352271	springfeild
10708	2022-10-11 04:05:44.824028	saintedge
10709	2022-10-11 04:05:45.296694	60rounddrum
10710	2022-10-11 04:07:14.264818	CulturalAIDS
10711	2022-10-11 04:08:14.134413	TeamKaroline
10712	2022-10-11 04:08:46.103505	NY23
10713	2022-10-11 04:11:20.25791	GeriatricJoe
10714	2022-10-11 04:11:44.66199	AMERICAFirst
10715	2022-10-11 04:14:30.380229	JoeGirardi
10716	2022-10-11 04:14:30.87594	Phillies
10717	2022-10-11 04:15:58.711397	ss
10718	2022-10-11 04:17:01.019032	PrideMonth
10719	2022-10-11 04:17:01.199946	sorrynotsorry
10720	2022-10-11 04:17:28.552328	StopAsianHate
10721	2022-10-11 04:17:56.037146	OttawaPolice
10722	2022-10-11 04:17:56.52587	TrudeauTyranny
8656	2022-10-07 05:53:26.498157	SeeSomethingSaySomething
8658	2022-10-07 05:53:31.683219	TyrannyNoMore
8660	2022-10-07 05:53:44.899335	BestTraining
8662	2022-10-07 05:53:46.968889	notwrong
8666	2022-10-07 05:53:51.222348	thespa
8669	2022-10-07 05:54:07.318794	Readyforthestorm
8670	2022-10-07 05:54:15.304996	wg1wga
8675	2022-10-07 05:55:23.877161	BallotTrafficking
8676	2022-10-07 05:57:08.237914	UkraineJoe
8677	2022-10-07 05:58:49.888227	METOO
8679	2022-10-07 06:02:21.008638	GiftofPeace
8681	2022-10-07 06:05:21.396967	FJBKINGOFMULES
10564	2022-10-09 21:09:22.223883	seventeen
10575	2022-10-09 21:12:25.138086	cancersucks
10579	2022-10-09 21:13:29.513408	boyfriendscomeandgo
10581	2022-10-09 21:13:55.852356	predictiveprogramming
10584	2022-10-09 21:14:22.755715	fakewar
10585	2022-10-09 21:14:43.75582	donaldo
10597	2022-10-09 21:17:27.22343	michaelobama
10611	2022-10-09 21:20:22.161466	nothingcanstopwhatiscoming
10620	2022-10-09 21:23:00.523236	CrimeBill
10641	2022-10-09 21:27:34.128791	NATURALIMMUNITY
10646	2022-10-09 21:28:55.284287	betamale
10651	2022-10-09 21:29:41.926988	thesepeopleareSTUPID
10654	2022-10-09 21:30:28.079237	Prepare
10657	2022-10-09 21:30:35.540284	heelsupharris
10660	2022-10-09 21:30:55.154842	adamandeve
10663	2022-10-09 21:31:28.597236	Independence
10666	2022-10-09 21:32:01.517056	happyfriday
10674	2022-10-09 21:33:49.626167	endemic
10678	2022-10-11 02:41:22.395175	bidenpedos
10686	2022-10-11 03:29:06.204289	Soy
10687	2022-10-11 03:29:06.702903	CanolaOil
10690	2022-10-11 03:29:12.369504	rBST
10691	2022-10-11 03:29:13.092207	CornSyrup
10696	2022-10-11 03:47:22.730998	Spiritual
10697	2022-10-11 03:47:23.199447	Personaldevelopment
10699	2022-10-11 03:47:24.159588	personalgrowth
10700	2022-10-11 03:48:06.054772	BidenEffect
10723	2022-10-11 04:23:36.470168	BlackfaceHitler
10725	2022-10-11 04:37:44.723866	FREEALX
11738	2022-10-13 01:28:56.121402	Milley
11739	2022-10-13 01:28:59.749022	Paski
11741	2022-10-13 01:31:08.380882	ANONS
11748	2022-10-13 01:31:14.04648	GREATAWAKING
11751	2022-10-13 01:36:57.937347	governmentworksforus
11752	2022-10-13 01:40:45.29664	ncswc
11753	2022-10-13 01:40:45.914899	realmews
11863	2022-10-13 06:22:48.959513	Iseenolies
11867	2022-10-13 06:23:12.111904	justices
11868	2022-10-13 06:23:13.149887	LeakedDraft
11869	2022-10-13 06:23:14.414965	bullying
11872	2022-10-13 06:23:19.600649	black
11875	2022-10-13 06:33:14.141047	realestateagent
11876	2022-10-13 06:33:14.842774	realestate
11877	2022-10-13 06:33:46.025388	iflookscouldkill
11878	2022-10-13 06:34:06.200949	defundbiden
11879	2022-10-13 07:12:42.571745	walkingbyverv
11880	2022-10-13 07:14:38.679956	Q8
11881	2022-10-13 07:18:11.416784	SecondAdmendment
11882	2022-10-13 07:18:11.869667	TrumpDeSantis2024
11883	2022-10-13 07:18:12.414207	TrumpOwens2024
11884	2022-10-13 07:18:15.63207	BidensLiesMatter
11885	2022-10-13 07:18:17.035168	endthefed
11886	2022-10-13 07:24:45.049342	notasheep
11887	2022-10-13 07:25:15.996624	experiment
11888	2022-10-13 07:25:16.510981	results
11889	2022-10-13 07:25:50.288944	familycourtponzi
11890	2022-10-13 07:25:50.836371	kidsforcash
11891	2022-10-13 07:25:51.410344	Hightreason
11892	2022-10-13 07:26:23.285976	pandemics
11893	2022-10-13 07:30:35.283166	antibodies
11894	2022-10-13 07:32:44.870016	Bidenzuela
11895	2022-10-13 07:33:17.616473	GoodAfternoon
11896	2022-10-13 07:43:39.289219	frauci
11897	2022-10-13 07:43:43.276123	Hoodrats
11898	2022-10-13 07:44:22.573587	inclusion
11899	2022-10-13 07:45:45.48438	ashlibabbitt
11900	2022-10-13 07:46:04.490316	SheergleesTruth
11901	2022-10-13 07:46:27.929077	noneofyourbusiness
11902	2022-10-13 07:47:16.24798	realPOTUSTrump
11903	2022-10-13 07:47:22.193665	garbage
11904	2022-10-13 07:47:24.288275	kamalahoe
11905	2022-10-13 07:48:03.928803	realPOTUS
11906	2022-10-13 07:50:36.082906	FakePOTUS46
11907	2022-10-13 07:50:58.055089	GatesOfHell
11908	2022-10-13 07:51:41.946175	hillarious
11909	2022-10-13 07:51:59.858301	freeourpatriots
11910	2022-10-13 07:52:00.212861	crimebosspelosi
11911	2022-10-13 07:52:02.399148	scamisover
11912	2022-10-13 07:52:04.410823	faucisux
11913	2022-10-13 07:52:20.347522	totaldedication
11914	2022-10-13 07:52:21.400394	brotherstilltheend
11915	2022-10-13 07:52:24.011305	doyourresearch
11916	2022-10-13 07:52:27.04409	fakepotus
11917	2022-10-13 07:53:22.551625	swampscum
11918	2022-10-13 07:53:34.337092	suckerburg
11919	2022-10-13 07:53:40.148343	crytalclear
11920	2022-10-13 07:53:44.972985	maskscam
11921	2022-10-13 07:53:55.654433	positive
11922	2022-10-13 07:54:15.918233	releasej6patriots
11923	2022-10-13 07:54:16.400248	alshipaid
11924	2022-10-13 07:54:18.400587	juicey
11925	2022-10-13 07:54:23.85253	snapped
11926	2022-10-13 07:54:45.574148	posjoe
11927	2022-10-13 07:54:47.714023	sickening
11928	2022-10-13 07:56:56.342718	operation1009
11929	2022-10-13 08:09:09.410201	Platforms
11930	2022-10-13 08:09:10.697641	Stock
11931	2022-10-13 08:14:58.5363	VoteRedToSaveAmerica
11932	2022-10-13 08:15:08.540586	THISELECTIONISIT
11933	2022-10-13 08:15:18.410719	AlejandroMayorkas
11934	2022-10-13 08:15:46.13453	DK7
11935	2022-10-13 08:15:55.208612	TurnTheTVOff
11936	2022-10-13 08:15:56.453383	Fam1010
11937	2022-10-13 08:16:11.661508	mitchmustgo
11938	2022-10-13 08:16:18.167171	DavidRitter
11939	2022-10-13 08:16:18.980999	LehighCounty
11940	2022-10-13 08:16:24.280774	SaudiArabia
11941	2022-10-13 08:16:53.236914	SuddenDeathsAffectTheJabbed
11942	2022-10-13 08:16:58.520581	MichaelSessa
11943	2022-10-13 08:16:59.358411	AndrewWeissmann
11944	2022-10-13 08:17:11.727527	NoMoreRINOs
11945	2022-10-13 08:17:23.620704	CantFixStupid
11946	2022-10-13 08:17:27.248955	LeadersLead
11947	2022-10-13 08:17:32.146349	SickOfThisMovie
11948	2022-10-13 08:17:41.894252	TheReturn
11949	2022-10-13 08:17:52.94993	HopeWins
11950	2022-10-13 08:18:15.516204	ivermectinworks
11951	2022-10-13 08:18:43.985809	DT45
11952	2022-10-13 08:18:58.879142	AllendaleUnitedMethodistChurch
11953	2022-10-13 08:19:52.827916	StopMedicalCensorship
11954	2022-10-13 08:20:19.473566	KavanaughHoax
11955	2022-10-13 08:20:34.890294	MarkLevin
11956	2022-10-13 08:22:42.821058	JDVance
11957	2022-10-13 08:22:43.218437	TimRyan
8683	2022-10-07 06:07:38.417805	PollIntegrity
8684	2022-10-07 06:09:01.220001	Laptop
8686	2022-10-07 06:09:02.091884	Abedin
8687	2022-10-07 06:09:02.521579	Weiner
8690	2022-10-07 06:10:30.476101	photoftheday
8692	2022-10-07 06:10:53.459961	WhyImHere
8693	2022-10-07 06:11:26.398125	Trump2024OrBefore
8694	2022-10-07 06:13:04.077057	AlligatorsLiveInAllFloridaWaters
8695	2022-10-07 06:13:04.952807	LakeCounty
8698	2022-10-07 06:14:22.747774	ljb
8699	2022-10-07 06:14:52.345866	NoVaxForMe
8700	2022-10-07 06:14:53.164892	PraiseTheLord
8703	2022-10-07 06:15:11.246779	BillOfRights
8704	2022-10-07 06:15:11.414355	IslandLife
8705	2022-10-07 06:15:11.843769	Sunset
8706	2022-10-07 06:16:02.012573	Sotu
8708	2022-10-07 06:16:27.801665	TheWayTheTruthTheLifeSetsAnyoneFree
8709	2022-10-07 06:16:55.570067	PatriotPackCrazyTrain
8710	2022-10-07 06:20:34.492082	Roll
8711	2022-10-07 06:28:40.841233	GodBlessTrump
8712	2022-10-07 06:31:00.496571	SundayMorning
8713	2022-10-07 06:31:05.859987	leadersspeakup
8714	2022-10-07 06:34:10.566395	proudgunsupporter
8715	2022-10-07 06:34:10.961935	proudguncarrier
8716	2022-10-07 06:34:11.409508	neversurrenderourgunrights
8717	2022-10-07 06:35:34.586972	trustbusting
8718	2022-10-07 06:40:43.023142	true
8719	2022-10-07 06:42:29.645387	fbj
8720	2022-10-07 06:42:42.405506	TruckersConvoy
8721	2022-10-07 06:44:17.151367	Dumbass
8722	2022-10-07 06:44:56.685093	godwon
8723	2022-10-07 06:45:08.71636	JacksonHole2022
8724	2022-10-07 06:45:11.117328	ItsTimeToBeAMan
8725	2022-10-07 06:45:14.214676	mysonhunter
8726	2022-10-07 06:45:22.983047	Roblox
8728	2022-10-07 06:45:24.594956	Protectourkids
8729	2022-10-07 06:45:25.064167	letthembelittle
8730	2022-10-07 06:46:21.33511	MakeItMakeSense
8731	2022-10-07 06:46:38.078707	ElonMuskBuysTwitter
8732	2022-10-07 06:46:39.008091	twittersold
8733	2022-10-07 06:47:06.173508	SayGay
8734	2022-10-07 06:49:06.743985	StrongMen
8735	2022-10-07 06:49:23.503086	topgov
8736	2022-10-07 06:50:02.062449	DecideToHaveAGoodDay
8737	2022-10-07 06:50:02.730312	NotYouBiden
8738	2022-10-07 06:50:45.561464	LOUDMAJORITY
8739	2022-10-07 06:50:46.25217	5DGramma
8740	2022-10-07 06:50:46.78248	Obamagate
8741	2022-10-07 06:50:47.078031	russianinvasion
8742	2022-10-07 06:50:48.087681	ukrainewar
8743	2022-10-07 06:51:02.567908	postingWithoutPants
8744	2022-10-07 06:51:57.453033	Followforfollow
8745	2022-10-07 06:51:57.91787	likeforfollow
8746	2022-10-07 06:52:35.437913	BuildTheWall
8747	2022-10-07 06:52:48.777486	ReTruths
8748	2022-10-07 06:55:07.390067	neverdaily
8749	2022-10-07 06:55:11.746131	TopGov
8750	2022-10-07 06:57:39.52738	STAYLOUD
8751	2022-10-07 06:57:40.551621	WeWillNotComply
8752	2022-10-07 07:00:24.038024	theprincipaloffices
8753	2022-10-07 07:00:26.780455	ButtHurt
8754	2022-10-07 07:05:47.449593	cpacdallas
8755	2022-10-07 07:07:06.55456	slap
8756	2022-10-07 07:10:35.581021	conspiracytheorist
8757	2022-10-07 07:10:47.170957	jeffreyepstein
8758	2022-10-07 07:11:29.681267	newyorkers
8759	2022-10-07 07:11:58.097227	wisconsin
8760	2022-10-07 07:12:28.102591	loudmajority
8761	2022-10-07 07:16:00.342402	Tex
8762	2022-10-07 07:16:59.880055	Lockdowns
8763	2022-10-07 07:17:00.294516	MaskMandates
8764	2022-10-07 08:00:13.567094	TAXES
8765	2022-10-07 08:00:26.165147	InfoWars
8766	2022-10-07 08:01:01.194014	BlackRock
8767	2022-10-07 08:22:06.343448	Upcigc22
8768	2022-10-07 08:22:06.869055	Apostolicshow
8769	2022-10-07 08:22:07.299128	apostolic
8770	2022-10-07 08:23:29.706351	PelosiStagedJan6
8771	2022-10-07 08:30:13.269257	FindUK
8772	2022-10-07 08:37:51.952249	RTM2022
8773	2022-10-07 08:37:52.66062	FaithAndFreedomCoalition
8774	2022-10-07 08:43:35.62713	Cisa
8775	2022-10-07 08:43:36.413126	TrumpCaughtThemAll
8776	2022-10-07 08:43:51.154929	CISA
8777	2022-10-07 08:45:14.612904	JoeBama
8778	2022-10-07 08:45:31.034327	joeGottaGo
8779	2022-10-07 08:45:44.67735	DWAC_RESEARCH
8780	2022-10-07 08:45:45.110213	TMTG_Research
8781	2022-10-07 08:46:03.48742	apostolicshow
8782	2022-10-07 08:46:03.917483	primary
8783	2022-10-07 08:46:04.354314	recount
8784	2022-10-07 08:46:05.293224	HANDCOUNT
8785	2022-10-07 08:46:05.721494	GA
8786	2022-10-07 08:46:06.171852	GAPOL
8787	2022-10-07 08:46:06.623661	KandissTaylor
8788	2022-10-07 09:08:56.597708	mad
8789	2022-10-07 09:08:57.008026	Libs
8790	2022-10-07 09:09:12.698125	nvcommishpatriots
8791	2022-10-07 09:18:24.260447	unpresidented
8792	2022-10-07 09:22:30.136936	awake
8793	2022-10-07 09:25:59.955349	BOOM
8794	2022-10-07 09:26:10.717646	Redpills
8795	2022-10-07 09:27:21.744645	BidenCrimeFamilly
8796	2022-10-07 09:27:22.182914	FreeJ6politicalprisoners
8797	2022-10-07 09:30:28.717966	pizzaGate
8798	2022-10-07 09:32:02.809907	Fantastic
8799	2022-10-07 09:34:39.913458	Christians
8800	2022-10-07 09:34:40.864863	GodsPromise
8801	2022-10-07 09:47:30.254453	freedompurge
8802	2022-10-07 09:48:19.714819	freedompurge2024
8803	2022-10-07 09:51:54.868863	TRUMP24
8804	2022-10-07 09:56:04.367934	BidenCrimefamily
8805	2022-10-07 09:58:07.807102	LETSGO
8806	2022-10-07 09:58:41.461677	BidensBorderInvasion
8807	2022-10-07 10:04:36.233893	replacegraham
8808	2022-10-07 10:07:30.548785	peacethroughstrength
8809	2022-10-07 10:07:55.078465	wewillwin
8810	2022-10-07 10:07:57.044805	antijab
8811	2022-10-07 10:08:35.31197	JohnKerry
8812	2022-10-07 10:09:43.842103	lfg
8813	2022-10-07 10:09:44.530719	therealpresident
8814	2022-10-07 10:12:04.713228	DCGOP
8815	2022-10-07 10:12:08.927607	Ga
8816	2022-10-07 10:12:09.368042	BundyCobb
8817	2022-10-07 10:12:38.774263	vaccinedamage
8818	2022-10-07 10:12:48.309662	scripted
8819	2022-10-07 10:17:19.084998	epic
8820	2022-10-07 10:19:48.705226	FightlikeFlynn
8821	2022-10-07 10:20:21.666546	Yuan
8822	2022-10-07 10:20:22.515206	Dollars
8823	2022-10-07 10:27:32.533546	endhumantrafficking
8824	2022-10-07 10:27:49.284484	bioweapons
8825	2022-10-07 10:28:19.980194	JesusGunsBabies
8826	2022-10-07 10:28:21.196469	confirmed
8827	2022-10-07 10:33:16.659685	Cannabis
8828	2022-10-07 10:33:18.414856	CBD
8829	2022-10-07 10:33:19.121433	Hemp
8830	2022-10-07 10:33:19.560015	cbd
8832	2022-10-07 10:33:20.680862	cbdFacts
8836	2022-10-07 10:33:23.744058	stressRelief
8839	2022-10-07 10:33:38.933953	Verified
8844	2022-10-07 10:33:47.899449	hemp
8845	2022-10-07 10:33:53.403868	Plant
8847	2022-10-07 10:33:55.016042	Green
8856	2022-10-07 10:36:26.668793	Conspiracy
10565	2022-10-09 21:09:23.445972	beer
10566	2022-10-09 21:09:45.768622	redpilled
10567	2022-10-09 21:10:23.038144	madmaxine
10724	2022-10-11 04:23:57.965208	FREECANADA
10726	2022-10-11 04:39:58.923058	JusticeThomas
10727	2022-10-11 04:39:59.344161	blackconservatives
10728	2022-10-11 04:40:48.352409	AMFEST2022
10729	2022-10-11 04:43:48.432772	SharingIsCaring
10731	2022-10-11 04:57:59.609664	INDYCAR
10732	2022-10-11 04:58:32.099509	F1
10734	2022-10-11 04:58:42.559008	RepHagedornRIP
10738	2022-10-11 05:01:13.667969	ihavethemeats
10739	2022-10-11 05:01:26.177494	stayhumble
10740	2022-10-11 05:05:38.653051	InternetBillOfRights
10741	2022-10-11 05:08:10.999787	Decentralized
10742	2022-10-11 05:10:42.82345	TrumpCaughtTheSwamp
10743	2022-10-11 05:11:14.18549	mycupisfull
10744	2022-10-11 05:11:55.471993	gbr
10745	2022-10-11 05:11:56.246659	gobigred
10746	2022-10-11 05:11:56.69886	Huskers
10747	2022-10-11 05:12:44.920421	onwardandupward
10748	2022-10-11 05:12:49.464636	FerrisBueller
10749	2022-10-11 05:13:16.00231	Beef
10750	2022-10-11 05:13:16.446227	norattlesnakes
10751	2022-10-11 05:13:17.170011	kansas
10752	2022-10-11 05:15:42.755347	flythew
10753	2022-10-11 05:15:43.531881	gocubsgo
10754	2022-10-11 05:16:45.182057	crooksandliars
10755	2022-10-11 05:17:11.115431	flotus
10756	2022-10-11 05:18:22.29994	truthaholic
10757	2022-10-11 05:18:22.766803	trutherism
10758	2022-10-11 05:33:13.634804	Bella
10759	2022-10-11 05:44:08.789937	awesomeamericaadventures
10760	2022-10-11 05:50:27.037072	LetgoandletGod
10761	2022-10-11 05:55:30.515657	truckersconvoy
10762	2022-10-11 05:55:31.84343	tedcruz
10763	2022-10-11 05:55:32.570956	dcbeltway
10764	2022-10-11 05:55:33.016621	beltway
10765	2022-10-11 05:55:33.957945	rollon
10766	2022-10-11 06:14:44.554659	PayYourOwnDebt
10767	2022-10-11 06:17:09.355997	Euthanasia
10768	2022-10-11 06:21:01.494419	reunion
10769	2022-10-11 06:22:10.432614	4A
10770	2022-10-11 06:24:09.187137	searchwarrants
10771	2022-10-11 06:24:09.88657	raids
10772	2022-10-11 06:32:55.406026	LiberalLogic
10773	2022-10-11 06:35:08.115417	purpleheartveteran
10774	2022-10-11 06:35:22.951967	armedforces
10775	2022-10-11 07:07:08.763572	RedFlagLaws
10776	2022-10-11 07:07:14.658391	RedFlagLaw
10778	2022-10-11 07:08:38.064695	j6committe
10780	2022-10-11 07:50:41.469487	bohica
10781	2022-10-11 07:50:41.887717	fubar
10782	2022-10-11 07:52:40.780962	thankyoudonaldtrump
10783	2022-10-11 07:52:41.28971	incompitentbiden
10784	2022-10-11 07:53:49.772056	FKM
10785	2022-10-11 07:57:11.945284	seattle
10786	2022-10-11 08:01:49.132074	NevadaTrumpRally
10787	2022-10-11 08:01:49.819024	NevadaRally
10789	2022-10-11 08:03:26.812096	BIDEN_WAR
10790	2022-10-11 08:04:10.602961	FRAUD2020
10791	2022-10-11 08:04:11.977038	stealingelections
10793	2022-10-11 08:12:41.220193	JOE_BIDEN_KILLER
10794	2022-10-11 08:12:53.786959	UGLY
10795	2022-10-11 08:14:08.412042	RHINO
10796	2022-10-11 08:16:27.581798	MarthasVineyardRacists
10797	2022-10-11 08:18:30.249483	MegaKing
10798	2022-10-11 08:22:11.042278	RINO_HUNTERS
10799	2022-10-12 20:24:41.275086	Neocons
10800	2022-10-12 20:24:41.754278	ComeAtMeBro
10801	2022-10-12 20:24:42.095622	MapleSyrup
10802	2022-10-12 20:24:42.620199	EnFrancais
10803	2022-10-12 20:24:48.896265	RulesForPatriots
10804	2022-10-12 20:59:26.595602	wolverines
10805	2022-10-12 21:02:59.626685	DailyWire
10806	2022-10-12 21:04:40.91429	TheHill
10807	2022-10-12 21:05:41.604291	MilitaryTimes
10808	2022-10-12 21:07:20.848445	SubpoenaHunterBiden
10809	2022-10-12 21:07:24.684866	WashingtonExaminer
10810	2022-10-12 21:07:38.965631	FreeBabylonBee
10811	2022-10-12 21:07:50.263544	BIDENFLATION
10812	2022-10-12 21:09:12.668956	LouDobbs
10813	2022-10-12 21:17:25.88691	hb75
10814	2022-10-12 21:17:26.228982	lobbying4free
10815	2022-10-12 21:40:34.849612	Vote2022
10816	2022-10-12 21:40:35.530052	MakeAmericaTHINKAgain
10817	2022-10-12 21:40:37.177441	AmericaFirstCandidates
10818	2022-10-12 21:40:38.125472	StopGretchenWhitmer
10819	2022-10-12 21:40:38.595693	ShutDownBoardOfEducation
10820	2022-10-12 21:40:43.057883	StandStrong
10821	2022-10-12 21:40:51.421289	GAAlert
10822	2022-10-12 21:40:57.302183	gapol
10823	2022-10-12 21:50:45.959629	DanielleNeuschwangerforColorado
10824	2022-10-12 21:51:12.687665	DanielleForColorado
10825	2022-10-12 21:51:29.589013	heidiforgov
10826	2022-10-12 21:51:30.104713	UnleashColorado
10827	2022-10-12 22:05:37.729529	charges
10828	2022-10-12 22:05:38.080839	indictment
10829	2022-10-12 22:06:08.310464	illegalimmigrants
10830	2022-10-12 22:06:08.64489	bussing
10832	2022-10-12 22:06:15.272731	charlesisawanker
10841	2022-10-12 22:06:23.494362	governmenttyranny
10842	2022-10-12 22:06:28.808803	letsgobrandons
10851	2022-10-12 22:07:35.686029	GeorgeFloyd
10852	2022-10-12 22:07:40.93485	policeshootings
10853	2022-10-12 22:07:41.463215	JaylandWalker
10854	2022-10-12 22:07:56.009673	Roe
10855	2022-10-12 22:07:56.346809	deplorables
10856	2022-10-12 22:08:07.399205	ElectoralCollege
10857	2022-10-12 22:08:07.730209	3Nov2020
10861	2022-10-12 22:08:30.992073	BidenDiary
10862	2022-10-12 22:08:31.365629	AshleyBiden
10866	2022-10-12 22:08:50.152329	civilunrest
10867	2022-10-12 22:09:02.872516	massshootings
10871	2022-10-12 22:09:17.837877	bide
10872	2022-10-12 22:09:18.167973	MilitaryIndustrialComplex
10873	2022-10-12 22:09:18.713896	aidpackage
10875	2022-10-12 22:09:36.170602	drones
10876	2022-10-12 22:09:36.505306	missiles
10883	2022-10-12 22:09:48.880814	Moscow
10914	2022-10-12 22:19:26.285895	talibantakeover
10915	2022-10-12 22:19:37.142894	hiccup
10917	2022-10-12 22:19:42.919808	stolenpresidency
10918	2022-10-12 22:19:43.754188	stolenelection2020
10928	2022-10-12 22:20:20.185918	pedophileisland
10929	2022-10-12 22:20:41.514378	gfy
10931	2022-10-12 22:21:08.656129	fbillgates
10935	2022-10-12 22:21:27.097698	clintonisapedophile
10936	2022-10-12 22:21:27.432019	clintonisaperve
8831	2022-10-07 10:33:20.243842	FunFact
8835	2022-10-07 10:33:22.749472	cbd2022
8837	2022-10-07 10:33:24.015039	digitalSoldiers
8846	2022-10-07 10:33:54.343635	Plants
8849	2022-10-07 10:34:34.218418	ELE
10730	2022-10-11 04:43:49.4888	HowTheTrickWorks
10733	2022-10-11 04:58:35.925184	BBN
10735	2022-10-11 04:58:58.262618	PutinDidIt
10736	2022-10-11 04:59:59.611003	doasisaynotasido
10737	2022-10-11 05:00:27.827808	primaryseason
10777	2022-10-11 07:07:32.454043	redflaglaws
10779	2022-10-11 07:18:49.537105	uniparty
10788	2022-10-11 08:01:50.267965	Nevada4Trump
10792	2022-10-11 08:04:18.092027	Dementia
10831	2022-10-12 22:06:14.73699	KingCharles
10847	2022-10-12 22:07:26.261476	Dutchfarmers
10848	2022-10-12 22:07:27.643551	DutchFarmersProtest
10858	2022-10-12 22:08:08.061008	pence
10863	2022-10-12 22:08:31.90481	hunterlaptop
10865	2022-10-12 22:08:48.8226	Bidenspeech
10868	2022-10-12 22:09:10.431067	worldhealthorg
10874	2022-10-12 22:09:32.1339	drugcartels
10878	2022-10-12 22:09:46.005197	MattTaibi
10879	2022-10-12 22:09:47.101987	Russis
10880	2022-10-12 22:09:47.432856	Ukrainewar
10881	2022-10-12 22:09:47.772536	warcrimes
10882	2022-10-12 22:09:48.107323	nuclearwar
10884	2022-10-12 22:09:49.406953	neocons
10885	2022-10-12 22:09:55.908958	theplan
10886	2022-10-12 22:09:58.449928	tyrant
10887	2022-10-12 22:10:20.779126	rachelmaddow
10890	2022-10-12 22:10:21.776834	brianstelter
10892	2022-10-12 22:10:27.831391	Parentalrightsbill
10893	2022-10-12 22:10:28.1701	deSantis
10895	2022-10-12 22:10:39.272705	nielsensurvey
10896	2022-10-12 22:10:39.901775	poll
10897	2022-10-12 22:10:40.234853	myvoocecounts
10903	2022-10-12 22:11:08.258179	trudeua
10905	2022-10-12 22:11:09.519895	ownnothingandbehappy
10907	2022-10-12 22:13:25.484097	emotionaldamage
10908	2022-10-12 22:18:28.305318	trumpisfunny
10910	2022-10-12 22:18:59.647218	conservativewomenarebeautiful
10911	2022-10-12 22:19:12.520734	milaniatrump
10926	2022-10-12 22:20:16.532237	pfuckpfizer
10927	2022-10-12 22:20:16.834322	alopecia
10930	2022-10-12 22:21:01.070151	impossibleburger
10937	2022-10-12 22:21:29.900082	pedophillia
10939	2022-10-12 22:21:58.824985	authenticwomen
10941	2022-10-12 22:22:16.085959	electricvehicles
10942	2022-10-12 22:22:16.397926	greenenergy
10944	2022-10-12 22:22:24.702025	mikestenhouse
10945	2022-10-12 22:22:25.044209	politicalsupremicist
10948	2022-10-12 22:22:50.516981	babylonbee
10956	2022-10-12 22:23:34.29195	shameonncaa
10957	2022-10-12 22:23:34.623294	upennswimming
10958	2022-10-12 22:23:37.724507	leftistsruineverything
10959	2022-10-12 22:23:43.380795	BannonTrial
10960	2022-10-12 22:23:45.399652	eftistsruineverything
10961	2022-10-12 22:23:46.3721	rulingclass
10965	2022-10-12 22:24:10.845947	rachellevine
10967	2022-10-12 22:24:18.842862	voterepublican
10969	2022-10-12 22:24:25.554158	pollnumbers
10971	2022-10-12 22:24:34.4497	johnkerry
10972	2022-10-12 22:24:35.850672	mooch
10973	2022-10-12 22:24:41.304066	highgasprices
10979	2022-10-12 22:25:12.181038	crtisracist
10981	2022-10-12 22:25:17.142481	usatoday
10982	2022-10-12 22:25:17.482595	rushwasright
10983	2022-10-12 22:25:17.81315	imissrushlimbaugh
10984	2022-10-12 22:25:24.466928	senwilliamsmith
10985	2022-10-12 22:25:24.808467	williamsmith
10990	2022-10-12 22:25:47.610488	pennswimteam
10993	2022-10-12 22:26:03.271162	fatherhood
10994	2022-10-12 22:26:10.65865	keystonexl
10998	2022-10-12 22:26:20.61299	teachersunions
11001	2022-10-12 22:26:26.24057	elite
11002	2022-10-12 22:26:27.06096	letthemeatcake
11003	2022-10-12 22:26:38.470731	socialcreditsystem
11007	2022-10-12 22:27:13.447203	openkeystonepipelinenow
11008	2022-10-12 22:27:15.70801	taiwan
11009	2022-10-12 22:27:16.531515	keeptaiwanfree
11015	2022-10-12 22:28:45.263133	rushlimbaugh
11017	2022-10-12 22:28:47.412598	petebuttigieg
11021	2022-10-12 22:29:24.621344	imissrush
11740	2022-10-13 01:29:16.316433	FactCheckers
11742	2022-10-13 01:31:09.444962	THEBIGLIE
11747	2022-10-13 01:31:13.57332	STORMISUPONUS
11749	2022-10-13 01:32:07.65318	Communists
11757	2022-10-13 01:59:14.553477	doublingdown
11759	2022-10-13 02:05:57.435197	itsforthelooneybirdsonhere
11760	2022-10-13 02:05:57.867458	notme
11958	2022-10-13 08:22:57.648788	UniversityOfSouthernMaine
11959	2022-10-13 08:22:58.500354	USM
11963	2022-10-13 08:25:28.971922	Ltcr
11964	2022-10-13 08:26:17.128844	PatrisseCullors
11968	2022-10-13 08:28:25.428331	HillaryEmails
11969	2022-10-13 08:28:25.888594	HillaryEmailScandal
11970	2022-10-13 08:28:38.1141	SheriffJenkins
11974	2022-10-13 08:33:47.403416	RachelQueenBurton
11977	2022-10-13 08:36:25.204917	VoterFraud
11981	2022-10-13 08:40:09.933051	LadyStars
12280	2022-10-13 16:58:01.419087	frontlinedoctors
12281	2022-10-13 16:58:40.985899	Kazaria
12283	2022-10-13 17:05:23.255028	Luciferese
12284	2022-10-13 17:05:23.811392	StopTheWho
12285	2022-10-13 17:05:24.202909	StopTheIHR
12287	2022-10-13 17:14:26.470966	nuremburg2
12288	2022-10-13 17:16:12.443026	2024IsToLate
12289	2022-10-13 17:16:24.255228	FreeTheTruth
12291	2022-10-13 17:21:50.648271	ELECTIONSTEALING
12292	2022-10-13 17:29:24.766695	stopthetreaty
12293	2022-10-13 17:29:55.731809	BetterWayConference
12294	2022-10-13 17:36:51.115096	305ElectoralVotes
12295	2022-10-13 17:39:17.938595	realnotrare
12296	2022-10-13 17:39:27.73457	Infor
12297	2022-10-13 17:49:20.029526	ItsTimeToTakeAStand
12298	2022-10-13 18:02:13.967108	CrimeanBridge
12301	2022-10-13 18:02:50.298295	andrewbreitbart
12302	2022-10-13 18:02:50.77158	truthquotes
12303	2022-10-13 18:02:52.514227	dwusamedia
12304	2022-10-13 18:02:53.039551	vanessanyc
12305	2022-10-13 18:03:04.927087	Kherson
12306	2022-10-13 18:06:48.358512	Russians
12307	2022-10-13 18:09:15.474219	Horsemedicine
12309	2022-10-13 18:16:58.097905	Lyman
12311	2022-10-13 18:22:10.358573	masking
12312	2022-10-13 18:24:18.129604	moscow
12313	2022-10-13 18:27:20.384067	Ukrainians
12315	2022-10-13 18:36:06.445398	Kupyansk
12316	2022-10-13 18:36:06.877454	Kharkiv
12317	2022-10-13 18:53:38.261491	DefeatTheMandates
12318	2022-10-13 18:55:05.077746	Dagestan
12319	2022-10-13 18:57:48.245305	fireFauci
12320	2022-10-13 18:57:48.641667	arrestFauci
12321	2022-10-13 18:57:49.10126	imprisonFauci
8833	2022-10-07 10:33:21.127914	hempFacts
8834	2022-10-07 10:33:22.316487	hemp2022
8838	2022-10-07 10:33:38.325928	QuestionOfTheDay
8840	2022-10-07 10:33:39.40814	VerificationRequest
8841	2022-10-07 10:33:40.597989	TruthSocialVerification
8842	2022-10-07 10:33:46.277477	howtogetverified
8843	2022-10-07 10:33:47.228768	how
8850	2022-10-07 10:35:16.512465	TOTD
8851	2022-10-07 10:36:02.889015	StopTheMandates
8852	2022-10-07 10:36:04.205909	Tribunals
8853	2022-10-07 10:36:09.069928	legal
8858	2022-10-07 10:38:03.489881	ScIeNce
8859	2022-10-07 10:40:14.692286	GreatForTheGoodLife
8860	2022-10-07 10:40:32.853932	BideneCrimeFamily
8861	2022-10-07 10:41:34.572541	tru
8862	2022-10-07 10:45:12.881895	humantraffickvictims
8863	2022-10-07 10:45:13.454981	EndHumanSexTrafficking
8865	2022-10-07 11:05:33.361553	ApostolicSHOW
10833	2022-10-12 22:06:15.805238	Britain
10834	2022-10-12 22:06:16.154738	BritishMonarchy
10840	2022-10-12 22:06:23.164506	BigBrotherIsWatching
10843	2022-10-12 22:06:38.192921	JUSTICEDEPARTMENT
10844	2022-10-12 22:06:41.400364	documents
10849	2022-10-12 22:07:28.56454	cowfarts
10850	2022-10-12 22:07:29.098065	manageddecline
10859	2022-10-12 22:08:12.500113	mainstreammedia
10860	2022-10-12 22:08:16.181923	FoodPrices
10864	2022-10-12 22:08:38.087527	PutinPriceHike
10869	2022-10-12 22:09:16.554309	Azov
10870	2022-10-12 22:09:16.899898	Azovstal
10877	2022-10-12 22:09:40.351725	responsibility
10888	2022-10-12 22:10:21.110031	morningjoe
10889	2022-10-12 22:10:21.443088	andersoncooper
10891	2022-10-12 22:10:25.854995	gay
10894	2022-10-12 22:10:28.521652	gayrights
10898	2022-10-12 22:10:42.27938	USdollar
10899	2022-10-12 22:10:46.657626	MeanTweets2024
10900	2022-10-12 22:10:49.048132	TrevorNoah
10901	2022-10-12 22:10:50.991804	thedailyshow
10902	2022-10-12 22:10:51.379329	comedycentral
10904	2022-10-12 22:11:09.181692	blackrock
10906	2022-10-12 22:11:16.589842	barisma
10916	2022-10-12 22:19:40.352685	votewithyourdollars
10920	2022-10-12 22:19:47.175092	democratscheat
10938	2022-10-12 22:21:37.252029	climatechangeisascam
10940	2022-10-12 22:22:12.289216	fauciforprison
10946	2022-10-12 22:22:44.900584	reliablesources
10947	2022-10-12 22:22:47.944839	bloombergnews
10952	2022-10-12 22:23:14.47655	childsexoffender
10953	2022-10-12 22:23:14.81682	softoncrime
10963	2022-10-12 22:24:03.001038	25thamendment
10966	2022-10-12 22:24:16.819542	eauclaire
10968	2022-10-12 22:24:21.686004	slander
10970	2022-10-12 22:24:27.592098	kyrieirving
10976	2022-10-12 22:24:58.985192	highestratingsever
10986	2022-10-12 22:25:27.961585	murderbysuicide
10988	2022-10-12 22:25:35.565091	vdh
10989	2022-10-12 22:25:36.745277	victordavishanson
10991	2022-10-12 22:25:57.864895	rino
10995	2022-10-12 22:26:16.252771	leftistsdestroyamerica
10996	2022-10-12 22:26:19.486557	prageru
10997	2022-10-12 22:26:20.279973	dennisprager
10999	2022-10-12 22:26:22.809017	environmentalistwackos
11000	2022-10-12 22:26:23.752886	treehuggers
11010	2022-10-12 22:27:53.177656	flccc
11011	2022-10-12 22:27:59.803384	dieselprice
11018	2022-10-12 22:28:52.674712	jillbiden
11019	2022-10-12 22:28:54.5583	babysitter
11020	2022-10-12 22:29:02.282949	drjillbiden
11022	2022-10-12 22:29:58.385006	kimreynolds
11023	2022-10-12 22:32:43.94165	IYKYK
11024	2022-10-12 22:33:50.843849	2000MULESMATTER
11025	2022-10-12 22:35:39.515328	DemocratsPlaybook
11026	2022-10-12 22:35:42.616914	winitforbrandon
11027	2022-10-12 22:35:47.827763	kiyanforfl
11028	2022-10-12 22:36:49.831981	thisisbullshit
11029	2022-10-12 22:37:27.710575	juanosavin
11030	2022-10-12 22:43:25.037156	MasksDontWork
11031	2022-10-12 22:47:33.98737	my4evrpresident
11032	2022-10-12 22:48:35.424849	WalkerforSenate
11033	2022-10-12 22:49:15.861723	istandwiththeUSA
11034	2022-10-12 22:51:23.722162	SaveTheWorld
11035	2022-10-12 22:52:57.700546	TruckersforFreedom
11036	2022-10-12 22:55:23.94349	REDFriday
11037	2022-10-12 22:58:33.16488	jailTimeForHillary
11038	2022-10-12 22:59:40.931239	GotYourBack
11040	2022-10-12 22:59:45.574178	SpiritualWarfare
11042	2022-10-12 22:59:59.67349	HeyBaby
11044	2022-10-12 23:00:06.666447	SpoilerAlert
11045	2022-10-12 23:00:09.226538	ReadTheWord
11051	2022-10-12 23:00:19.387013	Dominoes
11052	2022-10-12 23:00:19.915057	EndTheFBI
11055	2022-10-12 23:00:42.845271	GodsTime
11058	2022-10-12 23:00:44.212449	GodBlessAllHisPeople
11061	2022-10-12 23:01:04.521477	YouCalledMe
11063	2022-10-12 23:01:08.161381	MissionFromGod
11064	2022-10-12 23:01:08.493257	INITTOGHETHER
11065	2022-10-12 23:01:23.573682	IngersolLockwood
11107	2022-10-12 23:05:43.385406	GodMorning
11110	2022-10-12 23:05:50.685234	HisWill
11111	2022-10-12 23:05:53.594172	DeepStatePlayers
11113	2022-10-12 23:06:11.738119	GetVlad
11114	2022-10-12 23:06:17.51002	MickeyMan
11115	2022-10-12 23:06:21.610689	PrayForALLTheLordsPeople
11116	2022-10-12 23:06:21.94321	LiftUpYourHearts
11121	2022-10-12 23:06:42.679324	Rex
11124	2022-10-12 23:07:00.861091	imissTrump
11126	2022-10-12 23:07:46.092619	DeSavage
11129	2022-10-12 23:07:53.640853	misfits
11130	2022-10-12 23:07:53.975555	rebels
11131	2022-10-12 23:07:55.995963	CanYouHearMe
11137	2022-10-12 23:08:20.637026	cornReady
11139	2022-10-12 23:08:25.184817	wwg1wgaWorldwide
11140	2022-10-12 23:08:26.546625	Abandonded
11141	2022-10-12 23:08:27.019078	FFB
11224	2022-10-12 23:16:28.897549	Masonic
11225	2022-10-12 23:16:52.436802	Drones
11226	2022-10-12 23:16:54.01409	Tears
11227	2022-10-12 23:17:05.43459	LiberalTears
11228	2022-10-12 23:17:09.817489	QANON
11229	2022-10-12 23:17:10.272396	Clueless
11230	2022-10-12 23:17:10.608539	Qless
11231	2022-10-12 23:17:11.322909	Idiots
11232	2022-10-12 23:17:12.384179	EvilExposed
11233	2022-10-12 23:17:14.071525	lost
11234	2022-10-12 23:17:14.375564	needafren
11235	2022-10-12 23:17:24.776131	IncomingAttacks
11236	2022-10-12 23:17:26.510687	RonDeSavage
11237	2022-10-12 23:17:31.310193	DumbAsses
11238	2022-10-12 23:17:39.748623	sanctuary
11239	2022-10-12 23:17:45.778805	SimpsonsPredictions
11240	2022-10-12 23:17:48.918421	pups
11241	2022-10-12 23:17:49.414954	DogsRule
11242	2022-10-12 23:17:59.175293	Wwg1wga
11243	2022-10-12 23:18:03.91392	FrenFriday
11244	2022-10-12 23:18:04.376494	Frens
8848	2022-10-07 10:34:23.495199	Sedition
8854	2022-10-07 10:36:20.635303	saveOurChildren
8855	2022-10-07 10:36:23.348297	delta8
8857	2022-10-07 10:36:54.336794	ApostolicShow
8864	2022-10-07 11:02:15.08688	redpills
8866	2022-10-07 11:37:17.488158	JamesComey
8867	2022-10-07 11:37:58.515934	makegascheapagain
8868	2022-10-07 11:37:58.957745	BestPresidentEver
8869	2022-10-07 11:38:52.299682	FREEREPUBLIC
8870	2022-10-07 11:39:47.559131	Freepers
8871	2022-10-07 11:39:48.834554	Freeper
8872	2022-10-07 11:39:54.084936	SiliconValley4Trump
8873	2022-10-07 11:39:57.719835	REPUBLICANPARTY
8874	2022-10-07 11:40:03.348214	MEGA
8875	2022-10-07 11:40:04.374176	Media
8876	2022-10-07 11:41:09.897235	KamalaSucks
8877	2022-10-07 11:41:10.576216	clowns
8878	2022-10-07 11:41:11.272852	PoopyPantsBiden
8879	2022-10-07 11:42:21.030064	DefundTheDeepState
8880	2022-10-07 11:45:36.797978	DARKTOLIGHT
8881	2022-10-07 11:45:37.235211	DIGITALSOLDIER
8882	2022-10-07 11:50:54.93625	deep
8883	2022-10-07 11:52:59.299269	PopePuppet
8884	2022-10-07 11:53:39.863909	mygovernor
8885	2022-10-07 11:55:35.654785	DWACToTheMoon
8886	2022-10-07 11:57:18.521109	FReepers
8887	2022-10-07 11:58:12.60542	Covefe
8888	2022-10-07 12:42:05.609148	StolenElectionsHaveConsequences
8889	2022-10-07 12:42:58.50056	DisarmCitizens
8890	2022-10-07 12:48:24.104044	Moron
8891	2022-10-07 12:48:24.530914	Puppet
8892	2022-10-07 12:48:24.993434	Clown
8893	2022-10-07 12:48:25.436162	imbecile
8894	2022-10-07 12:48:26.125648	LostToTrump
8895	2022-10-07 12:48:26.57489	WasNotElected
8896	2022-10-07 12:48:27.032731	JosephBiden
8897	2022-10-07 12:48:27.45632	StoleElection
8898	2022-10-07 12:48:28.133205	ElectionTheft
8899	2022-10-07 12:48:29.113984	Politician
8900	2022-10-07 12:48:29.583185	2020wasRigged
8901	2022-10-07 12:48:30.265652	TrumpisStillMyPresident
8902	2022-10-07 12:48:53.029192	Proof
8903	2022-10-07 12:48:53.459046	safestelectioninushistory
8904	2022-10-07 12:48:53.894357	hunch
8905	2022-10-07 12:48:54.327996	theft
8906	2022-10-07 12:48:55.03626	AmericaIsWakingUp
8907	2022-10-07 12:50:52.0425	semperfi
8908	2022-10-07 12:50:52.73916	dressblues
8909	2022-10-07 12:51:40.16785	weiner
8910	2022-10-07 12:51:41.376949	tapes
8911	2022-10-07 12:56:08.404722	palmsunday
8912	2022-10-07 12:57:05.905095	harvest2022
8913	2022-10-07 12:57:08.66948	neon
8914	2022-10-07 12:57:09.069591	neonsigns
8915	2022-10-07 12:57:10.11127	retro
8916	2022-10-07 12:57:10.558522	design
8917	2022-10-07 12:57:11.001889	clock
8918	2022-10-07 12:57:13.05361	theyarewithoutexcuse
8919	2022-10-07 12:57:13.447714	creation
8920	2022-10-07 12:57:13.873938	clouds
8921	2022-10-07 12:57:14.549283	leaves
8922	2022-10-07 13:00:37.0883	TruthSetsFree
8923	2022-10-07 13:01:24.042903	HITLER
8924	2022-10-07 13:01:24.460245	ROTHSCHILD
8925	2022-10-07 13:01:32.261353	SCHWAB
8926	2022-10-07 13:03:46.519177	WeHaveTruth
8927	2022-10-07 13:06:58.220234	GodblessAmerica
8928	2022-10-07 13:09:59.981085	Philosophy
8929	2022-10-07 13:10:54.914105	CNNSUCKS
8930	2022-10-07 13:11:50.323366	trumpwasright
8931	2022-10-07 13:11:52.708386	whereyouat
8932	2022-10-07 13:12:26.038489	FREE
8933	2022-10-07 13:15:14.132656	flattenthecurve
8934	2022-10-07 13:16:26.244905	CANTVOTEREPUBLICAN
8935	2022-10-07 13:19:30.451701	CABAL
8936	2022-10-07 13:25:29.722553	proudamericanpatriot
8937	2022-10-07 17:00:41.313123	2nd
8938	2022-10-07 17:00:41.850959	righttobeararms
8939	2022-10-07 17:00:42.874372	Courage
8940	2022-10-07 17:12:51.25267	trudeaumustgo
8941	2022-10-07 17:12:52.017951	canadahasfallen
8942	2022-10-07 17:30:46.783866	BidenVotersAreIdiots
8943	2022-10-07 17:31:03.494153	USbiolabs
8944	2022-10-07 17:36:20.306182	ChynaVirus
8945	2022-10-07 17:36:55.665149	45_2024
8946	2022-10-07 17:38:33.164099	KnowoneiswatchingtheUnselects
8947	2022-10-07 17:40:26.385829	Gottalove45
8948	2022-10-07 17:42:03.456782	thefulllist
8949	2022-10-07 17:42:44.288313	Respect
8950	2022-10-07 17:45:05.75953	Overcomer
8951	2022-10-07 17:45:23.209427	democrates
8952	2022-10-07 17:45:23.902412	bots
8953	2022-10-07 17:45:34.048959	GoLakers
8954	2022-10-07 17:52:59.112437	keyboardcommando
8955	2022-10-07 17:53:51.839835	JFB
8956	2022-10-07 17:54:00.582348	ImpeachJoeBiden
8957	2022-10-07 17:54:01.063946	JoeAndTheHo
8958	2022-10-07 17:56:08.585332	comeandtakethem
8959	2022-10-07 17:56:09.025131	pendejo
8960	2022-10-07 17:56:10.421838	comeandtakeem
8961	2022-10-07 17:56:25.778842	Awakenotwoke
8962	2022-10-07 17:56:55.477075	awakenorwoke
8963	2022-10-07 17:58:11.73963	liar
8964	2022-10-07 17:58:12.753895	LIAR
8965	2022-10-07 18:00:56.543122	myreason
8966	2022-10-07 18:13:35.120497	factsmatter
8967	2022-10-07 18:18:44.913505	unMASKED
8968	2022-10-07 18:18:45.314186	unVAXXED
8969	2022-10-07 18:18:45.778456	unAFRAID
8970	2022-10-07 18:22:02.24434	pedojoe
8971	2022-10-07 18:27:07.594303	BETO
8972	2022-10-07 18:27:08.038983	BadPeople
8973	2022-10-07 18:27:08.472606	always
8974	2022-10-07 18:27:09.18346	stop
8975	2022-10-07 18:27:09.638217	lawabidingcitizens
8976	2022-10-07 18:27:10.388382	isitthepencil
8977	2022-10-07 18:27:11.185399	person
8978	2022-10-07 18:27:11.901319	rules
8979	2022-10-07 18:27:12.334987	apply
8980	2022-10-07 18:27:12.761141	NotTheGun
8981	2022-10-07 18:30:11.645315	UltraMaga
8982	2022-10-07 18:30:12.08629	LikeABoss
8983	2022-10-07 18:31:17.957393	Roughnecks
8984	2022-10-07 18:31:18.639041	DrillingRigs
8985	2022-10-07 18:31:19.132127	NomacDrilling
8986	2022-10-07 18:31:35.322888	guncurious
8987	2022-10-07 18:31:35.986873	gunowners
8988	2022-10-07 18:31:37.012494	2ACA
8989	2022-10-07 18:31:37.445994	ca42a
8990	2022-10-07 18:31:37.87783	gunownersradio
8991	2022-10-07 18:31:38.586554	gunownersrights
8992	2022-10-07 18:31:39.023524	rkba
8993	2022-10-07 18:34:15.306836	chaos
8994	2022-10-07 18:34:15.991807	selfsufficiency
8995	2022-10-07 18:37:53.338806	mara
8996	2022-10-07 18:40:25.64296	DayOne
8997	2022-10-07 20:32:31.763284	backyardchickens
8998	2022-10-07 20:32:32.375696	selfsufficientliving
8999	2022-10-07 20:32:37.690681	dontrelyongrocerystores
9000	2022-10-07 20:32:41.279771	survival101
9001	2022-10-07 20:33:13.260253	youRooyouBrew
9002	2022-10-07 20:33:13.693293	bonebroth
9003	2022-10-07 22:20:43.035534	xrp
9004	2022-10-07 22:20:44.188235	ripple
9005	2022-10-07 22:26:50.487053	SOTU2022
9006	2022-10-07 22:28:41.97023	kash
9007	2022-10-07 22:29:10.588515	fix2020orbust
9008	2022-10-07 22:31:05.336705	PeoplesTruckerConvoy
9009	2022-10-07 22:31:38.528788	arro
9010	2022-10-07 22:31:39.104531	arrosocial
9011	2022-10-07 22:31:41.323143	altcoin
9012	2022-10-07 22:31:42.016325	shib
9013	2022-10-07 22:31:42.455605	shibainu
9014	2022-10-07 22:31:43.251945	invest
9015	2022-10-07 22:31:43.720862	investment
9016	2022-10-07 22:31:44.201548	potential
9017	2022-10-07 22:31:45.225356	nbt
9018	2022-10-07 22:33:22.181928	leaveusalone
9019	2022-10-07 22:34:03.777041	abolishabortion
9020	2022-10-07 22:34:38.224927	PresidentTrumpwasright
9021	2022-10-07 22:35:41.940901	covidwasplanned
9022	2022-10-07 22:35:49.227226	keepamericafree
9023	2022-10-07 22:36:05.277433	FreedomIsntFree
9024	2022-10-07 22:36:29.705097	lockuphillary
9025	2022-10-07 22:36:30.129928	lockuptrudeau
9026	2022-10-07 22:36:30.566451	youknowwhoelseimtalkingabouttoo
9027	2022-10-07 22:36:44.786258	censorshipfree
9028	2022-10-07 22:36:45.811078	Godblessamerica
9029	2022-10-07 22:36:57.468252	silenced
9030	2022-10-07 22:55:47.844431	Retruthetruth
9031	2022-10-07 23:05:06.975932	starwars
9032	2022-10-07 23:05:07.448133	starwarsmemes
9033	2022-10-07 23:05:08.412503	darthmaul
9034	2022-10-07 23:05:08.854817	mrjawa
9035	2022-10-07 23:05:09.301263	jawas
9036	2022-10-07 23:05:09.736727	yoda
9037	2022-10-07 23:05:10.195879	kenobi
9038	2022-10-07 23:05:10.648346	darthvader
9039	2022-10-07 23:08:03.567709	worldpeace
9040	2022-10-07 23:09:11.396493	EdgeOfWonder
9041	2022-10-07 23:10:00.449366	andweknow_official
9042	2022-10-07 23:10:42.118078	AndWeKnow
9043	2022-10-07 23:16:56.891064	Juankyjus
9044	2022-10-07 23:20:54.927716	ministry
9045	2022-10-07 23:20:57.263488	maketruthsocialgreatagain
9046	2022-10-07 23:20:57.982124	demolition
9047	2022-10-07 23:20:58.766043	didhesaythataloud
9048	2022-10-07 23:20:59.233008	cocky
9049	2022-10-07 23:20:59.697567	notmine
9050	2022-10-07 23:22:03.333074	clarkcountywa
9051	2022-10-07 23:25:26.98581	BearMarket
9052	2022-10-07 23:27:15.141866	myrights
9053	2022-10-07 23:27:15.604873	GodGivenRights
9054	2022-10-07 23:28:58.338731	LisaMurkowski
9055	2022-10-07 23:35:19.08153	doritos
9056	2022-10-07 23:35:19.498128	esteelauder
9057	2022-10-07 23:35:31.471358	scary
9058	2022-10-07 23:35:40.926261	refugee
9059	2022-10-07 23:35:41.386034	racism
9060	2022-10-07 23:35:44.549477	champion
9061	2022-10-07 23:35:44.968154	swimmer
9062	2022-10-07 23:35:45.419852	aquamaam
9063	2022-10-07 23:36:31.431241	stupid
9064	2022-10-07 23:43:43.778441	savethechildrentrain
9065	2022-10-07 23:44:47.392189	cyberattack
9066	2022-10-07 23:47:53.990523	1SideofAnythingIsWrong
9067	2022-10-07 23:49:51.044534	christ
9068	2022-10-07 23:49:51.514908	return
9069	2022-10-07 23:49:51.989973	rapture
9070	2022-10-07 23:49:52.997939	pure
9071	2022-10-07 23:49:53.46589	savior
9072	2022-10-07 23:56:44.130635	bidentalk
9073	2022-10-07 23:57:42.33889	theycantstopus
9074	2022-10-07 23:58:29.30018	Cowboys
9075	2022-10-07 23:59:41.313845	catholic
9076	2022-10-07 23:59:41.728986	catholictruth
9077	2022-10-07 23:59:42.167321	catholictruthsocial
9078	2022-10-08 00:00:37.450988	qnons
9079	2022-10-08 00:01:48.982002	SaltyCracker
9080	2022-10-08 00:01:54.313606	faith54
9081	2022-10-08 00:28:21.32067	DurhamProbe
9082	2022-10-08 00:32:31.436578	capecod
9083	2022-10-08 01:27:41.164264	ARRESTTHEPEDOPHILES
9084	2022-10-08 01:28:38.30886	proudMAGAextremist
9085	2022-10-08 01:30:55.672847	traitortrash
9086	2022-10-08 01:33:54.755889	GodBless45
9087	2022-10-08 01:34:20.667623	BannonsWarRoom
9088	2022-10-08 01:35:48.941848	AbolishTheFBI
9089	2022-10-08 01:37:23.705514	FPelosi
9090	2022-10-08 01:40:13.249515	suzost
9091	2022-10-08 01:44:34.610928	Gaslighting
9092	2022-10-08 01:45:55.472469	Microsoft
9093	2022-10-08 01:46:00.212994	PrivateJetsForClimateChange
9094	2022-10-08 01:53:52.983122	Paxlovid
9095	2022-10-08 01:54:14.342592	NaturalImmunity
9096	2022-10-08 01:55:03.358961	hunterforprison
9097	2022-10-08 01:59:49.885351	Washington
9098	2022-10-08 02:00:23.142245	TheEconomyDidntKillItself
9099	2022-10-08 02:01:11.770624	GunGrabbers
9100	2022-10-08 02:03:47.469263	Indy500
9101	2022-10-08 02:05:52.469186	americandream
9102	2022-10-08 02:11:49.330709	shooting
9103	2022-10-08 02:15:00.104487	fuckbigpharma
9104	2022-10-08 02:15:00.515983	pfizerliedpeopledied
9105	2022-10-08 02:15:00.991303	fuckpfizer
9106	2022-10-08 02:17:21.887273	WeThePeopleArePissed
9107	2022-10-08 02:19:35.761078	CriticalThinking
9108	2022-10-08 02:19:36.738143	Knowingly
9109	2022-10-08 02:20:46.721318	drfauci
9110	2022-10-08 02:25:05.971415	TeumpTrains
9111	2022-10-08 02:26:11.496966	Democratsruineverything
9112	2022-10-08 02:28:48.655489	studenloans
9113	2022-10-08 02:30:06.930951	BlessOurVets
9114	2022-10-08 02:30:07.63316	RememberBenghazi
9115	2022-10-08 02:31:28.728196	alaskans
9116	2022-10-08 02:31:29.125598	alaskacouncilworshipssatan
9117	2022-10-08 02:31:29.562765	removealaskansataniccouncil
9118	2022-10-08 02:31:30.044624	tylerstruth
9119	2022-10-08 02:33:08.416658	FollowTheFollowers
9120	2022-10-08 03:42:54.034604	smackdab281
9121	2022-10-08 03:43:37.622849	cryptkeeper
9122	2022-10-08 03:46:52.314322	standwithrand
9123	2022-10-08 03:47:04.976408	SeanPennAgain
9124	2022-10-08 03:47:55.34748	generals
9125	2022-10-08 03:47:56.363259	mountaintough
9126	2022-10-08 03:48:27.635113	dead
9127	2022-10-08 03:48:28.199113	Huma
9128	2022-10-08 03:48:34.538275	martiallaw
9129	2022-10-08 03:48:34.97069	Donetsk
9130	2022-10-08 03:48:35.418891	Luhansk
9131	2022-10-08 03:48:54.820552	electioninterference
9132	2022-10-08 03:49:16.251722	samee
9133	2022-10-08 03:53:46.795909	AxTheVax
9134	2022-10-08 03:53:47.220694	Medical
9135	2022-10-08 04:08:04.915138	Uniparty
9136	2022-10-08 04:08:21.117691	TheseDemocratsGotToGo
9137	2022-10-08 05:37:23.492798	scammed
9138	2022-10-08 05:37:24.148876	lobbyist
9139	2022-10-08 05:38:39.435884	antimandate
9140	2022-10-08 05:38:52.631481	RogerStoneDidNothingWr
9141	2022-10-08 05:39:18.913629	MATTHEWPERNA
9142	2022-10-08 10:45:58.937769	CatsOfTruth
9143	2022-10-08 10:45:59.379723	DogsofTruth
9144	2022-10-08 11:05:32.074871	bribery
9145	2022-10-08 11:05:32.502215	KillShotsExposed
9146	2022-10-08 11:12:03.96791	nevervax
9147	2022-10-08 11:12:14.62645	TRuTh
9148	2022-10-08 11:14:32.475182	buildcrackbetter
9149	2022-10-08 11:14:47.592708	ThePatriotVoice
9150	2022-10-08 11:18:05.129961	militarytribunals
9151	2022-10-08 11:18:05.617644	nurenbergtrials
9152	2022-10-08 11:34:50.226697	crookedhillary
9153	2022-10-08 11:34:50.92263	biglie
9154	2022-10-08 11:34:51.630501	russiancollusionhoax
9155	2022-10-08 11:37:38.502823	Boycotting
9156	2022-10-08 11:37:39.172176	GenX
9157	2022-10-08 11:37:47.663013	TexasRightNow
9158	2022-10-08 11:37:55.45429	ScottsdaleRodeo
9159	2022-10-08 11:38:31.50172	RedFolder
9160	2022-10-08 11:40:21.491929	TEXASSTRONG
9161	2022-10-08 11:40:29.760936	TRuThTraiN
9162	2022-10-08 11:42:19.201117	SupportOurVets
9163	2022-10-08 11:43:34.458118	orangecounty
9164	2022-10-08 11:47:16.578276	SAVEOURCOUNTRY
9165	2022-10-08 11:48:01.028907	Commie
9166	2022-10-08 11:48:36.775181	Shook
9167	2022-10-08 11:49:36.974711	Cardiologist
9168	2022-10-08 11:50:07.580729	FightforTrump
9169	2022-10-08 11:50:13.460588	TexasTech
9170	2022-10-08 11:50:15.839114	TEXASPROUD
9171	2022-10-08 11:50:18.298258	BeTHereOrBeSquare
9172	2022-10-08 11:51:17.262227	Terrorism
9173	2022-10-08 11:51:38.876528	SAVEOURCHILDREN
9174	2022-10-08 11:52:40.17333	TexasBorderCrisis
9175	2022-10-08 11:53:03.721858	Bidens
9176	2022-10-08 11:53:04.371968	Obamas
9177	2022-10-08 11:53:04.8383	Guilty
9178	2022-10-08 11:55:45.394386	KennedySunday
9179	2022-10-08 11:55:48.744577	BOYCOTTDISNEY
9180	2022-10-08 11:55:49.139808	BOYCOTTBIGTECH
9181	2022-10-08 11:56:05.737558	TRUMPWON2020
9182	2022-10-08 11:56:08.52536	HAPPYEASTER
9183	2022-10-08 11:56:21.919912	TEXASBORDERCRISIS
9184	2022-10-08 11:57:22.731301	REVOLUTION
9185	2022-10-08 11:57:59.023892	UNITEDWESTAND
9186	2022-10-08 11:59:41.770424	Follows
9187	2022-10-08 11:59:42.427564	Philadelphia
9188	2022-10-08 12:00:32.202973	TexasFlag
9189	2022-10-08 12:00:57.040054	FBA
9190	2022-10-08 12:04:47.331009	FREESPEECH
9191	2022-10-08 12:04:54.679521	DONTMESSWITHTEXAS
9192	2022-10-08 12:06:14.717977	Bleach
9193	2022-10-08 12:07:02.615383	CometoTexas
9194	2022-10-08 12:07:06.352609	FLUNKY
9195	2022-10-08 12:07:40.574593	GOVABBOTT
9196	2022-10-08 12:08:28.754113	Protection
9197	2022-10-08 12:08:29.184552	Clarity
9198	2022-10-08 12:08:31.618194	CapitalMurder
9199	2022-10-08 12:09:17.60313	United
9200	2022-10-08 12:09:57.559452	GODBLESS
9201	2022-10-08 12:10:32.268855	StandUnited
9202	2022-10-08 12:10:33.805914	GREED
9203	2022-10-08 12:10:47.76793	FREECOUNTRY
9204	2022-10-08 12:10:56.058724	GENX
9205	2022-10-08 12:11:55.876014	HB1927
9206	2022-10-08 12:11:56.268709	CONSTITUTIONALCARRY
9207	2022-10-08 12:13:19.179426	Truthsupport
9208	2022-10-08 12:13:26.53142	Furbabies
9209	2022-10-08 12:13:47.045912	BESTTRUTHCOMMENT
9210	2022-10-08 12:13:52.862705	FLAGSOUT
9211	2022-10-08 12:13:59.672813	PATRIOTIC
9212	2022-10-08 12:14:06.767792	BOYCOTTYOUTUBE
9213	2022-10-08 12:14:21.563036	IFBP
9214	2022-10-08 12:14:27.431996	DISNEYPERVS
9215	2022-10-08 12:14:30.115439	DISNEY
9216	2022-10-08 12:14:35.264147	RAT
9217	2022-10-08 12:15:05.807891	coinkydink
9218	2022-10-08 12:15:12.555229	TruthChooChoo
9219	2022-10-08 12:15:12.978795	truthchoochoo
9220	2022-10-08 12:16:26.16425	Truthchoochoo
9221	2022-10-08 12:16:28.605227	Meta
9222	2022-10-08 12:51:54.077252	ThePit
9223	2022-10-08 12:52:06.752407	Ripcord
9224	2022-10-08 12:58:25.887255	CanWeTalkAboutIt
9225	2022-10-08 13:21:01.747256	FirstTimeHomeBuyers
9226	2022-10-08 13:23:59.348688	ZFreedom
9227	2022-10-08 13:26:32.752251	DiedSuddenly
9228	2022-10-08 13:26:33.31137	VaxxAttack
9229	2022-10-08 13:26:33.745792	DoctorsAreBaffled
9230	2022-10-08 13:27:02.425354	DailyDose
9231	2022-10-08 13:35:37.077585	autism
9232	2022-10-08 13:38:20.459451	UN
9233	2022-10-08 13:41:14.904668	HandsOffOurChildren
9234	2022-10-08 14:13:12.340029	Dallas
9235	2022-10-08 14:13:55.27221	TPUSAAmbassador
9236	2022-10-08 14:48:16.536271	northcarolina
9237	2022-10-08 14:49:23.700383	truthsearch
9238	2022-10-08 14:51:39.294349	thebiglie
9239	2022-10-08 14:51:58.796365	Renegade
9240	2022-10-08 14:53:29.92686	NoVax
9241	2022-10-08 14:55:52.233898	asknikola
9242	2022-10-08 14:56:10.247348	freethesmiles
9243	2022-10-08 14:56:10.852633	impeachcooper
9244	2022-10-08 14:56:29.488948	nomorerinos
9245	2022-10-08 14:57:36.003836	ncgrassroots
9246	2022-10-08 15:29:36.602955	nothingelseontv
9247	2022-10-08 15:29:37.352395	gobraves
9248	2022-10-08 15:30:50.118095	honorthefallen
9249	2022-10-08 15:30:50.616166	HonorAndRemember
9250	2022-10-08 15:30:51.165705	Honorguard
9251	2022-10-08 15:30:51.652945	Fallenheroes
9252	2022-10-08 15:32:22.903904	deepthoughts
9253	2022-10-08 15:32:48.201902	trash
9254	2022-10-08 15:32:58.064532	antifa
9255	2022-10-08 15:33:01.58413	RaiseEmRight
9256	2022-10-08 15:33:17.948722	Pfizergate
9257	2022-10-08 15:33:34.266338	1776Nation
9258	2022-10-08 15:33:34.720887	BornForThis
9259	2022-10-08 15:33:45.465029	fascist
9260	2022-10-08 15:33:48.284891	AbrahamAccords
9261	2022-10-08 15:33:58.321395	Derelictionofduty
9262	2022-10-08 15:36:14.098691	soundoffreedom
9263	2022-10-08 15:36:18.216105	SoundOfFreedom
9264	2022-10-08 15:36:23.581394	adreochromeisreal
9265	2022-10-08 15:36:24.608557	Soundoffreedommovie
9266	2022-10-08 15:36:25.058039	ClayClark
9267	2022-10-08 15:37:44.351669	J6Prisoners
9268	2022-10-08 15:38:12.025423	abbott
9269	2022-10-08 15:38:13.240923	schoolporn
9270	2022-10-08 15:41:42.584296	alexjoneswasright
9271	2022-10-08 15:42:12.41807	SodomAndGomorrah2
9272	2022-10-08 15:43:17.658221	pedophiles
9273	2022-10-08 15:43:18.072066	maxwell
9274	2022-10-08 15:43:18.505154	satanic
9275	2022-10-08 15:44:57.575977	Win
9277	2022-10-08 15:46:10.82382	R%E1%B4%87T%CA%80%E1%B4%9C%E1%B4%9B%CA%9C
9279	2022-10-08 15:46:11.698251	SecureTheBorder
9280	2022-10-08 15:46:14.265126	TRUTHERNATION
9283	2022-10-08 15:46:50.727976	Energyindependence
9284	2022-10-08 15:46:51.185258	LetsgoBrandon
9286	2022-10-08 15:48:19.41521	PfizerReport
10835	2022-10-12 22:06:16.4904	Monarchy
10836	2022-10-12 22:06:16.820518	Godsavethequeen
10837	2022-10-12 22:06:17.157675	godsavetheking
10846	2022-10-12 22:06:58.09437	swampcreature
11039	2022-10-12 22:59:45.242915	ArmorOfGod
11041	2022-10-12 22:59:55.39843	Eo13818
11043	2022-10-12 23:00:00.902986	ExplosionsOfBS
11046	2022-10-12 23:00:10.00206	PrayForAllGodsPeople
11047	2022-10-12 23:00:10.352733	GodsPlan
11048	2022-10-12 23:00:14.752953	5d
11049	2022-10-12 23:00:15.285193	dark2light
11050	2022-10-12 23:00:17.273138	MyBeautifulLord
11066	2022-10-12 23:01:42.092161	FreeThePoliticalPrisoners
11069	2022-10-12 23:01:54.974912	3D
11071	2022-10-12 23:01:56.02294	RaiseYourVibe
11072	2022-10-12 23:01:57.726196	FallOfTheCabal
11079	2022-10-12 23:02:53.900517	Bigly
11080	2022-10-12 23:03:15.165856	PainIsComing
11081	2022-10-12 23:03:29.743735	Father
11082	2022-10-12 23:03:39.449869	BushFoundation
11083	2022-10-12 23:03:42.936435	PresidentialPortrait
11086	2022-10-12 23:04:04.302048	LookUp
11089	2022-10-12 23:04:14.024364	AllWillBeRevealed
11090	2022-10-12 23:04:15.475566	Boys
11092	2022-10-12 23:04:20.310011	Trap
11093	2022-10-12 23:04:20.637532	Lure
11094	2022-10-12 23:04:20.965844	SmartGuy
11095	2022-10-12 23:04:21.295487	PatriotsWin
11097	2022-10-12 23:04:24.243267	RIPLoretta
11104	2022-10-12 23:05:26.225454	WeThePepe
11108	2022-10-12 23:05:44.88087	RedKingdom
11109	2022-10-12 23:05:50.128342	Genesis127
11112	2022-10-12 23:06:06.913319	GodBeWithUs
11117	2022-10-12 23:06:22.282068	Pray4Humanity
11118	2022-10-12 23:06:22.625434	GodCheckTime
11119	2022-10-12 23:06:22.960219	Qpost3887
11120	2022-10-12 23:06:36.033885	Trumpets
11122	2022-10-12 23:06:50.282445	PeopleHavetoSeeIt
11123	2022-10-12 23:06:53.31929	Day635
11125	2022-10-12 23:07:06.920884	Protected
11127	2022-10-12 23:07:50.038621	Godweneedyounow
11128	2022-10-12 23:07:53.305684	Disruptor
11132	2022-10-12 23:08:00.444489	SoulSurvivor
11133	2022-10-12 23:08:04.992107	AmericanTreasure
11134	2022-10-12 23:08:09.214423	GodLovesUs
11135	2022-10-12 23:08:10.122955	LoveOneAnonther
11136	2022-10-12 23:08:15.972614	Festivas
11138	2022-10-12 23:08:24.262889	Vlad
11142	2022-10-12 23:08:27.354561	FZuck
11143	2022-10-12 23:08:27.875293	DeadToMe
11144	2022-10-12 23:08:29.593784	DontLookBack
11145	2022-10-12 23:08:29.927139	FollowGod
11146	2022-10-12 23:08:35.184892	HuntersBecomeHunted
11147	2022-10-12 23:08:35.708254	AssangeAthon
11148	2022-10-12 23:08:50.408905	GODforIt
11149	2022-10-12 23:08:51.911792	GoForIt
11150	2022-10-12 23:09:04.702862	NoSaltPlease
11151	2022-10-12 23:09:06.371382	FollowHim
11152	2022-10-12 23:09:09.757625	ZuckSucks
11153	2022-10-12 23:09:27.516347	DontGetMadGetVlad
11154	2022-10-12 23:09:36.154935	Ecclesiastes515
11155	2022-10-12 23:09:38.026718	ByTheBook
11156	2022-10-12 23:09:40.350661	What
11157	2022-10-12 23:09:40.685157	YoullFindOut
11158	2022-10-12 23:09:41.018167	StormHasArrived
11159	2022-10-12 23:09:41.349661	Popcorn
11160	2022-10-12 23:09:54.247131	WanderingJoe
11161	2022-10-12 23:09:55.441638	InAwe
11162	2022-10-12 23:09:57.140927	EternalLife
11163	2022-10-12 23:09:57.471559	BeTheLight
11164	2022-10-12 23:09:58.694845	ScareEvent
11165	2022-10-12 23:09:59.141431	ComingSoon
11166	2022-10-12 23:10:02.430788	BrandonsAmerica
11167	2022-10-12 23:10:06.657023	CORNEY
11168	2022-10-12 23:10:33.809353	James317
11169	2022-10-12 23:10:47.968253	PowerOfGod
11170	2022-10-12 23:10:48.828045	OnEarthAsItIsInHeaven
11171	2022-10-12 23:10:54.591153	Disgrace
11172	2022-10-12 23:11:04.310498	Dirtyhands
11173	2022-10-12 23:11:13.435951	CommsConfirmed
11174	2022-10-12 23:11:18.877002	ninnyhammers
11175	2022-10-12 23:11:20.799244	Ninnyhammers
11176	2022-10-12 23:11:26.151208	WTFmoments
11177	2022-10-12 23:11:30.731918	RealPres
11178	2022-10-12 23:11:32.727993	GlobalProtection
11179	2022-10-12 23:11:37.385146	monkeywerks
11180	2022-10-12 23:11:43.809166	AP
11181	2022-10-12 23:11:55.197546	NotHabbeningRadar
11182	2022-10-12 23:12:09.873836	Uber
11183	2022-10-12 23:12:10.209353	Lyft
11184	2022-10-12 23:12:11.450569	EvilWorld
11185	2022-10-12 23:12:13.198402	Joehole
11186	2022-10-12 23:12:14.357425	TheStormHasArrived
11187	2022-10-12 23:12:25.855922	OpenYourEyes
11188	2022-10-12 23:12:26.389312	Masked
11189	2022-10-12 23:12:26.727468	JustTruth
11190	2022-10-12 23:12:29.603958	PraiseHim
11191	2022-10-12 23:12:29.938975	AllGloryToGod
11192	2022-10-12 23:12:30.278443	RaysOfPraise
11193	2022-10-12 23:12:33.328125	GodIsAll
11194	2022-10-12 23:12:33.660915	WorldWithoutEnd
11195	2022-10-12 23:12:34.380558	Praise
11196	2022-10-12 23:12:34.909386	HonorHim
11197	2022-10-12 23:12:50.311613	Day630
11198	2022-10-12 23:12:52.448108	ExcessDeaths
11199	2022-10-12 23:12:52.956898	pokes
11200	2022-10-12 23:12:54.475572	excessdeaths
11201	2022-10-12 23:13:03.358805	popcorn
11202	2022-10-12 23:13:14.77198	Armor
11203	2022-10-12 23:13:39.445832	PrayForTheCountry
11204	2022-10-12 23:13:54.58256	ChristiePOS
11205	2022-10-12 23:13:59.653388	SSIsFBI
11206	2022-10-12 23:14:02.455892	FBIsucks
11207	2022-10-12 23:14:02.79616	3LetterAgenciesCorrupt
11208	2022-10-12 23:14:05.740012	HuntersBecomeTheHunted
11209	2022-10-12 23:14:07.170906	Delta
11210	2022-10-12 23:14:08.970909	vaers
11211	2022-10-12 23:14:09.670957	Deathshot
11212	2022-10-12 23:15:20.786571	FakePolls
11213	2022-10-12 23:15:24.502027	James417
11214	2022-10-12 23:15:28.049047	TakeBackYourCountry
11215	2022-10-12 23:15:28.38322	PollWatch
11216	2022-10-12 23:15:38.922951	RestlessWorld
11217	2022-10-12 23:15:39.573208	godWins
11218	2022-10-12 23:15:46.251232	Peekaboo
11219	2022-10-12 23:15:55.880892	SunTzu
11220	2022-10-12 23:16:17.456231	post4429
11221	2022-10-12 23:16:20.159032	AZDPS
11222	2022-10-12 23:16:21.47022	ElvisLives
11223	2022-10-12 23:16:23.584311	WeAreTheCalled
9276	2022-10-08 15:45:55.046104	bidenbuiltthat
9278	2022-10-08 15:46:11.23205	FinishTheWall
9281	2022-10-08 15:46:17.192686	Salty
9282	2022-10-08 15:46:50.275893	Energy
9285	2022-10-08 15:47:01.916964	pfizerlied
9287	2022-10-08 15:48:30.054181	Rx
9288	2022-10-08 16:16:22.052833	makeitmakesense
9289	2022-10-08 16:16:44.826271	durhamwatch
9290	2022-10-08 16:16:45.816417	arrestheralready
9291	2022-10-08 16:16:46.539679	mookdidntkillhimself
9292	2022-10-08 16:16:56.186671	bigwin
9293	2022-10-08 16:16:57.433142	title42
9294	2022-10-08 16:17:01.609536	popcorntime
9295	2022-10-08 16:17:02.084268	Keepthemcoming
9296	2022-10-08 16:17:05.023046	sussman
9297	2022-10-08 16:17:09.638385	exposeitall
9298	2022-10-08 16:17:11.873781	factcheckersarecorrupt
9299	2022-10-08 16:17:12.31045	funnybuttrue
9300	2022-10-08 16:17:16.499396	exposetwitter
9301	2022-10-08 16:17:17.223011	typicaldemocratplaybook
9302	2022-10-08 16:17:40.755312	waukeshaWI
9303	2022-10-08 16:17:43.071655	TimeToWakeUp
9304	2022-10-08 16:17:43.497586	TakeBackOurCountry
9305	2022-10-08 16:18:21.975323	depp
9306	2022-10-08 16:18:23.973291	stopthecoverup
9307	2022-10-08 16:18:35.440362	RhodeIsland
9308	2022-10-08 16:18:36.234294	bill
9309	2022-10-08 16:18:36.660372	unvaxxed
9310	2022-10-08 16:18:37.110548	exemption
9311	2022-10-08 16:18:37.583325	wakeupAmerica
9312	2022-10-08 16:18:38.066624	unconstitutional
9313	2022-10-08 16:18:38.770579	medicaltyranny
9314	2022-10-08 16:18:39.496966	stopthemandates
9315	2022-10-08 16:18:42.07049	nomoremasks
9316	2022-10-08 16:18:42.908415	endthemandates
9317	2022-10-08 16:18:58.53284	uber
9318	2022-10-08 16:19:02.144305	HEADACHES
9319	2022-10-08 16:19:04.922681	stopcencorship
9320	2022-10-08 16:19:08.335928	courageiscontagious
9321	2022-10-08 16:19:09.414275	makingflyinggreatagain
9322	2022-10-08 16:19:11.536867	realpresident
9323	2022-10-08 16:19:12.220532	prosperity
9324	2022-10-08 16:19:21.371272	7500club
9325	2022-10-08 16:21:55.597052	americanoilonamericansoil
9326	2022-10-08 16:22:01.347162	ukrain
9327	2022-10-08 16:22:08.168809	manifest
9328	2022-10-08 16:22:08.90044	lawofattraction
9329	2022-10-08 16:22:19.861602	energyindependent
9330	2022-10-08 16:22:24.61857	impeachjoebiden
9331	2022-10-08 16:22:26.202114	ConservativeAnt
9332	2022-10-08 16:22:35.254186	WakeupAmerica
9333	2022-10-08 16:22:37.135112	evers
9334	2022-10-08 16:22:38.227898	kenosha
9335	2022-10-08 16:22:38.660843	votehimout
9336	2022-10-08 16:23:12.056186	wi
9337	2022-10-08 16:23:15.097939	crazynancy
9338	2022-10-08 16:23:23.771614	laughteristhebestmedicine
9339	2022-10-08 16:29:52.337207	MagaOneVoice
9340	2022-10-08 16:29:52.770678	LCTR
9341	2022-10-08 16:29:53.201338	FlynnFighters
9342	2022-10-08 16:30:05.441897	respectlifemonth
9343	2022-10-08 16:30:26.163789	FoShizzle
9344	2022-10-08 16:30:57.609263	GodBlessFloridians
9345	2022-10-08 16:33:56.572888	STLCards
9346	2022-10-08 16:34:29.868005	pedophilehitler
9347	2022-10-08 16:45:10.954945	Reuters
9348	2022-10-08 16:46:34.039794	blueanon
9349	2022-10-08 16:47:34.419105	SteveDidIt
9350	2022-10-08 16:47:34.814961	TimesSqaure
9351	2022-10-08 16:47:37.637037	Prince
9352	2022-10-08 16:47:38.053624	TheMatrix
9353	2022-10-08 16:47:38.526016	Computers
9354	2022-10-08 16:49:15.137296	cons
9355	2022-10-08 16:49:16.330404	msnbc
9356	2022-10-08 16:52:04.786724	IMMUNE
9357	2022-10-08 16:55:25.513729	Mueller
9358	2022-10-08 16:56:45.92538	boss
9359	2022-10-08 16:57:32.165861	studentloanforgiveness
9360	2022-10-08 16:59:13.668043	wallstreet
9361	2022-10-08 16:59:14.329674	stockguru
9362	2022-10-08 16:59:15.535192	finance
9363	2022-10-08 16:59:16.779261	tothemoon
9364	2022-10-08 16:59:17.497464	SEC
9365	2022-10-08 16:59:19.25993	short
9366	2022-10-08 16:59:19.694724	bearish
9367	2022-10-08 16:59:20.122627	pricehike
9368	2022-10-08 16:59:20.565254	diamondhands
9369	2022-10-08 16:59:21.009631	learn
9370	2022-10-08 16:59:21.717052	business
9371	2022-10-08 16:59:22.397914	credit
9372	2022-10-08 16:59:22.839464	entrepreneurship
9373	2022-10-08 16:59:23.386826	marketing
9374	2022-10-08 16:59:23.894549	trader
9375	2022-10-08 16:59:24.336909	financetips
9376	2022-10-08 16:59:24.783946	amazon
9377	2022-10-08 16:59:25.256016	shopify
9378	2022-10-08 17:02:30.566911	TheApprentice
9379	2022-10-08 17:09:46.413403	Coinbase
9380	2022-10-08 17:11:14.044305	Binance
9381	2022-10-08 17:12:25.014038	lancevideos
9382	2022-10-08 17:13:41.271987	ThesePeopleareSick
9383	2022-10-08 17:16:02.655971	mamabears
9384	2022-10-08 17:17:43.394044	BTC
9385	2022-10-08 17:20:34.331923	FraudStreet
9386	2022-10-08 17:21:16.397135	dementiasucksbutfuckjoebiden
9387	2022-10-08 17:23:13.027672	FargingBastages
9388	2022-10-08 17:25:44.529926	LOCKTHEMUP
9389	2022-10-08 17:27:49.331879	DWACTOMARS
9390	2022-10-08 17:28:30.122881	SouthKorea
9391	2022-10-08 17:29:50.009246	liathomas
9392	2022-10-08 17:30:01.559075	futureprovespast
9393	2022-10-08 17:30:03.970609	projectlookingglass
9394	2022-10-08 17:30:04.664016	mockingbirdmedia
9395	2022-10-08 17:30:05.093934	fluorideispoison
9396	2022-10-08 17:30:05.91729	bidenlost
9397	2022-10-08 17:30:06.927696	howmanycoincidences
9398	2022-10-08 17:30:07.380248	thinklogicallynotemotionally
9399	2022-10-08 17:30:08.14362	mccafeedidntkillhimself
9400	2022-10-08 17:30:08.589924	bourdaindidntkillhimself
9401	2022-10-08 17:30:09.089964	isaackappydidntkillhimself
9402	2022-10-08 17:30:09.684145	chesterbenningtondidntkillhimself
9403	2022-10-08 17:30:11.269263	YHWH
9404	2022-10-08 17:30:12.003194	Godbless
9405	2022-10-08 17:30:27.822083	BetoNot
9406	2022-10-08 17:31:01.014974	stopvoterabuse
9407	2022-10-08 17:31:44.237899	NJ
9408	2022-10-08 17:32:09.888273	happeningnow
9409	2022-10-08 17:32:28.645617	trains
9410	2022-10-08 17:33:53.453945	GunReform
9411	2022-10-08 17:42:01.730215	Godisgood
9412	2022-10-08 17:42:42.638684	TheWholeWorldisfullofCoruption
9413	2022-10-08 17:43:26.262834	GetWokeGoBroke
9414	2022-10-08 17:45:16.431447	policeweek
9415	2022-10-08 17:46:34.040351	silver
9416	2022-10-08 17:49:49.302343	DisneyGroomers
9417	2022-10-08 17:51:18.859959	pm
9418	2022-10-08 17:51:46.572048	gameover
9419	2022-10-08 17:54:18.378143	EndTheCabal
9421	2022-10-08 17:54:42.873866	philosophy
9424	2022-10-08 17:54:43.710089	transcendentals
9425	2022-10-08 17:54:44.177675	beauty
9427	2022-10-08 17:55:04.812637	ourcountry
9431	2022-10-08 18:01:40.652898	Truthsoical
9432	2022-10-08 18:01:43.12327	WereGettingDrafted
9435	2022-10-08 18:02:03.851494	Girlfriend
9436	2022-10-08 18:02:04.300712	limited
9439	2022-10-08 18:09:13.992612	Riggedelection
10838	2022-10-12 22:06:22.493578	MerickGarland
10839	2022-10-12 22:06:22.827952	AttorneyGeneral
10845	2022-10-12 22:06:43.312745	Joebiden
10909	2022-10-12 22:18:47.929088	raisingboys
10912	2022-10-12 22:19:15.336049	lorilightfoot
10913	2022-10-12 22:19:18.782793	murderismurder
10919	2022-10-12 22:19:46.295879	democratslie
10921	2022-10-12 22:19:47.506227	democratsareevil
10922	2022-10-12 22:19:47.85217	blackpeoplewakeup
10923	2022-10-12 22:19:56.182252	dougducey
10924	2022-10-12 22:19:56.519162	protectfemaleathletes
10925	2022-10-12 22:20:13.232279	kareyburke
10932	2022-10-12 22:21:13.764803	joeisapedo
10933	2022-10-12 22:21:22.966387	creepy
10934	2022-10-12 22:21:24.110925	sniffs
10943	2022-10-12 22:22:19.037153	chinalied
10949	2022-10-12 22:23:05.622889	aocisanidiot
10950	2022-10-12 22:23:10.812688	nationalassociationofwomen
10951	2022-10-12 22:23:14.141127	sexoffender
10954	2022-10-12 22:23:15.149015	protectchildren
10955	2022-10-12 22:23:25.336701	genderidentity
10962	2022-10-12 22:23:48.41299	marinaovsyannikova
10964	2022-10-12 22:24:07.279711	mattfoley
10974	2022-10-12 22:24:57.550142	joerogan
10975	2022-10-12 22:24:58.651781	jre
10977	2022-10-12 22:25:05.638422	fairfaxcountyvirginia
10978	2022-10-12 22:25:08.925614	publicschoolsystem
10980	2022-10-12 22:25:16.810795	factcheck
10987	2022-10-12 22:25:30.717941	adamcarolla
10992	2022-10-12 22:25:58.738712	petermeijer
11004	2022-10-12 22:26:46.037656	ramennoodles
11005	2022-10-12 22:26:46.393002	highfoodcosts
11006	2022-10-12 22:26:46.735728	orangecrush
11012	2022-10-12 22:28:11.03546	sexchange
11013	2022-10-12 22:28:23.671941	plannedparenthood
11014	2022-10-12 22:28:40.045107	obiden
11016	2022-10-12 22:28:45.594838	rush
11053	2022-10-12 23:00:33.695044	Harvest
11054	2022-10-12 23:00:34.184846	Corn
11056	2022-10-12 23:00:43.152842	thestorm
11057	2022-10-12 23:00:43.685461	TheWordOfTheLord
11059	2022-10-12 23:00:46.348421	nothing
11060	2022-10-12 23:00:59.259996	MrREdOctober
11062	2022-10-12 23:01:06.387265	patriotprayers
11067	2022-10-12 23:01:42.426401	Injustice
11245	2022-10-12 23:18:13.248719	FreeThePillow
11246	2022-10-12 23:18:15.770311	GodIsInControl
11247	2022-10-12 23:18:22.937179	CorruptFBI
11248	2022-10-12 23:18:23.625571	FBISucks
11249	2022-10-12 23:18:26.40502	Ranbit
11250	2022-10-12 23:18:26.739186	TikTokerAnon
11251	2022-10-12 23:18:28.26085	NeverEverConcede
11252	2022-10-12 23:18:28.566079	WontBackDown
11253	2022-10-12 23:18:30.283657	HitPiece
11254	2022-10-12 23:18:33.866771	PanicInThePressroom
11255	2022-10-12 23:18:41.414772	FbiIsCorrupt
11256	2022-10-12 23:18:47.490115	PopcornPop
11257	2022-10-12 23:18:49.656159	popcornPop
11258	2022-10-12 23:18:53.231359	infiltration
11259	2022-10-12 23:18:56.143842	OurFather
11260	2022-10-12 23:18:56.665694	GodsJustice
11261	2022-10-12 23:18:57.004073	GodIsPerfect
11262	2022-10-12 23:18:58.632336	MS13
11263	2022-10-12 23:18:59.740084	blessandblock
11264	2022-10-12 23:19:09.80436	PatriotsPray
11265	2022-10-12 23:19:14.451098	PromiseTheMoon
11266	2022-10-12 23:19:31.69578	vibes
11267	2022-10-12 23:19:32.03351	Goodvibes
11268	2022-10-12 23:19:42.276996	EverybodyDanceNow
11269	2022-10-12 23:19:45.217949	note
11270	2022-10-12 23:19:56.899944	Notes
11271	2022-10-12 23:20:03.062542	GetHelp
11273	2022-10-12 23:20:16.251866	QPost1776
11274	2022-10-12 23:20:18.834299	Corney
11275	2022-10-12 23:20:19.146483	HarvestTime
11276	2022-10-12 23:20:19.476898	CornReady
11960	2022-10-13 08:22:58.895346	ChristyHammer
11961	2022-10-13 08:23:27.316793	PayPal
11965	2022-10-13 08:27:12.946463	JosephLadapo
11967	2022-10-13 08:28:23.237727	DT46
11980	2022-10-13 08:39:14.408795	lovethyneighbor
11983	2022-10-13 08:40:17.756685	NordstreamPipeline
11984	2022-10-13 08:40:18.280808	NordStream
11985	2022-10-13 08:40:18.790022	NordStream2
11992	2022-10-13 09:09:18.993208	DelRio
11993	2022-10-13 09:10:09.859033	WorldMensRosary
11994	2022-10-13 09:10:32.142514	TrumpCard
11995	2022-10-13 09:10:55.052206	BidenDepression
11996	2022-10-13 09:10:58.241768	CubansForTrump
11997	2022-10-13 09:12:06.680475	BidenIsAnIdiot
11998	2022-10-13 09:12:45.186694	TwitterExodus
12299	2022-10-13 18:02:14.658176	Crimea
12310	2022-10-13 18:22:09.165839	TeachersUnions
12314	2022-10-13 18:35:53.085436	Nordstream
12322	2022-10-13 19:01:29.601915	StopTheFearMongering
12375	2022-10-13 20:43:50.139485	DWACers
12446	2022-10-13 23:52:48.739344	MeanTweets
12458	2022-10-14 00:57:09.670821	whitesupremacists
12466	2022-10-14 00:59:14.710251	bush
12472	2022-10-14 01:02:31.672116	Indomitabletruth
12475	2022-10-14 01:03:19.042712	Indomitabletruth1
12476	2022-10-14 01:04:11.342159	KangarooCourt
12484	2022-10-14 01:21:25.354536	Newsboys
12489	2022-10-14 01:28:37.854537	stopthespread
12490	2022-10-14 01:28:38.318467	makelovenotwar
12517	2022-10-14 04:32:21.389796	dontquit
12525	2022-10-14 04:32:32.375133	contentofyourcharacter
12526	2022-10-14 04:32:32.833506	conservativesrock
12530	2022-10-14 04:32:38.407042	notonmywatch
12531	2022-10-14 04:32:39.100773	wearecoming
12532	2022-10-14 04:32:39.557447	beafraid
12533	2022-10-14 04:32:40.362123	standupforyourrights
12539	2022-10-14 04:32:46.839547	wewontgoquietly
12540	2022-10-14 04:32:47.291001	representivegovernment
12552	2022-10-14 04:33:04.283292	andrewjackson
12559	2022-10-14 04:33:17.048094	nopoliticstoday
12560	2022-10-14 04:33:20.821832	biggovsucks
12561	2022-10-14 04:33:21.272301	4thamendment
12588	2022-10-14 04:33:51.966878	protectyourrights
12589	2022-10-14 04:33:52.797389	purgesocialists
12590	2022-10-14 04:33:53.187805	eliminatecommunism
12595	2022-10-14 04:34:10.662598	thomasjefferson
12599	2022-10-14 04:34:13.882364	freedomrocks
12602	2022-10-14 04:34:18.072131	communismkills
9420	2022-10-08 17:54:27.198622	Buildbackbetter
9422	2022-10-08 17:54:43.276154	aesthetics
9423	2022-10-08 17:54:43.704836	Country
9426	2022-10-08 17:54:44.638972	Goethe
9428	2022-10-08 18:00:09.511001	endtrafficking
9429	2022-10-08 18:01:23.256107	ReElectGovAbbott
9430	2022-10-08 18:01:38.591287	ww3
9433	2022-10-08 18:01:43.585359	WakieWakieUkraine
9434	2022-10-08 18:01:44.020389	MrPutin
9437	2022-10-08 18:02:04.746056	endangered
9438	2022-10-08 18:09:13.458433	Bidenlost
9440	2022-10-08 18:09:16.6345	Chinavirus
9441	2022-10-08 18:09:19.072071	Liberal
9442	2022-10-08 18:09:20.016487	MAKEAMERICAGREATAGAIN
9443	2022-10-08 18:10:16.80615	Prius
9444	2022-10-08 18:19:24.760589	rickscott
9445	2022-10-08 18:30:25.122281	howtobeaconductor
9446	2022-10-08 18:35:35.966998	KetchupLurch
9447	2022-10-08 18:35:47.309416	CharlesSchwab
9448	2022-10-08 18:35:48.067414	CommunistCapitalism
9449	2022-10-08 18:36:04.177892	MarkRobinson
9450	2022-10-08 18:45:41.646692	dementia
9451	2022-10-08 18:47:37.370874	IslandDogs
9452	2022-10-08 18:48:27.543576	YoHo
9453	2022-10-08 18:51:07.648962	KashForSpecialMaster
9454	2022-10-08 18:51:12.866357	doyourpart
9455	2022-10-08 18:55:46.619571	lockthemallup
9456	2022-10-08 18:56:38.785913	MaxedOut
9457	2022-10-08 18:56:59.819238	Spotted
9458	2022-10-08 18:58:06.937741	TWTR
9459	2022-10-08 18:59:38.08404	DoubleRainbow
9460	2022-10-08 19:00:16.893441	ZelenkoProtocol
9461	2022-10-08 19:00:21.39298	Discernment
9462	2022-10-08 19:02:09.570565	lookingglass
9463	2022-10-08 19:02:10.027339	thesweetsoundsoftrumpjets
9464	2022-10-08 19:03:10.591361	Getready
9465	2022-10-08 19:03:56.958122	GoliathGrouper
9466	2022-10-08 19:03:58.48135	LooeKeyReef
9467	2022-10-08 19:04:15.384837	Hogfish
9468	2022-10-08 19:04:20.269716	Trumpetfish
9469	2022-10-08 19:06:20.406792	SwampWars
9470	2022-10-08 19:06:20.879358	EyeDropMedia
9471	2022-10-08 19:07:24.833985	madenew
9472	2022-10-08 19:07:25.24229	jesusiseverything
9473	2022-10-08 19:07:47.284104	HappySunday
9474	2022-10-08 19:08:18.532166	JesusIsTheAnswer
9475	2022-10-08 19:08:29.330796	iV3
9476	2022-10-08 19:09:55.8187	fthegovernment
9477	2022-10-08 19:11:44.72189	makeorwellfictionagain
9478	2022-10-08 19:14:05.627197	antitrans
9479	2022-10-08 19:14:09.947881	VaccineInjuries
9480	2022-10-08 19:14:42.500477	OttowaOccupation
9481	2022-10-08 19:15:43.813871	pond
9482	2022-10-08 19:15:44.77923	virginia
9483	2022-10-08 19:15:48.418125	mikerowe
9484	2022-10-08 19:15:49.374351	fakefakenews
9485	2022-10-08 19:15:52.371879	godblesstheusa
9486	2022-10-08 19:15:58.21116	stayvigilant
9487	2022-10-08 19:16:04.933233	Training
9488	2022-10-08 19:20:13.94487	stolenelectionshaveconsequences
9489	2022-10-08 19:22:23.031828	schools
9490	2022-10-08 19:22:24.263518	charter
9491	2022-10-08 19:22:50.225997	DigitalSoldier
9492	2022-10-08 19:22:51.819677	DiversityTraining
9493	2022-10-08 19:24:11.21519	heartdamage
9494	2022-10-08 19:24:53.645438	Mondayvibes
9495	2022-10-08 19:24:54.076062	TruckersForFreedom2022
9496	2022-10-08 19:24:57.881958	EarlyGang
9497	2022-10-08 19:24:58.345392	ReTruthTrain
9498	2022-10-08 19:25:11.076818	forthechildren
9499	2022-10-08 19:25:24.824114	bideneffect
9500	2022-10-08 19:25:41.8491	endMedicalDiscrimination
9501	2022-10-08 19:25:42.264896	noMandates
9502	2022-10-08 19:25:42.693128	FreedomForAll
9503	2022-10-08 19:25:52.924349	CJTruth
9504	2022-10-08 19:25:53.356814	TechnoFog
9505	2022-10-08 19:25:53.781511	PepeDeluxe
9506	2022-10-08 19:25:54.27027	PepeLivesMatter
9507	2022-10-08 19:26:15.75189	Cantstopscrolling
9508	2022-10-08 19:26:35.845324	kandisstaylorforgagovernor
9509	2022-10-08 19:26:49.520727	patelpatriot
9510	2022-10-08 19:34:34.607951	bam
9511	2022-10-08 19:34:35.063477	pow
9512	2022-10-08 19:34:35.79097	otherbatmansounds
9513	2022-10-08 19:34:43.305958	cats
9514	2022-10-08 19:46:28.99996	StayTogether
9515	2022-10-08 19:46:30.199486	NoWhining
9516	2022-10-08 19:46:30.959877	TheBattleIsReal
9517	2022-10-08 19:53:16.971202	TrackingResignations
9518	2022-10-08 19:54:59.350893	ThomasSMonson
9519	2022-10-08 19:55:07.274979	jordanbpeterson
9520	2022-10-08 19:55:09.83892	silenceisalie
9521	2022-10-08 19:55:10.292576	raiseyourvoice
9522	2022-10-08 19:55:13.085689	selfimprovement
9523	2022-10-08 19:55:14.234142	learning
9524	2022-10-08 19:55:14.662828	lookingforward
9525	2022-10-08 20:13:14.425652	ByeBrandon
9526	2022-10-08 20:13:16.088083	UktraMAGA
9527	2022-10-08 20:15:06.81033	DontBetoMyTexas
9528	2022-10-08 20:15:18.685043	MarthasVineyardStrong
9529	2022-10-08 20:15:21.906922	LoriLightfootSucks
9530	2022-10-08 20:15:22.593736	NotFromChicago
9531	2022-10-08 20:16:12.019024	kinzingerisaloser
9532	2022-10-08 20:16:34.975201	whistleblowers
9533	2022-10-08 20:16:35.446203	j6politicalprisoners
9534	2022-10-08 20:16:48.4114	ArizonaPrimary
9535	2022-10-08 20:17:17.982538	thegreatresist
9536	2022-10-08 20:17:48.743295	FreedomWorks
9537	2022-10-08 20:17:49.385153	BEST
9538	2022-10-08 20:18:03.634457	Ronna
9539	2022-10-08 20:18:36.509733	ImpeachMayorkis
9540	2022-10-08 20:18:40.783669	TwitterTakeover
9541	2022-10-08 20:20:30.995161	ottawapolicechief
9542	2022-10-08 20:20:50.051117	TruthBurger
9543	2022-10-08 20:21:01.618949	twitterjail
9544	2022-10-08 20:21:09.710318	Fail
9545	2022-10-08 20:21:19.395982	FollowtheMoney
9546	2022-10-08 20:21:53.796366	TuckerCarlsonIsaRussianAsset
9547	2022-10-08 20:21:56.993038	dadbod
9548	2022-10-08 20:22:32.742716	SupportTheTruckers
9549	2022-10-08 20:22:39.542973	BidenHarris
9550	2022-10-08 20:23:21.961933	StandingStrong
9551	2022-10-08 20:23:24.405111	NeverBackDown
9552	2022-10-08 20:23:54.698996	TexasPrimary
9553	2022-10-08 20:23:55.178314	votetexas
9554	2022-10-08 20:26:32.137887	ThePersistence
9555	2022-10-08 20:41:55.317496	Grrrrrrrrrrrr
9556	2022-10-08 20:46:23.272057	Billygraham
9557	2022-10-08 20:48:54.656607	cheese
9558	2022-10-08 20:48:55.304225	pickuplines
9559	2022-10-08 20:48:56.579333	comfortfood
9560	2022-10-08 20:48:57.007512	visitdothan
9561	2022-10-08 20:48:57.439716	visitozarkal
9562	2022-10-08 20:48:57.871331	visitpc
9563	2022-10-08 20:51:11.451641	grassroots
9564	2022-10-08 20:51:57.486525	clintonfoundationiscorrupt
9565	2022-10-08 20:56:38.044113	moonshots
9566	2022-10-08 20:56:41.489837	alaska
9567	2022-10-08 20:56:41.92118	narnia
9568	2022-10-08 20:57:39.761891	FallsCreek
9569	2022-10-08 21:00:43.225538	DeathShot
9570	2022-10-08 21:00:43.695413	Lethalinjection
9571	2022-10-08 21:05:01.64801	usvsthem
9572	2022-10-08 21:05:02.135002	establishment
9573	2022-10-08 21:05:54.567391	choosewisely
9574	2022-10-08 21:06:02.067882	accountability
9575	2022-10-08 21:28:54.611218	artificialintelligence
9576	2022-10-08 21:28:55.07891	samurai
9577	2022-10-08 21:28:55.607901	conservativeartist
9578	2022-10-08 21:29:00.876394	artontruth
9579	2022-10-08 21:29:01.325065	marvel
9580	2022-10-08 21:29:01.795896	ironman
9581	2022-10-08 21:29:20.803924	ItsJustAMeme
9582	2022-10-08 21:29:22.229836	ImNotVaxxed
9583	2022-10-08 21:29:26.492495	TheDeplorableDetective
9584	2022-10-08 21:31:59.594477	jadapinkettsmith
9585	2022-10-08 21:33:35.495713	katanjibrown
9586	2022-10-08 22:21:54.005864	CovidVaccination
9587	2022-10-08 22:21:54.9858	covidvaxiscrimesagainsthumanity
9588	2022-10-08 22:21:55.416278	survivor
9589	2022-10-08 22:21:55.854021	religion
9590	2022-10-08 22:21:56.845299	mychoice
9591	2022-10-08 22:25:13.043007	NeverDemocrat
9592	2022-10-08 22:25:55.447354	PedoDemocrat
9593	2022-10-08 22:26:08.984737	YouWonbyaLandslide
9594	2022-10-08 22:32:58.173114	OGConductor
9595	2022-10-08 22:33:50.041532	HeIsThatStupid
9596	2022-10-08 22:33:58.566634	DadJokes
9597	2022-10-08 22:34:00.481768	WhyAmILikeThis
9598	2022-10-08 22:34:09.212437	Vegan
9599	2022-10-08 22:34:09.912557	OgConductors
9600	2022-10-08 22:34:10.354418	Activism
9601	2022-10-08 22:34:10.843337	NoBullShit
9602	2022-10-08 22:35:47.202794	GlugGlugGulag
9603	2022-10-08 22:36:44.382327	GetOverHere
9604	2022-10-08 22:39:06.69096	moneyball
9605	2022-10-08 22:39:07.239533	SilenzioBruno
9606	2022-10-08 22:39:09.300461	TruthChallenge
9607	2022-10-08 22:39:10.387569	AskMeAnything
9608	2022-10-08 22:39:12.44585	PeopleKnowMe
9609	2022-10-08 22:39:16.918118	truthhurts
9610	2022-10-08 22:39:21.931273	wokearmy
9611	2022-10-08 22:39:31.558285	SingleAF
9612	2022-10-08 22:39:35.293604	AskingForAFriend
9613	2022-10-08 22:39:56.402458	ShowMeYourWits
9614	2022-10-08 22:39:56.978734	singledad
9615	2022-10-08 22:40:24.985938	single
9616	2022-10-08 22:40:25.569455	father
9617	2022-10-08 22:40:26.012839	businessowner
9618	2022-10-08 22:40:27.031561	christian
9619	2022-10-08 22:40:27.468617	homeowner
9620	2022-10-08 22:40:29.461126	dating
9621	2022-10-08 22:40:30.168775	handsome
9622	2022-10-08 22:40:46.157048	WitsOverTits
9623	2022-10-08 22:40:47.220233	badgerlanddetective
9624	2022-10-08 22:40:48.153218	detective
9625	2022-10-08 22:44:18.906044	protection
9626	2022-10-08 22:45:30.956001	ProtectThePeople
9627	2022-10-08 22:48:55.956581	TrumpOne
9628	2022-10-08 22:48:56.422939	LetsGoBiden
9629	2022-10-08 22:50:07.476563	MountUp
9630	2022-10-08 22:50:14.284074	Lets
9631	2022-10-08 22:50:14.823041	The
9632	2022-10-08 23:47:11.301104	BasementBiden
9633	2022-10-08 23:47:12.019369	HOTTAKE
9634	2022-10-08 23:47:26.207144	BasementJoe
9635	2022-10-08 23:47:32.341297	HOTAKE
9636	2022-10-08 23:48:09.873912	weak
9637	2022-10-08 23:48:31.240869	AARP
9638	2022-10-08 23:48:39.401406	HOTTAKES
9639	2022-10-08 23:48:48.808471	Lockherup
9640	2022-10-08 23:48:50.258144	liberalsuck
9641	2022-10-08 23:48:50.722035	thegoat
9642	2022-10-08 23:48:57.439362	silencedbyliberals
9643	2022-10-08 23:49:03.786673	FROMTHEHOUSE
9644	2022-10-08 23:49:08.824345	liberalssuck
9645	2022-10-08 23:49:12.483682	QTRUTH
9646	2022-10-08 23:49:13.131077	ONTHEHOUSE
9647	2022-10-08 23:49:20.773458	trumptweettuesday
9648	2022-10-08 23:49:23.571978	wheresjoe
9649	2022-10-08 23:49:31.631328	MLB
9650	2022-10-08 23:49:32.081548	lockout
9651	2022-10-08 23:49:32.529936	AROD
9652	2022-10-08 23:49:32.994012	TheGoat
9653	2022-10-08 23:49:33.433889	nodeal
9654	2022-10-08 23:49:33.868437	TrumpTriumphTuesday
9655	2022-10-08 23:50:26.265533	superpower
9656	2022-10-08 23:50:26.703984	makeNATOpay
9657	2022-10-08 23:56:37.462679	hodl
9658	2022-10-08 23:57:12.680624	bike
9659	2022-10-08 23:57:13.11459	whiteclaw
9660	2022-10-08 23:57:48.181847	FreeTheJ6Prisoners
9661	2022-10-08 23:59:29.00323	DrNavarroWasRight
9662	2022-10-09 00:05:53.691904	AlexJonesWasRight
9663	2022-10-09 00:06:03.533511	benharnwell
9664	2022-10-09 01:29:33.379668	church
9665	2022-10-09 01:29:33.833454	JESUSLOVESYOU
9666	2022-10-09 01:29:34.263398	walkwiththespirit
9667	2022-10-09 01:30:44.800065	Dtoo
9668	2022-10-09 01:55:16.017133	babyfood
9669	2022-10-09 01:55:25.036883	wrong
9670	2022-10-09 01:57:07.107407	FakeNewsFriday
9671	2022-10-09 01:57:18.518431	FBG
9672	2022-10-09 02:08:53.826058	bwahaha
9673	2022-10-09 02:08:54.219301	cnnlies
9674	2022-10-09 02:08:55.183813	turnoffcnn
9675	2022-10-09 02:09:21.657542	A1
9676	2022-10-09 02:23:00.916327	luke8
9677	2022-10-09 02:23:04.003303	fail
9678	2022-10-09 02:23:11.794421	nolimits
9679	2022-10-09 02:23:12.21716	lifequote
9680	2022-10-09 02:23:42.312716	joeBiden
9681	2022-10-09 02:26:29.078164	historic
9682	2022-10-09 02:26:29.473389	reimagine
9683	2022-10-09 02:26:29.912432	newnormal
9684	2022-10-09 02:26:30.464191	racist
9685	2022-10-09 02:26:30.917547	whitesupremicist
9686	2022-10-09 02:30:56.839213	PEOPLESCONVOY
9687	2022-10-09 02:32:18.029642	invasion
9688	2022-10-09 02:34:41.056441	imwithher
9689	2022-10-09 02:41:13.587212	ModernDayMoses
9690	2022-10-09 02:41:14.197898	NCSTWIC
9691	2022-10-09 02:41:50.478987	JoeGottaGo
9692	2022-10-09 03:07:37.291375	letmypeoplego
9693	2022-10-09 03:11:55.541622	HypocrisyKnowsNoBounds
9694	2022-10-09 03:32:36.192133	Unity
9695	2022-10-09 03:34:16.119198	pedohitler
9696	2022-10-09 03:43:25.839946	RidenWithBiden
9697	2022-10-09 03:45:59.601307	4thAmendment
9698	2022-10-09 03:46:00.281075	FOURTHAMENDMENT
9699	2022-10-09 03:46:24.8986	TurningPointAction
9700	2022-10-09 03:47:48.468147	BidenCrimes
9701	2022-10-09 03:47:51.273003	biden2024
9702	2022-10-09 03:47:56.156387	UkraineLabs
9703	2022-10-09 03:48:42.557774	SPFF
9704	2022-10-09 03:50:39.099198	BoosterShots
9705	2022-10-09 03:50:39.707772	RonPaul
9707	2022-10-09 03:58:14.673661	A8
9709	2022-10-09 03:59:12.686645	LameBron
9711	2022-10-09 04:06:33.33233	Bidenfamily
9712	2022-10-09 04:06:40.013402	NEEDS
9713	2022-10-09 04:06:42.979087	patriotunite
11068	2022-10-12 23:01:49.546551	DontlookBack
11070	2022-10-12 23:01:55.301915	5D
11073	2022-10-12 23:02:03.24347	BarbaraWalters
11074	2022-10-12 23:02:03.550829	WILLSMITH
11272	2022-10-12 23:20:14.21029	WhatStormMrPresident
11962	2022-10-13 08:24:00.833649	Recession2022
11966	2022-10-13 08:28:06.281713	NYGov
11971	2022-10-13 08:29:27.36104	GaPol
11972	2022-10-13 08:31:21.940963	CovidFreaks
11973	2022-10-13 08:31:22.476865	maskholes
11975	2022-10-13 08:35:09.322443	EugeneYu
11976	2022-10-13 08:35:29.480688	BidensAFailure
11978	2022-10-13 08:39:13.304892	goodsamaritans
11979	2022-10-13 08:39:13.906945	loveoneanother
11982	2022-10-13 08:40:10.992114	NannyMcTrump
11986	2022-10-13 08:40:27.105637	ShariaLaw
11987	2022-10-13 08:40:33.822951	GoodInformationInc
11988	2022-10-13 08:40:35.81704	LinkedIn
11989	2022-10-13 08:40:36.276346	ReidHoffman
11990	2022-10-13 08:40:37.389903	GoodInformationFoundation
11991	2022-10-13 08:41:54.611743	Detroit
11999	2022-10-13 09:28:56.376043	wavingmyflagproudly
12000	2022-10-13 09:28:56.768915	smile
12001	2022-10-13 09:28:57.17359	floridaunfiltered
12002	2022-10-13 09:49:13.996593	AMERICA1st
12003	2022-10-13 09:51:46.145922	JustSayNoToBetoOdork
12004	2022-10-13 09:54:57.570333	positivethinking
12005	2022-10-13 09:54:58.041979	handmade
12006	2022-10-13 09:54:58.530462	Necklush
12007	2022-10-13 09:55:06.330318	disciple
12008	2022-10-13 09:55:07.486001	christianblogger
12009	2022-10-13 09:55:08.016688	discipleship
12010	2022-10-13 09:55:09.000722	christiandad
12011	2022-10-13 09:55:09.516979	christianliving
12012	2022-10-13 09:55:10.070823	speaklife
12013	2022-10-13 09:55:10.625155	mensministry
12014	2022-10-13 09:55:11.389822	encouragement
12015	2022-10-13 09:55:12.500986	eyesonJesus
12016	2022-10-13 10:30:00.364711	Manhattan
12017	2022-10-13 10:30:00.898915	CommunistChina
12018	2022-10-13 10:52:19.42971	CongressionalBaseballGame
12019	2022-10-13 10:52:23.998632	BallotDropBoxes
12020	2022-10-13 10:52:24.875479	IllegalVoting
12021	2022-10-13 12:14:25.601852	feels
12022	2022-10-13 12:15:23.516422	TeumpTrurgs
12023	2022-10-13 12:15:24.246785	TruthTeains
12025	2022-10-13 12:21:27.288563	hyperinflation
12028	2022-10-13 12:28:28.277909	Impeachbidenharris
12029	2022-10-13 12:29:44.416428	linta
12031	2022-10-13 12:30:11.908085	leftism
12032	2022-10-13 12:34:48.688803	AUDITTHEFED
12034	2022-10-13 12:37:33.922964	Term
12035	2022-10-13 12:37:34.444496	VoteOutAllDemocrats
12036	2022-10-13 12:37:34.789783	VoteRedToSaveAmetica
12037	2022-10-13 12:53:45.75788	MAGAlsntViolent
12038	2022-10-13 12:53:46.064947	MAGAIsntViolent
12039	2022-10-13 12:55:06.685099	Kanye
12040	2022-10-13 12:55:58.762913	groomercrats
12041	2022-10-13 12:57:55.789498	KMC
12044	2022-10-13 13:01:06.836005	DailyReminder
12046	2022-10-13 13:04:22.038076	BidendestroysAmerica
12052	2022-10-13 13:07:21.865622	Swamps
12054	2022-10-13 13:07:27.517107	predator
12056	2022-10-13 13:08:46.337082	Pawns
12057	2022-10-13 13:08:46.647098	JustRefuse
12061	2022-10-13 13:15:07.402049	everybodyunder15
12062	2022-10-13 13:15:07.721999	shewas12iwas30
12063	2022-10-13 13:15:08.055924	fjbiden
12065	2022-10-13 13:17:46.967429	PoisonVaxx
12066	2022-10-13 13:17:49.384412	CensorshipIsTryanny
12067	2022-10-13 13:18:39.655542	2TieredSystemOfJustice
12068	2022-10-13 13:21:15.675555	CornWatch
12069	2022-10-13 13:22:29.359508	Terminator
12070	2022-10-13 13:24:14.692807	StudentDebt
12071	2022-10-13 13:24:18.812301	COMFY
12072	2022-10-13 13:24:19.179057	housecleaning
12073	2022-10-13 13:25:32.071665	RacistBiden
12074	2022-10-13 13:25:58.324781	NYPD
12075	2022-10-13 13:26:28.695501	WrecklessSpending
12076	2022-10-13 13:26:29.104003	shitshow
12077	2022-10-13 13:26:29.555481	trainwreck
12079	2022-10-13 13:26:56.466423	Truthdom
12080	2022-10-13 13:26:59.763499	MoronMayorAdams
12081	2022-10-13 13:28:26.391967	MAGAMEMES
12083	2022-10-13 13:28:50.319561	Suddenly
12084	2022-10-13 13:28:50.824801	suddendeath
12085	2022-10-13 13:28:51.343969	heartbeat
12086	2022-10-13 13:28:51.796784	tachycardia
12087	2022-10-13 13:28:58.179561	CanadaTravel
12088	2022-10-13 13:28:58.579446	CanadaMandates
12089	2022-10-13 13:28:59.011301	TravelMandates
12090	2022-10-13 13:29:03.127868	Fluorine
12092	2022-10-13 13:30:20.979575	Weather
12093	2022-10-13 13:31:25.275955	JulieGreen
12094	2022-10-13 13:32:19.054171	TrudeauTheTyrant
12095	2022-10-13 13:32:20.077915	CanadaHasFallen
12096	2022-10-13 13:33:06.783412	Selfie
12097	2022-10-13 13:33:21.407627	thehagmannreport
12098	2022-10-13 13:33:21.835527	Transhumanism
12099	2022-10-13 13:33:22.556016	covidshots
12100	2022-10-13 13:35:20.627537	BOHICA
12101	2022-10-13 13:38:23.096153	HoneyBadger
12102	2022-10-13 13:39:10.451795	JustSayNo
12103	2022-10-13 13:39:32.886646	SupportTrump
12104	2022-10-13 13:39:36.298046	TDSIsReal
12105	2022-10-13 13:39:42.622005	PedoKing
12106	2022-10-13 13:40:47.131288	ThePeoplesBridge
12107	2022-10-13 13:40:58.607953	TOBYROGERS
12108	2022-10-13 13:41:08.959666	MrPopularity
12109	2022-10-13 13:41:58.787334	CharlieDaniels
12110	2022-10-13 13:41:59.81935	DumpTS7500CapRule
12111	2022-10-13 13:43:26.075551	globalwarming
12112	2022-10-13 13:44:00.763304	Mossad
12113	2022-10-13 13:44:01.239446	CuiBono
12114	2022-10-13 13:45:40.16655	thefam
12115	2022-10-13 13:45:54.932601	StutteringClusterFuckOfAMiserableFaure
12116	2022-10-13 13:45:57.107206	MrClass
12117	2022-10-13 13:45:57.434986	Cringe
12118	2022-10-13 13:45:57.762647	FacePalm
12119	2022-10-13 13:45:58.100799	DroppedDeadUnexpectedly
12121	2022-10-13 13:47:02.183481	AshleyBidenDidNotMolestHerself
12123	2022-10-13 13:47:57.971573	Gonads
12125	2022-10-13 13:48:59.120823	MemeHunter
12129	2022-10-13 13:50:54.015265	GasPricesHigherThanHunterBiden
12130	2022-10-13 13:51:14.53116	Polio
12132	2022-10-13 13:51:15.383322	OralPolio
12136	2022-10-13 13:56:30.827582	bidening
9706	2022-10-09 03:51:48.608561	Pit
9708	2022-10-09 03:59:03.558164	lamebron
9710	2022-10-09 03:59:45.18811	abolishthefbi
9714	2022-10-09 04:14:15.768702	FoodProcessingPlants
9715	2022-10-09 04:14:17.136978	land
9716	2022-10-09 04:53:36.733726	TrumpPence
9717	2022-10-09 04:56:23.081334	vote4abbott
9718	2022-10-09 04:56:49.365049	Truth00007
9719	2022-10-09 04:56:50.122232	Schwab
9720	2022-10-09 04:56:52.644256	NAIAD
9721	2022-10-09 04:56:53.138675	USCongress
9722	2022-10-09 04:56:53.59093	WIV
9723	2022-10-09 04:56:54.334857	Rothschilds
9724	2022-10-09 04:57:33.259186	mynewhome
9725	2022-10-09 05:02:21.48117	PLM
9726	2022-10-09 05:02:21.876174	patriotslivesmatter
9727	2022-10-09 05:02:47.087897	JustinTurdGoAway
9728	2022-10-09 05:27:10.724444	FFBI
9729	2022-10-09 05:40:21.561579	FauciLiedMillionsDied
9730	2022-10-09 05:43:39.671827	007ltk
9731	2022-10-09 05:46:04.497856	pardonassange
9732	2022-10-09 05:46:44.985245	TogetherWeWin
9733	2022-10-09 06:09:41.148368	DineshDSouza
9734	2022-10-09 06:27:43.840226	JAB
9735	2022-10-09 06:39:19.785489	NuremburgTrials
9736	2022-10-09 06:39:46.221675	FuckNancyPelosi
9737	2022-10-09 07:41:30.01218	ConstitutionFortheUnitedStatesofAmerica
9738	2022-10-09 07:41:36.866127	choices
9739	2022-10-09 07:55:24.307223	A2
9740	2022-10-09 08:21:21.590465	FancyNancy
9741	2022-10-09 08:21:34.830444	Whitehouse
9742	2022-10-09 08:21:36.528104	BlessTheirHearts
9743	2022-10-09 08:22:25.271718	UvaldePressConference
9744	2022-10-09 08:22:25.712363	ArrestBetoNow
9745	2022-10-09 08:22:27.845618	FUCKINGBETO
9746	2022-10-09 08:22:33.736074	SuperMAGA
9747	2022-10-09 08:22:41.755905	JohnRich
9748	2022-10-09 08:23:04.514914	Amendment28
9749	2022-10-09 08:23:23.614722	KARMA
9750	2022-10-09 08:24:09.265978	4moreyears
9751	2022-10-09 08:24:44.330741	Pedogate
9752	2022-10-09 08:28:38.121495	SCLeg
9753	2022-10-09 08:28:38.815901	H5399
9754	2022-10-09 08:29:35.658919	FirPelosiSaveAmerica
9755	2022-10-09 08:29:40.290431	FirePelosiSaveAnerica
9756	2022-10-09 08:37:07.249967	ItsPrettySimple
9757	2022-10-09 08:39:19.859613	TitleIX
9758	2022-10-09 08:39:50.572385	SaveWomensSports
9759	2022-10-09 08:39:51.875801	lalege
9760	2022-10-09 08:41:38.824337	WokeDisney
9761	2022-10-09 08:50:21.551519	SayHelloToNorway
9762	2022-10-09 08:55:59.772127	KARIZONA
9763	2022-10-09 08:57:15.735048	DebateLake
9764	2022-10-09 09:00:06.152942	WeNeedYee
9765	2022-10-09 09:00:42.569167	DespicableHobbs
9766	2022-10-09 09:03:04.891433	PetsAndPeopleTogether
9767	2022-10-09 09:03:35.92879	AZgov
9768	2022-10-09 09:03:43.801415	ConservativeS
9769	2022-10-09 09:03:48.58805	SayHisNameCaylerEllingson
9770	2022-10-09 09:04:43.221058	azleg
9771	2022-10-09 09:05:21.425632	ChuckGrassley
9772	2022-10-09 09:05:49.730932	DARKBRANDON
9773	2022-10-09 09:05:50.142968	RedManBad
9774	2022-10-09 09:06:10.515909	FavoritePresident
9775	2022-10-09 09:06:39.291282	joebidenHATESAmericans
9776	2022-10-09 09:06:52.12982	NeverForget13DeadSoldiers
9777	2022-10-09 09:07:17.221852	MomsForKari
9778	2022-10-09 09:07:36.836409	BidenHatesAmerica
9779	2022-10-09 09:07:36.937317	SomewhereIRead
9780	2022-10-09 09:07:54.789569	NoSurrender
9781	2022-10-09 09:08:02.909046	FedSurrection
9782	2022-10-09 09:08:07.805623	RedRiverRivalry
9783	2022-10-09 09:08:08.617175	OuTexas
9784	2022-10-09 09:08:10.921809	ItsCalledGod
9785	2022-10-09 09:08:19.666206	Unconquerable
9786	2022-10-09 09:08:20.473852	ItsAllForFreedom
9787	2022-10-09 09:08:20.28219	RobsonRefund
9788	2022-10-09 09:08:28.444956	ReleaseTheAffidavit
9789	2022-10-09 09:08:29.060454	VictimsofAuthoritarianism
9790	2022-10-09 09:08:32.590831	TEAMGRENELL
9791	2022-10-09 09:08:39.36196	NoBallotHarvesting
9792	2022-10-09 09:08:41.59023	TheJigIsUp
9793	2022-10-09 09:08:47.67408	IKnowIt
9794	2022-10-09 09:08:48.521691	YouKnowIt
9795	2022-10-09 09:08:48.959009	GroomersAtTwitterKNOWIT
9796	2022-10-09 09:09:07.570919	DefundDOJ
9797	2022-10-09 09:09:14.834104	YouWontEnjoyUs
9798	2022-10-09 09:09:17.382854	NothingCanStopWhatsComing
9799	2022-10-09 09:09:18.389668	TrumpEra
9800	2022-10-09 09:09:33.49995	OneAmerica
9801	2022-10-09 09:09:38.579185	ElectKariLake
9802	2022-10-09 09:09:43.315564	DUCEYinADress
9803	2022-10-09 09:09:44.354205	DontKarrinOurAZ
9804	2022-10-09 09:09:47.987556	AZSenate
9805	2022-10-09 09:09:59.628379	RedFall
9806	2022-10-09 09:10:00.939796	StableGenius
9807	2022-10-09 09:10:21.453342	DeThroneTheDemocrats
9808	2022-10-09 09:11:02.850328	TheFam81
9809	2022-10-09 09:11:29.364615	TheFutureIsOrange
9810	2022-10-09 09:11:30.098906	MakeAmericaOrangeAgain
9811	2022-10-09 09:12:22.26283	IStandWithPresidentTrump
9812	2022-10-09 09:12:22.674261	IStandWithTheConstitution
9813	2022-10-09 09:12:26.044023	DoD
9814	2022-10-09 09:12:26.658887	Vaccinemandate
9815	2022-10-09 09:12:28.43327	AbouttheLandOfTheFree
9816	2022-10-09 09:13:10.899792	Fix2020First
9817	2022-10-09 09:13:11.784952	RumbleAllTheWayToTheTop
9818	2022-10-09 09:13:44.979555	TheWallsAreClosingInBoys
9819	2022-10-09 09:13:53.620504	BeLikeMike
9820	2022-10-09 09:14:21.653951	AmericaForever
9821	2022-10-09 09:14:24.834848	AskADemocratThis
9822	2022-10-09 09:14:25.815167	AskADemocrat
9823	2022-10-09 09:14:33.364559	MakeYourBed
9824	2022-10-09 09:14:34.389407	AmericanIndividual
9825	2022-10-09 09:14:34.816463	RisingTide
9826	2022-10-09 09:14:49.138606	AZGOV
9827	2022-10-09 09:15:12.671482	LightEmUp
9828	2022-10-09 09:15:28.562878	WildlySuccessful
9829	2022-10-09 09:15:29.404881	Peaceful
9830	2022-10-09 09:15:29.848534	GodGuided
9831	2022-10-09 09:15:37.109068	Istandwithstevebannon
9832	2022-10-09 09:15:37.548171	IStandWithSteve
9833	2022-10-09 09:15:46.25695	MTGA
9834	2022-10-09 09:15:55.508549	NoRiderTrain
9835	2022-10-09 09:15:56.249098	RiderlessTrain
9836	2022-10-09 09:15:56.68772	SoloTrain
9837	2022-10-09 09:16:02.241217	TellAllYourFriends
9838	2022-10-09 09:16:03.0279	AndrewBreitbartStudiosPresents
9839	2022-10-09 09:16:24.28223	LatinosForLake
9840	2022-10-09 09:16:25.060138	AmericanDream
9841	2022-10-09 09:16:46.900186	bidensAmerica
9842	2022-10-09 09:16:58.84988	KeepTheFaith
9844	2022-10-09 09:17:50.611258	Untouched
9843	2022-10-09 09:17:49.948948	WallsAreClosingInJoe
9846	2022-10-09 09:18:50.180807	10Reasons
9856	2022-10-09 09:19:43.153999	AmericanResilience
9858	2022-10-09 09:20:34.096696	DementiaJoeHasToGo
11075	2022-10-12 23:02:21.422094	HunterDidntKillHimself
11076	2022-10-12 23:02:48.785497	FequencyMatters
11077	2022-10-12 23:02:53.259881	Sauce
11078	2022-10-12 23:02:53.563417	GreatSauce
11084	2022-10-12 23:03:50.363868	OldTricks
11085	2022-10-12 23:04:03.742812	Skies
11087	2022-10-12 23:04:07.599653	IonQ
11088	2022-10-12 23:04:13.284375	HandsomeMike
11091	2022-10-12 23:04:16.730278	NOTHING
11096	2022-10-12 23:04:22.557135	IDK
11098	2022-10-12 23:04:24.565977	CoalMinersDaughter
11099	2022-10-12 23:04:56.388784	HisStory
11100	2022-10-12 23:04:56.915334	PrayForAllTheLordsPeople
11101	2022-10-12 23:04:59.573913	Legendary
11102	2022-10-12 23:05:00.25804	SorryLosers
11103	2022-10-12 23:05:09.731837	Arrests
11105	2022-10-12 23:05:36.342922	FreeTheJ6
11106	2022-10-12 23:05:40.891402	Rip
11277	2022-10-12 23:20:23.518186	SpritualWarfareIsReal
11278	2022-10-12 23:20:25.129273	Twatter
11282	2022-10-12 23:20:28.82377	TakeTheHits
11283	2022-10-12 23:20:29.159967	KeepMovingForward
11285	2022-10-12 23:20:35.902874	FearIsDevilsFood
11287	2022-10-12 23:20:36.969815	StayInPrayer
11288	2022-10-12 23:20:37.301841	YouAreHereForAReason
11289	2022-10-12 23:20:39.887995	LondonBridgeIsFallingDown
11296	2022-10-12 23:21:33.691277	WeWill
11301	2022-10-12 23:21:44.432383	GodNeverLoses
11302	2022-10-12 23:21:46.783351	DwightVanBiden
11303	2022-10-12 23:21:48.346796	DailyMainStreamPoll
11311	2022-10-12 23:22:37.576589	Peach
11316	2022-10-12 23:22:59.421028	FameNews
11320	2022-10-12 23:23:54.719892	2020FraudulentElection
11321	2022-10-12 23:24:02.183465	Declas
11322	2022-10-12 23:24:02.498605	Weeeee
11324	2022-10-12 23:24:04.249858	PopeFrancisCorrupt
11326	2022-10-12 23:24:11.55573	lifebeginsatconception
11327	2022-10-12 23:24:23.351071	Open
11328	2022-10-12 23:24:25.800201	AnonIt
11329	2022-10-12 23:24:29.732069	JoeIsBananas
11330	2022-10-12 23:24:33.968845	bundle
11334	2022-10-12 23:25:05.14633	PatriotFun
11335	2022-10-12 23:25:07.723965	MonkeyAround
11336	2022-10-12 23:25:08.763985	IFKYK
11337	2022-10-12 23:25:45.358817	FOFFFBI
11338	2022-10-12 23:25:46.358549	Resolve
11340	2022-10-12 23:25:54.925345	Humble
11341	2022-10-12 23:25:56.708951	Qpost4207
11342	2022-10-12 23:26:02.638013	QAnon
11348	2022-10-12 23:26:50.971446	GettingReady
11349	2022-10-12 23:26:54.651002	DirtyFBI
11350	2022-10-12 23:26:55.37497	WhereIsHunter
11351	2022-10-12 23:27:03.507561	ForAllTheMisfits
11354	2022-10-12 23:27:12.843645	TrumpDog
11358	2022-10-12 23:27:35.951871	Quseum
11359	2022-10-12 23:27:39.815985	DripDrip
11361	2022-10-12 23:27:43.852548	Colbert
11365	2022-10-12 23:28:11.400556	AmericanHerosI
11366	2022-10-12 23:28:11.899559	GTFO
11367	2022-10-12 23:28:13.304054	CNP
11368	2022-10-12 23:28:13.610204	CrazyNancyPelosi
11370	2022-10-12 23:28:19.208996	GodWeNeedYouNow
11375	2022-10-12 23:28:55.091741	BeautifulTaiwan
11376	2022-10-12 23:28:57.298464	kimfoxx
11377	2022-10-12 23:29:03.4717	Qpost4077
11378	2022-10-12 23:29:03.9432	WorldIsWakingUp
11379	2022-10-12 23:29:04.284244	Imagine
11380	2022-10-12 23:29:08.495892	ChuckGrassly
11381	2022-10-12 23:29:09.256374	Cornready
11382	2022-10-12 23:29:15.989406	NeverConcede
11384	2022-10-12 23:29:33.107711	HimHmm
11385	2022-10-12 23:29:36.995104	Flynn
11386	2022-10-12 23:29:37.502145	Ward
11388	2022-10-12 23:30:13.144359	SpiritualWarriors
11390	2022-10-12 23:30:14.005511	GodsBattle
11394	2022-10-12 23:30:19.34383	MemeOfTheDay
11395	2022-10-12 23:30:20.944572	WhoRWe
11396	2022-10-12 23:30:21.479196	GodVsEvil
11397	2022-10-12 23:30:22.199718	InJesusName
11400	2022-10-12 23:30:25.853324	Pray4AllGodsPeople
11403	2022-10-12 23:30:42.830889	RulesForThee
11404	2022-10-12 23:30:43.170926	NotForMe
11405	2022-10-12 23:30:46.183927	Knees
11406	2022-10-12 23:30:46.708819	Landslide
11411	2022-10-12 23:30:58.341019	Newsomes
11412	2022-10-12 23:30:58.916738	WH
11413	2022-10-12 23:31:09.058835	BreakCurse
11415	2022-10-12 23:31:12.646165	Day560
11416	2022-10-12 23:31:12.977857	PoliticalPersecution
11418	2022-10-12 23:31:32.176013	FruitOfTheSpriitIsLove
11423	2022-10-12 23:31:55.513197	MarkRasmussen
11424	2022-10-12 23:31:55.820298	Markdrasmussen
11425	2022-10-12 23:32:11.639442	neverconcede
11427	2022-10-12 23:32:20.216465	massformationpsychosis
11434	2022-10-12 23:32:40.024171	ThankAVeteran
11438	2022-10-12 23:32:47.260059	childrenofGod
11440	2022-10-12 23:32:49.341277	LoveYourFellowMan
11447	2022-10-12 23:33:11.710286	OneNationUnderGod
11448	2022-10-12 23:33:12.041996	ExposeTheTruth
11449	2022-10-12 23:33:12.373845	Ideology
11453	2022-10-12 23:33:20.567543	GodBlessIvana
11455	2022-10-12 23:33:34.435744	NationalDisgrace
11457	2022-10-12 23:33:41.575481	emojis
11464	2022-10-12 23:33:58.330633	LifeLibertyAndPursuitOfHappiness
11466	2022-10-12 23:34:04.194176	JusticeThomasForTheWIN
11468	2022-10-12 23:34:16.819918	nomore
11472	2022-10-12 23:34:29.943124	URBetterThanThat
11473	2022-10-12 23:34:49.886522	IndependentThinkers
11474	2022-10-12 23:34:55.181033	SomethingAboutMare
11482	2022-10-12 23:35:17.515368	DoltonIllinois
11483	2022-10-12 23:35:28.122679	FeelingEdgy
11486	2022-10-12 23:35:31.393578	DemonsBGone
11488	2022-10-12 23:35:43.111497	GiveBackTheDiamondsJoe
12024	2022-10-13 12:15:35.198716	OperationNorthwoods
12026	2022-10-13 12:25:51.881917	NJPATRIOT20
12027	2022-10-13 12:26:17.373603	Miguelifornia
12030	2022-10-13 12:30:10.938157	mentaldisease
12033	2022-10-13 12:36:54.317327	VETS
12042	2022-10-13 12:59:07.392198	hideous
12045	2022-10-13 13:02:26.642962	Support45for45
12047	2022-10-13 13:05:16.612129	SaturdayNight
12048	2022-10-13 13:05:20.862964	ItIsWhatItIs
12049	2022-10-13 13:06:12.840266	NonEssentialFilms
12050	2022-10-13 13:06:34.634909	UnleashAmericanEnergy
12051	2022-10-13 13:07:20.911501	DarkPoolAbuse
12053	2022-10-13 13:07:24.839346	APE
12055	2022-10-13 13:08:12.368005	TRUMP101
12058	2022-10-13 13:12:14.807005	Salute
12059	2022-10-13 13:13:30.076343	Myocarditis
12060	2022-10-13 13:14:00.282371	Leah77
12064	2022-10-13 13:15:42.485292	PizzaGateIsReal
12078	2022-10-13 13:26:29.845795	ParentsRights
9845	2022-10-09 09:18:34.579916	KariLakeForAZ
9848	2022-10-09 09:18:59.325939	TheDistinguishedGentleman
9850	2022-10-09 09:19:17.091687	TrumpEndorsed
9857	2022-10-09 09:20:19.4415	CornPopJoe
9859	2022-10-09 09:20:36.882911	EarthDay
9860	2022-10-09 09:20:37.757646	TeamGreene
9865	2022-10-09 09:21:08.008004	OneDayJudgedByCharacterNotColor
9868	2022-10-09 09:21:53.145465	JusticeComing
9870	2022-10-09 09:22:10.618565	TheWallsAreClosingInJoe
9871	2022-10-09 09:22:13.81972	Strategy
9872	2022-10-09 09:22:14.713906	Kirk
9877	2022-10-09 09:23:45.870366	AcademicIndocteraination
9881	2022-10-09 09:24:09.205062	EndAllMandates
9883	2022-10-09 09:24:41.320096	ThatsHowItWorks
9888	2022-10-09 09:25:01.727268	MajorMagaMan
9889	2022-10-09 09:25:02.516634	NavySeal
9893	2022-10-09 09:25:47.283332	HoldOn
11279	2022-10-12 23:20:26.673849	RedOctoberIsComing
11280	2022-10-12 23:20:27.006119	FallOfCabal
11281	2022-10-12 23:20:27.914735	YouAlreadyKnow
11284	2022-10-12 23:20:35.162947	DoNotBeAfraid
11286	2022-10-12 23:20:36.432232	SpiritualWarrior
11290	2022-10-12 23:21:23.60434	StressRelief
11291	2022-10-12 23:21:24.200396	SignSign
11292	2022-10-12 23:21:24.724994	ILovePeople
11293	2022-10-12 23:21:25.056636	PeopleAreAwesome
11294	2022-10-12 23:21:31.132939	cometogether
11295	2022-10-12 23:21:31.634366	Love1Another
11297	2022-10-12 23:21:42.416117	spiritualwarriors
11298	2022-10-12 23:21:43.296635	GodExists
11299	2022-10-12 23:21:43.767232	CreatorInChief
11300	2022-10-12 23:21:44.100295	WonderfulGod
11304	2022-10-12 23:22:04.364657	Hammertime
11305	2022-10-12 23:22:08.467282	Joementia
11306	2022-10-12 23:22:09.228233	WFTJoe
11307	2022-10-12 23:22:13.603481	HammerTime
11308	2022-10-12 23:22:15.384781	hammerTime
11309	2022-10-12 23:22:25.698202	WillBe
11310	2022-10-12 23:22:34.546899	Tiger
11312	2022-10-12 23:22:39.416465	HavanahGrace
11313	2022-10-12 23:22:50.417309	wwg1wga_worldwide
11314	2022-10-12 23:22:58.760701	Challenger
11315	2022-10-12 23:22:59.091776	Fakers
11317	2022-10-12 23:23:07.367614	hidden
11318	2022-10-12 23:23:22.699098	TheTruth
11319	2022-10-12 23:23:47.886657	guests
11323	2022-10-12 23:24:03.946504	popefrancisneedstogo
11325	2022-10-12 23:24:05.778992	declas
11331	2022-10-12 23:24:46.881084	will
11332	2022-10-12 23:24:47.204511	TippyTop
11333	2022-10-12 23:25:00.087785	Nickelodeon
11339	2022-10-12 23:25:49.507115	NoThereThere
11343	2022-10-12 23:26:15.471518	TheStormHasarrived
11344	2022-10-12 23:26:18.468692	SilentWar
11345	2022-10-12 23:26:21.379927	EBS
11346	2022-10-12 23:26:48.516277	InTheEnd
11347	2022-10-12 23:26:50.093556	Pigster
11352	2022-10-12 23:27:07.054567	MAGAMovement
11353	2022-10-12 23:27:12.096237	Daisy
11355	2022-10-12 23:27:14.924082	Nothing
11356	2022-10-12 23:27:20.817269	ThePeopleSee
11357	2022-10-12 23:27:34.261495	demonsbegone
11360	2022-10-12 23:27:42.731949	ThesePeopleAreEvil
11362	2022-10-12 23:27:45.639823	PanicAttack
11363	2022-10-12 23:27:46.715335	RigForRed
11364	2022-10-12 23:27:58.285248	LetsGetStarted
11369	2022-10-12 23:28:15.804919	PUMPUPTHEVOLUME
11371	2022-10-12 23:28:37.068157	ril
11372	2022-10-12 23:28:37.527088	JoJo
11373	2022-10-12 23:28:45.137593	BeutifulTaiwan
11374	2022-10-12 23:28:47.089566	ShotHeardRoundTheWorld
11383	2022-10-12 23:29:25.933054	TravelPlans
11387	2022-10-12 23:30:08.197872	OurMission
11389	2022-10-12 23:30:13.673816	DemonsBeGone
11391	2022-10-12 23:30:14.538846	FightForGod
11392	2022-10-12 23:30:14.871247	WhoAreWe
11393	2022-10-12 23:30:15.985183	FaithInHumanity
11398	2022-10-12 23:30:23.120254	wwg1wgaworldwide
11399	2022-10-12 23:30:25.521534	PrayForOurCountry
11401	2022-10-12 23:30:26.185822	SpirityalWarfare
11402	2022-10-12 23:30:33.231457	Fucup
11407	2022-10-12 23:30:48.806914	GiveBackTheDiamonds
11408	2022-10-12 23:30:53.994784	FullyJabbed
11409	2022-10-12 23:30:57.07862	Newsome
11410	2022-10-12 23:30:57.380636	InstalledNewsome
11414	2022-10-12 23:31:09.967539	rebuke
11417	2022-10-12 23:31:16.952195	MSMtheEnemyofthePeople
11419	2022-10-12 23:31:41.989973	ConcealAndCarry
11420	2022-10-12 23:31:47.7529	LastSupper
11421	2022-10-12 23:31:49.518456	NoNWO
11422	2022-10-12 23:31:54.1214	EyesToSeeEarsToHear
11426	2022-10-12 23:32:18.78185	DCCriminals
11428	2022-10-12 23:32:20.668957	RememberThis
11429	2022-10-12 23:32:24.408473	WelcomeFren
11430	2022-10-12 23:32:24.74266	knees
11431	2022-10-12 23:32:27.015378	Peter
11432	2022-10-12 23:32:27.31967	Karens
11433	2022-10-12 23:32:27.650687	NoGrumbling
11435	2022-10-12 23:32:44.884113	FridayNightMovie
11436	2022-10-12 23:32:45.576222	falling
11437	2022-10-12 23:32:47.094199	maddog
11439	2022-10-12 23:32:47.983716	GoodForTheSoul
11441	2022-10-12 23:32:50.034026	BeKind
11442	2022-10-12 23:32:57.968259	OnHisKnees
11443	2022-10-12 23:32:58.469195	BrandonBeg
11444	2022-10-12 23:33:08.972313	Party
11445	2022-10-12 23:33:10.655857	SocialMedia
11446	2022-10-12 23:33:11.376517	Unite
11450	2022-10-12 23:33:12.703897	Religion
11451	2022-10-12 23:33:13.423188	Battle
11452	2022-10-12 23:33:14.143384	BringTrumpBack
11454	2022-10-12 23:33:22.947216	CriesOfTheCrusaders
11456	2022-10-12 23:33:37.086792	RayChandler
11458	2022-10-12 23:33:43.786584	prisons
11459	2022-10-12 23:33:46.296715	VisceralReaction
11460	2022-10-12 23:33:49.795832	WhiteHat
11461	2022-10-12 23:33:50.952195	NoJuice
11462	2022-10-12 23:33:51.615404	Stranded
11463	2022-10-12 23:33:52.340246	richpeopleproblems
11465	2022-10-12 23:33:59.464819	WethePeople
11467	2022-10-12 23:34:05.170732	WakingUp
11469	2022-10-12 23:34:19.291427	Vibes
11470	2022-10-12 23:34:22.198492	WeakTrolls
11471	2022-10-12 23:34:24.308634	TakingTheHits
11475	2022-10-12 23:34:59.610045	Regrets
11476	2022-10-12 23:35:00.136139	WhosSorryNow
11477	2022-10-12 23:35:04.878179	BeInConstantPrayer
11478	2022-10-12 23:35:05.239892	FatherHelpUs
11479	2022-10-12 23:35:08.322029	StepInItJill
11480	2022-10-12 23:35:11.467427	Ncswic
11481	2022-10-12 23:35:16.837251	AMBERALERT
11484	2022-10-12 23:35:28.822888	Feelings
11485	2022-10-12 23:35:29.364727	StrongVibrations
11487	2022-10-12 23:35:42.781432	UncleDad
11489	2022-10-12 23:35:55.824935	GoodDay
11490	2022-10-12 23:35:56.130415	fightlikeflynn
9847	2022-10-09 09:18:57.949266	TuckerCarlsonTonight
9849	2022-10-09 09:19:14.28263	CornPopWasAGoodDude
9854	2022-10-09 09:19:35.453879	BringHimBack
9866	2022-10-09 09:21:08.481891	SacredHonor
9874	2022-10-09 09:22:26.148334	ReinstateTrump
9875	2022-10-09 09:23:19.702359	IrrepairablyDamaged
9878	2022-10-09 09:23:59.691503	TheOnlyWayOutIsThrough
9879	2022-10-09 09:24:00.089881	TheObstacleIsThePath
9880	2022-10-09 09:24:00.534572	NoLimitations
9884	2022-10-09 09:24:56.211903	BacktoSchool
9885	2022-10-09 09:24:56.646882	GorgeousPrinceGeorges
9890	2022-10-09 09:25:22.62393	IfIfIf
9892	2022-10-09 09:25:46.613676	BestisYet2Come
11491	2022-10-12 23:35:59.933245	Wwg1wgaWorldwide
11496	2022-10-12 23:36:55.971891	QPost4641
11497	2022-10-12 23:36:56.303895	SeeToBelieve
11498	2022-10-12 23:36:59.296269	Qpost4946
11502	2022-10-12 23:37:04.528645	Freebird
11506	2022-10-12 23:37:18.003889	GiveThanks
11508	2022-10-12 23:37:22.684175	WearItEveryDay
11509	2022-10-12 23:37:27.284225	PoolParty
11510	2022-10-12 23:37:29.648216	MonkeyWerx
11511	2022-10-12 23:37:32.258793	poolParty
11515	2022-10-12 23:37:48.801557	Grief
11516	2022-10-12 23:37:49.131892	CopingSkills
11520	2022-10-12 23:38:04.586582	ILoveYou
11523	2022-10-12 23:38:46.470594	humble
11524	2022-10-12 23:38:53.098923	HaveFaithInHumanity
11526	2022-10-12 23:39:01.185264	TrustInYourself
11527	2022-10-12 23:39:10.093162	Dicernment
11529	2022-10-12 23:39:49.709576	FrensSilk
11530	2022-10-12 23:39:56.446723	Punisher
11531	2022-10-12 23:39:58.326916	NoBrainBrian
11532	2022-10-12 23:40:11.772906	MedalOfDishonor
11533	2022-10-12 23:40:12.396467	WeDontSayHisName
11534	2022-10-12 23:40:12.7301	NoNme
11535	2022-10-12 23:40:14.522889	NoName
11536	2022-10-12 23:40:20.618198	Sonny
11537	2022-10-12 23:40:20.928991	Godfather
11538	2022-10-12 23:40:36.559784	GetInvolved
11539	2022-10-12 23:40:38.111795	MoreDeepStatePlots
11540	2022-10-12 23:40:39.514606	TrhowThemAllOut
11541	2022-10-12 23:40:46.774184	Qdrops
11542	2022-10-12 23:40:47.07726	Boris
11543	2022-10-12 23:40:49.868201	Qdrop3964
11544	2022-10-12 23:40:50.173705	Qdrop3965
11545	2022-10-12 23:40:50.700954	TrustYourself
11546	2022-10-12 23:40:51.045437	ThinkForYourself
11547	2022-10-12 23:40:51.428674	BeInformed
11548	2022-10-12 23:40:54.436926	FGWB
11549	2022-10-12 23:40:57.308355	QDrop
11550	2022-10-12 23:40:57.760256	drop3964
11551	2022-10-12 23:40:58.090927	drop3965
11552	2022-10-12 23:40:58.612964	Think4Yourself
11553	2022-10-12 23:41:10.49156	Cocfefe
11554	2022-10-12 23:41:17.208953	DemonBeGone
11555	2022-10-12 23:41:18.721688	PutThemAway
11556	2022-10-12 23:41:19.028944	Trash
12043	2022-10-13 12:59:20.765398	ThanksObama
12082	2022-10-13 13:28:32.667347	IDoThisForYou
12091	2022-10-13 13:29:03.612502	Fluoride
12120	2022-10-13 13:46:42.01532	covidhoax
12122	2022-10-13 13:47:56.136864	Infowars
12124	2022-10-13 13:48:00.323333	nearmyth
12126	2022-10-13 13:49:30.21553	MigrantsVineyard
12127	2022-10-13 13:49:59.492344	HotAndEmpty
12128	2022-10-13 13:50:00.951303	cog
12131	2022-10-13 13:51:14.955298	PolioBooster
12133	2022-10-13 13:53:10.912403	Godislove
12134	2022-10-13 13:53:11.371487	GodIsGood
12135	2022-10-13 13:55:11.531441	TheWorldIsWatching
12137	2022-10-13 13:56:53.215154	ThinkMirror
12138	2022-10-13 13:58:40.023973	FallFest
12139	2022-10-13 13:59:18.467715	BlackoutProtection
12142	2022-10-13 14:03:04.804671	TheyLiedPeopleDied
12143	2022-10-13 14:03:05.199639	WeWillNeverForget
12145	2022-10-13 14:06:26.371342	karenbass
12150	2022-10-13 14:14:47.389	ForcedLabor
12151	2022-10-13 14:15:11.464908	DemocratsAreEvil
12163	2022-10-13 14:28:34.099503	lizcheney
12166	2022-10-13 14:32:29.843276	ClimateClowns
12168	2022-10-13 14:33:42.771345	memequeen_
12177	2022-10-13 14:38:04.267006	PedoPeterisJuiced
12187	2022-10-13 14:44:19.325115	POLITICIANS
12188	2022-10-13 14:44:19.803199	selfserving
12196	2022-10-13 14:48:18.847287	SteeleDossier
12300	2022-10-13 18:02:21.578718	Makiivka
12308	2022-10-13 18:10:23.930003	BoycottKelloggs
12323	2022-10-13 19:08:35.729363	StopChildSexTrafficking
12324	2022-10-13 19:11:31.277474	FoolishRussia
12325	2022-10-13 19:14:57.973306	standwithukraine
12326	2022-10-13 19:14:58.345429	prayforukraine
12327	2022-10-13 19:24:48.69592	eugenics
12328	2022-10-13 19:25:48.297229	BidenGate
12329	2022-10-13 19:31:25.189722	DWACtheSEC
12330	2022-10-13 19:31:26.475343	ROCKtheProxy
12331	2022-10-13 19:36:28.685906	80s
12332	2022-10-13 19:36:40.205382	philadelphia
12333	2022-10-13 19:37:07.040922	DWAC_STOCK
12334	2022-10-13 19:40:34.682339	Poison
12335	2022-10-13 19:41:11.101298	betaboys
12336	2022-10-13 19:41:11.493387	alphamen
12337	2022-10-13 19:41:11.957268	mayorpothole
12338	2022-10-13 19:43:24.18056	LUNA
12339	2022-10-13 19:43:49.631243	CEL
12340	2022-10-13 19:44:40.41493	WatchTheWaters
12341	2022-10-13 19:45:43.835517	defeatthemandates
12342	2022-10-13 19:46:34.95524	DWACstock
12343	2022-10-13 19:46:40.346127	HunterAct
12344	2022-10-13 19:46:57.502237	BENE
12345	2022-10-13 19:47:49.312381	Eugenics
12346	2022-10-13 19:51:16.861129	SeeTheLight
12347	2022-10-13 19:51:47.143413	Polls
12348	2022-10-13 19:53:57.075187	StacyAbrams
12349	2022-10-13 19:53:57.460634	gluttony
12350	2022-10-13 19:53:57.98357	obesewomen
12351	2022-10-13 19:53:58.427022	stacysmules
12352	2022-10-13 19:53:59.75494	kfcchicken
12353	2022-10-13 19:54:07.34318	IlligitimatePresident
12354	2022-10-13 19:54:07.800073	IncoherentJoe
12355	2022-10-13 19:54:25.395049	BiBoring
12356	2022-10-13 19:54:25.836437	BiSleepy
12357	2022-10-13 19:54:26.267855	BiDense
12358	2022-10-13 19:54:26.823293	ByeByeBiden2024
12359	2022-10-13 19:57:27.810828	decertifytheelection
12360	2022-10-13 19:57:28.802242	StateOfTheBunion
12361	2022-10-13 20:00:34.303459	LTI
12362	2022-10-13 20:00:35.232985	Liftthecap
12363	2022-10-13 20:00:44.636228	SayNoToPedoJoe
12364	2022-10-13 20:01:27.539094	WEWILLWIN
12365	2022-10-13 20:02:39.907303	reimagineDisney
12366	2022-10-13 20:02:40.639218	RedpillProject
12368	2022-10-13 20:05:37.300854	nmt
12369	2022-10-13 20:06:38.580686	boycott
12370	2022-10-13 20:10:56.707241	research
12371	2022-10-13 20:12:07.244619	SOL
9851	2022-10-09 09:19:23.136448	Champion
9852	2022-10-09 09:19:25.536649	Icon
9853	2022-10-09 09:19:26.218535	GiftThatKeepsGiving
9855	2022-10-09 09:19:42.714915	AmericaRises
9861	2022-10-09 09:20:39.0466	RedTidalWave
9862	2022-10-09 09:21:03.14142	BloodOnTheirHands
9863	2022-10-09 09:21:04.494802	joeisFucked
9864	2022-10-09 09:21:07.575832	IHaveADream
9867	2022-10-09 09:21:40.734312	Karilake
9869	2022-10-09 09:22:10.223134	TheJigIsUpOnYouHunter
9873	2022-10-09 09:22:16.033967	willsmithslap
9876	2022-10-09 09:23:45.432935	CloseTheDeal
9882	2022-10-09 09:24:19.906467	VotingMachines
9886	2022-10-09 09:25:00.330308	Eli4Arizona
9887	2022-10-09 09:25:01.282188	EverybodyLovesHim
9891	2022-10-09 09:25:23.036937	OkieDoke
9894	2022-10-09 09:25:57.437303	Spicy
11492	2022-10-12 23:36:36.461888	Qmap
11493	2022-10-12 23:36:43.92428	amazingBoy
11494	2022-10-12 23:36:44.810484	Dreams
11495	2022-10-12 23:36:55.278643	Qpost4396
11499	2022-10-12 23:36:59.803024	Qpost2039
11500	2022-10-12 23:37:00.171642	QPost4407
11501	2022-10-12 23:37:00.541846	Qpost1105
11503	2022-10-12 23:37:05.262768	Ouch
11504	2022-10-12 23:37:05.790717	FirstClassLady
11505	2022-10-12 23:37:16.57993	ArmourOfGod
11507	2022-10-12 23:37:18.719395	Humbles
11512	2022-10-12 23:37:33.941584	HandOfGod
11513	2022-10-12 23:37:43.296021	resolution
11514	2022-10-12 23:37:48.277677	youarenotalone
11517	2022-10-12 23:37:49.468818	ShatterIllusions
11518	2022-10-12 23:37:49.802113	spritualwarfare
11519	2022-10-12 23:37:50.139327	YourTribe
11521	2022-10-12 23:38:28.868987	GodIsAwesome
11522	2022-10-12 23:38:31.603068	200Mules
11525	2022-10-12 23:38:53.429645	HaveFaithInYourself
11528	2022-10-12 23:39:14.925889	FreeBird
12140	2022-10-13 14:00:32.239141	Owns
12141	2022-10-13 14:01:32.135277	GetYourFactsStraight
12144	2022-10-13 14:05:14.603412	Youvebeencancelled
12146	2022-10-13 14:06:37.491341	remember
12147	2022-10-13 14:11:22.643868	MalcolmNance
12148	2022-10-13 14:14:21.83662	JohnFetterman
12149	2022-10-13 14:14:46.923517	SolarPanels
12152	2022-10-13 14:15:24.943425	WinBackTheHouse
12153	2022-10-13 14:15:26.099178	WinBackAmerica
12154	2022-10-13 14:21:53.707243	drdeath
12155	2022-10-13 14:21:54.13183	peopledied
12156	2022-10-13 14:21:59.531866	DrFauci
12159	2022-10-13 14:22:24.195972	TurnThatShitOff
12160	2022-10-13 14:27:01.523525	CHRISTIAN
12161	2022-10-13 14:27:02.271313	RINOsAreMoreDangerousThanDemocrats
12162	2022-10-13 14:28:05.827356	creepyJoe
12164	2022-10-13 14:32:15.675263	NovemberRedWave
12167	2022-10-13 14:33:42.55531	RogerStoneStillDidNothingWrong
12169	2022-10-13 14:33:44.831532	laughingstockoftheworld
12170	2022-10-13 14:33:59.483477	SteveSisolak
12171	2022-10-13 14:34:11.239274	DrOz
12173	2022-10-13 14:34:47.184058	insurrection
12174	2022-10-13 14:34:48.122996	NightofRage
12180	2022-10-13 14:41:33.255928	StopCRTandBrainWashing
12182	2022-10-13 14:42:29.259013	SElectionCode
12184	2022-10-13 14:42:43.375394	Kansas
12185	2022-10-13 14:42:47.795324	OilAndGas
12189	2022-10-13 14:44:55.449078	FJJB
12190	2022-10-13 14:45:08.431557	Blackouts
12191	2022-10-13 14:45:27.318992	StopTheWEF
12192	2022-10-13 14:45:28.459348	StopTheNWO
12194	2022-10-13 14:47:21.923398	stopgroomers
12195	2022-10-13 14:48:12.051357	EverythingWokeTurnsToShit
12197	2022-10-13 14:49:40.883148	BuildBackBroken
12198	2022-10-13 14:52:41.907032	TheKillingFields
12199	2022-10-13 14:53:00.800562	SayNoToGroomers
12200	2022-10-13 14:53:01.224483	MassChildAbuse
12201	2022-10-13 14:53:01.383323	clubofrome
12202	2022-10-13 14:53:01.808336	gretaThunberg
12203	2022-10-13 14:53:02.2069	environment
12204	2022-10-13 14:56:01.748971	ElissaSlotkin
12205	2022-10-13 14:56:09.664107	BigFacts
12207	2022-10-13 14:59:23.039044	Piglosi
12208	2022-10-13 15:01:08.555172	PregnantMen
12209	2022-10-13 15:01:09.031356	pregnancy
12211	2022-10-13 15:01:13.04496	socialist
12212	2022-10-13 15:01:13.459118	progressives
12216	2022-10-13 15:11:00.521411	MyPOTUS
12217	2022-10-13 15:11:48.89135	URLTV
12219	2022-10-13 15:12:41.692799	BayouLaBatre
12220	2022-10-13 15:12:47.627278	stoptheGreatReset
12224	2022-10-13 15:17:16.983479	flushot
12225	2022-10-13 15:17:17.649865	covidbioweapon
12227	2022-10-13 15:17:22.303006	insurancepolicy
12228	2022-10-13 15:17:22.743148	insurance
12229	2022-10-13 15:17:29.267143	Publix
12230	2022-10-13 15:17:29.959608	ThankYouPublix
12231	2022-10-13 15:18:54.415179	honorflight
12233	2022-10-13 15:21:39.179069	Shameless
12235	2022-10-13 15:22:39.871314	Liar
12236	2022-10-13 15:23:55.327257	Eagle
12237	2022-10-13 15:23:56.263315	Rittenhouse
12238	2022-10-13 15:24:55.627443	proudfather
12239	2022-10-13 15:28:06.569487	ParklandSchoolMassacre
12240	2022-10-13 15:28:07.027346	davidhogg
12241	2022-10-13 15:28:07.443894	CrisisActor
12242	2022-10-13 15:29:41.13933	evilmouse
12244	2022-10-13 15:35:20.535478	buylocal
12245	2022-10-13 15:35:20.919272	SupportLocal
12246	2022-10-13 15:35:57.547285	DUMBS32
12248	2022-10-13 15:38:34.96293	RealNotRare
12249	2022-10-13 15:42:58.639074	FlagDay
12250	2022-10-13 15:44:14.666953	childhoodvaccines
12253	2022-10-13 15:46:55.483317	WorldAlternativeMedia
12254	2022-10-13 15:49:31.827189	Transition
12255	2022-10-13 15:57:48.694879	January6thCommitteeHearings
12256	2022-10-13 16:03:15.403018	federalReserve
12257	2022-10-13 16:10:15.823159	InvestigateFauci
12258	2022-10-13 16:10:16.244012	ImprisonFauci
12259	2022-10-13 16:10:26.810965	SelectionCodeMovie
12260	2022-10-13 16:13:43.523106	Makesocialmediafunagain
12261	2022-10-13 16:13:45.655055	Hillaryforprison
12262	2022-10-13 16:14:45.201091	thrivetimeshow
12263	2022-10-13 16:18:56.239089	clayclark
12264	2022-10-13 16:19:05.879134	reawakenamericatour
12265	2022-10-13 16:19:13.780838	TheWorldTogether
12266	2022-10-13 16:26:06.283815	conspiracies
12267	2022-10-13 16:29:12.633577	StopTheWHO
12268	2022-10-13 16:30:15.795962	fuckingloveit
12269	2022-10-13 16:34:52.995036	mustread
12270	2022-10-13 16:34:59.147133	WWG1WWA
12271	2022-10-13 16:42:44.631165	fakenarrative
12272	2022-10-13 16:42:45.151195	damagecontrol
12273	2022-10-13 16:42:58.395838	theresident
12274	2022-10-13 16:44:45.305114	impeachBiden
12275	2022-10-13 16:47:06.591945	monkeypoxalypse
12276	2022-10-13 16:47:43.539548	FF
12617	2022-10-14 04:34:33.557559	americanfirst
12618	2022-10-14 04:34:34.194999	rootoutevil
12619	2022-10-14 04:34:34.547123	youworkforus
12620	2022-10-14 04:34:34.921986	yourefired
12635	2022-10-14 04:35:00.139464	nodueprocess
12638	2022-10-14 04:35:13.827466	havecourage
12640	2022-10-14 04:35:18.695022	fraudsters
12645	2022-10-14 04:35:31.150971	acityonahill
12646	2022-10-14 04:35:31.678669	thelastbesthope
12647	2022-10-14 04:35:32.111116	loveitorleaveit
12648	2022-10-14 04:35:37.632253	marcustulliuscicero
12649	2022-10-14 04:35:39.691036	foundersfounders
12650	2022-10-14 04:35:40.313412	callitwhatitis
12662	2022-10-14 04:36:05.571092	wordsarepower
12665	2022-10-14 04:36:10.606981	defamation
12668	2022-10-14 04:36:12.326908	silenceisgolden
12669	2022-10-14 04:36:12.771083	honestymatters
12675	2022-10-14 04:36:31.643057	Dontdrinkthekoolaid
12678	2022-10-14 04:36:37.766672	godwilljudgeyou
12679	2022-10-14 04:36:38.234053	thearescared
12681	2022-10-14 04:36:40.149403	listenandlearn
12684	2022-10-14 04:37:00.211907	secondammendment
12685	2022-10-14 04:37:00.736571	checksandbalances
12686	2022-10-14 04:37:07.087492	johnlocke
12696	2022-10-14 04:37:21.866997	itsnotmyfault
12697	2022-10-14 04:37:22.337244	decisionsmatter
12698	2022-10-14 04:37:22.86731	stolenelectionsmatter
12706	2022-10-14 04:37:37.888462	throwthemout
12707	2022-10-14 04:37:42.923007	thecostishigh
12711	2022-10-14 04:37:59.907085	armedanddangerous
12712	2022-10-14 04:38:00.353874	voterhinosout
12713	2022-10-14 04:38:01.027957	impeachrhinos
12714	2022-10-14 04:38:01.502418	oathbreaker
12721	2022-10-14 04:38:19.899201	christiannation
12722	2022-10-14 04:38:20.320241	historymatters
12723	2022-10-14 04:38:21.243437	digdeeper
12729	2022-10-14 04:38:39.773524	loveyourneighbor
12732	2022-10-14 04:38:44.687877	nothingmorevaluable
12733	2022-10-14 04:38:45.391247	freedomordeath
12734	2022-10-14 04:38:45.911984	atimeforchoosing
12735	2022-10-14 04:38:46.368309	thelineisdrawn
12744	2022-10-14 04:39:10.526097	standupforourrights
12745	2022-10-14 04:39:11.019049	takeheart
12749	2022-10-14 04:39:13.333249	speakout
12753	2022-10-14 04:39:21.151216	residentbiden
12758	2022-10-14 04:39:34.3577	youhaverights
12759	2022-10-14 04:39:35.501033	frommycolddeadhands
12764	2022-10-14 04:39:46.375257	dontgiveupyourrights
12765	2022-10-14 04:39:46.88229	standfortruth
12766	2022-10-14 04:39:47.547432	nolongerslaves
12775	2022-10-14 04:40:14.061017	wiseasserpents
12776	2022-10-14 04:40:15.395071	dontgiveitaway
12780	2022-10-14 04:40:23.147339	trumplicans
12782	2022-10-14 04:40:24.852708	lamestreammedia
12784	2022-10-14 04:40:31.127179	powerless
12785	2022-10-14 04:40:31.703333	nocredibility
12786	2022-10-14 04:40:32.519378	nooneislistening
12787	2022-10-14 04:40:34.059063	really
12792	2022-10-14 04:40:59.12335	leave
12793	2022-10-14 04:40:59.543534	goinpeace
12794	2022-10-14 04:40:59.975045	forgetthem
12795	2022-10-14 04:41:08.498142	calledit
12797	2022-10-14 04:41:09.470953	thisisnotnew
12798	2022-10-14 04:41:10.551626	vorethemout
12801	2022-10-14 04:41:19.179653	protectfreedom
12803	2022-10-14 04:41:20.054224	stayfree
12804	2022-10-14 04:41:23.95485	standfirm
12805	2022-10-14 04:41:24.678964	protecttheunborn
12808	2022-10-14 04:41:28.879156	staystrong
12821	2022-10-14 04:41:49.130993	johnpauljones
12822	2022-10-14 04:41:49.922004	demorats
12829	2022-10-14 04:41:54.374205	ministryoftruth
12830	2022-10-14 04:41:54.917119	dontcensorme
12834	2022-10-14 04:42:11.557771	fightforjustice
12836	2022-10-14 04:42:12.827083	Godforgiveus
12838	2022-10-14 04:42:14.390874	defendtheunborn
12841	2022-10-14 04:42:19.938149	despotism
12842	2022-10-14 04:42:20.450003	fighttyranny
12849	2022-10-14 04:42:30.898968	constitutionalrepublic
12850	2022-10-14 04:42:31.328461	trumplican
12855	2022-10-14 04:42:47.107029	nathanaelgreene
12859	2022-10-14 04:42:49.926994	resovle
12860	2022-10-14 04:42:57.047294	jamesmonroe
12861	2022-10-14 04:42:59.275004	christianvalues
12862	2022-10-14 04:43:00.533576	wewillnotcomply
12863	2022-10-14 04:43:09.161885	status
12868	2022-10-14 04:43:13.991126	spendwisely
12869	2022-10-14 04:43:18.32706	standupfortruth
12871	2022-10-14 04:43:19.548801	standupforkids
12872	2022-10-14 04:43:20.003039	noindoctrination
12877	2022-10-14 04:43:28.818285	thetruthwillsetyoufree
12880	2022-10-14 04:43:37.3326	27years
12885	2022-10-14 04:43:50.439132	tencommandments
12886	2022-10-14 04:43:53.717633	godslaw
12887	2022-10-14 04:43:54.13803	liberity
12888	2022-10-14 04:43:55.287052	godgiven
12889	2022-10-14 04:43:55.801911	passover
12895	2022-10-14 04:44:09.613391	wehaverights
12896	2022-10-14 04:44:10.832699	elitessuck
12899	2022-10-14 04:44:17.446423	studytoshowthyselfapproved
12902	2022-10-14 04:44:22.954958	benfranklin
12905	2022-10-14 04:44:25.208985	fightforit
12906	2022-10-14 04:44:26.916422	dontmesswithus
12915	2022-10-14 04:44:44.9527	getoffmyback
12926	2022-10-14 04:45:24.572102	cashisking
12948	2022-10-14 04:46:18.417691	3branchesofgovernment
12949	2022-10-14 04:46:19.341001	knowyourgovernment
12958	2022-10-14 04:46:49.184236	debtisslavery
12961	2022-10-14 04:47:12.086814	poutingpelosi
12963	2022-10-14 04:47:13.311168	weirdstareshumer
12988	2022-10-14 04:48:12.135349	grow
13005	2022-10-14 04:48:34.908501	dontbesatisfied
13006	2022-10-14 04:48:35.27213	onecountry
13007	2022-10-14 04:48:43.471675	neverdespair
13008	2022-10-14 04:48:44.768717	samadams
13009	2022-10-14 04:48:45.126977	keeponkeepinon
13386	2022-10-15 07:27:25.61314	Offended
13387	2022-10-15 07:27:26.64528	SpeeakUp
13388	2022-10-15 07:27:45.429107	disclosure
13389	2022-10-15 07:27:45.863833	declassified
13391	2022-10-15 07:28:45.383592	democratesrfrauds
13392	2022-10-15 07:29:32.66315	takebackyourlocalelections
13393	2022-10-15 07:30:38.246213	OMNIBUS
13394	2022-10-15 07:36:10.250653	tool
13395	2022-10-15 07:37:44.05315	TaylorSwift
13396	2022-10-15 07:39:00.786504	radical
13397	2022-10-15 07:39:34.69441	DemsHateAmerica
13398	2022-10-15 07:39:51.119432	keepclimbing
13399	2022-10-15 07:40:53.845908	IllegitimatePresident
13400	2022-10-15 07:41:13.23488	fightlikeaflynn
13401	2022-10-15 07:45:39.180746	LBG
13402	2022-10-15 07:47:29.148743	fauciouchie
13403	2022-10-15 07:49:23.46194	braindead
13404	2022-10-15 07:50:18.377686	SayNOtotheVax
12621	2022-10-14 04:34:38.415369	georgeorwell
12622	2022-10-14 04:34:39.676985	secretpolice
12625	2022-10-14 04:34:41.267801	yesmen
12631	2022-10-14 04:34:57.38984	equaljustice
12632	2022-10-14 04:34:57.781808	bananarepublic
12636	2022-10-14 04:35:12.584733	boycottymca
12637	2022-10-14 04:35:13.087162	truthistruth
12643	2022-10-14 04:35:24.782962	protecttheinnoccent
12644	2022-10-14 04:35:30.647405	weareamericans
12651	2022-10-14 04:35:41.449285	cancelthem
12653	2022-10-14 04:35:42.606881	becomingwoke
12654	2022-10-14 04:35:43.427143	bewise
12655	2022-10-14 04:35:43.94578	theywilldoitagain
12656	2022-10-14 04:36:01.549361	samueladams
12657	2022-10-14 04:36:02.059045	classic
12663	2022-10-14 04:36:08.632117	abelincoln
12664	2022-10-14 04:36:10.154385	suetheview
12670	2022-10-14 04:36:13.611635	apologynotaccepted
12671	2022-10-14 04:36:14.103448	classactionlawsuit
12672	2022-10-14 04:36:14.63333	hatersgoingtohate
12673	2022-10-14 04:36:19.1473	fightforyourrights
12674	2022-10-14 04:36:24.957913	timestheyareachangin
12676	2022-10-14 04:36:36.818988	powerhungry
12677	2022-10-14 04:36:37.338979	leeches
12688	2022-10-14 04:37:09.166715	houseofrepresentatives
12689	2022-10-14 04:37:10.712113	youarefired
12690	2022-10-14 04:37:11.161603	learnsomethingnew
12691	2022-10-14 04:37:13.945124	edmundrandolph
12695	2022-10-14 04:37:16.989811	donttrustthegovernment
12701	2022-10-14 04:37:25.739194	yourkillingmesmalls
12703	2022-10-14 04:37:29.803201	biblicalprinciples
12704	2022-10-14 04:37:34.297724	abrahamlincoln
12725	2022-10-14 04:38:36.494571	promisenotpride
12726	2022-10-14 04:38:37.083056	humbleyourself
12727	2022-10-14 04:38:37.932993	lovethesinnerhatethesin
12737	2022-10-14 04:38:50.397912	williamblackstone
12738	2022-10-14 04:39:00.122509	thegreatestgeneration
12740	2022-10-14 04:39:01.055054	bravery
12741	2022-10-14 04:39:02.971455	worldwar2
12742	2022-10-14 04:39:08.846716	marquisdelafayette
12743	2022-10-14 04:39:09.575118	principlesmatter
12748	2022-10-14 04:39:12.51271	churchmatters
12750	2022-10-14 04:39:18.543519	knowyourrights
12751	2022-10-14 04:39:19.803346	powergrab
12754	2022-10-14 04:39:25.733161	watchclosely
12755	2022-10-14 04:39:26.161502	mirrorimage
12761	2022-10-14 04:39:40.588264	stephenambrose
12762	2022-10-14 04:39:41.042985	bandofbrothers
12774	2022-10-14 04:39:54.32878	iamvolunteering
12779	2022-10-14 04:40:19.082342	neverquit
12783	2022-10-14 04:40:26.66135	dontfallforit
12788	2022-10-14 04:40:39.493514	character
12802	2022-10-14 04:41:19.602813	highcost
12806	2022-10-14 04:41:25.156116	thankyoutrump
12817	2022-10-14 04:41:35.796126	promiseskept
12820	2022-10-14 04:41:43.933912	peelingbackthelayers
12823	2022-10-14 04:41:50.403243	protectourkids
12831	2022-10-14 04:41:59.950642	crazy
12844	2022-10-14 04:42:22.66836	alltriators
12846	2022-10-14 04:42:28.668904	rightwins
12848	2022-10-14 04:42:30.401036	actworthyofyourselves
12851	2022-10-14 04:42:38.48314	riseup
12852	2022-10-14 04:42:38.944153	standuptotyrany
12853	2022-10-14 04:42:39.402984	wewillnotbesilent
12854	2022-10-14 04:42:39.911307	freedomhasacost
12864	2022-10-14 04:43:09.950049	hecalledit
12870	2022-10-14 04:43:18.758455	parentsmatter
12874	2022-10-14 04:43:27.120239	legalimmigration
12875	2022-10-14 04:43:27.907115	protectamerica
12876	2022-10-14 04:43:28.338025	deportillegals
12881	2022-10-14 04:43:38.345016	billygraham
12883	2022-10-14 04:43:43.371106	seebothsides
12884	2022-10-14 04:43:44.099814	nogoodactors
12891	2022-10-14 04:44:01.31907	deceived
12892	2022-10-14 04:44:01.810157	mentaldisorder
12907	2022-10-14 04:44:30.534236	familyvalues
12908	2022-10-14 04:44:31.292558	hitthemwereithurts
12909	2022-10-14 04:44:31.815155	canceldisneyplus
12910	2022-10-14 04:44:32.570421	familiesmatter
12911	2022-10-14 04:44:33.033808	protectkids
12914	2022-10-14 04:44:40.863118	trustbutverify
12923	2022-10-14 04:45:18.79978	ithashappenedbefore
12928	2022-10-14 04:45:26.432059	watchcarefully
12929	2022-10-14 04:45:31.455907	nathanhale
12930	2022-10-14 04:45:31.909878	americancourage
12931	2022-10-14 04:45:33.513068	talkischeap
12938	2022-10-14 04:45:48.574223	fool
12939	2022-10-14 04:45:49.07708	destroyingamerica
12940	2022-10-14 04:45:49.503467	prayforgrace
12943	2022-10-14 04:45:59.595327	paulrevere
12953	2022-10-14 04:46:40.688546	Godwilljudge
12960	2022-10-14 04:46:51.945505	wearntstupid
12964	2022-10-14 04:47:15.015029	elitist
12966	2022-10-14 04:47:17.809204	canceltyranny
12970	2022-10-14 04:47:30.027835	itisnotmyfault
12971	2022-10-14 04:47:31.052038	dontbeadrone
12973	2022-10-14 04:47:42.540564	itstheirfault
12983	2022-10-14 04:47:57.535251	governmentoverreach
12984	2022-10-14 04:47:57.889434	protectyourfuture
12985	2022-10-14 04:48:10.006733	individualresponsibility
12986	2022-10-14 04:48:10.575182	beresponsible
12990	2022-10-14 04:48:18.705452	principles
12994	2022-10-14 04:48:24.338275	thoushaltnotmurder
12995	2022-10-14 04:48:24.922941	natureslaw
12996	2022-10-14 04:48:25.312865	immutable
13001	2022-10-14 04:48:32.18321	foundingfathers
13004	2022-10-14 04:48:34.125235	amoreperfectunion
13013	2022-10-14 04:49:00.815636	danielwebster
13014	2022-10-14 04:49:02.933927	publicsafety
13390	2022-10-15 07:27:46.886016	LetsGO
13405	2022-10-15 07:51:07.3798	LookHereNotThere
13936	2022-10-16 03:33:07.518951	liberalmeltdown
13937	2022-10-16 03:41:52.583862	ThankYouJesus
13939	2022-10-16 03:48:07.05846	OnlyFans
13941	2022-10-16 03:50:47.697526	UniversalBasicIncome
13942	2022-10-16 03:52:45.785957	HomeDepot
13943	2022-10-16 03:52:46.68831	Lowes
13945	2022-10-16 03:53:33.113878	Denzel
13948	2022-10-16 03:54:12.472427	KevinSorbo
13950	2022-10-16 03:54:22.248358	EmmaWeyant
13953	2022-10-16 03:54:38.922194	BigStick
13956	2022-10-16 03:56:55.46563	heritage
13957	2022-10-16 03:57:02.292716	NailsOnTheBlackboard
13958	2022-10-16 03:57:04.386616	OrangeGirlBad
13959	2022-10-16 03:57:04.894098	Psaki
13961	2022-10-16 03:57:31.742485	JusticeForJuicy
13962	2022-10-16 03:57:33.35229	StupidIdiot
13963	2022-10-16 03:57:33.79849	Karma
13964	2022-10-16 03:57:43.332542	BidensPriceHike
13966	2022-10-16 04:00:18.445679	HeartDisease
13968	2022-10-16 04:00:49.47664	Ukranian
13969	2022-10-16 04:01:06.200543	TheView
13970	2022-10-16 04:01:13.288482	Lent
12623	2022-10-14 04:34:40.070542	tyrants
12624	2022-10-14 04:34:40.876854	politicalhacks
12626	2022-10-14 04:34:41.626276	cya
12627	2022-10-14 04:34:42.197874	nohonor
12628	2022-10-14 04:34:46.393891	impeachgarland
12629	2022-10-14 04:34:46.75064	fbigestapo
12630	2022-10-14 04:34:56.579125	equals
12633	2022-10-14 04:34:58.375909	deathtotyryants
12634	2022-10-14 04:34:58.946987	demsarescared
12641	2022-10-14 04:35:19.63107	selfish
12642	2022-10-14 04:35:20.09525	postrepost
12652	2022-10-14 04:35:41.947007	youhaveotheroptions
12658	2022-10-14 04:36:02.772634	stillapplies
12659	2022-10-14 04:36:03.255183	bidenrecession
12660	2022-10-14 04:36:03.756908	factsarestubbornthings
12661	2022-10-14 04:36:05.067243	definitionsmatter
12666	2022-10-14 04:36:11.05897	arrogance
12667	2022-10-14 04:36:11.827565	shutup
12680	2022-10-14 04:36:39.637011	edmundburke
12682	2022-10-14 04:36:52.9849	designedbygod
12683	2022-10-14 04:36:53.965	educateyourself
12687	2022-10-14 04:37:08.698735	stateofwar
12692	2022-10-14 04:37:15.587702	fightforfreedom
12693	2022-10-14 04:37:16.087355	selfgovernment
12694	2022-10-14 04:37:16.559221	standuptotyrants
12699	2022-10-14 04:37:23.751139	blameothers
12700	2022-10-14 04:37:24.207272	getyourcraptogether
12702	2022-10-14 04:37:29.276866	godswaysarehigher
12705	2022-10-14 04:37:36.912795	democratssuck
12708	2022-10-14 04:37:43.419517	teachyourkids
12709	2022-10-14 04:37:43.939089	studyourhistory
12710	2022-10-14 04:37:59.049185	learnsomething
12715	2022-10-14 04:38:09.376799	protectlife
12716	2022-10-14 04:38:09.873554	godcanuseanyone
12717	2022-10-14 04:38:10.817211	rejoice
12718	2022-10-14 04:38:11.248206	soexcited
12719	2022-10-14 04:38:11.713896	theproofisinthepudding
12720	2022-10-14 04:38:19.199155	foundingfather
12724	2022-10-14 04:38:32.01351	selfgovernance
12728	2022-10-14 04:38:39.33353	kindness
12730	2022-10-14 04:38:42.711675	marcustuliuscicero
12731	2022-10-14 04:38:43.789871	foundersfounder
12736	2022-10-14 04:38:46.887212	standupforfreedom
12739	2022-10-14 04:39:00.590169	courageunderfire
12746	2022-10-14 04:39:11.444542	evilisevil
12747	2022-10-14 04:39:11.927408	becourageous
12752	2022-10-14 04:39:20.211362	tyrannicalgovernment
12756	2022-10-14 04:39:26.822381	ihaveseenthismovie
12757	2022-10-14 04:39:27.305066	notgood
12760	2022-10-14 04:39:36.800382	tyrantswillfall
12763	2022-10-14 04:39:41.791922	taketimetoremeber
12767	2022-10-14 04:39:49.795227	justicemustbeserved
12768	2022-10-14 04:39:50.690063	holdthemaccountable
12769	2022-10-14 04:39:51.894942	mustwatch
12770	2022-10-14 04:39:52.395196	wewontbesilenced
12771	2022-10-14 04:39:52.858924	bringtruthtothelight
12772	2022-10-14 04:39:53.3319	nevergiveup
12773	2022-10-14 04:39:53.836891	thisistreason
12777	2022-10-14 04:40:17.869615	neversurrender
12778	2022-10-14 04:40:18.356415	overmydeadbody
12781	2022-10-14 04:40:24.416546	freedomisworthdyingfor
12789	2022-10-14 04:40:40.487283	nofear
12790	2022-10-14 04:40:45.208485	biblicalfoundations
12791	2022-10-14 04:40:45.708781	foundingprinciples
12796	2022-10-14 04:41:09.026059	truebeans
12799	2022-10-14 04:41:11.019295	youcandoit
12800	2022-10-14 04:41:14.455732	happymothersday
12807	2022-10-14 04:41:25.591312	promisekept
12809	2022-10-14 04:41:30.788358	adoption
12810	2022-10-14 04:41:31.548384	makehistory
12811	2022-10-14 04:41:32.296609	moralsandvalues
12812	2022-10-14 04:41:32.766013	standfortheinnocent
12813	2022-10-14 04:41:33.23968	unitedstates
12814	2022-10-14 04:41:34.420961	ifthismeanswarthensobeit
12815	2022-10-14 04:41:34.930846	dieonthishill
12816	2022-10-14 04:41:35.360928	thankstrump
12818	2022-10-14 04:41:41.354989	justiceiscoming
12819	2022-10-14 04:41:43.22443	traiter
12824	2022-10-14 04:41:50.950714	jackass
12825	2022-10-14 04:41:52.211052	communicationskills
12826	2022-10-14 04:41:52.706472	donkeys
12827	2022-10-14 04:41:53.279921	stupidlogo
12828	2022-10-14 04:41:53.770032	protectfreespeech
12832	2022-10-14 04:42:00.7815	dontdrinkthekoolaid
12833	2022-10-14 04:42:01.331002	alwayswatching
12835	2022-10-14 04:42:12.017331	morals
12837	2022-10-14 04:42:13.817088	overturnroevwade
12839	2022-10-14 04:42:15.190183	dealbreaker
12840	2022-10-14 04:42:19.151563	alexisdetocqueville
12843	2022-10-14 04:42:21.347154	covid_19
12845	2022-10-14 04:42:23.499457	readbetweenthelines
12847	2022-10-14 04:42:29.450327	nowisee
12856	2022-10-14 04:42:48.071328	defendyourrights
12857	2022-10-14 04:42:48.579302	learnyourhistory
12858	2022-10-14 04:42:49.473687	conviction
12865	2022-10-14 04:43:10.980697	bigtechsucks
12866	2022-10-14 04:43:11.505805	warning
12867	2022-10-14 04:43:13.179384	actworthyofyourself
12873	2022-10-14 04:43:20.417385	parentsfirst
12878	2022-10-14 04:43:36.178985	stopterrorism
12879	2022-10-14 04:43:36.63799	oklahomacitybombing
12882	2022-10-14 04:43:42.668168	russiaukraine
12890	2022-10-14 04:43:56.331241	soletitbewrittensoletitbedone
12893	2022-10-14 04:44:02.617288	dontplaytheirgame
12894	2022-10-14 04:44:08.832528	transparency
12897	2022-10-14 04:44:12.055105	keeplearning
12898	2022-10-14 04:44:16.364601	dontbedumb
12900	2022-10-14 04:44:17.935503	criticalthinking
12901	2022-10-14 04:44:19.303972	protectyourfreedom
12903	2022-10-14 04:44:24.17137	keepit
12904	2022-10-14 04:44:24.707056	independencehall
12912	2022-10-14 04:44:33.495997	biblicaltruth
12913	2022-10-14 04:44:34.098788	nuclearfamily
12916	2022-10-14 04:44:46.244431	puppetpresident
12921	2022-10-14 04:45:09.368135	greatquote
12922	2022-10-14 04:45:17.323663	thefoundersteachers
12927	2022-10-14 04:45:25.943105	powercorrupts
12932	2022-10-14 04:45:39.207192	lovetheusa
12933	2022-10-14 04:45:40.267163	keepbelieving
12935	2022-10-14 04:45:43.034998	hekilledit
12945	2022-10-14 04:46:10.214965	oligarchy
12946	2022-10-14 04:46:11.259025	dontlegislate
12947	2022-10-14 04:46:12.163029	holdaccountable
12951	2022-10-14 04:46:31.879037	americanenergyindependence
12952	2022-10-14 04:46:33.863184	bewatchful
12955	2022-10-14 04:46:43.698554	retraction
12956	2022-10-14 04:46:44.187214	newyorkpost
12957	2022-10-14 04:46:44.703161	bigtechbullies
12965	2022-10-14 04:47:16.290211	godsees
12967	2022-10-14 04:47:22.041697	rushbaby
12968	2022-10-14 04:47:27.455599	leaderhshipmatters
12977	2022-10-14 04:47:46.747153	doesheknowwhereheis
12639	2022-10-14 04:35:14.275107	standstrong
12917	2022-10-14 04:44:51.619503	leadershipmatters
12918	2022-10-14 04:44:53.270506	killthefed
12919	2022-10-14 04:45:07.214002	truthinfiction
12920	2022-10-14 04:45:07.855641	fightforrights
12924	2022-10-14 04:45:20.675009	shadowbanned
12925	2022-10-14 04:45:21.139195	youwillnotsilenceme
12934	2022-10-14 04:45:41.360943	nocomparison
12936	2022-10-14 04:45:47.071036	itisnotfunny
12937	2022-10-14 04:45:47.527001	elderabuse
12941	2022-10-14 04:45:50.527012	votevotevote
12942	2022-10-14 04:45:51.688285	prayforusa
12944	2022-10-14 04:46:02.44571	wearefree
12950	2022-10-14 04:46:25.781291	wearetheboss
12954	2022-10-14 04:46:42.578638	keepdigging
12959	2022-10-14 04:46:49.641008	fiscalresponsibility
12962	2022-10-14 04:47:12.847075	crazyaoc
12969	2022-10-14 04:47:29.535228	blamingbiden
12972	2022-10-14 04:47:31.833956	weareamerica
12974	2022-10-14 04:47:43.545372	bankruptputin
12975	2022-10-14 04:47:45.271335	weakleadership
12976	2022-10-14 04:47:46.184069	stubborn
13406	2022-10-15 07:53:20.093096	dripdripdrip
13407	2022-10-15 08:00:16.386906	MSMistheEnemyofthePeople
13408	2022-10-15 08:11:17.969339	Airlines
13409	2022-10-15 08:13:40.596268	MaxwellClientList
13410	2022-10-15 08:14:32.36729	FJK
13411	2022-10-15 08:22:43.315473	NicholasSandmann
13412	2022-10-15 08:22:56.258489	TacoTime
13413	2022-10-15 08:24:40.040853	Hyena
13414	2022-10-15 08:26:31.883182	NoNadsler
13415	2022-10-15 08:26:49.31724	MasCervezas
13416	2022-10-15 08:27:19.80125	OhDiosMio
13417	2022-10-15 08:27:45.645046	Trumpy
13418	2022-10-15 08:27:50.21716	DatNinjaTrumpy
13419	2022-10-15 08:28:13.075335	DemonioLiteral
13420	2022-10-15 08:28:17.97424	MunchBoi
13421	2022-10-15 08:28:22.761997	WillSmithPerra
13422	2022-10-15 08:28:45.854241	hermanosPenn
13423	2022-10-15 08:29:26.249448	HelloGitmo
13424	2022-10-15 08:30:28.782703	Trumpers
13425	2022-10-15 08:30:38.20913	starfire
13426	2022-10-15 08:30:38.549085	STARFIRECODES
13427	2022-10-15 08:30:38.412923	etsy
13428	2022-10-15 09:06:28.501197	StandForLife
13429	2022-10-15 09:11:28.050664	AGENDA30
13430	2022-10-15 09:21:23.016097	masksdontwork
13432	2022-10-15 09:26:59.094197	RealPresident
13433	2022-10-15 09:26:59.564993	support45
13435	2022-10-15 09:38:18.841296	Desantis
13436	2022-10-15 09:38:19.621182	OxygenDeficiency
13437	2022-10-15 09:38:20.057844	Bacteria
13439	2022-10-15 10:45:47.161352	residentevil
13440	2022-10-15 11:08:01.933045	PelosiTraitor
13441	2022-10-15 12:40:16.868665	Rt
13442	2022-10-15 12:41:22.602302	ChooChoo
13443	2022-10-15 12:42:43.58074	godblesstrump
13444	2022-10-15 12:51:09.736858	mikepence
13445	2022-10-15 12:52:45.235307	bidenweak
13446	2022-10-15 12:53:56.280442	bama
13447	2022-10-15 12:56:17.254933	beerislife
13448	2022-10-15 12:57:40.160549	justsayin
13449	2022-10-15 12:57:44.986884	brotherhood
13450	2022-10-15 12:59:24.83286	gassshortage2022
13451	2022-10-15 13:00:42.833927	liberalmath
13452	2022-10-15 13:02:45.517466	startdrilling
13453	2022-10-15 13:03:00.968239	faucisucks
13454	2022-10-15 13:03:57.538272	nurembergtrials
13455	2022-10-15 13:04:34.084713	hidebwithbiden
13456	2022-10-15 13:04:39.634907	bumblingidiot
13457	2022-10-15 13:04:44.896218	NotAVaccine
13458	2022-10-15 13:04:45.395984	SideEffects
13459	2022-10-15 13:04:52.332346	Airport
13460	2022-10-15 13:04:52.889466	Passengers
13461	2022-10-15 13:04:53.351412	SpecialTreatment
13462	2022-10-15 13:04:53.847728	RulesForYou
13463	2022-10-15 13:57:57.2482	MyFellowAmericans
13464	2022-10-15 14:07:04.702831	BottomsUp
13465	2022-10-15 14:09:18.978674	TrueNorth
13466	2022-10-15 14:09:46.475559	PlotTwist
13467	2022-10-15 14:11:59.603384	EyesWideOpen
13468	2022-10-15 14:18:57.14307	LitterBirthingFeline
13469	2022-10-15 14:22:06.425477	TRUTHonBLAST
13470	2022-10-15 14:23:37.697692	BannedForLife
13471	2022-10-15 14:23:39.652935	fearless
13472	2022-10-15 14:23:40.077329	warrior
13473	2022-10-15 14:24:33.200151	InstalledResident
13474	2022-10-15 15:09:45.789273	ThePeoplestoken
13475	2022-10-15 15:09:49.328984	FreedomFinance
13476	2022-10-15 15:10:40.906847	BankOfAmericaIsCommieTrash
13477	2022-10-15 15:10:56.736377	AmeicaFirst
13478	2022-10-15 15:11:06.084025	Nft
13479	2022-10-15 15:11:09.36506	btc
13480	2022-10-15 15:11:44.37691	FightCensorship
13481	2022-10-15 15:12:29.314734	PrayForFlorida
13482	2022-10-15 15:12:30.005456	FreeFossilFuels
13483	2022-10-15 15:13:12.921025	LetsGoBrazil
13484	2022-10-15 15:14:13.179985	MAGAForever
13485	2022-10-15 15:14:26.737506	FuckBiden
13486	2022-10-15 15:14:29.440996	SaveNY
13487	2022-10-15 15:14:50.229155	MakeCryptoGreatAgain
13488	2022-10-15 15:15:14.488843	CBDC
13489	2022-10-15 15:16:03.526933	americanexceptionalism
13490	2022-10-15 15:16:27.267023	REALpandemic
13491	2022-10-15 15:17:38.773906	FentanylCrisis
13492	2022-10-15 15:18:44.421042	ThePeoplesToken
13493	2022-10-15 15:19:05.369877	PedoElites
13494	2022-10-15 15:19:43.689925	CLOWNafornia
13495	2022-10-15 15:19:45.540955	DefundTheDOJ
13496	2022-10-15 15:20:09.132831	SaveOurKids
13497	2022-10-15 15:20:37.826607	PickYourBrandon
13498	2022-10-15 15:20:48.136146	MAGACountry
13499	2022-10-15 15:20:53.08903	FuhrerBrandon
13500	2022-10-15 15:22:35.937486	MaraLagoRaid
13501	2022-10-15 15:23:17.85871	MaraLago
13502	2022-10-15 15:23:21.353131	SecureOurBorder
13503	2022-10-15 15:24:12.105157	DefundTheIRS
13504	2022-10-15 15:24:33.460476	Back45
13505	2022-10-15 15:24:59.621985	ByeMissPiggy
13506	2022-10-15 15:25:08.969322	dontfuckwith45
13507	2022-10-15 15:25:18.921157	PfizerGate
13508	2022-10-15 15:25:37.597112	GoneNotForgotten
13509	2022-10-15 15:26:35.401292	AmericaStandsWithTrump
13510	2022-10-15 15:26:52.797922	MonthlyMemeContest
13511	2022-10-15 15:26:53.25067	LGBTArmy
13512	2022-10-15 15:26:56.773115	BabyForumlaShortage
13513	2022-10-15 15:28:09.803159	TheLeftCantMeme
13514	2022-10-15 15:28:23.281167	DeleteTikTok
13515	2022-10-15 15:28:42.114379	FactCheck
13516	2022-10-15 15:29:06.012973	NFA
13517	2022-10-15 15:29:20.96102	MOMArmy
13518	2022-10-15 15:29:41.389466	LIV
13519	2022-10-15 15:29:58.011928	PatriotAmbassador
13520	2022-10-15 15:30:55.239232	stinchfieldsarmy
13521	2022-10-15 15:31:04.84124	MWWA
12978	2022-10-14 04:47:50.866031	notfunny
12979	2022-10-14 04:47:51.290451	thisisserious
12980	2022-10-14 04:47:51.671922	shakingmyhead
12981	2022-10-14 04:47:52.053936	notimpressed
12982	2022-10-14 04:47:55.586888	johnmarshall
12987	2022-10-14 04:48:10.943049	earntherighttobefree
12989	2022-10-14 04:48:17.300471	the5000yearleap
12991	2022-10-14 04:48:22.605879	hiswaysarehigher
12992	2022-10-14 04:48:22.964485	notvalid
12993	2022-10-14 04:48:23.332908	wisewords
12997	2022-10-14 04:48:30.681904	striveforgreatness
12998	2022-10-14 04:48:31.044896	libertyandjusticeforall
12999	2022-10-14 04:48:31.400807	keeponkeepingon
13000	2022-10-14 04:48:31.781186	perfect
13002	2022-10-14 04:48:32.983053	onenationundergod
13003	2022-10-14 04:48:33.556012	worthfightingfor
13010	2022-10-14 04:48:47.591732	wecannotlose
13011	2022-10-14 04:48:48.787031	lifelibertyandthepursuitofhappiness
13012	2022-10-14 04:48:49.147352	consentofthegoverned
13015	2022-10-14 04:49:09.169812	excited
13016	2022-10-14 05:29:27.145342	Hmm
13017	2022-10-14 05:55:46.711232	NewMexicoVoice
13018	2022-10-14 05:55:47.121949	100Followers
13019	2022-10-14 06:03:58.295426	PedosFooked
13020	2022-10-14 08:40:48.621964	CargileforCongress
13021	2022-10-14 08:42:57.064115	NoMoreNorma
13022	2022-10-14 08:42:57.548596	CargileForCongress
13023	2022-10-14 08:49:39.357626	Sing4Freedom
13024	2022-10-14 08:55:52.155574	sequester2020ballots
13025	2022-10-14 09:04:36.566439	UltraDarkMAGA
13026	2022-10-14 09:05:22.208054	J6POWS
13027	2022-10-14 09:05:41.133832	BeachGirlsTruth
13028	2022-10-14 09:07:05.410103	Connectorexpress
13029	2022-10-14 09:15:24.866232	schoolsecurity
13030	2022-10-14 09:15:25.263076	genderstudies
13031	2022-10-14 09:15:28.13223	NoJusticeInDC
13032	2022-10-14 09:24:53.997521	arrestjoebiden
13033	2022-10-14 09:24:54.423788	letsgogitmo
13034	2022-10-14 09:26:16.529889	CancelFacebook
13035	2022-10-14 09:26:22.013241	Snowwhite
13036	2022-10-14 09:38:54.375954	Constitutionalrepublic
13037	2022-10-14 09:40:20.89914	Touche
13038	2022-10-14 10:26:05.383339	September1st
13039	2022-10-14 10:26:05.843571	ProtectTrump
13040	2022-10-14 10:58:29.4396	bidencrimesyndicate
13041	2022-10-14 10:58:29.923609	othercountries
13042	2022-10-14 10:58:30.653782	americans
13043	2022-10-14 10:58:31.183948	need
13044	2022-10-14 10:58:31.625423	needhelp
13045	2022-10-14 11:22:47.782417	DemocratsAreRacists
13046	2022-10-14 11:40:55.407443	ArizonaFirstMovement
13047	2022-10-14 11:40:56.523375	JovanHuttonPulizter
13048	2022-10-14 11:43:17.104982	TrumpPresident
13049	2022-10-14 11:43:17.532065	TrumpBack
13050	2022-10-14 11:50:27.211373	Jan6Patriots
13051	2022-10-14 11:53:31.100655	becomeungovernable
13052	2022-10-14 11:55:16.400806	TransitionCloset
13053	2022-10-14 11:55:16.904937	Oakland
13054	2022-10-14 12:01:39.427046	BoycottBankOfAmerica
13055	2022-10-14 12:05:41.872344	BoycottPayPal
13056	2022-10-14 12:33:13.527685	GASen
13057	2022-10-14 12:34:24.703973	BIGDATAPOLL
13058	2022-10-14 12:37:38.143659	OGFT
13059	2022-10-14 12:41:29.260708	TrumpWon2nd
13060	2022-10-14 12:44:31.920427	topofmind
13061	2022-10-14 12:47:32.554654	COvfefe
13062	2022-10-14 12:47:32.905705	ArrestPelosi
13063	2022-10-14 12:47:45.695707	Android
13064	2022-10-14 12:50:26.754987	PubertyBlockers
13065	2022-10-14 12:57:25.639129	Midterm_Variant
13066	2022-10-14 13:00:00.530967	nationalfarmersday
13067	2022-10-14 13:02:45.514888	DurhamDeck
13068	2022-10-14 13:03:17.371096	Depression
13069	2022-10-14 13:03:26.291291	FIGHTWITHKASH
13070	2022-10-14 13:03:26.679299	DURHAMWATCH
13071	2022-10-14 13:05:48.927253	GodGiven
13072	2022-10-14 13:07:32.316843	BELIEVEMEDIA
13073	2022-10-14 13:07:32.824337	BasedMedia
13074	2022-10-14 13:08:12.171979	BBBB
13075	2022-10-14 13:08:47.03119	TrumpRallyIL
13076	2022-10-14 13:08:57.783863	blackvote
13077	2022-10-14 13:10:10.027065	FOOKED
13078	2022-10-14 13:10:24.559432	ACTIVATED
13079	2022-10-14 13:16:26.040918	Beetlejuice
13080	2022-10-14 13:16:28.875258	DefundTheMedia
13081	2022-10-14 13:16:32.432155	rescue
13082	2022-10-14 13:16:32.876262	adopt
13083	2022-10-14 13:16:33.387674	foster
13084	2022-10-14 13:16:33.827736	rescuedog
13085	2022-10-14 13:16:34.311561	london
13086	2022-10-14 13:16:41.083573	standupandfight
13087	2022-10-14 13:18:43.044768	MissionFirst
13088	2022-10-14 13:21:46.600414	votetrump2024
13089	2022-10-14 13:22:27.22716	bioterrorist
13090	2022-10-14 13:22:55.743564	gtfoh
13091	2022-10-14 13:27:24.237705	AmericasTop10
13092	2022-10-14 13:28:13.135474	mentalillness
13093	2022-10-14 13:28:28.535365	ArrestGarland
13094	2022-10-14 13:29:00.187328	MentalIllness
13095	2022-10-14 13:31:07.863014	ping
13096	2022-10-14 13:31:49.188924	Fascism
13097	2022-10-14 13:31:57.654044	GTFOH
13098	2022-10-14 13:32:17.947093	TRUTHOVERTWEETS
13099	2022-10-14 13:32:21.204607	FOLLOWTHETRUTH
13100	2022-10-14 13:32:39.668104	KASHKREW
13101	2022-10-14 13:32:55.004822	VIBECHECK
13102	2022-10-14 13:33:34.115369	georgeonline
13103	2022-10-14 13:34:16.660264	Christmas
13104	2022-10-14 13:34:57.503472	ISS
13105	2022-10-14 13:36:22.287288	TRUSTGRASSLEY
13106	2022-10-14 13:38:50.781379	BelieveMedia
13107	2022-10-14 13:38:51.224019	BrickByBrick
13108	2022-10-14 13:39:19.895677	PETA
13109	2022-10-14 13:39:21.396893	MAKESOCIALMEDIAFUNAGAIN
13110	2022-10-14 13:39:39.311124	Kappy
13111	2022-10-14 13:40:08.183422	Keystonestate
13112	2022-10-14 13:40:27.121005	FighWithKash
13113	2022-10-14 13:40:53.951484	NurembergCode
13114	2022-10-14 13:41:12.763599	PelosiIsThePandemic
13115	2022-10-14 13:41:15.283583	theyhateyou
13116	2022-10-14 13:41:49.315147	SOON
13117	2022-10-14 13:43:49.939365	BirxLied
13118	2022-10-14 13:48:05.332854	breastcancerawareness
13119	2022-10-14 13:49:19.439232	BeTheStorm
13120	2022-10-14 13:51:07.275218	MOOD
13121	2022-10-14 13:51:32.257488	Donations2Mansions
13122	2022-10-14 13:51:32.76725	Terrorist
13123	2022-10-14 13:51:33.223347	SusanRosenberg
13124	2022-10-14 13:54:05.195888	ObamaBidengate
13125	2022-10-14 13:57:50.197673	VivaLaFrance
13126	2022-10-14 14:01:34.372469	PATK2000Mules
13127	2022-10-14 14:03:36.699696	cures
13128	2022-10-14 14:03:55.6152	QuestionEVERYTHING
13129	2022-10-14 14:06:20.703166	TruthOrDare
13130	2022-10-14 14:06:26.915814	PlusPlusPlus
13131	2022-10-14 14:06:35.575196	PizzaHut
13132	2022-10-14 14:06:53.263371	LockUpFauci
13133	2022-10-14 14:07:47.543234	DrainingSwamp
13144	2022-10-14 14:26:34.251416	UltraMagaKing
13146	2022-10-14 14:26:57.691921	nailedit
13150	2022-10-14 14:32:38.063263	LockUpHRC
13161	2022-10-14 14:37:47.614224	XiJingping
13166	2022-10-14 14:41:41.344057	rapist
13167	2022-10-14 14:41:42.054773	adamschiff
13168	2022-10-14 14:41:46.396897	itrustnoone
13174	2022-10-14 14:45:23.880588	LockUpHunter
13176	2022-10-14 14:46:46.927744	LoveMyPresidentTrump
13180	2022-10-14 14:48:35.551906	PRA
13431	2022-10-15 09:21:23.437119	keepfloridafree
13434	2022-10-15 09:32:22.102767	LibLogic
13438	2022-10-15 09:58:47.285332	NeverForgetLiberalsLie
13522	2022-10-15 15:31:13.576126	Big3
13523	2022-10-15 15:31:17.26645	WakeUpPrayUp
13524	2022-10-15 15:31:49.314356	PrimeTimeStein
13525	2022-10-15 15:32:05.803723	Purebloods
13526	2022-10-15 15:32:32.383945	KingNewsom
13527	2022-10-15 15:33:29.080949	FreeBannon
13528	2022-10-15 15:34:02.213465	WishList
13529	2022-10-15 15:34:05.556254	TestBrandon
13530	2022-10-15 15:34:16.064807	Conservativecrypto
13531	2022-10-15 15:35:21.736983	Truthful
13532	2022-10-15 15:35:23.62667	RedditIsLeftist
13533	2022-10-15 15:35:24.268606	Predditor
13534	2022-10-15 15:35:39.518861	Commiefornia
13535	2022-10-15 15:35:47.021267	FossilFuelsLie
13536	2022-10-15 15:35:51.706861	FossilFuelLie
13537	2022-10-15 15:35:54.97288	PelosiStockTips
13538	2022-10-15 15:36:07.338511	JoinTheMovement
13539	2022-10-15 15:36:20.158721	BidensLaptopMatters
13540	2022-10-15 15:36:44.734617	GoElon
13541	2022-10-15 15:38:36.7458	voyager
13542	2022-10-15 15:38:49.037291	DutchFarmers
13543	2022-10-15 15:39:13.609685	BritneyGriner
13544	2022-10-15 15:39:23.180978	CarOwnerVirus
13545	2022-10-15 15:40:34.529089	akron
13546	2022-10-15 15:41:48.276054	LibsWorstNightmare
13547	2022-10-15 15:42:00.104718	MoreGOD
13548	2022-10-15 15:42:18.112982	CheatSheetBiden
13549	2022-10-15 15:43:24.637076	WomenSports
13550	2022-10-15 15:43:26.932262	CryptoWinter
13551	2022-10-15 15:43:27.71465	Eth
13552	2022-10-15 15:44:21.618007	BoycottWalmart
13553	2022-10-15 15:44:45.150824	BidensBearMarket
13554	2022-10-15 15:47:41.44495	DEMONcrats
13555	2022-10-15 15:47:53.485162	DEFI
13556	2022-10-15 15:48:01.981617	BadReputation
13558	2022-10-15 15:48:51.905384	thepeoplestoken
13560	2022-10-15 15:48:57.062112	RusselBrand
13561	2022-10-15 15:48:57.70488	Mastercard
13562	2022-10-15 15:48:58.447556	decentralization
13565	2022-10-15 15:49:56.997202	MakeAOCBartendAgain
13568	2022-10-15 15:51:15.248743	Clintoncide
13569	2022-10-15 15:51:21.406313	tokenomics
13570	2022-10-15 15:51:53.765473	VoteWalter
13574	2022-10-15 15:53:18.896895	DowJones
13576	2022-10-15 15:53:34.24925	MMA
13577	2022-10-15 15:55:15.501	BidenBearMarket
13578	2022-10-15 15:55:24.59337	TakeBackLGBTacronym
13579	2022-10-15 15:55:46.858676	JackDorsey
13580	2022-10-15 15:56:15.092814	Tokenomics
13581	2022-10-15 15:56:15.477382	Utility
13582	2022-10-15 15:56:16.142193	CryptoClasses
13583	2022-10-15 15:56:16.627333	FreedomFinanceApp
13584	2022-10-15 15:56:17.383046	SportsBetting
13591	2022-10-15 15:58:03.005046	HODLers
13592	2022-10-15 15:58:03.93903	FantasyCrypto
13593	2022-10-15 15:58:14.786658	SAFU
13594	2022-10-15 15:58:37.943907	bordercrossings
13595	2022-10-15 15:58:40.744957	BIDAStouch
13596	2022-10-15 15:58:56.264918	BearMarketBiden
13597	2022-10-15 15:58:57.968329	Terra
13598	2022-10-15 15:59:22.488421	TrustWallet
13600	2022-10-15 16:00:23.672961	Watch2000mules
13601	2022-10-15 16:01:35.743846	UFC274
13602	2022-10-15 16:01:44.801294	Pancakeswap
13603	2022-10-15 16:01:57.758026	RefundThePolice
13606	2022-10-15 16:02:55.858922	DaveChappelle
13607	2022-10-15 16:03:39.664283	WarOnFossilFuels
13608	2022-10-15 16:03:56.369566	cryptoclasses
13611	2022-10-15 16:05:14.166053	Meat
13614	2022-10-15 16:05:16.662556	Invest
13620	2022-10-15 16:05:50.43134	BrandonCrypto
13621	2022-10-15 16:06:00.767908	BidenMemes
13622	2022-10-15 16:06:20.581276	Merch
13623	2022-10-15 16:06:38.311486	Shib
13624	2022-10-15 16:06:56.346905	YallCanHaveTwitter
13625	2022-10-15 16:06:57.106297	TwitterStillSucks
13626	2022-10-15 16:07:10.802508	TaxDisney
13627	2022-10-15 16:07:52.72896	TakeBackLGBTAcronym
13628	2022-10-15 16:07:58.617064	ClintonNewsNetwork
13629	2022-10-15 16:07:59.94411	EpsteinDidntKillHimself
13630	2022-10-15 16:08:13.32224	CryptoCurrency
13631	2022-10-15 16:08:34.881251	DYOR
13632	2022-10-15 16:08:36.745109	CryptoTrump
13633	2022-10-15 16:08:41.412187	MaskOff
13634	2022-10-15 16:08:42.052832	MaskMandate
13971	2022-10-16 04:01:14.046669	Fast
13972	2022-10-16 04:01:14.496498	GiveItUp
13975	2022-10-16 04:02:46.156223	Anonymous
13976	2022-10-16 04:02:47.329878	OpRussia
13982	2022-10-16 04:22:06.250073	redtsunami
13985	2022-10-16 04:22:56.266196	ItsAboutDamnTime
13986	2022-10-16 04:23:13.314356	RedactedAffidavit
13988	2022-10-16 04:24:23.09832	Bama
13989	2022-10-16 04:25:14.538597	Think
13990	2022-10-16 04:25:39.878101	SimpleTruth
13992	2022-10-16 04:27:13.248579	NJTruckers
13994	2022-10-16 04:28:25.032973	DevolutionForDummies
13995	2022-10-16 04:28:51.795847	PEACE
13997	2022-10-16 04:29:28.677599	EternalLove
13998	2022-10-16 04:29:47.467833	BongoFury
14001	2022-10-16 04:30:15.314618	irandeal
14002	2022-10-16 04:30:23.341791	bidensanidiot
14003	2022-10-16 04:30:52.544551	relatable
14004	2022-10-16 04:30:53.162244	accurate
14007	2022-10-16 04:32:26.89856	goodnight
14008	2022-10-16 04:33:24.971892	GrowUp
14010	2022-10-16 04:33:31.851602	GreatIdea
14012	2022-10-16 04:34:51.845455	ForAllTime
14013	2022-10-16 04:35:08.66495	AbsoluteTruth
14014	2022-10-16 04:35:14.039836	LoveDogs
14016	2022-10-16 04:39:03.669531	bubblecovfefe
14017	2022-10-16 04:42:58.188908	SaveOurRepublic
14090	2022-10-16 05:42:28.804774	Passover
14091	2022-10-16 05:42:29.448847	ResurrectionSunday
14092	2022-10-16 05:42:29.914745	spring
14093	2022-10-16 05:42:30.653717	easterholiday
14094	2022-10-16 05:42:31.082187	pagan
14095	2022-10-16 05:42:31.531266	bunny
14096	2022-10-16 05:42:32.073914	fertility
14097	2022-10-16 05:42:32.588905	eggs
14098	2022-10-16 05:42:33.529035	Ishtar
14100	2022-10-16 05:42:36.71518	DigitalWar
13134	2022-10-14 14:16:38.363256	WarthogWednesday
13136	2022-10-14 14:17:26.614863	SaveAmerica45
13139	2022-10-14 14:23:13.121664	GoT
13140	2022-10-14 14:24:01.562831	notnews
13145	2022-10-14 14:26:36.052653	nope
13147	2022-10-14 14:27:18.955214	BASED
13148	2022-10-14 14:30:23.024925	unfollow
13160	2022-10-14 14:37:47.243366	chinacoup
13163	2022-10-14 14:40:55.717026	plandemics
13169	2022-10-14 14:43:13.007822	staged
13173	2022-10-14 14:45:02.628077	unreal
13557	2022-10-15 15:48:42.403606	TopGun
13559	2022-10-15 15:48:52.437527	defi
13563	2022-10-15 15:49:19.189044	LGBTFamily
13564	2022-10-15 15:49:20.066465	HODL
13566	2022-10-15 15:49:57.720917	TrustTrump
13567	2022-10-15 15:50:35.460979	2000MulesMovies
13571	2022-10-15 15:51:54.746688	omarrshabazz
13572	2022-10-15 15:52:45.852636	AmericasToken
13573	2022-10-15 15:52:47.872887	Rodeo
13575	2022-10-15 15:53:28.328889	LetsGoBrandonTokenBull
13585	2022-10-15 15:56:41.589537	marketmanipulation
13586	2022-10-15 15:56:43.511029	CreepyJoeNFTs
13587	2022-10-15 15:57:04.421008	MagaLaDon
13588	2022-10-15 15:57:07.984954	SHIB
13589	2022-10-15 15:57:08.924971	DOGE
13590	2022-10-15 15:57:39.614518	PaulRand
13599	2022-10-15 15:59:43.629974	BuyLGBT
13604	2022-10-15 16:02:07.953779	Doge
13605	2022-10-15 16:02:16.925386	CincoDeMayo
13609	2022-10-15 16:04:04.800868	winners
13610	2022-10-15 16:04:05.385121	Giveaway
13612	2022-10-15 16:05:15.48817	Tators
13613	2022-10-15 16:05:16.180931	MAGACrypto
13615	2022-10-15 16:05:40.688804	Web3
13616	2022-10-15 16:05:45.198478	memetoken
13617	2022-10-15 16:05:45.763911	utilty
13618	2022-10-15 16:05:46.606878	usdt
13619	2022-10-15 16:05:47.15417	Reflections
13635	2022-10-15 16:09:40.937125	MandateFreedom
13636	2022-10-15 16:09:50.857243	EthFeesSuck
13637	2022-10-15 16:09:55.841796	IDidThat
13638	2022-10-15 16:10:01.085241	MAGAcrypto
13639	2022-10-15 16:10:10.329428	UFC273
13640	2022-10-15 16:10:16.718867	BuildingBackBroker
13641	2022-10-15 16:10:38.539547	Brandeau
13642	2022-10-15 16:10:40.057115	DeFi
13643	2022-10-15 16:10:54.042422	ConservativeCrypto
13644	2022-10-15 16:10:59.114827	MLK
13645	2022-10-15 16:11:27.516941	LetsGoBrandonRally
13646	2022-10-15 16:11:49.665228	SaveTrump
13647	2022-10-15 16:11:52.034488	Sacramento
13648	2022-10-15 16:12:36.392818	homeless
13649	2022-10-15 16:12:36.880675	skidrow
13650	2022-10-15 16:12:43.059914	Desantis2028
13651	2022-10-15 16:12:46.293196	CryptoClass
13652	2022-10-15 16:12:47.000008	Learn
13653	2022-10-15 16:12:49.244898	MAGAEconomy
13654	2022-10-15 16:12:57.708707	ParentalRights
13655	2022-10-15 16:13:00.224969	JoelPatrick
13656	2022-10-15 16:13:27.393713	PureBloods
13657	2022-10-15 16:13:36.872879	CryptoMemes
13658	2022-10-15 16:13:47.309329	FreshPrince
13659	2022-10-15 16:15:15.257259	NoPWA
13660	2022-10-15 16:15:22.727701	%F0%9D%90%85%F0%9D%90%AB%F0%9D%90%9E%F0%9D%90%9E%F0%9D%90%9D%F0%9D%90%A8%F0%9D%90%A6%F0%9D%90%85%F0%9D%90%A2%F0%9D%90%A7%F0%9D%90%9A%F0%9D%90%A7%F0%9D%90%9C%F0%9D%90%9E
13661	2022-10-15 16:15:23.660889	Staking
13662	2022-10-15 16:15:48.172926	Biologist
13663	2022-10-15 16:16:03.550898	BigGov
13664	2022-10-15 16:16:18.037146	CryptoNews
13665	2022-10-15 16:17:23.127233	cryptoclass
13666	2022-10-15 16:17:55.097465	MemesDaily
13667	2022-10-15 16:18:15.793687	Hunters
13668	2022-10-15 16:18:30.869223	CoinMarketCrap
13669	2022-10-15 16:19:00.136163	BSC
13670	2022-10-15 16:19:13.223252	%F0%9D%97%A7%F0%9D%97%A5%F0%9D%97%A8%F0%9D%97%A7%F0%9D%97%9B
13671	2022-10-15 16:19:24.147274	Truckersconvoy
13672	2022-10-15 16:19:40.175675	giveaway
13673	2022-10-15 16:20:27.665414	StPattysDay
13674	2022-10-15 16:20:40.870191	cakedape
13675	2022-10-15 16:21:43.071908	LGBnfTs
13676	2022-10-15 16:22:27.842359	CEX
13677	2022-10-15 16:22:32.313105	TomBrady
13678	2022-10-15 16:23:38.350367	RussellBrand
13679	2022-10-15 16:24:18.961305	PaulVsPutin
13680	2022-10-15 16:24:22.180064	CryptoCourses
13681	2022-10-15 16:24:23.323792	staking
13682	2022-10-15 16:24:24.804212	Cryptonews
13683	2022-10-15 16:24:45.726365	PutinsPriceHike
13684	2022-10-15 16:24:52.726317	PatriotAmbassadors
13685	2022-10-15 16:25:58.333255	Taliban
13686	2022-10-15 16:26:07.039309	NoHighFees
13687	2022-10-15 16:26:41.595309	CovidLies
13688	2022-10-15 16:27:41.153028	CMCTopGainers
13689	2022-10-15 16:27:48.006916	Putinswar
13690	2022-10-15 16:28:00.658	BuildBackBroker
13691	2022-10-15 16:28:24.476935	NoHighEthFees
13692	2022-10-15 16:29:16.97181	FullyAudited
13693	2022-10-15 16:29:21.294926	Cryptomemes
13694	2022-10-15 16:29:42.429028	buildingbackbroker
13695	2022-10-15 16:30:49.558446	ThePeopleToken
13696	2022-10-15 16:31:08.42133	FreeSpeechMatters
13697	2022-10-15 16:31:12.872905	UFC272
13698	2022-10-15 16:31:25.641537	Maskoff
13699	2022-10-15 16:31:26.06134	FightTyranny
13700	2022-10-15 16:32:22.383114	DrillbabyDrill
13701	2022-10-15 16:32:23.080875	PrayforUkraine
13702	2022-10-15 16:32:41.532105	HidinBiden
13703	2022-10-15 16:32:48.976747	cryptonews
13704	2022-10-15 16:33:00.768844	PrayForUkraine
13705	2022-10-15 16:33:51.01071	GiveUsTrump
13706	2022-10-15 16:34:10.351527	HowToBuy
13707	2022-10-15 16:34:22.988827	SportBetting
13708	2022-10-15 16:35:21.944685	Lgb
13709	2022-10-15 16:35:22.47054	cryptomemes
13710	2022-10-15 16:36:13.825304	Defi
13711	2022-10-15 16:36:42.282052	MediaLies
13712	2022-10-15 16:36:42.740934	TruthSeeker
13713	2022-10-15 16:37:09.398201	laurenboebert
13714	2022-10-15 16:37:10.196769	Covidlies
13715	2022-10-15 16:37:23.968789	cryptospace
13716	2022-10-15 16:37:29.848699	CryptoUpdate
13717	2022-10-15 16:37:55.8448	nfts
13718	2022-10-15 16:37:56.321668	fantasycrypto
13719	2022-10-15 16:37:56.841076	sportbetting
13720	2022-10-15 16:37:57.285359	merchandise
13721	2022-10-15 16:37:57.785911	charitygivebacks
13722	2022-10-15 16:37:58.565189	letsgobrandontoken
13723	2022-10-15 16:37:59.036941	Thepeoplestoken
13724	2022-10-15 16:38:18.058459	fjbcoin
13725	2022-10-15 16:39:43.210162	AppIssues
13726	2022-10-15 16:40:12.332841	EndMandates
13727	2022-10-15 16:40:12.787268	CovidExposed
13728	2022-10-15 16:41:51.91456	BabyDoge
13729	2022-10-15 16:42:21.231931	LGBcoin
13730	2022-10-15 16:42:22.838437	Moonshot
13731	2022-10-15 16:42:44.916274	CharityCryptoProject
13135	2022-10-14 14:16:58.052609	2ndamendmentvoter
13137	2022-10-14 14:19:16.255848	MAGAPRINCE
13141	2022-10-14 14:25:52.7368	cringe
13143	2022-10-14 14:26:21.667685	defundthemedia
13151	2022-10-14 14:32:42.719374	PATK2
13156	2022-10-14 14:36:44.661482	FIRINGSQUAD
13732	2022-10-15 16:43:06.076854	CharityCrypto
13733	2022-10-15 16:43:23.790561	GirlPower
13734	2022-10-15 16:43:36.748643	RussianWar
13735	2022-10-15 16:43:37.394617	LeftyLies
13736	2022-10-15 16:43:53.340705	FreedomFridays
13737	2022-10-15 16:43:55.713678	NoCensorship
13738	2022-10-15 16:43:56.194272	NoBigTech
13739	2022-10-15 16:44:01.38636	lefty
13740	2022-10-15 16:46:41.194299	Donate
13741	2022-10-15 16:46:44.740942	FreeMarket
13742	2022-10-15 16:46:57.69285	OnlineCryptoCourses
13743	2022-10-15 16:46:59.424782	FirstVerifiedCrypto
13744	2022-10-15 16:47:07.165693	PowerOfNumbers
13745	2022-10-15 16:47:13.247086	FJBcoin
13746	2022-10-15 16:47:27.75671	PatriotFollow
13747	2022-10-15 16:47:36.289293	GodOverGov
13748	2022-10-15 16:48:16.626906	DailyTruth
13749	2022-10-15 16:48:48.168037	ThankYouTruth
13750	2022-10-15 16:48:48.728847	ThankYou45
13751	2022-10-15 16:48:54.911655	telegram
13752	2022-10-15 16:49:03.664969	commiefonrnia
13753	2022-10-15 16:49:06.725629	onlyauditedBrandoncrypto
13754	2022-10-15 16:49:16.184643	fullyaudited
13755	2022-10-15 16:49:40.223388	cryptocourses
13756	2022-10-15 16:50:14.199519	Officialmerch
13757	2022-10-15 16:50:17.732802	firstverifiedcrypto
13759	2022-10-15 16:50:35.499825	WelcomeJoe
13760	2022-10-15 16:51:39.889229	NewPatriots
13761	2022-10-15 16:52:54.908539	ThePeoplesTokem
13762	2022-10-15 16:53:17.623052	Champ
13763	2022-10-15 16:53:38.933688	TrumpApproved
13764	2022-10-15 16:54:10.983175	ThankYouTruthSocial
13765	2022-10-15 16:54:27.096786	onlinecryptoclasses
13766	2022-10-15 16:54:28.584841	OnlyAuditedBrandonCrypto
13767	2022-10-15 16:54:37.846103	HillaryForPrision
13768	2022-10-15 16:54:41.07932	BrandonFamily
13769	2022-10-15 16:54:41.843427	LeftCantMeme
13770	2022-10-15 16:54:48.020728	LetsGoBrandeau
13771	2022-10-15 16:54:53.465006	5kToTruckers
13772	2022-10-15 16:54:53.972981	CommunityDrivenToken
13773	2022-10-15 16:54:54.472566	ByThePeopleForThePeople
13774	2022-10-15 16:54:56.202163	TrudeauGot2Go
13775	2022-10-15 16:55:05.258314	fantasyfootball
13977	2022-10-16 04:03:45.76083	FirstFamily
13979	2022-10-16 04:05:55.465045	tonybobulinski
13980	2022-10-16 04:20:46.969068	Stanglehold
13981	2022-10-16 04:20:55.217518	TrumpSCSpeech
13983	2022-10-16 04:22:28.514503	1776nation
13984	2022-10-16 04:22:49.180881	Hosanna
13987	2022-10-16 04:24:20.274175	justiceIsComing
13991	2022-10-16 04:26:19.804805	ReleaseTheKraken
13993	2022-10-16 04:27:13.67257	TruckersForFreedom
13996	2022-10-16 04:29:24.897458	WhereWeGoOneWeGoAll
13999	2022-10-16 04:29:49.812965	DareDevil
14000	2022-10-16 04:30:00.116277	Kentucky
14005	2022-10-16 04:31:35.581148	TheArtOfWar
14006	2022-10-16 04:32:17.195897	TheLoveOfJesus
14009	2022-10-16 04:33:29.20093	HoldFastStayTrue
14011	2022-10-16 04:33:32.321001	SoSmart
14015	2022-10-16 04:36:37.83116	MAGArally
14018	2022-10-16 04:43:01.825557	HENRYFORD
14019	2022-10-16 04:47:54.486359	truthlegion
14020	2022-10-16 04:49:29.63558	Coup
14021	2022-10-16 04:49:30.957744	PayforPlay
14022	2022-10-16 04:50:29.359164	Natty
14023	2022-10-16 04:50:57.973352	MovingOn
14024	2022-10-16 04:52:17.21117	LightenUp
14025	2022-10-16 04:52:27.268987	LetsRide
14026	2022-10-16 04:52:41.471316	MakeBaseballGreatAgain
14027	2022-10-16 04:54:20.704862	FunnyMeme
14028	2022-10-16 05:23:44.44221	emoji
14029	2022-10-16 05:23:45.147499	videos
14030	2022-10-16 05:23:47.182247	editbutton
14031	2022-10-16 05:23:47.572699	please
14032	2022-10-16 05:23:48.253173	WRITER
14033	2022-10-16 05:23:48.745044	writing
14034	2022-10-16 05:23:49.273336	WritingCommunity
14035	2022-10-16 05:23:49.802203	proofread
14036	2022-10-16 05:25:12.687297	musician
14037	2022-10-16 05:25:13.521477	artistsontruth
14038	2022-10-16 05:25:14.627485	DigitalCreator
14039	2022-10-16 05:25:16.112732	rockandroll
14040	2022-10-16 05:25:17.106394	Prophetic
14041	2022-10-16 05:25:17.484803	song
14042	2022-10-16 05:25:18.477254	Kristallize
14043	2022-10-16 05:25:40.381907	HappyBirthday
14044	2022-10-16 05:25:41.116909	TerrificTuesday
14045	2022-10-16 05:27:32.944301	ReShare
14046	2022-10-16 05:27:34.222357	afghanistan
14047	2022-10-16 05:27:40.522056	JesseWaters
14048	2022-10-16 05:28:20.081355	fa
14049	2022-10-16 05:28:34.032639	monkeypoxvirus
14050	2022-10-16 05:28:35.896977	corona
14051	2022-10-16 05:28:38.641046	revolt
14052	2022-10-16 05:28:39.693635	DigitalSoldiersUnite
14053	2022-10-16 05:28:40.163642	digitalinfluencer
14054	2022-10-16 05:28:40.877938	monkey
14055	2022-10-16 05:28:41.599412	monkeys
14056	2022-10-16 05:28:42.3104	brainwashedsociety
14057	2022-10-16 05:28:52.411626	Lockdown
14058	2022-10-16 05:29:35.503564	Patriots4Truth
14059	2022-10-16 05:30:07.204252	ThursdayThoughts
14060	2022-10-16 05:30:11.294222	Socialmedia
14061	2022-10-16 05:31:09.460774	durhaminvestigation
14062	2022-10-16 05:31:09.941116	Trial
14063	2022-10-16 05:31:11.160989	HappyMonday
14064	2022-10-16 05:31:55.613023	Truthsayer
14065	2022-10-16 05:31:56.094189	Demonslayer
14066	2022-10-16 05:32:26.485809	abortionrights
14067	2022-10-16 05:32:26.960948	pedophelia
14068	2022-10-16 05:32:59.554709	Mother
14069	2022-10-16 05:33:00.263919	MothersDay2022
14070	2022-10-16 05:33:00.746559	Mothers
14071	2022-10-16 05:33:41.921133	TribeOfJudah
14072	2022-10-16 05:33:42.601866	musicians
14073	2022-10-16 05:34:34.360063	book
14074	2022-10-16 05:34:35.113373	ItsaWAYofLife
14075	2022-10-16 05:34:35.850185	StoryTime
14076	2022-10-16 05:36:10.856919	1stAmendment
14077	2022-10-16 05:36:12.684806	digitalsoldier
14078	2022-10-16 05:36:16.225262	hostiletakeover
14079	2022-10-16 05:36:16.884964	influencer
14080	2022-10-16 05:37:36.709409	Trolls
14081	2022-10-16 05:37:45.532882	easterweekend
14082	2022-10-16 05:37:47.652999	resurrection
14083	2022-10-16 05:37:59.749033	corruptgovernment
14084	2022-10-16 05:38:00.794858	illuminatipuppet
14085	2022-10-16 05:38:19.181436	ItsaWayOfLife
14086	2022-10-16 05:38:21.312886	Resurrection
14087	2022-10-16 05:38:43.157178	venom
13138	2022-10-14 14:21:38.981643	BoycottStateFarm
13142	2022-10-14 14:26:08.564236	FamilyisEverything
13152	2022-10-14 14:34:24.713971	GodBlessOurTroops
13158	2022-10-14 14:37:05.825307	BONeedsToGo
13159	2022-10-14 14:37:27.974942	TruthoverTweets
13162	2022-10-14 14:40:37.028573	ew
13172	2022-10-14 14:44:59.722163	MAGAinc
13177	2022-10-14 14:47:51.647938	SchoolBoard
13189	2022-10-14 15:22:33.464038	StopWatchingTv
13758	2022-10-15 16:50:18.443803	app
13776	2022-10-15 18:07:24.338641	AmericanRevolution2
13777	2022-10-15 18:07:35.761266	GingerGun
13778	2022-10-15 18:09:06.169874	SaturdayThoughts
13779	2022-10-15 18:10:08.001978	mondaytruth
13780	2022-10-15 18:10:10.32804	mondaytruths
13781	2022-10-15 18:16:53.881066	right
13782	2022-10-15 18:16:54.661188	notyourfriend
13783	2022-10-15 18:19:37.825274	Covfeve
13784	2022-10-15 18:21:00.398381	JoeFellHere
13785	2022-10-15 18:24:42.102206	J24
13786	2022-10-15 18:31:43.317784	TheBrandonAdmin
13787	2022-10-15 18:33:14.862806	WeAreWatchingAMovie
13788	2022-10-15 18:39:09.417355	PandemicOfTheVaccinated
13789	2022-10-15 18:39:12.085383	sensorship
13790	2022-10-15 18:43:29.444559	trigger
13791	2022-10-15 18:43:30.220508	Triggered
13792	2022-10-15 18:47:56.275086	twitterbots
13793	2022-10-15 18:48:22.286745	BlackMajic
13794	2022-10-15 18:50:12.346194	icallbullshiton6
13795	2022-10-15 18:59:19.59771	1John4
13796	2022-10-15 19:03:26.601598	BIOWEAPONS
13797	2022-10-15 19:03:27.059366	DEMONRATS
13798	2022-10-15 19:03:27.616538	FRAUDCI
13799	2022-10-15 19:03:28.00958	CLOTSHOT
13800	2022-10-15 19:03:28.435233	PLANDEMIC
13801	2022-10-15 19:03:28.89058	DEMOCIDE
13802	2022-10-15 19:03:29.974869	CHINAJOE
13803	2022-10-15 19:04:21.210766	shesucks
13804	2022-10-15 19:04:23.261176	falseinformation
13805	2022-10-15 19:04:23.710649	puppet
13806	2022-10-15 19:05:08.423344	evilqueen
13807	2022-10-15 19:05:17.209545	offspring
13808	2022-10-15 19:07:45.303576	deepstatetakedown
13809	2022-10-15 19:09:12.076036	DemonratsAreGoingDown
13810	2022-10-15 19:10:28.80963	NeverEndingStory
13811	2022-10-15 19:12:13.001544	Poser
13812	2022-10-15 19:14:16.752444	SheddingSeason
13813	2022-10-15 19:17:43.182257	BidenCrimFamily
13814	2022-10-15 19:18:09.685545	LiarsLie
13815	2022-10-15 19:22:38.045691	SurvivorsGuilt
13816	2022-10-15 19:23:08.786061	PlausibleDeniability
13817	2022-10-15 19:27:33.565485	natolies
13818	2022-10-15 19:30:43.01123	alliance
13819	2022-10-15 19:32:43.465051	kungflu
13820	2022-10-15 19:32:43.913687	Bidenfailed
13821	2022-10-15 19:32:44.429893	14daystoslowthespread
13822	2022-10-15 19:33:15.609828	AlwaysLookForThePositive
13823	2022-10-15 19:33:29.798311	WhiteLiberals
13824	2022-10-15 19:33:30.245687	EnemyOfAmerica
13825	2022-10-15 19:41:58.293898	pasen
13826	2022-10-15 19:41:59.001272	PApol
13827	2022-10-15 20:19:48.373727	saveAmerica
13828	2022-10-15 20:22:16.042568	brainwahed
13829	2022-10-15 20:46:17.314075	paymoreliveworse
13830	2022-10-15 20:46:19.097258	backordered
13831	2022-10-15 20:46:22.860978	weirdworldthesedays
13832	2022-10-15 20:46:25.974648	averageamerican
13833	2022-10-15 20:46:27.004982	holiday
13834	2022-10-15 20:46:27.473794	summertimecomin
13836	2022-10-15 20:46:33.496989	averageanerican
13839	2022-10-15 20:46:42.66154	strategy
13840	2022-10-15 20:46:56.625111	freshprince
13841	2022-10-15 20:46:58.860897	slapped
13842	2022-10-15 20:46:59.314099	talkshitgethit
13843	2022-10-15 20:47:13.042126	banned
13846	2022-10-15 20:47:19.101649	tomuchmoney
13847	2022-10-15 20:47:19.560379	thill
13849	2022-10-15 20:47:27.397185	forthepeople
13852	2022-10-15 20:47:41.666008	womansrights
13853	2022-10-15 20:47:42.081254	champ
13855	2022-10-15 20:47:56.051431	wwiii
13856	2022-10-15 20:48:16.086304	rv
13857	2022-10-15 20:48:16.580835	beginnersguide
13861	2022-10-15 20:48:18.930599	beers
13862	2022-10-15 20:48:19.495714	takenotes
13869	2022-10-15 20:49:11.756888	fossilfuels
13870	2022-10-15 20:49:12.423457	inlflation
13871	2022-10-15 20:49:12.862105	smfh
13873	2022-10-15 20:49:18.394926	fuckthemandate
13874	2022-10-15 20:49:23.24861	expensive
13875	2022-10-15 20:49:29.83898	pointthefinger
13877	2022-10-15 20:49:38.729188	bidenpolicie
13878	2022-10-15 20:49:39.408897	dontvotedemocrat
13879	2022-10-15 20:49:43.48097	weneedkeystonepipeline
13884	2022-10-15 20:50:04.04487	highprices
13885	2022-10-15 20:50:05.349099	howwillyouheatyourhome
13887	2022-10-15 20:50:20.932935	gunsforthepeople
13894	2022-10-15 20:52:37.282461	plAcosta
13895	2022-10-15 20:54:11.427135	cars
13896	2022-10-15 20:54:11.810879	classiccars
13899	2022-10-15 21:52:43.739954	Liars
13901	2022-10-15 21:55:42.863227	Dwacw
13902	2022-10-16 00:13:52.063565	hunting
13903	2022-10-16 00:13:52.710699	pulsar
13904	2022-10-16 00:13:53.123628	thermal
13905	2022-10-16 00:13:53.650828	coyote
13906	2022-10-16 00:13:54.12301	coyotehunting
13907	2022-10-16 00:13:54.572602	fursnatchers
13908	2022-10-16 00:13:55.066185	Nighthunting
13909	2022-10-16 00:13:58.284903	thermalhunting
13910	2022-10-16 00:16:41.777885	FAINO
13911	2022-10-16 00:19:21.803364	deadpeoplevoted
13912	2022-10-16 00:25:52.286508	populationcontrollinglandgrabber
13913	2022-10-16 00:26:06.213894	EricDetersforKyGovernor2023
13914	2022-10-16 00:28:33.137773	Lockboxesareillegal
13915	2022-10-16 00:29:39.26108	workingmanblues
13916	2022-10-16 00:29:41.442809	2ndammendment
13917	2022-10-16 02:14:24.864603	ThankGodForFarmers
13918	2022-10-16 02:25:50.929261	usgovownscovidvax
13919	2022-10-16 02:25:51.464409	covidpreplannedbyusgovandbigpharma
13920	2022-10-16 02:31:50.797051	MobsMorningNews
13921	2022-10-16 02:31:51.572929	TruthWillPrevail
13922	2022-10-16 02:44:31.040476	BennyThompsonHasCovid
13923	2022-10-16 02:52:26.276172	unclesamsmisguidedchildren
13924	2022-10-16 02:52:39.988243	ConventionOfStates
13925	2022-10-16 02:52:40.41816	TermLimitsNow
13926	2022-10-16 02:52:40.902348	VoterIntegrity
13927	2022-10-16 02:55:57.723999	debunked
13928	2022-10-16 02:55:58.161742	CNNSucks
13929	2022-10-16 03:01:27.116002	dilley300
13930	2022-10-16 03:15:20.071976	PrimaryDay
13931	2022-10-16 03:16:59.713426	ConspiracyFacts
13932	2022-10-16 03:18:15.215974	takebackthehouse
13933	2022-10-16 03:18:15.708146	TakeBakeAmerica2022
13149	2022-10-14 14:31:59.939612	LetUsWorship
13153	2022-10-14 14:35:23.165017	byedisney
13154	2022-10-14 14:35:42.105584	everythingwoketurnstoshit
13155	2022-10-14 14:36:19.866133	PATP
13157	2022-10-14 14:36:45.939483	afternoonshift
13164	2022-10-14 14:40:59.203505	exposeitALL
13165	2022-10-14 14:41:06.308108	americalast
13170	2022-10-14 14:43:25.717954	noonecares
13171	2022-10-14 14:44:27.655529	bewareofgrifters
13175	2022-10-14 14:45:50.981198	LockUpKillary
13178	2022-10-14 14:47:53.841515	STEVEWILLDOIT
13179	2022-10-14 14:48:05.775411	LockUpGitmoJoe
13181	2022-10-14 14:48:58.703219	DECLASSIFIED
13182	2022-10-14 14:49:17.563326	LockHillaryUp
13183	2022-10-14 14:51:42.7875	LockUpHunterBiden
13184	2022-10-14 14:51:43.23138	LockUpJoeBiden
13185	2022-10-14 14:53:13.820894	ChildrenTheRealPandemic
13186	2022-10-14 14:54:11.301635	TrumpWasBetter
13187	2022-10-14 15:05:24.923553	annons
13188	2022-10-14 15:06:09.652925	Systempigs
13190	2022-10-14 15:25:46.027444	LockFauciUp
13191	2022-10-14 15:36:07.687285	LockSorosUp
13192	2022-10-14 15:54:03.507688	Massachusetts
13193	2022-10-14 15:56:27.085633	ffouci
13194	2022-10-14 15:57:38.919518	Poverty
13195	2022-10-14 16:02:54.378976	fauciisafraud
13196	2022-10-14 16:03:08.098946	worstpresidentbiden
13197	2022-10-14 16:37:16.088962	VoteDixon
13198	2022-10-14 16:42:48.160226	Elonmusk
13199	2022-10-14 16:42:52.044008	MAGAGang
13200	2022-10-14 16:42:54.480951	WEFB
13201	2022-10-14 16:42:55.75994	MAGAAng
13202	2022-10-14 16:44:21.795308	taketheoath
13203	2022-10-14 16:49:49.423342	Healthcare
13204	2022-10-14 16:59:26.855975	Brooklyn
13205	2022-10-14 16:59:43.509147	SubpoenaPelosi
13206	2022-10-14 16:59:47.027839	TX13
13207	2022-10-14 17:08:19.638899	Marriage
13208	2022-10-14 17:08:40.455723	Wife
13209	2022-10-14 17:08:41.043614	Granted
13210	2022-10-14 17:08:41.48268	Royalty
13211	2022-10-14 17:14:59.967701	BanRussianImports
13212	2022-10-14 17:18:38.297022	Complain
13213	2022-10-14 17:18:38.775739	Act
13214	2022-10-14 17:19:21.107944	Conflict
13215	2022-10-14 17:19:22.432213	ClimateCult
13216	2022-10-14 17:42:28.763968	Gapol
13217	2022-10-14 17:42:44.179415	FamilyFirst
13218	2022-10-14 17:45:13.479941	Philly
13219	2022-10-14 17:46:06.382942	scum
13220	2022-10-14 17:50:20.094188	Bullshit
13221	2022-10-14 18:02:50.567055	CanDo
13222	2022-10-14 18:17:06.363691	Social
13223	2022-10-14 18:19:25.923181	Presidents
13224	2022-10-14 18:20:27.764451	DownWithTyranny
13225	2022-10-14 18:26:17.951613	charleston
13226	2022-10-14 18:26:18.379399	southcarolina
13227	2022-10-14 18:36:25.30097	PacificWatch
13228	2022-10-14 19:04:49.343426	SlurOfTheUnion
13229	2022-10-14 19:08:38.901996	SalGreco
13230	2022-10-14 19:24:48.7876	75Hard
13231	2022-10-14 19:24:49.22942	PhaseOne
13232	2022-10-14 19:34:37.756152	Donbass
13233	2022-10-14 19:34:38.216735	Mariupol
13234	2022-10-14 19:34:38.911496	zelenski
13235	2022-10-14 19:34:39.343423	nazi
13236	2022-10-14 19:34:39.779385	azov
13237	2022-10-14 19:40:50.56391	cleanhousemidterm
13238	2022-10-14 20:06:33.767547	Massive
13239	2022-10-14 20:06:36.119634	Grassroots
13240	2022-10-14 20:06:37.022036	office
13241	2022-10-14 20:16:39.08896	Melania
13242	2022-10-14 20:18:41.086024	UNMASKTHESWAMP
13243	2022-10-14 20:22:45.247536	RhinoRomney
13244	2022-10-14 20:25:12.424997	FakeMedia
13245	2022-10-14 20:25:13.791327	Priorities
13246	2022-10-14 20:25:15.02531	Incompetence
13247	2022-10-14 21:26:45.552174	NationalAgDay
13248	2022-10-14 21:34:15.170293	BatmanLives
13249	2022-10-14 21:47:30.544995	Chemtrails
13250	2022-10-14 21:47:30.927678	StopChemtrails
13251	2022-10-14 21:47:31.442633	MichiganPatriots
13252	2022-10-14 21:47:39.996205	donaldtrumpisourpresident
13253	2022-10-14 21:47:40.459505	electionfraud2020
13254	2022-10-14 21:48:06.18708	HB5268
13255	2022-10-14 21:48:06.935771	GodWinsEverytime
13256	2022-10-14 21:49:22.739611	Keystone
13257	2022-10-14 21:50:19.933888	spanking
13258	2022-10-14 21:53:37.735531	realestatehumor
13259	2022-10-14 21:54:15.589433	orangemangood
13260	2022-10-14 21:54:29.852673	patriotpower
13261	2022-10-14 21:54:35.607692	hotfudge
13262	2022-10-14 21:54:41.920888	patriotsdontlie
13263	2022-10-14 21:54:43.905942	mazemoore
13264	2022-10-14 23:31:41.184507	arrestclinton
13265	2022-10-15 00:32:17.848689	KeystonePipeline
13266	2022-10-15 00:32:18.413909	TRUCKERS
13267	2022-10-15 00:33:13.179472	wwg1wwga
13268	2022-10-15 00:40:33.157413	joementia
13269	2022-10-15 00:41:14.581401	tds
13270	2022-10-15 00:41:16.246613	DECERTWI
13271	2022-10-15 00:41:16.699539	DOMESTICTERRORIST
13272	2022-10-15 00:42:07.520568	dcertifyWI
13273	2022-10-15 00:42:12.752291	decertifyAZ
13274	2022-10-15 00:44:33.675127	notdisinformation
13275	2022-10-15 00:44:59.770026	decertifyWI
13276	2022-10-15 00:45:56.701225	notsuicidal
13277	2022-10-15 00:46:12.997436	DecertifyWI
13278	2022-10-15 00:46:44.276266	MichaelGableman
13279	2022-10-15 00:47:18.861107	allpatriots
13280	2022-10-15 01:36:43.835441	Plandemic2
13281	2022-10-15 01:38:26.451194	FBO
13282	2022-10-15 02:01:50.179428	forthelpveofgod
13283	2022-10-15 02:01:50.938994	chrisfarley
13284	2022-10-15 02:01:51.430661	expensivegas
13285	2022-10-15 02:01:51.960747	justthebeginning
13286	2022-10-15 02:01:52.511957	wwIII
13287	2022-10-15 02:36:38.827186	NIMBY
13288	2022-10-15 02:36:39.472843	AdjunctProfessor
13289	2022-10-15 02:37:22.178739	obamaIsARacist
13290	2022-10-15 02:41:55.884567	AfghanistanDisaster
13291	2022-10-15 02:45:39.351097	laundering
13292	2022-10-15 02:45:47.546509	Justice4J6Month
13293	2022-10-15 02:46:47.245817	KevinSeefried
13294	2022-10-15 02:47:19.659191	justice4Pam
13295	2022-10-15 02:47:28.532941	IStandWithBannon
13296	2022-10-15 02:47:30.018522	Warroomposse
13297	2022-10-15 02:47:52.981973	Truth4Pamela
13298	2022-10-15 02:48:04.95754	Trumpgirlonfire
13299	2022-10-15 02:48:23.269213	Justice4AshleyBabbitt
13300	2022-10-15 02:48:40.228041	ObjectThe2020Election
13301	2022-10-15 02:48:40.932952	PedoPeteDidntWin
13302	2022-10-15 02:49:58.568673	JusticeForAshliBabbitt
13303	2022-10-15 02:50:54.659964	mazurik
13304	2022-10-15 02:51:45.569689	dailywire
13305	2022-10-15 02:57:10.527357	wewillwinthiswar
13306	2022-10-15 03:21:23.866079	TammanyHall
13307	2022-10-15 03:21:24.53649	Confederacy
13308	2022-10-15 03:21:24.979163	Mafia
13309	2022-10-15 03:21:25.568288	Unions
13310	2022-10-15 03:21:26.05125	JimCrow
13311	2022-10-15 03:21:26.761971	Occupy
13312	2022-10-15 03:21:27.43716	Leftist
13313	2022-10-15 03:29:25.333347	pizerdocuments
13314	2022-10-15 04:06:43.38082	DurhamTrial
13315	2022-10-15 04:07:55.222141	DurhamDecks
13316	2022-10-15 04:18:05.372598	TrumpGirl
13317	2022-10-15 04:36:21.684975	rolltide
13318	2022-10-15 04:47:06.62249	deleteTwitter
13319	2022-10-15 04:54:07.725342	votered
13320	2022-10-15 04:55:22.540958	OPEC
13321	2022-10-15 04:56:03.95547	ICE
13322	2022-10-15 04:58:32.402252	Marijuana
13323	2022-10-15 05:00:55.063844	lovebirds
13324	2022-10-15 05:02:25.905251	HAARP
13325	2022-10-15 05:02:59.857565	Dictatorship
13326	2022-10-15 05:03:00.413049	Populism
13327	2022-10-15 05:04:03.89987	AZSen
13328	2022-10-15 05:09:33.153287	FGN
13329	2022-10-15 05:12:15.721362	DemsLieAboutEverything
13330	2022-10-15 05:12:16.201318	Democratsaretheproblem
13331	2022-10-15 05:13:40.064729	Possum
13332	2022-10-15 05:14:33.581543	wokeism
13333	2022-10-15 05:14:38.394445	sru
13334	2022-10-15 05:15:51.567938	tacogate
13335	2022-10-15 05:16:12.798949	WheresHunter
13336	2022-10-15 05:18:00.240963	deleteTikTok
13337	2022-10-15 05:18:33.141102	studentdebtforgiveness
13338	2022-10-15 05:23:32.637379	Shortlived
13339	2022-10-15 05:26:16.196981	BlueCollar
13340	2022-10-15 05:27:55.642968	UFC
13341	2022-10-15 05:30:54.135223	FroggiesAngels
13342	2022-10-15 05:33:43.53459	TRUSTWRAY
13343	2022-10-15 05:34:00.085662	jami
13344	2022-10-15 05:38:39.397617	Grassley
13345	2022-10-15 05:38:39.88148	JeffCarlson
13346	2022-10-15 05:39:45.708253	WendyRogers
13347	2022-10-15 05:39:46.173392	LIsaMurkowski
13348	2022-10-15 05:41:49.277576	biggestbabies
13349	2022-10-15 05:41:57.097253	1Love1
13350	2022-10-15 05:42:55.79174	RandPaul
13351	2022-10-15 05:42:56.231816	GainOfFunction
13352	2022-10-15 05:50:14.721905	TwoTieredJustice
13353	2022-10-15 05:50:32.504237	HoustonMethodist
13354	2022-10-15 05:51:38.599923	DEBUNKED
13355	2022-10-15 05:51:55.7238	foodporn
13356	2022-10-15 05:52:33.685026	DougMastriano
13357	2022-10-15 05:55:01.471452	LD7
13358	2022-10-15 05:55:02.001508	AZPol
13359	2022-10-15 05:57:03.719536	nativeamerican
13360	2022-10-15 05:57:04.598972	spirit
13361	2022-10-15 06:00:13.226012	liathomasisaman
13362	2022-10-15 06:00:13.773194	KickMenOutOfWomensSports
13363	2022-10-15 06:01:49.742219	DCiscorrupt
13364	2022-10-15 06:02:59.973903	Personhoodlaw
13365	2022-10-15 06:03:09.635677	goaway
13366	2022-10-15 06:03:41.569023	keepAMERICAfree
13367	2022-10-15 06:04:04.644951	progressive
13368	2022-10-15 06:04:05.393635	LAtrashed
13369	2022-10-15 06:07:08.513435	gasoline
13370	2022-10-15 06:09:15.633204	beproudamerica
13371	2022-10-15 06:11:09.832342	citizenstringer
13372	2022-10-15 06:11:29.333832	doxxing
13373	2022-10-15 06:13:53.72406	LEAVEHERTHERE
13374	2022-10-15 06:14:07.609943	FDNCCriminalSyndicate
13375	2022-10-15 06:15:33.22641	at22
13376	2022-10-15 06:18:15.769555	WhoWasJaneRoe
13377	2022-10-15 06:19:13.89353	First_Domino
13378	2022-10-15 06:19:22.54493	SHHHHHHHH
13379	2022-10-15 06:20:00.101261	ObamaNation
13380	2022-10-15 06:20:23.857843	TheMOREyouKNOW
13381	2022-10-15 06:21:00.698659	GunOwners
13382	2022-10-15 06:21:01.226509	GunViolence
13383	2022-10-15 06:42:43.066359	ExposeTwitter
13384	2022-10-15 07:09:36.019571	cancelDisney
13385	2022-10-15 07:22:09.121167	TakeBackAmerica
13835	2022-10-15 20:46:28.260666	boondock
13837	2022-10-15 20:46:37.745001	freedomspeech
13838	2022-10-15 20:46:38.436924	zuckerberg
13844	2022-10-15 20:47:14.346485	nelk
13845	2022-10-15 20:47:18.696875	miamidolphins
13848	2022-10-15 20:47:26.685022	independence
13850	2022-10-15 20:47:32.656873	ncaa
13851	2022-10-15 20:47:33.417792	swimming
13854	2022-10-15 20:47:49.232723	policies
13858	2022-10-15 20:48:17.048873	funtimes
13859	2022-10-15 20:48:18.010672	traveltrailer
13860	2022-10-15 20:48:18.465001	bonfires
13863	2022-10-15 20:48:26.032991	makesense
13864	2022-10-15 20:48:26.948993	nocommonsense
13865	2022-10-15 20:48:41.114309	policy
13866	2022-10-15 20:48:41.869032	grocery
13867	2022-10-15 20:48:42.606493	bidentax
13868	2022-10-15 20:49:10.126983	donttrustbrandon
13872	2022-10-15 20:49:17.96487	mandate
13876	2022-10-15 20:49:35.769898	weneedtips
13880	2022-10-15 20:49:44.684867	nowornever
13881	2022-10-15 20:49:45.734953	barrel
13882	2022-10-15 20:49:46.220563	helpus
13883	2022-10-15 20:49:47.481043	fossilfuel
13886	2022-10-15 20:50:11.12889	bakermayfield
13888	2022-10-15 20:50:21.469102	militia
13889	2022-10-15 20:51:15.128017	workingclass
13890	2022-10-15 20:51:15.973155	rent
13891	2022-10-15 20:51:16.495308	autoinsurance
13892	2022-10-15 20:51:16.98053	electricity
13893	2022-10-15 20:51:17.428884	healthinsurance
13897	2022-10-15 20:54:12.521257	whitewalls
13898	2022-10-15 21:12:59.0373	bigpharmabigproblem
13900	2022-10-15 21:52:44.447036	YouBetterRun
13934	2022-10-16 03:24:32.044536	dontfeedthettrolls
13935	2022-10-16 03:28:59.156638	TeachTheKidsPatriotism
13938	2022-10-16 03:47:17.403443	RachelMaddow
13940	2022-10-16 03:48:16.100201	NeilDeGrasseTyson
13944	2022-10-16 03:53:28.557618	ComradSmollett
13946	2022-10-16 03:54:07.996836	LiaThomas
13947	2022-10-16 03:54:08.864516	StarTrek
13949	2022-10-16 03:54:21.347534	SecondIsTheNewFirst
13951	2022-10-16 03:54:26.434506	Disgusting
13952	2022-10-16 03:54:35.88809	RachelLevine
13954	2022-10-16 03:54:40.255195	FuckAroundAndFindOut
13955	2022-10-16 03:56:39.837102	Straight
13960	2022-10-16 03:57:13.943864	StonewallJackson
13965	2022-10-16 03:58:43.102658	ModernArt
13967	2022-10-16 04:00:19.881904	Gutfeld
13973	2022-10-16 04:02:30.621405	Ukranians
13974	2022-10-16 04:02:36.158888	WendyBell
13978	2022-10-16 04:03:53.772412	BlessedVirginMary
14088	2022-10-16 05:38:43.693769	snakevenom
14089	2022-10-16 05:38:44.961436	watchthewater
14099	2022-10-16 05:42:33.914938	Ashtur
14101	2022-10-16 05:43:08.691866	Influencer
14102	2022-10-16 05:43:11.043378	bidencrime
14103	2022-10-16 05:43:14.777519	highcrimes
14104	2022-10-16 05:43:15.216986	tribunal
14107	2022-10-16 05:44:21.237676	bidenfamilycorruption
14109	2022-10-16 05:48:09.841037	SoulTalk
14111	2022-10-16 05:48:27.788977	truthtrai
14112	2022-10-16 05:51:22.197832	LaptopfromHell
14113	2022-10-16 05:52:11.284671	Ritlecitinib
14114	2022-10-16 05:52:12.876887	pfizerbiontech
14123	2022-10-16 05:58:22.647955	March
14126	2022-10-16 05:59:24.656683	DaddysGirl
14127	2022-10-16 05:59:26.853068	bioresearchlabs
14128	2022-10-16 05:59:28.401633	warriors
14130	2022-10-16 06:02:29.196781	DonaldjTrump
14131	2022-10-16 06:02:31.267896	peaceout
14132	2022-10-16 06:02:31.78107	deuces
14133	2022-10-16 06:02:32.277224	tossingdeuces
14134	2022-10-16 06:03:21.878243	TruthSayers
14155	2022-10-16 06:12:14.556839	Men
14162	2022-10-16 06:16:23.528715	CelebrateLIFE
14165	2022-10-16 06:19:57.863023	speech
14166	2022-10-16 06:19:59.846371	reform
14167	2022-10-16 06:20:00.321892	sanctityofLife
14168	2022-10-16 06:20:01.673934	saveourChildren
14169	2022-10-16 06:20:02.704681	RSBNnetwork
14179	2022-10-16 06:30:14.118893	applesandpeanutbutter
14191	2022-10-16 06:32:07.752594	HAPPYFRIDAY
14196	2022-10-16 06:33:08.225794	Biker
14197	2022-10-16 06:33:08.778045	Bikers
14201	2022-10-16 06:33:24.841057	TuesdayTidbit
17756	2022-10-21 02:33:24.75244	BuildAWall
17757	2022-10-21 02:33:48.796891	laptopx3fromhell
17758	2022-10-21 02:34:17.736609	BetoIsACompleteMoron
17759	2022-10-21 02:34:18.132655	BetoIsASickSonOfABitch
17760	2022-10-21 02:35:20.264882	trumpForever
17761	2022-10-21 02:36:13.062306	DropFox
17762	2022-10-21 02:40:25.861466	UnfollowFoxNews
17763	2022-10-21 02:41:17.534264	UvaldeCoverUp
17764	2022-10-21 02:42:47.277017	ScottJenkins
17765	2022-10-21 02:42:47.692776	citizens
17766	2022-10-21 02:42:57.904844	unbelievable
17767	2022-10-21 02:42:58.381532	bold
17768	2022-10-21 02:42:58.864314	inyourface
17769	2022-10-21 02:44:43.362277	NCSWICNothing
17770	2022-10-21 02:45:37.488404	CountingVotes
17771	2022-10-21 02:47:54.928434	professionaltroll
17772	2022-10-21 02:48:27.169024	magicwand
17773	2022-10-21 02:52:06.068449	JusticeForAll
17774	2022-10-21 02:52:48.395083	nightmareinthewhitehouse
17775	2022-10-21 02:53:19.063518	Cornpop
17776	2022-10-21 02:53:19.464522	IceCreamIdiot
17777	2022-10-21 02:53:19.727377	UkraineAid
17778	2022-10-21 02:56:11.049827	JoinIn
17779	2022-10-21 02:57:33.407463	mothersandbabies
17780	2022-10-21 02:59:14.446811	Nurenberg2
17781	2022-10-21 03:01:47.099285	FauciWife
17782	2022-10-21 03:12:25.912393	redpublican
17783	2022-10-21 03:13:58.069928	damn
17784	2022-10-21 03:13:58.791945	Lamala
17785	2022-10-21 03:15:14.904938	nevermind
17786	2022-10-21 03:15:16.873012	Dummy
17787	2022-10-21 03:15:30.740511	lamala
17788	2022-10-21 03:15:31.268442	election2024
17789	2022-10-21 03:15:34.792323	MSN
17790	2022-10-21 03:15:35.558573	FOX
17791	2022-10-21 03:17:20.177958	You
17792	2022-10-21 03:17:20.624956	Agree
17793	2022-10-21 03:17:34.952632	my
17794	2022-10-21 03:18:26.998667	understand
17795	2022-10-21 03:18:28.114634	GOOD
17796	2022-10-21 03:18:42.288475	listen
17797	2022-10-21 03:21:16.944338	Climitard
17798	2022-10-21 03:26:15.760513	ElectionDeniers
17799	2022-10-21 03:26:47.969062	ThePeopleMustKnow
17800	2022-10-21 03:26:59.429523	America1
17801	2022-10-21 03:27:23.672865	AmericanPatriots
17802	2022-10-21 03:28:49.788126	NC01
17803	2022-10-21 03:29:22.573127	Metaverse
17804	2022-10-21 03:29:27.884989	ChaseBank
17805	2022-10-21 03:29:45.408421	FireRashida
17806	2022-10-21 03:29:58.896552	SaveMichigan
17807	2022-10-21 03:30:09.266289	VoteNO
17808	2022-10-21 03:33:02.060222	out
17809	2022-10-21 03:33:43.841956	communion
17810	2022-10-21 03:33:44.49834	THANK
17811	2022-10-21 03:33:46.976286	SPEECH
17812	2022-10-21 03:33:47.90826	NO
17813	2022-10-21 03:33:48.444326	TO
17814	2022-10-21 03:33:48.905807	SILENCE
17815	2022-10-21 03:33:57.891852	YOUR
17816	2022-10-21 03:33:59.53247	RIGHT
17817	2022-10-21 03:34:25.068294	COMING
17818	2022-10-21 03:34:25.516283	BACK
17819	2022-10-21 03:34:25.964368	STOP
17820	2022-10-21 03:34:33.872507	IN
17821	2022-10-21 03:34:39.328438	FAULT
17822	2022-10-21 03:34:45.33244	AGAIN
17823	2022-10-21 03:34:45.91495	TAKE
17824	2022-10-21 03:34:53.182899	NEW
17825	2022-10-21 03:34:53.636516	DOG
17826	2022-10-21 03:34:54.399454	TOWN
17827	2022-10-21 03:34:55.328868	RAPIDO
17828	2022-10-21 03:35:01.279061	CANCEL
17829	2022-10-21 03:35:03.675225	DO
17830	2022-10-21 03:35:04.841934	NOW
17831	2022-10-21 03:35:12.159915	My
17832	2022-10-21 03:36:09.260283	teamusa
17833	2022-10-21 03:37:48.518881	misinformed
17834	2022-10-21 03:38:41.064504	QueenElizabethll
17835	2022-10-21 03:40:08.84045	wargames
17836	2022-10-21 03:40:13.430116	HousingCrisis
17837	2022-10-21 03:40:22.844949	MidtermElections
17838	2022-10-21 03:43:59.886704	MarthasVineyardInvasion
17839	2022-10-21 03:45:32.480007	JustFollowTheLaw
17840	2022-10-21 03:45:32.87227	AZSOS
17841	2022-10-21 03:46:29.562136	TruthConductors
17842	2022-10-21 03:49:49.252281	TurnThemOff
17843	2022-10-21 03:49:49.693528	BoycottLegacyMadia
17844	2022-10-21 03:49:50.241007	PropagandaTV
17845	2022-10-21 03:49:50.708283	JournalismIsDead
17846	2022-10-21 03:51:56.364305	JuanOSavin
17847	2022-10-21 03:54:59.925058	EndCentralBanking
17848	2022-10-21 03:55:00.57671	JPMorgan
17849	2022-10-21 03:55:25.876356	StephenHawking
17850	2022-10-21 03:55:26.252808	Mankind
17851	2022-10-21 03:57:24.431359	TinFoilHatBrigade
17852	2022-10-21 03:58:54.716373	loveWins
17853	2022-10-21 04:00:08.388281	SecretService
17854	2022-10-21 04:01:37.968737	NotAComedy
17855	2022-10-21 04:03:32.43038	NECEDAH
17856	2022-10-21 04:06:19.56123	DisneyPlus
17857	2022-10-21 04:06:44.946951	illegitimate
17858	2022-10-21 04:08:30.326931	Andweknow
17859	2022-10-21 04:08:30.777149	USPatriots
17860	2022-10-21 04:08:31.5066	NewYorkPost
17861	2022-10-21 04:09:24.417301	KeepYourEyesOnJesus
17862	2022-10-21 04:10:48.521495	JesusIsKingOfKings
17863	2022-10-21 04:10:49.43802	KingdomofGod
17864	2022-10-21 04:10:50.92355	YESHUAHAMASHIACH
17865	2022-10-21 04:11:48.708556	NYGiants
17866	2022-10-21 04:13:10.176567	TheRedWave2022
17867	2022-10-21 04:19:08.144433	Bombs
14105	2022-10-16 05:43:15.669002	tribunals
14106	2022-10-16 05:43:27.914525	TruthSayer
14108	2022-10-16 05:44:22.448991	romney
14110	2022-10-16 05:48:11.276878	spiritual
14115	2022-10-16 05:52:56.178666	SALUTE
14116	2022-10-16 05:52:57.552908	TRUTHING
14117	2022-10-16 05:52:59.866879	NoMakeUp
14118	2022-10-16 05:53:00.360866	NoHair
14119	2022-10-16 05:53:00.769095	DontCare
14120	2022-10-16 05:53:12.125671	ritualistic
14121	2022-10-16 05:53:12.67041	profile
14122	2022-10-16 05:54:16.930372	Kayleigh
14124	2022-10-16 05:58:23.300796	MandatesMarch
14125	2022-10-16 05:58:29.616899	Truthsayers
14129	2022-10-16 05:59:29.381069	freedomtrain
14135	2022-10-16 06:05:28.42581	GlassHouse
14136	2022-10-16 06:05:28.837952	CelebrateLife
14137	2022-10-16 06:05:29.302295	EnjoyTheJourney
14138	2022-10-16 06:05:30.033912	WorkWell
14139	2022-10-16 06:05:30.464998	PlayMostly
14140	2022-10-16 06:05:30.940897	DreamOften
14141	2022-10-16 06:05:31.429166	LaughALOT
14142	2022-10-16 06:05:31.862435	PrayHard
14143	2022-10-16 06:05:32.356732	RestAlways
14144	2022-10-16 06:05:32.821253	Body
14145	2022-10-16 06:05:33.329103	Soul
14146	2022-10-16 06:05:33.809952	Spirit
14147	2022-10-16 06:05:34.459212	mind
14148	2022-10-16 06:05:35.189156	spirituality
14149	2022-10-16 06:05:35.993129	goodvibes
14150	2022-10-16 06:08:51.23314	Help
14151	2022-10-16 06:08:51.715946	Profile
14152	2022-10-16 06:11:37.799573	shadowgovernment
14153	2022-10-16 06:11:38.553084	blackmail
14154	2022-10-16 06:11:38.952867	MKultra
14156	2022-10-16 06:12:15.380839	Sports
14157	2022-10-16 06:12:15.814114	competition
14158	2022-10-16 06:12:16.525428	Conductor
14159	2022-10-16 06:12:16.986007	Conductors
14160	2022-10-16 06:16:19.248803	MondayMojo
14161	2022-10-16 06:16:20.408649	itsaWAYofLife
14163	2022-10-16 06:16:25.040659	Hamashiach
14164	2022-10-16 06:19:47.480603	hillz
14170	2022-10-16 06:20:27.676783	greennewdeal
14171	2022-10-16 06:25:28.105595	Roxie
14172	2022-10-16 06:25:29.098393	Bengal
14173	2022-10-16 06:27:04.54086	rockin
14174	2022-10-16 06:28:16.291645	DrainTheSwap
14175	2022-10-16 06:30:12.282853	Ocean
14176	2022-10-16 06:30:12.843689	starbucks
14177	2022-10-16 06:30:13.270595	Sunshine
14178	2022-10-16 06:30:13.692626	RocknRoll
14180	2022-10-16 06:30:15.957865	LivinTheDream
14181	2022-10-16 06:30:16.358848	livingthedream
14182	2022-10-16 06:30:16.784693	Tool
14183	2022-10-16 06:30:17.178049	nofilter
14184	2022-10-16 06:30:17.564091	nofilters
14185	2022-10-16 06:30:17.970257	nofiltersneeded
14186	2022-10-16 06:30:18.493391	nofilterneeded
14187	2022-10-16 06:30:19.475	HappyWednesday
14188	2022-10-16 06:30:19.893092	HappyHumpDay
14189	2022-10-16 06:30:20.292903	ashwednesday
14190	2022-10-16 06:30:20.720942	lentinsea
14192	2022-10-16 06:32:08.428833	TRUTHSAYERS
14193	2022-10-16 06:32:22.100938	WeThePEOPLE
14194	2022-10-16 06:33:07.041717	LetFreedomRing
14195	2022-10-16 06:33:07.495954	Harley
14198	2022-10-16 06:33:09.488948	Truck
14199	2022-10-16 06:33:09.886623	Trucker
14200	2022-10-16 06:33:11.289043	HarleyDavidson
14202	2022-10-16 07:14:28.473942	DitchTheRat
14203	2022-10-16 07:15:39.880404	CutTheRatOff
14204	2022-10-16 07:17:01.388696	GratefulForRealMen
14205	2022-10-16 07:17:04.048573	GodIsLove
14206	2022-10-16 07:23:22.176644	KeepOnTruckin
14207	2022-10-16 07:24:45.950221	GodIsWithUs
14208	2022-10-16 07:24:46.468547	CharlieMike
14209	2022-10-16 07:26:56.452438	Can
14210	2022-10-16 07:27:12.577938	IMissBatman
14211	2022-10-16 07:28:17.384493	KeepOnTruthing
14212	2022-10-16 07:29:31.872397	MiFamilia
14213	2022-10-16 07:41:13.172272	UltraMAGAs
14214	2022-10-16 07:52:08.225395	HB322
14215	2022-10-16 07:52:30.240897	Fluorinating
14216	2022-10-16 07:52:31.02878	Water
14217	2022-10-16 07:52:31.470945	Venom
14218	2022-10-16 07:52:31.952967	HealthDepartment
14219	2022-10-16 07:53:25.647711	waitforit
14220	2022-10-16 07:53:26.764704	vladimirputin
14221	2022-10-16 07:53:59.678827	chlorinesioxide
14222	2022-10-16 07:54:00.832689	bleach
14223	2022-10-16 07:57:20.303968	coal
14224	2022-10-16 08:12:39.177597	evergreen
14225	2022-10-16 08:46:34.814846	texasprimaries
14226	2022-10-16 08:46:35.868995	noRhinos
14227	2022-10-16 09:18:44.508616	trumprocks
14228	2022-10-16 09:50:39.100235	TwitterSux
14229	2022-10-16 09:56:34.288711	RipTaylorHawkins
14230	2022-10-16 09:58:29.280971	HouseOfCards
14231	2022-10-16 09:59:11.458067	NotAllTeachersAreSaints
14232	2022-10-16 10:04:15.437258	ToneDeaf
14233	2022-10-16 10:04:24.704511	JailPelosi
14234	2022-10-16 10:04:45.293586	PfizerLies
14235	2022-10-16 10:06:14.102136	MillennialHate
14236	2022-10-16 10:09:32.42095	ConspiracyFact
14237	2022-10-16 10:10:01.209341	CovidCoverup
14238	2022-10-16 10:12:45.132868	crimeofthecentury
14239	2022-10-16 10:28:17.374828	MenendezBrothers
14240	2022-10-16 10:28:17.894557	pedogate
14241	2022-10-16 10:30:30.786048	SavingTheChildren
14242	2022-10-16 10:36:25.968836	LeeOswald
14243	2022-10-16 10:40:15.116872	abovetopsecret
14244	2022-10-16 10:40:16.308615	drstevengreer
14245	2022-10-16 10:47:43.420881	KennedyVision
14246	2022-10-16 10:51:13.868642	BushDid911
14247	2022-10-16 11:08:49.808506	ReDunnFarm
14248	2022-10-16 11:32:07.047782	ToyPhotography
14249	2022-10-16 11:32:07.507307	photo
14250	2022-10-16 11:32:08.205413	summertime
14251	2022-10-16 11:32:09.320218	Minion
14252	2022-10-16 11:35:46.903107	newzealand
14253	2022-10-16 11:35:47.917958	lakes
14254	2022-10-16 11:35:48.384836	landscape_capture
14255	2022-10-16 11:35:49.15378	earth
14256	2022-10-16 11:37:17.568352	aestdeligth
14257	2022-10-16 11:38:12.193868	waterfallmagic
14258	2022-10-16 11:38:17.906928	offgrid
14259	2022-10-16 11:38:18.748277	minimalista
14260	2022-10-16 11:38:19.178942	Cabinfolk
14261	2022-10-16 11:38:19.660306	Cabinliving
14262	2022-10-16 11:38:20.157203	cabinfever
14263	2022-10-16 11:38:20.580169	tinyhouse
14264	2022-10-16 11:38:38.13424	moonart
14265	2022-10-16 11:38:39.140713	moonlover
14266	2022-10-16 11:38:39.664244	flymetothemoon
14267	2022-10-16 11:39:24.776459	bathtime
14268	2022-10-16 11:39:25.726285	nightroutine
14269	2022-10-16 11:39:28.644742	aesthetics101
14270	2022-10-16 11:39:44.780256	lizziemcguire
14271	2022-10-16 11:39:46.140465	beautifulitalia
14272	2022-10-16 11:39:46.588386	childhoodmemories
14273	2022-10-16 11:39:47.048951	realaesthetics
14277	2022-10-16 11:40:17.416947	gunlaws
14278	2022-10-16 11:40:28.265618	momentslikethis
17868	2022-10-21 04:19:08.592929	Assassins
20275	2022-11-04 02:43:36.758206	DCDumpster
14274	2022-10-16 11:40:07.354563	temple
14275	2022-10-16 11:40:07.848387	nighttime
14279	2022-10-16 11:40:34.384466	sunrisemoment
14280	2022-10-16 11:40:46.044166	macaroons
14282	2022-10-16 11:44:19.124585	truthapp
17869	2022-10-21 04:22:42.065014	wackywednesday
17870	2022-10-21 04:23:43.657164	KarrinTaylorRobson
17871	2022-10-21 04:29:40.584506	FakeRacism
17872	2022-10-21 04:30:28.524144	USMarshals
17873	2022-10-21 04:32:44.296425	Financing
17874	2022-10-21 04:32:45.620579	renting
17875	2022-10-21 04:32:46.056387	mortgage
17876	2022-10-21 04:33:48.112441	Nosuchagency
17877	2022-10-21 04:33:48.649577	TheUSPentagon
17878	2022-10-21 04:37:33.132202	2000plusArrest
17879	2022-10-21 04:38:21.349845	2000plusarrest
17880	2022-10-21 04:38:48.442138	2000plusArrests
17881	2022-10-21 04:43:56.624486	HurricaneBigMkie
17882	2022-10-21 04:45:37.79571	Wiener
17883	2022-10-21 04:45:38.496839	Indictments
17884	2022-10-21 04:45:39.696563	Investigation
17885	2022-10-21 04:46:35.852012	Tracy
17886	2022-10-21 04:48:10.971868	ClearanceThomas
17887	2022-10-21 04:48:47.244639	%F0%9D%90%8D%F0%9D%90%92%F0%9D%90%80
17888	2022-10-21 04:51:15.564207	Conundrum
17889	2022-10-21 04:52:26.732678	PeoplesArmyofUS
17890	2022-10-21 04:52:27.224988	Parler
17891	2022-10-21 04:52:27.800408	PAUS
17892	2022-10-21 04:53:43.12517	MaxwellSpyRing
17893	2022-10-21 04:53:52.083919	HIPPA
17894	2022-10-21 04:53:53.684188	shaming
17895	2022-10-21 04:53:54.944183	MEDsurveillance
17896	2022-10-21 04:54:21.464181	sorrow
17897	2022-10-21 04:54:21.92088	darkness
17898	2022-10-21 04:54:58.735987	narcissism
17899	2022-10-21 04:55:00.600053	BIRX
17900	2022-10-21 04:55:00.976219	GATES
17901	2022-10-21 04:55:43.720042	GodandGodAlone
17902	2022-10-21 04:55:55.695992	pray4Florida
17903	2022-10-21 04:56:05.748915	totalitarianism
17904	2022-10-21 04:56:06.224516	ForcedToComply
17905	2022-10-21 04:56:58.022509	RealDonaldTrump
17906	2022-10-21 04:57:43.583938	JusticeForRoseanne
17907	2022-10-21 04:57:44.064103	LockUpValerieJarrett
17908	2022-10-21 05:00:49.088276	RoevWadeisdead
17909	2022-10-21 05:01:18.025776	TrumWon
17910	2022-10-21 05:06:24.628232	TRUMWON
17911	2022-10-21 05:06:58.416379	%F0%9D%90%83%F0%9D%90%A8%F0%9D%90%A7%F0%9D%90%9A%F0%9D%90%A5%F0%9D%90%9D%F0%9D%90%93%F0%9D%90%AB%F0%9D%90%AE%F0%9D%90%A6%F0%9D%90%A9
17912	2022-10-21 05:06:59.475466	%F0%9D%90%94%F0%9D%90%92%F0%9D%90%8C%F0%9D%90%9A%F0%9D%90%AB%F0%9D%90%A2%F0%9D%90%A7%F0%9D%90%9E%F0%9D%90%AC
17913	2022-10-21 05:08:15.508119	MadMaxineWaters
17914	2022-10-21 05:08:15.966522	Hate
17915	2022-10-21 05:08:16.451891	division
17916	2022-10-21 05:08:16.884156	MadMaxine
17917	2022-10-21 05:08:17.853551	FtheLiberals
17918	2022-10-21 05:08:22.840349	NappingNadler
17919	2022-10-21 05:08:41.628727	berkeywaterfilter
17920	2022-10-21 05:10:16.582783	ColorOfLaw
17921	2022-10-21 05:10:18.076621	PoliceOfficers
17922	2022-10-21 05:13:27.951612	QIsBack
17923	2022-10-21 05:19:02.711626	CancerSurvivor
17924	2022-10-21 05:19:03.307615	CureCancer
17925	2022-10-21 05:19:03.743631	CureForCancer
17926	2022-10-21 05:20:14.543665	Statepolice
17927	2022-10-21 05:21:58.068033	reality
17928	2022-10-21 05:27:31.164059	greatestpresidentever
17929	2022-10-21 05:27:46.223737	PatriotSoar
17930	2022-10-21 05:29:41.234792	flags
17931	2022-10-21 05:29:46.263563	TrumpGOAT
17932	2022-10-21 05:30:50.572254	TrumpRallyPennsylvania
17933	2022-10-21 05:33:44.508988	MichaelFlynn
17934	2022-10-21 05:34:14.275192	%F0%9D%99%B1%F0%9D%99%B8%F0%9D%99%B3%F0%9D%99%B4%F0%9D%99%BD
17935	2022-10-21 05:34:15.790542	%F0%9D%99%BF%F0%9D%99%BE%F0%9D%9A%83%F0%9D%9A%84%F0%9D%9A%82
17936	2022-10-21 05:34:16.219278	%F0%9D%9A%84%F0%9D%99%BA%F0%9D%9A%81%F0%9D%99%B0%F0%9D%99%B8%F0%9D%99%BD%F0%9D%99%B4
17937	2022-10-21 05:37:43.063941	fakepolls
17938	2022-10-21 05:37:50.127265	fakeNews
17939	2022-10-21 05:44:55.715949	%F0%9D%99%B7%F0%9D%99%B8%F0%9D%9A%85
17941	2022-10-21 05:49:25.81657	WeStandWithPresTrump
17942	2022-10-21 05:49:39.839442	TrumpsTRUTHS
17943	2022-10-21 05:52:35.771793	Satanworship
17944	2022-10-21 05:52:43.380873	Satanists
17945	2022-10-21 05:54:23.023235	WeStandWithTrump
17946	2022-10-21 06:00:45.247615	freedomloving
17947	2022-10-21 06:12:15.263019	ReTruthers
17948	2022-10-21 06:13:26.058966	toughpeople
17949	2022-10-21 06:14:01.427076	FedUpFJB
17950	2022-10-21 06:17:21.544469	flynnbrosRFEDS
17951	2022-10-21 06:20:21.731767	%F0%9D%90%85%F0%9D%90%80%F0%9D%90%8D%F0%9D%90%88%F0%9D%90%96%F0%9D%90%88%F0%9D%90%8B%F0%9D%90%8B%F0%9D%90%88%F0%9D%90%92
17952	2022-10-21 06:21:18.228367	Godlovesyou
17953	2022-10-21 06:38:32.263806	S%E1%B4%8B%E1%B4%9C%CA%9F%CA%9F
17954	2022-10-21 06:52:08.571423	BestPresidentEver45
17955	2022-10-21 06:52:45.624021	theMoreYouKnow
17956	2022-10-21 06:53:46.319892	realmeds
17957	2022-10-21 06:53:46.747776	healingpower
17958	2022-10-21 06:53:47.415786	enoughlies
17959	2022-10-21 06:53:47.903707	flowerpower
17960	2022-10-21 06:53:48.279661	endprohibition
17961	2022-10-21 06:53:48.705901	legalizefed
17962	2022-10-21 06:54:28.063337	ForeverDittos
17963	2022-10-21 06:54:34.958789	adamsapple
17964	2022-10-21 06:55:17.132113	jan6hearings
17965	2022-10-21 07:10:38.848828	whereishunter
17966	2022-10-21 07:10:51.625008	blamePutin
17967	2022-10-21 07:12:43.443677	Donotcomply
17968	2022-10-21 07:17:01.04059	WinnieThePutin
17969	2022-10-21 07:17:00.276118	%F0%9D%90%91%F0%9D%90%84%F0%9D%90%93%F0%9D%90%91%F0%9D%90%94%F0%9D%90%93%F0%9D%90%87
17970	2022-10-21 07:24:00.096106	overturn
17971	2022-10-21 07:30:30.271932	GreatDayToday
17972	2022-10-21 07:31:17.847924	ALLLIVESMATER
17973	2022-10-21 07:41:13.93598	Deaths
17974	2022-10-21 07:41:14.396495	perspectivematters
17975	2022-10-21 07:41:15.116428	HealthEmergency
17976	2022-10-21 07:41:15.440151	truckconvoy
17977	2022-10-21 07:46:18.424428	thatstheTruth
17978	2022-10-21 07:49:22.080233	laughalittle
17979	2022-10-21 07:50:20.062965	CliffNotes
17980	2022-10-21 07:55:24.944589	BareShelves
17981	2022-10-21 07:57:58.001858	BlackRepublicans
17982	2022-10-21 07:57:58.436787	Congressmen
17983	2022-10-21 08:01:38.976148	miracle
17984	2022-10-21 08:02:51.112001	NoBabyFormula
17985	2022-10-21 08:09:03.572204	mothesday2022
17986	2022-10-21 08:12:15.056152	truthSaturday
17987	2022-10-21 08:15:47.612529	%F0%9D%9A%83%F0%9D%9A%9B%F0%9D%9A%9E%F0%9D%9A%9D%F0%9D%9A%91%F0%9D%9A%82%F0%9D%9A%98%F0%9D%9A%8C%F0%9D%9A%92%F0%9D%9A%8A%F0%9D%9A%95
17988	2022-10-21 08:17:17.520247	mothers
14276	2022-10-16 11:40:15.964468	Gun
14281	2022-10-16 11:43:35.920643	aprilfoolsday
14283	2022-10-16 11:48:43.168569	gettr
14284	2022-10-16 11:50:21.846381	faketrump
14285	2022-10-16 11:50:29.142842	jussie
14286	2022-10-16 11:50:59.208406	smollett
14287	2022-10-16 11:51:09.862193	gaspriceincrease
14288	2022-10-16 11:51:10.643906	mememaster
14289	2022-10-16 11:52:07.16172	Oilprices
14290	2022-10-16 11:53:14.272376	gasolina
14291	2022-10-16 12:08:13.822426	DogsAreAwesome
14292	2022-10-16 12:08:14.941104	DogsOfTruthSocial
14293	2022-10-16 13:39:18.387145	baa
14294	2022-10-16 13:39:22.501654	NoVaccineMandates
14295	2022-10-16 13:39:27.598825	holistichealth
14296	2022-10-16 13:39:36.54801	gymrat
14297	2022-10-16 13:39:37.036216	carbsexual
14298	2022-10-16 13:44:48.770782	GovernorRonDeSantis
14299	2022-10-16 13:44:50.533878	LiberalAgenda
14300	2022-10-16 13:44:51.042753	LiberalLeft
14301	2022-10-16 13:45:51.460291	Naturalimmunity
14302	2022-10-16 13:49:33.869374	donda2
14303	2022-10-16 14:01:57.059667	TrumpDerangementSyndrome
14304	2022-10-16 14:06:46.044778	GetToWork
14305	2022-10-16 14:06:46.471404	LuvTruths
14306	2022-10-16 14:06:46.861895	GetAJob
14307	2022-10-16 14:06:47.336895	WorkEthics
14308	2022-10-16 14:46:28.464897	GodsWord
14309	2022-10-16 14:47:28.212782	DemocratsAreDestroyingUs
14310	2022-10-16 14:47:28.724799	ArrestJoeBidenForTreason
14311	2022-10-16 14:47:29.196485	DumpTheRinosIn2020
14312	2022-10-16 14:49:00.74448	redemption
14313	2022-10-16 14:49:43.928405	Ezekiel1
14314	2022-10-16 14:50:40.982367	StarWars
14315	2022-10-16 14:51:24.580806	Heartland
14316	2022-10-16 14:51:34.221541	Thechairisagainstthewall
14317	2022-10-16 14:53:19.898506	HowItStarted
14318	2022-10-16 14:56:06.400631	maranatha
14319	2022-10-16 14:56:07.845126	cross
14320	2022-10-16 14:56:09.064912	forgiveness
14321	2022-10-16 14:56:11.181161	inChristAlone
14322	2022-10-16 14:56:11.592885	heaven
14323	2022-10-16 14:56:12.128808	hell
14324	2022-10-16 14:56:12.584919	2ndComing
14325	2022-10-16 14:56:13.12954	tribulation
14326	2022-10-16 14:56:13.649329	eternallife
14327	2022-10-16 14:56:14.719099	BlessedHope
14328	2022-10-16 14:56:15.188543	GodAdoresYou
14329	2022-10-16 14:56:16.195067	miraclesofChrist
14330	2022-10-16 14:56:16.707147	thirdDay
14331	2022-10-16 14:56:17.203998	EmptyTomb
14332	2022-10-16 14:56:17.656684	HeisRisen
14333	2022-10-16 14:56:18.370891	LambofGod
14334	2022-10-16 14:56:43.976884	FreeAmerica
14335	2022-10-16 15:00:58.205359	Narsil
14336	2022-10-16 15:02:05.405525	psychop
14337	2022-10-16 15:02:17.457317	nationaldayofprayer
14338	2022-10-16 15:02:48.547887	AmericanHealthcareisRuined
14339	2022-10-16 15:05:55.749138	NursesForFreedom
14340	2022-10-16 15:06:14.432875	7500rule
14341	2022-10-16 15:06:19.30522	JesusTrain
14342	2022-10-16 15:06:35.793014	KJV
14343	2022-10-16 15:06:42.97126	TulsiGabbard
14344	2022-10-16 15:06:45.865703	nerds
14345	2022-10-16 15:06:46.913325	morefrens
14346	2022-10-16 15:06:47.575454	StarWarsDay
14347	2022-10-16 15:06:48.408971	ilovemyfrens
14348	2022-10-16 15:07:11.431936	WhiteLivesMatter
14349	2022-10-16 15:07:17.268923	zinc
14350	2022-10-16 15:07:21.946167	MayTheFourthBeWithYou
14351	2022-10-16 15:10:24.880717	bluecities
14352	2022-10-16 15:10:57.441086	WeNeedAccountability
14353	2022-10-16 15:13:07.639893	Oathkeepers
14354	2022-10-16 15:13:28.241835	Dios
14355	2022-10-16 15:13:28.956806	Biblia
14356	2022-10-16 15:13:29.428906	Luz
14357	2022-10-16 15:13:29.876667	Verdad
14358	2022-10-16 15:13:30.30471	Vida
14359	2022-10-16 15:13:30.720736	Amor
14360	2022-10-16 15:13:31.168933	Paz
14361	2022-10-16 15:13:31.681369	Orar
14362	2022-10-16 15:13:40.241019	DOALLGOODTHINGS
14363	2022-10-16 15:13:40.932843	LORD
14364	2022-10-16 15:13:41.402919	MATTHEW25
14365	2022-10-16 15:13:50.093012	DailyBread
14366	2022-10-16 15:13:52.705917	TogetherWeStand
14367	2022-10-16 15:13:53.661687	USConstitution
14368	2022-10-16 15:15:16.770238	repent
14369	2022-10-16 15:15:45.469715	VaccineDeath
14370	2022-10-16 15:17:37.998296	vaccinemandate
14371	2022-10-16 15:17:43.188726	GovRonDeSantis
14372	2022-10-16 15:19:26.541209	IAmMAGA
14373	2022-10-16 15:20:32.274633	RealJournalism
14374	2022-10-16 15:20:52.181737	Hardees
14375	2022-10-16 15:21:04.864045	ILoveMikeLindell
14376	2022-10-16 15:22:21.992871	Connecticut
14377	2022-10-16 15:22:24.161064	DeepStatePanic
14378	2022-10-16 15:22:24.716873	CleanUpOurSchools
14379	2022-10-16 15:22:25.392863	wokeschools
14380	2022-10-16 15:22:29.392849	princessdiana
14381	2022-10-16 15:24:14.904809	StolenElection
14382	2022-10-16 15:24:15.282466	MSMFakeNews
14383	2022-10-16 15:24:15.777334	UkraineMoneyLaundering
14384	2022-10-16 15:26:23.52528	PatriotAct
14385	2022-10-16 15:27:07.473164	flippingtables
14386	2022-10-16 15:28:09.93735	cognitivedissonance
14387	2022-10-16 15:28:25.787273	corruptDOJ
14388	2022-10-16 15:28:26.900767	corruptfbi
14389	2022-10-16 15:28:38.757956	November2020
14390	2022-10-16 15:29:37.237139	AmericanEconomy
14391	2022-10-16 15:29:57.609185	InvasionOfAmerica
14392	2022-10-16 15:30:08.776739	missouri
14393	2022-10-16 15:30:26.458476	JosephMengele
14394	2022-10-16 15:31:18.141061	Idaho
14395	2022-10-16 15:31:54.025427	Shalom
14396	2022-10-16 15:31:54.931739	YESHUA
14397	2022-10-16 15:31:55.364903	MESSIAH
14398	2022-10-16 15:31:56.040796	ADONAI
14399	2022-10-16 15:31:56.446172	YAHWEH
14400	2022-10-16 15:31:56.933828	ELOHIM
14401	2022-10-16 15:31:59.868793	adverseevent
14402	2022-10-16 15:32:02.776889	Thrombosis
14403	2022-10-16 15:32:03.233483	Tinnitus
14404	2022-10-16 15:32:03.66113	gilliambarres
14405	2022-10-16 15:32:04.161418	paralysis
14406	2022-10-16 15:32:04.697877	strokes
14407	2022-10-16 15:32:05.472631	EUA
14408	2022-10-16 15:32:06.287166	aneurysms
14409	2022-10-16 15:32:13.620981	Generators
14410	2022-10-16 15:32:14.076465	ElectricGrid
14411	2022-10-16 15:32:16.817097	PatriotGame
14412	2022-10-16 15:32:21.404852	grid
14413	2022-10-16 15:34:07.998229	november8
14414	2022-10-16 15:35:03.312992	VIOLENTLEFT
14415	2022-10-16 15:35:50.15287	governmentcollusion
14416	2022-10-16 15:35:59.233023	DrainingTheSwamp
14417	2022-10-16 15:36:28.527123	PeoplesConvoy2022
14418	2022-10-16 15:38:39.445127	HealthCare
14423	2022-10-16 15:40:24.357021	CrimeAgainstHumanity
14429	2022-10-16 15:44:47.585917	JoeBidensAmerica
17940	2022-10-21 05:45:11.767503	elections2022
17989	2022-10-21 08:23:04.048403	hybrid
17990	2022-10-21 08:23:05.261642	shadowpresidency
17991	2022-10-21 08:23:05.684345	ShadowGovernment
17992	2022-10-21 08:25:50.813112	NationalPrayerDay
20276	2022-11-04 02:45:17.588608	MurchMovements
20282	2022-11-04 02:49:09.726254	Soitainly
20283	2022-11-04 02:49:23.025652	MichaelJFox
20284	2022-11-04 02:49:23.476829	ReaganSupporter
20285	2022-11-04 02:49:44.36696	PetPeeve
20286	2022-11-04 02:50:01.680693	ConstellationField
20287	2022-11-04 02:50:02.168935	SugarLand
20288	2022-11-04 02:50:02.970094	SpaceCowboys
20289	2022-11-04 02:50:23.095945	Empathy
20290	2022-11-04 02:50:35.396927	Coitainly
20291	2022-11-04 02:50:59.597977	Disease
20292	2022-11-04 02:51:56.970331	HonestAbe
20293	2022-11-04 02:51:57.427906	EmancipationProclomation
20294	2022-11-04 02:51:58.131028	ReUnifier
20295	2022-11-04 02:52:23.532865	FreedomRising
20296	2022-11-04 02:52:45.769233	ThankYouAllForYourService
20297	2022-11-04 02:54:45.781066	Elonald
20298	2022-11-04 02:55:07.939165	LegalImmigrants
20299	2022-11-04 02:55:23.192836	"LegalImmigrants' rel='""nofollow noopener'"" target='""_blank'"" class='""status-link'"" title='""https://truthsocial.com/tags/LegalImmigrants'""><span class='""invisible'"">https://</span><span class='""ellipsis'"">truthsocial.com/tags/LegalImmi</span><span class='""invisible'"">grants</span></a> Are Awesome As In <a href='""https://truthsocial.com/tags/ElonMusk"""
20300	2022-11-04 02:56:01.204679	WentWokeWentBroke
20301	2022-11-04 02:56:15.377217	WentWokeWent
20302	2022-11-04 02:56:23.694683	LostInTruthVille
20303	2022-11-04 03:00:41.253009	Perfect
20304	2022-11-04 03:01:27.956744	TakeMeOutToTheBallGame
20305	2022-11-04 03:02:19.343559	pixiestrains
20306	2022-11-04 03:02:19.772149	AllAboard
20307	2022-11-04 03:02:42.471024	Stinks
20308	2022-11-04 03:02:43.64724	WithHeld
20309	2022-11-04 03:02:56.180566	Explanation
20310	2022-11-04 03:03:12.133109	Lie
20311	2022-11-04 03:03:13.114548	IHaveAnIssue
20312	2022-11-04 03:03:13.884897	Due
20313	2022-11-04 03:03:14.456431	TruthThat
20314	2022-11-04 03:03:48.62874	SouthernGentleman
20315	2022-11-04 03:03:49.288926	Edit
20316	2022-11-04 03:05:29.33591	KetoCheatDay
20317	2022-11-04 03:05:36.028669	Whataburger
20318	2022-11-04 03:05:36.660519	TexasRepublic
20319	2022-11-04 03:05:37.116646	WereWorkingOnIt
20320	2022-11-04 03:07:11.136571	Lord
20323	2022-11-04 03:08:44.784424	Brilliance
20324	2022-11-04 03:09:18.024804	BlondiesTrain
20325	2022-11-04 03:09:50.485104	Real
20327	2022-11-04 03:11:02.990224	KittyCat
20329	2022-11-04 03:12:27.208575	wheresthebeef
20330	2022-11-04 03:14:15.581623	HTOWN
20331	2022-11-04 03:15:21.238338	congrats
20332	2022-11-04 03:15:21.726462	winwin
20333	2022-11-04 03:16:09.185192	Pendejo
20334	2022-11-04 03:16:09.637319	Puta
20335	2022-11-04 03:16:10.204811	chancala
20336	2022-11-04 03:16:33.99364	Fuking
20337	2022-11-04 03:16:34.446732	ASAP
20338	2022-11-04 03:16:35.029035	StuPid
20339	2022-11-04 03:16:48.408833	TEXAN
20340	2022-11-04 03:16:48.922211	Revolution2022
20341	2022-11-04 03:16:49.408942	Howdy
20342	2022-11-04 03:17:19.365951	MMS
20343	2022-11-04 03:17:19.870867	PutinsFault
20344	2022-11-04 03:17:47.725231	Ho
20346	2022-11-04 03:18:18.113179	ForgivingStudentLoans
20347	2022-11-04 03:18:18.602197	FinancialAdvice
20348	2022-11-04 03:18:35.708648	SwampThings
20354	2022-11-04 03:20:28.172602	PoliticalCompass
20355	2022-11-04 03:20:28.63652	DeepStateTactics
20356	2022-11-04 03:21:33.312093	BetaTest
20357	2022-11-04 03:22:42.749029	ElonMuskFacebook
20358	2022-11-04 03:22:43.273021	Marky
20362	2022-11-04 03:23:29.740794	FNYCityGovernment
20363	2022-11-04 03:24:03.969819	USAPatriots
20364	2022-11-04 03:24:04.409602	ConstitutionalConservatve
20365	2022-11-04 03:24:19.316701	LeftyLoonyMeltDown
20366	2022-11-04 03:24:45.736362	DJJTr
20367	2022-11-04 03:25:55.849906	LoveThatPillowGuy
20368	2022-11-04 03:26:15.580516	3DPrintedAssaultRifle
20369	2022-11-04 03:27:26.854097	Hugely
20370	2022-11-04 03:28:07.586177	USVeterans
20371	2022-11-04 03:28:14.232028	USCoastGuard
20372	2022-11-04 03:28:14.966274	USReserves
20373	2022-11-04 03:28:29.296601	Enron
20374	2022-11-04 03:28:43.120586	NoNegativity
20375	2022-11-04 03:29:16.225405	TheTruthLeader
20376	2022-11-04 03:29:16.667964	TheOlyOneThatReallyMatters
20377	2022-11-04 03:31:15.466734	TwitterTips
20378	2022-11-04 03:31:46.373047	Gotcha
20379	2022-11-04 03:31:58.500781	Optimism
20380	2022-11-04 03:31:58.984974	Attitude
20381	2022-11-04 03:31:59.488872	Bro
20382	2022-11-04 03:32:00.053826	TrumTank2024
20383	2022-11-04 03:33:05.693302	FBT
20384	2022-11-04 03:33:06.139957	MicroSoft
20385	2022-11-04 03:33:53.356064	Negativity
20386	2022-11-04 03:34:08.22874	GoodBye
20388	2022-11-04 03:37:11.507057	SpotOn
20389	2022-11-04 03:37:42.985889	Curious
20390	2022-11-04 03:38:14.760938	Truthseeker
20391	2022-11-04 03:38:30.152082	HashTag
20392	2022-11-04 03:41:05.364494	TwitterTurmoil
20393	2022-11-04 03:46:50.340799	badhabits
20394	2022-11-04 03:51:12.592783	Illegitimate_Demented_Woke_Lethal_threat_to_our_Constitutional_Republic
20395	2022-11-04 03:51:13.33481	Resident_Biden
20397	2022-11-04 03:52:36.328647	AbbottIsFailingTexas
20398	2022-11-04 03:53:43.509819	The_God_Of_The_Machine
20399	2022-11-04 03:53:44.032612	Socialism_Kills
20400	2022-11-04 03:54:08.362827	Buzz
20401	2022-11-04 03:54:09.42103	State
20402	2022-11-04 03:54:09.948736	County
20403	2022-11-04 03:54:10.864366	City
20404	2022-11-04 03:54:11.373968	Ballot
20405	2022-11-04 03:54:38.115921	45th
20406	2022-11-04 03:54:38.66463	47th
20407	2022-11-04 03:55:09.382691	Sales
20408	2022-11-04 03:55:10.055168	BizDeveloper
20409	2022-11-04 03:55:11.280379	Ass
20410	2022-11-04 03:55:33.912867	Proud
20411	2022-11-04 03:55:34.412964	StandForMyConstitutionalRights
20412	2022-11-04 03:55:35.416904	ConstitutionalConservative
20413	2022-11-04 03:55:36.252959	BigGovernment
20414	2022-11-04 03:55:36.918039	CrackerJack
20415	2022-11-04 03:55:37.381182	GoToHell
20416	2022-11-04 03:55:37.834901	NeverLookBack
20417	2022-11-04 03:55:38.288686	TrumpTank2024
20421	2022-11-04 03:56:13.138617	CrayCray
14419	2022-10-16 15:39:31.364507	Propanganda
14420	2022-10-16 15:39:31.752745	beahappy
14421	2022-10-16 15:39:32.56479	kmc
14422	2022-10-16 15:39:51.196414	coupof2020
14426	2022-10-16 15:41:47.944745	NoClinicalTrials
14432	2022-10-16 15:46:14.401343	trollalert
14434	2022-10-16 15:47:53.960901	woketeachers
14438	2022-10-16 15:51:31.272648	CVIDtruth
14439	2022-10-16 15:51:32.015314	DisneyPhiles
14445	2022-10-16 15:55:36.728839	BOAracism
17993	2022-10-21 08:30:04.698543	salemnow
17995	2022-10-21 08:30:48.616415	truefriends
17996	2022-10-21 08:30:49.025066	KindHearted
18000	2022-10-21 08:38:25.672484	%F0%9D%99%B2%F0%9D%9A%8A%F0%9D%9A%97%F0%9D%9A%8D%F0%9D%9A%8A%F0%9D%9A%8C%F0%9D%9A%8E%F0%9D%99%BE%F0%9D%9A%A0%F0%9D%9A%8E%F0%9D%9A%97%F0%9D%9A%9C
18001	2022-10-21 08:38:26.072132	%F0%9D%99%BF%F0%9D%9A%8E%F0%9D%9A%8D%F0%9D%9A%98%F0%9D%9A%99%F0%9D%9A%91%F0%9D%9A%92%F0%9D%9A%95%F0%9D%9A%92%F0%9D%9A%8A
18002	2022-10-21 08:40:52.485872	%F0%9D%99%BD%F0%9D%9A%82%F0%9D%99%B0
18003	2022-10-21 08:41:15.874625	happening
18004	2022-10-21 08:54:29.8277	Talaban
18005	2022-10-21 09:04:27.460407	IlluminatiHasFallen
18006	2022-10-21 09:19:47.68045	Impeachment
18007	2022-10-21 09:19:49.456551	CurrentEvents
18008	2022-10-21 09:22:46.029553	dressing
18009	2022-10-21 09:24:09.159218	bees
18010	2022-10-21 09:24:09.744246	beehive
18011	2022-10-21 09:25:03.674208	greatreawakening
18012	2022-10-21 09:25:04.517054	womenssports
18013	2022-10-21 09:25:05.049541	transagenda
18014	2022-10-21 09:36:38.46546	TomHanks
18015	2022-10-21 09:36:49.117447	collegeeducation
18016	2022-10-21 09:36:49.603973	learningatrade
18017	2022-10-21 09:37:40.189875	FuckDemocrats
18019	2022-10-21 09:38:19.401993	truthfriday
18020	2022-10-21 09:38:41.010576	trump24
18021	2022-10-21 09:53:56.957076	Bloomberg
18022	2022-10-21 09:53:57.374487	Rationing
18023	2022-10-21 09:53:58.428942	socialunrest
18024	2022-10-21 09:53:58.937358	energyshortage
18025	2022-10-21 09:53:59.388918	outofcontrol
18026	2022-10-21 09:55:26.049263	ev
18027	2022-10-21 09:55:26.694452	ElectricCars
18028	2022-10-21 09:55:27.105176	evcharging
18029	2022-10-21 09:55:27.589115	chargingstations
18031	2022-10-21 10:02:48.076835	poppy
18032	2022-10-21 10:05:45.462804	When
18033	2022-10-21 10:06:13.069898	GodMorningTuesday
18034	2022-10-21 10:10:38.330173	AmericanRedCross
18035	2022-10-21 10:10:53.968786	patriotsforamerica
18036	2022-10-21 10:12:36.673483	MyTruth
18037	2022-10-21 10:14:06.636863	truthfriends
18038	2022-10-21 10:19:26.306044	Inventor
18039	2022-10-21 10:19:26.805383	Inventors
18040	2022-10-21 10:20:31.690426	Foodforthought
18041	2022-10-21 10:21:19.217165	ImaTruther
18042	2022-10-21 10:33:12.033677	MICHAEL
18043	2022-10-21 10:34:40.482605	JohnFKennedy
18044	2022-10-21 10:35:29.957175	Thetruth
18045	2022-10-21 10:35:30.672788	Freemasons
18046	2022-10-21 10:35:31.123882	Secretsocieties
18047	2022-10-21 10:35:34.105247	USCon
18048	2022-10-21 10:38:30.785678	invite
18049	2022-10-21 10:38:34.777448	silence
18050	2022-10-21 10:49:09.465095	Wet
18051	2022-10-21 11:30:02.245181	Brave
18052	2022-10-21 11:31:39.738934	fridaythoughts
18053	2022-10-21 11:49:09.297985	Bravo
18054	2022-10-21 11:49:09.952954	Word
18055	2022-10-21 11:50:38.569155	frauds
18056	2022-10-21 11:55:18.589035	proffitt_judy
18057	2022-10-21 12:25:19.441128	truthgas
18058	2022-10-21 12:30:25.488903	elonmusktwitter
18059	2022-10-21 12:33:01.130954	WednesdayHumor
18060	2022-10-21 12:33:34.988955	AndyNgo
18061	2022-10-21 12:34:11.968868	rednecksummer
18062	2022-10-21 12:35:09.55332	lowincome
18063	2022-10-21 12:35:10.215424	urban
18064	2022-10-21 12:35:10.774279	rural
18065	2022-10-21 12:35:11.185462	communities
18066	2022-10-21 12:40:09.7573	Tampa
18067	2022-10-21 12:41:27.756992	tacotuesdays
18068	2022-10-21 12:54:31.379955	GasStations
18069	2022-10-21 13:18:29.649294	Econ101
18070	2022-10-21 13:32:29.205496	FearNot
18071	2022-10-21 13:40:04.76579	GovernmentGangsters
18072	2022-10-21 13:53:55.014867	parasites
18073	2022-10-21 14:05:20.742921	RealAmericasVoice
18074	2022-10-21 14:05:21.305845	JusttheNews
18075	2022-10-21 14:07:26.724308	SurpriseWitness
18076	2022-10-21 14:14:27.381931	HB2289
18077	2022-10-21 14:14:27.860115	HCR2033
18078	2022-10-21 14:16:29.36605	Mockingbird
18079	2022-10-21 14:16:30.030683	Lockstep
18080	2022-10-21 14:16:31.90646	Suppression
18082	2022-10-21 14:16:34.930005	ImpeachmentHoax
18083	2022-10-21 14:20:32.237793	chucknorris
18084	2022-10-21 14:20:34.27422	lmfao
18086	2022-10-21 14:20:56.978014	spermcount
18087	2022-10-21 14:21:31.769417	proudDeplorable
18088	2022-10-21 14:30:23.244818	meat
18089	2022-10-21 14:31:35.48571	NYConcealCarry
18090	2022-10-21 14:31:40.342186	childtrafficing
18091	2022-10-21 14:33:28.813699	states
18092	2022-10-21 14:33:33.717526	FocusedOnTheWrongDetails
18093	2022-10-21 14:33:34.286315	UkraineIsTheRabbitHole
18094	2022-10-21 14:34:35.308365	WHA
18095	2022-10-21 14:43:16.588971	nike
18096	2022-10-21 14:43:17.066678	nba
18099	2022-10-21 14:43:19.678352	processedfood
18100	2022-10-21 14:43:20.157664	medicalindustrialcimplex
18101	2022-10-21 14:43:28.885976	medicalindustrialcomplex
18102	2022-10-21 14:54:33.870392	JohnPodesta
18103	2022-10-21 14:55:58.706971	CreepyUncleJoe
18104	2022-10-21 14:55:59.16601	DiaryFromHell
18105	2022-10-21 14:55:59.925942	RemoveBiden
18106	2022-10-21 15:04:59.445622	kkk
18107	2022-10-21 15:04:59.94953	democratparty
18108	2022-10-21 15:06:32.272321	ProLifeWinning
18109	2022-10-21 15:10:02.073961	opec
18110	2022-10-21 15:12:42.70247	ALSen
18111	2022-10-21 15:15:50.55736	welcomed
18112	2022-10-21 15:20:10.801901	EuropeanUnion
18113	2022-10-21 15:20:11.275814	EnergyPrices
18114	2022-10-21 15:29:25.174486	ElectricVehicle
18115	2022-10-21 15:31:44.743472	hunterbidenslaptop
18116	2022-10-21 15:33:29.561931	Vaccinesideffects
18117	2022-10-21 15:44:13.845802	kind
18118	2022-10-21 15:44:14.286605	loving
18119	2022-10-21 16:01:42.152811	WarCrimes
18120	2022-10-21 16:03:38.818091	logicalthinking
18121	2022-10-21 16:03:39.273684	sharks
18122	2022-10-21 16:06:28.445831	monkeypoxscam
18123	2022-10-21 16:08:09.009939	MovingOnUp
18124	2022-10-21 16:10:46.783916	Disneyland
18125	2022-10-21 16:23:20.609937	Monoclonal
18126	2022-10-21 16:23:56.466928	SupportThe2A
14424	2022-10-16 15:41:20.965383	jan6thcommittee
14425	2022-10-16 15:41:47.153091	experimentalVaccine
14427	2022-10-16 15:42:53.66073	Knowyourenemy
14428	2022-10-16 15:44:14.46884	hitler
14436	2022-10-16 15:49:47.833041	UnitedWeWin
14442	2022-10-16 15:54:30.100538	target
14443	2022-10-16 15:54:37.04084	nycorruption
14449	2022-10-16 16:04:14.964944	DemoRats
14455	2022-10-16 16:09:04.242952	BidensFBI
14460	2022-10-16 16:13:02.050721	gretaVanSusteren
14466	2022-10-16 16:20:14.893801	psyop
14467	2022-10-16 16:20:46.720978	NewFreedomDay
14468	2022-10-16 16:20:56.401488	POW
14473	2022-10-16 16:22:47.733902	CPTSD
14474	2022-10-16 16:22:48.856475	Residency
14489	2022-10-16 16:31:49.900939	november
17994	2022-10-21 08:30:05.524434	stolen2020election
17997	2022-10-21 08:38:19.577187	%F0%9D%99%B2%F0%9D%9A%91%F0%9D%9A%92%F0%9D%9A%95%F0%9D%9A%8D%F0%9D%9A%83%F0%9D%9A%9B%F0%9D%9A%8A%F0%9D%9A%8F%F0%9D%9A%8F%F0%9D%9A%92%F0%9D%9A%8C%F0%9D%9A%94%F0%9D%9A%92%F0%9D%9A%97%F0%9D%9A%90
17998	2022-10-21 08:38:24.681428	%F0%9D%9A%83%F0%9D%9A%9B%F0%9D%9A%8A%F0%9D%9A%8F%F0%9D%9A%8F%F0%9D%9A%92%F0%9D%9A%8C%F0%9D%9A%94%F0%9D%9A%92%F0%9D%9A%97%F0%9D%9A%90
17999	2022-10-21 08:38:25.252745	%F0%9D%99%B7%F0%9D%9A%9E%F0%9D%9A%96%F0%9D%9A%8A%F0%9D%9A%97%F0%9D%9A%83%F0%9D%9A%9B%F0%9D%9A%8A%F0%9D%9A%8F%F0%9D%9A%8F%F0%9D%9A%92%F0%9D%9A%8C%F0%9D%9A%94%F0%9D%9A%92%F0%9D%9A%97%F0%9D%9A%90
18018	2022-10-21 09:37:40.723467	Rats
18030	2022-10-21 09:56:22.349934	Spazz
18081	2022-10-21 14:16:33.147047	Lawlesness
18085	2022-10-21 14:20:34.741574	rotflmfao
18097	2022-10-21 14:43:17.845905	cabletv
18098	2022-10-21 14:43:18.331939	cococola
18127	2022-10-21 16:27:46.27033	paulserran
18132	2022-10-21 16:58:56.63591	BringBackTheOrangeFella
20321	2022-11-04 03:07:47.242186	Twice
20322	2022-11-04 03:08:05.139688	DemonRatsSupportLeftism
20326	2022-11-04 03:10:12.367705	GreggAbbott
20328	2022-11-04 03:12:16.52482	TruthTip
20345	2022-11-04 03:17:49.641004	TreasonToTheRepublic
20349	2022-11-04 03:19:00.70069	SupPid
20350	2022-11-04 03:19:17.208732	Point
20351	2022-11-04 03:19:22.180395	Elaborate
20352	2022-11-04 03:20:21.681825	FederalReserveScam
20353	2022-11-04 03:20:27.390327	Federal
20359	2022-11-04 03:23:09.145791	FakeBook
20360	2022-11-04 03:23:09.84551	ZuckerbergSucks
20361	2022-11-04 03:23:10.313336	Lives
20387	2022-11-04 03:36:40.48526	blazeofglory
20396	2022-11-04 03:51:14.225952	Nuclear_Armaggedon
20418	2022-11-04 03:55:57.236553	Jabbed
20419	2022-11-04 03:55:58.267309	KoreanWar
20420	2022-11-04 03:55:58.97494	Reasoning
20422	2022-11-04 03:56:37.549378	Victims
20423	2022-11-04 03:56:38.155341	CorruptionForProfit
20424	2022-11-04 03:56:38.666726	MediaVirus
20425	2022-11-04 03:56:57.944298	Laura_Ingraham
20426	2022-11-04 03:58:01.821975	airlineemployees4healthfreedom
20427	2022-11-04 03:59:54.2244	Joseph_I_Want__Armageddon_Stealin
20432	2022-11-04 04:03:43.215275	Merrick_Herman_Goring_Garland
20435	2022-11-04 04:04:04.245017	drops
20436	2022-11-04 04:04:04.760192	peak
20437	2022-11-04 04:04:05.510539	due
20438	2022-11-04 04:04:06.035145	lack
20439	2022-11-04 04:04:07.036326	demand
20440	2022-11-04 04:04:32.901263	NonBelievers
20444	2022-11-04 04:05:12.369358	Election_Heist
20446	2022-11-04 04:05:29.056142	Mitch_McConnel_RINO_Squad
20447	2022-11-04 04:05:29.532528	Russophobes
20450	2022-11-04 04:07:28.085028	RedStateVoterReforms
20451	2022-11-04 04:07:29.654437	PollWatchers
20452	2022-11-04 04:07:50.544447	Dummies
20455	2022-11-04 04:08:01.653074	Big_Guy
20464	2022-11-04 04:11:06.629163	BloodSucker
20465	2022-11-04 04:11:24.77668	TimeToRiseUp
20467	2022-11-04 04:11:27.452784	ConstitutionalAmendment
20469	2022-11-04 04:14:03.528624	Mitch_McConell_RINO_Squad
20470	2022-11-04 04:14:11.420443	JOE_STEALING
20471	2022-11-04 04:14:32.72472	ShiftSchiff
20472	2022-11-04 04:14:29.188853	Nordstream_1_
20473	2022-11-04 04:14:38.177228	JOE_STEALIN
20474	2022-11-04 04:14:38.664654	Resident_of_These_United_States
20476	2022-11-04 04:15:18.860715	Understand
20477	2022-11-04 04:15:19.388829	Citizenship
20478	2022-11-04 04:15:20.98903	OmarIlhan
20479	2022-11-04 04:15:46.769171	Wrong
20480	2022-11-04 04:15:47.832359	Potus
20481	2022-11-04 04:15:48.440897	BigDummy
20482	2022-11-04 04:15:48.884956	SomePeople
20483	2022-11-04 04:16:10.769367	NationalizeVoting
20484	2022-11-04 04:16:48.104204	Derrick_Eunuch_SOB_Garland
20486	2022-11-04 04:17:54.107863	Urkaine
20488	2022-11-04 04:18:10.535683	Nord_Stream_1_And_2_Pipelines
20496	2022-11-04 04:29:24.409237	Demented_In_Chief
20497	2022-11-04 04:30:47.988086	Coup_d_etat
20507	2022-11-04 04:34:48.281115	TexasHillCountry
20508	2022-11-04 04:34:49.025772	GodsCountry
20509	2022-11-04 04:34:59.502042	Joseph_Stealing
20510	2022-11-04 04:36:19.834977	PatriotTexan
20511	2022-11-04 04:36:20.928697	Service
20513	2022-11-04 04:36:40.488002	ParentalControl
20514	2022-11-04 04:36:42.364384	TexasTough
20518	2022-11-04 04:38:06.144395	Resident_Joseph_Stealin
14430	2022-10-16 15:45:38.564776	SWAT
14431	2022-10-16 15:45:45.198999	CapitalPolice
14433	2022-10-16 15:47:27.684961	sbn
14435	2022-10-16 15:48:14.061962	CharlieCrist
14437	2022-10-16 15:51:29.81665	GodsArmy
14440	2022-10-16 15:53:09.726056	KarmaBoomerang
14441	2022-10-16 15:54:18.554836	Projection
14444	2022-10-16 15:55:18.808821	governmentbigtechcollusion
14446	2022-10-16 15:56:30.776329	whereisbaric
14447	2022-10-16 15:56:39.829268	getwokegobroke
14448	2022-10-16 16:00:43.548866	Letkidsbekids
14450	2022-10-16 16:05:31.349205	Falseflag
14451	2022-10-16 16:05:36.369402	November2022
14452	2022-10-16 16:05:47.464919	BoroPride
14453	2022-10-16 16:08:03.970949	HumanRightsViolations
14454	2022-10-16 16:08:04.378923	PeterMcCullough
14456	2022-10-16 16:10:07.224852	kathyhochul
14457	2022-10-16 16:10:25.991022	DCSchools
14458	2022-10-16 16:12:16.126863	bostonchildrenshospital
14459	2022-10-16 16:12:21.104926	legislation
14461	2022-10-16 16:13:14.272887	salcedostorm
14462	2022-10-16 16:17:15.44889	CPS
14463	2022-10-16 16:17:16.087263	CaughtOnVideo
14464	2022-10-16 16:17:16.552018	Prostitute
14465	2022-10-16 16:17:17.005269	DismissTheCase
14469	2022-10-16 16:20:57.045068	DOJWeaponized
14470	2022-10-16 16:21:31.533084	HomeSchoolYourKids
14471	2022-10-16 16:21:36.792956	shutdownorders
14472	2022-10-16 16:21:48.093327	Psychopathy
14475	2022-10-16 16:23:16.217022	KidsLivesMatter
14476	2022-10-16 16:23:27.534941	dipshitdemocrats
14477	2022-10-16 16:23:44.416745	veritasarmy
14478	2022-10-16 16:24:42.379985	voterrolls
14479	2022-10-16 16:25:01.107999	CaliforniaCircus
14480	2022-10-16 16:25:09.809103	stopthemilitarymandates
14481	2022-10-16 16:26:27.714708	BenGarrison
14482	2022-10-16 16:27:11.701012	byebyefauci
14483	2022-10-16 16:27:43.485496	momentoftruthsummit
14484	2022-10-16 16:28:17.248973	MomentofTruthSummit
14485	2022-10-16 16:28:18.132932	ChrisKrebs
14486	2022-10-16 16:29:47.052861	frankspeech
14487	2022-10-16 16:31:13.303505	mules
14488	2022-10-16 16:31:19.649431	TheDeepState
14490	2022-10-16 16:32:19.717743	Belikedesantis
14491	2022-10-16 16:34:17.968834	PlannedParenhood
14492	2022-10-16 16:37:50.354388	JoeManchin
14493	2022-10-16 16:38:17.132178	CPSCorruption
14494	2022-10-16 16:39:11.23839	DanielNagase
14495	2022-10-16 16:39:38.041537	SimoneGold
14496	2022-10-16 16:39:41.173939	AFLDS
14497	2022-10-16 16:41:25.120966	RiskManagementnightmare
14498	2022-10-16 16:41:45.581171	JonathanGillam
14499	2022-10-16 16:41:47.446249	FBIenemyofthepeople
14500	2022-10-16 16:41:50.368993	BigTechCOLLUSION
14501	2022-10-16 16:41:51.037916	dccorruption
14502	2022-10-16 16:43:33.612905	teLIEvision
14503	2022-10-16 16:43:39.528963	SheriffsUnite
14504	2022-10-16 16:48:07.049232	s8002738255
14505	2022-10-16 16:48:49.089085	FLCCCALLIANCE
14506	2022-10-16 16:48:49.52917	aflds
14507	2022-10-16 16:48:50.841492	nursesfightback
14508	2022-10-16 16:50:02.649252	Maralago
14509	2022-10-16 16:50:19.213273	PGA
14510	2022-10-16 16:53:55.041844	trapAtMaraLago
14511	2022-10-16 16:54:14.569005	sheriffs
14512	2022-10-16 16:55:44.721344	whicheric
14513	2022-10-16 16:56:38.325046	LifetimeMovies
14514	2022-10-16 16:57:15.096891	Bidencession
14515	2022-10-16 16:58:11.85359	InPersonVotingOnly
14516	2022-10-16 16:59:23.805106	ChildrensLivesMatter
14517	2022-10-16 16:59:58.21698	Fargo
14518	2022-10-16 17:01:30.009228	circularfiringsquad
14519	2022-10-16 17:04:14.586792	CovidJabKills
14520	2022-10-16 17:06:48.088991	protectamericavote
14521	2022-10-16 17:07:28.565264	ElectionEngineering
14522	2022-10-16 17:07:28.98107	BorderInvasion
14523	2022-10-16 17:07:29.405081	Elections2022
14524	2022-10-16 17:07:29.861052	IncitingViolence
14525	2022-10-16 17:07:30.305137	Cruz
14526	2022-10-16 17:07:30.71407	GovAbbott
14527	2022-10-16 17:11:40.980621	pilfer
14528	2022-10-16 17:13:16.635443	GeorgiaElectionFraud
14529	2022-10-16 17:13:22.376969	irsweaponized
14530	2022-10-16 17:13:25.187342	schumer
14531	2022-10-16 17:13:35.506811	ArmTheSchools
14532	2022-10-16 17:15:39.116955	inpersonvoting
14533	2022-10-16 17:15:49.361964	VoteInPerson
14534	2022-10-16 17:15:49.770409	ShowUpVoteUp
14535	2022-10-16 17:17:26.89682	ArrestBradRaffensperger
14536	2022-10-16 17:18:27.417188	ArrestBiden
14537	2022-10-16 17:19:19.697084	MayorBowser
14538	2022-10-16 17:20:08.701139	DirtyCops
14539	2022-10-16 17:20:10.129281	VoteRED
14540	2022-10-16 17:21:14.149904	FBIdomesticTerrorists
14541	2022-10-16 17:21:14.989404	pantifaTerrorists
14542	2022-10-16 17:21:40.913102	Alzheimers
14543	2022-10-16 17:22:08.873366	Bodilyautonomy
14544	2022-10-16 17:24:26.145251	doge
14545	2022-10-16 17:25:01.909623	methodisthospital
14546	2022-10-16 17:25:08.021533	Houston
14547	2022-10-16 17:25:20.053016	KariWonAZ
14548	2022-10-16 17:25:45.861411	AntonyBlinken
14549	2022-10-16 17:25:46.269282	Atheism
14550	2022-10-16 17:26:02.964898	AllCauseMortality
14551	2022-10-16 17:26:11.605829	gainoffunction
14552	2022-10-16 17:26:24.837101	FauciLied
14553	2022-10-16 17:27:16.173231	COVIDvaccines
14554	2022-10-16 17:29:16.861251	electionfraud2022
14555	2022-10-16 17:30:15.088918	ChildProtectiveServices
14556	2022-10-16 17:30:59.913766	StateOfEmergency
14557	2022-10-16 17:31:00.369397	resisttyranny
14558	2022-10-16 17:31:00.833986	resistthemandates
14559	2022-10-16 17:32:11.550302	PeteRose
14560	2022-10-16 17:34:42.947398	vaersreport
14561	2022-10-16 17:35:51.678083	RESISTMANDATES
14562	2022-10-16 17:36:24.758698	Hochul
14563	2022-10-16 17:37:46.317356	CMS
14564	2022-10-16 17:40:05.981602	JaeleneDaniels
14565	2022-10-16 17:40:22.794599	BrianRamirez
14566	2022-10-16 17:40:30.549113	prisonersofwar
14567	2022-10-16 17:41:58.320909	pilotshortage
14568	2022-10-16 17:41:58.874561	pilots
14569	2022-10-16 17:41:59.416743	WakeTheFUp
14570	2022-10-16 17:41:59.951014	stopthejab
14571	2022-10-16 17:42:21.943092	statesovereignty
14572	2022-10-16 17:43:13.407135	recallnewsom
14573	2022-10-16 17:43:16.617235	Californians
14574	2022-10-16 17:43:19.748048	Governors
14575	2022-10-16 17:43:20.117309	belikeKari
14576	2022-10-16 17:43:28.905109	SandraSmithIsFakeNews
14577	2022-10-16 17:44:26.604988	SherriffsUnite
14578	2022-10-16 17:45:16.749611	FalseFlagEvent
14579	2022-10-16 17:46:18.913081	coloradoelectionfraud
14580	2022-10-16 17:49:14.421333	WI
14581	2022-10-16 17:49:21.481294	AZdecertified2020
14582	2022-10-16 17:50:02.19315	AZdecertified2029
14585	2022-10-16 17:51:28.301158	JusticeForJ6
14587	2022-10-16 17:53:10.438787	Overturn2020
14590	2022-10-16 17:54:32.070018	comey
14591	2022-10-16 17:54:32.541295	mccabe
14592	2022-10-16 17:54:56.105098	fbibetrayal
14593	2022-10-16 17:54:59.721959	house
14596	2022-10-16 17:56:44.445166	51IntelligenceOfficials
14597	2022-10-16 17:56:55.844473	gatewaypundit
14598	2022-10-16 17:57:05.865607	2022electionfraud
14609	2022-10-16 18:01:24.741738	enemyofthepeople
14612	2022-10-16 18:02:22.861402	DrSimoneGold
14615	2022-10-16 18:04:45.640989	RicardoBosi
14625	2022-10-16 18:10:22.981466	CircularFiringSquad
14627	2022-10-16 18:15:08.98759	BillDeBlasio
14631	2022-10-16 18:16:23.782146	WHOisaJoke
14641	2022-10-16 18:20:44.298878	ChildIndoctrination
14642	2022-10-16 18:20:45.297123	DomesticTerrorism
14644	2022-10-16 18:21:36.683473	LeeZeldin2022
14647	2022-10-16 18:22:18.473665	psychoperation
14650	2022-10-16 18:23:20.089465	missedopportunity
14654	2022-10-16 18:26:42.953633	SCOTUSProtection
14659	2022-10-16 18:29:26.96125	packthecourt
14660	2022-10-16 18:29:45.333432	facediaper
14661	2022-10-16 18:31:40.949495	bomerang
14665	2022-10-16 18:35:19.782668	fightingforfreedom
14666	2022-10-16 18:35:20.219125	TimeToTakeOurCountryBack
14683	2022-10-16 18:36:55.331827	SUNDAY
14684	2022-10-16 18:36:57.465637	TDR
14694	2022-10-16 18:37:27.709716	specials
14704	2022-10-16 18:38:12.225021	GlobalEquity
18128	2022-10-21 16:44:23.890203	takeitback
18129	2022-10-21 16:44:24.730286	houseofcards
18134	2022-10-21 17:03:52.743545	jfb
18135	2022-10-21 17:16:17.727517	avenatti
18136	2022-10-21 17:31:45.481666	AGA
18137	2022-10-21 17:33:22.134592	BackgroundChecks
18138	2022-10-21 18:02:07.797772	Every
18139	2022-10-21 18:02:08.241717	BranchoftheMilitary
18140	2022-10-21 18:02:08.771447	deserves
18141	2022-10-21 18:02:10.101684	protectingourfreedoms
18142	2022-10-21 18:03:11.574013	huxley
18143	2022-10-21 18:03:13.073999	1984ishere
18144	2022-10-21 18:03:13.505942	animalfarm
18145	2022-10-21 18:03:13.926605	solzhenitsyn
18146	2022-10-21 18:32:01.099612	paulsperry
18147	2022-10-21 20:23:27.837371	MarkTaylor
18148	2022-10-21 20:23:28.597664	Guidestones
18150	2022-10-21 20:32:31.609464	j6er
18151	2022-10-21 20:40:11.185453	Hebrides
18152	2022-10-21 20:40:11.689306	HebridesRevival
18153	2022-10-21 20:40:12.121838	TurnedToGod
18154	2022-10-21 20:42:59.201521	JanesRevenge
18155	2022-10-21 20:50:04.035818	AntiFa
18156	2022-10-21 20:50:05.033109	Degenerate
18157	2022-10-21 20:50:05.493229	Junkies
18158	2022-10-21 20:50:05.945565	Crackheads
18159	2022-10-21 20:50:06.642321	PunchAntiFa
18160	2022-10-21 20:50:07.433167	dropDisney
18161	2022-10-21 22:25:13.761054	SaveTheChildern
18162	2022-10-21 22:25:50.894274	globalistagenda
18163	2022-10-21 22:25:51.897539	deepstatecorruption
18164	2022-10-21 22:28:26.373404	EverythingIsALie
18165	2022-10-21 22:32:03.973222	WillmingtonNCTrumpRally
18166	2022-10-21 22:42:44.560845	Oprah
18167	2022-10-21 22:54:43.420822	TRUSTTHEFUQNPLAN
18168	2022-10-21 23:06:45.89296	Newmax
18169	2022-10-21 23:32:02.077262	BidenJacket
18171	2022-10-21 23:38:11.284967	Vaccinate
18172	2022-10-21 23:38:11.729121	Civid19
18173	2022-10-21 23:38:12.283393	Psychopaths
18174	2022-10-21 23:38:29.640964	soon
18175	2022-10-21 23:41:10.560812	PatriotTruth
18176	2022-10-21 23:48:00.877318	deepState
18177	2022-10-21 23:52:41.602787	MonkeyBusiness
18178	2022-10-21 23:58:38.638469	transgenderagenda
18179	2022-10-21 23:58:39.251281	SICKOS
18180	2022-10-22 00:28:37.82264	JoeHas2Go
18181	2022-10-22 00:46:02.736843	tennesseebaseball
18182	2022-10-22 00:55:58.239186	WakeUpEverybody
18183	2022-10-22 00:57:03.209007	ThePatriotPost
18184	2022-10-22 00:58:20.808874	PrsidentTrump
18185	2022-10-22 00:58:21.819933	MrQ
18186	2022-10-22 01:12:27.80617	SoliDeoGloria
18187	2022-10-22 01:17:31.885621	TrumpTruthTrains2268
18188	2022-10-22 01:19:20.392961	RTM
18189	2022-10-22 01:25:41.009248	TrumpVictory
18190	2022-10-22 01:32:00.677397	WhyI
18191	2022-10-22 01:32:03.868991	Humanity
18192	2022-10-22 01:32:05.64737	BreakTheChains
18193	2022-10-22 01:32:06.130005	MakeTheWorldGreatAgain
18194	2022-10-22 01:32:28.192562	wps
18195	2022-10-22 01:32:28.645644	arkansasrazorbacks
18196	2022-10-22 01:32:29.121333	beatvermont
18197	2022-10-22 01:32:29.701831	marchmadness
18198	2022-10-22 01:35:43.615456	QThemUp
18199	2022-10-22 01:49:21.212969	FJBFJBFJBFJBFJBBFJB
18200	2022-10-22 01:54:26.22651	JoBama
18201	2022-10-22 02:09:17.553172	limitless
18202	2022-10-22 02:09:18.840935	uniteforfreedom
18203	2022-10-22 02:09:19.432322	socialcontrol
18204	2022-10-22 02:09:19.955357	controlofinformation
18205	2022-10-22 02:09:20.685179	changeofheart
18206	2022-10-22 02:09:21.436746	comefollowme
18207	2022-10-22 02:09:22.369431	HeroesTruthTrains
18208	2022-10-22 02:24:33.685229	VICTORY
18209	2022-10-22 02:41:41.058545	fuckyourfeeling
18210	2022-10-22 02:41:41.861419	deathtodemocracy
18211	2022-10-22 02:41:42.413546	fuckfauchi
18212	2022-10-22 02:41:42.99729	covidiisfake
18213	2022-10-22 02:41:43.502017	alllivesmatter
18214	2022-10-22 02:56:37.73729	Poop
18215	2022-10-22 03:19:31.399092	TogetherWithTrump
18216	2022-10-22 03:33:05.281409	MDKT
18217	2022-10-22 03:44:35.068146	MassMurder
18218	2022-10-22 03:44:36.271699	NursingHomeMurders
18219	2022-10-22 04:09:13.618186	Fuckdemocrata
18220	2022-10-22 04:12:26.794122	DenzelWashington
18221	2022-10-22 04:12:52.762932	Motivational
18222	2022-10-22 04:12:53.333305	DavidGoggins
18223	2022-10-22 04:13:33.093003	DwayneJohnson
18224	2022-10-22 04:13:34.578697	pool
18225	2022-10-22 04:13:45.926	Wednesday
18226	2022-10-22 04:13:57.537395	Humpday
18227	2022-10-22 04:13:57.945675	Coffee
18228	2022-10-22 04:16:42.333183	nowork
18229	2022-10-22 04:16:43.080979	Vacation
18230	2022-10-22 04:17:03.115535	Motivation
18231	2022-10-22 04:18:04.271356	funday
18232	2022-10-22 04:18:05.221459	shore
18233	2022-10-22 04:18:05.792049	drink
18234	2022-10-22 04:18:06.309262	drinking
18235	2022-10-22 04:18:06.716996	drinkinggames
18236	2022-10-22 04:18:07.18988	drinkinggame
18237	2022-10-22 04:18:08.081297	gin
14583	2022-10-16 17:50:14.460926	Boycott
14589	2022-10-16 17:53:52.732975	covidpayments
14600	2022-10-16 17:57:25.641127	bidenpropaganda
14601	2022-10-16 17:59:51.198876	jan6committee
18130	2022-10-21 16:44:35.995292	ObamaKnew
18131	2022-10-21 16:56:57.58629	WearOrange
18133	2022-10-21 17:03:51.089217	arm
18149	2022-10-21 20:23:29.645794	TrumpProphecies
18170	2022-10-21 23:32:02.61703	Jacket
18238	2022-10-22 04:18:08.787441	barhopping
18239	2022-10-22 04:18:09.8571	beachlifestyle
18240	2022-10-22 04:18:10.310682	party
18241	2022-10-22 04:18:10.701307	houseparty
18274	2022-10-22 04:22:25.545174	parallel
18275	2022-10-22 04:22:26.037142	paralleluniverse
18278	2022-10-22 04:23:19.053207	Robotics
18286	2022-10-22 04:25:19.469261	Chemistry
20428	2022-11-04 04:01:15.712269	1stStep
20429	2022-11-04 04:01:16.864736	MakeOver
20430	2022-11-04 04:01:58.298686	DoubleDipped
20431	2022-11-04 04:02:21.236113	ConstitutionalLaw
20433	2022-11-04 04:04:03.220649	transpacific
20434	2022-11-04 04:04:03.700185	shipping
20441	2022-11-04 04:04:33.368392	Negative
20442	2022-11-04 04:04:33.861033	Pessimism
20443	2022-11-04 04:05:00.703931	GrowingUp
20445	2022-11-04 04:05:18.3324	StagedDemocratCoup
20448	2022-11-04 04:05:33.048907	Staged
20449	2022-11-04 04:05:33.412545	Shit
20453	2022-11-04 04:07:51.776945	BabyBoomer
20454	2022-11-04 04:08:11.704989	FederalPrison
20456	2022-11-04 04:09:04.094003	DavyCrockett
20457	2022-11-04 04:09:04.510584	JamesBowie
20458	2022-11-04 04:09:50.81021	TimeToRiseAmerican
20459	2022-11-04 04:09:51.860951	TruePatriotsOfGodAndCountry
20460	2022-11-04 04:09:52.450986	TrumpMessages
20461	2022-11-04 04:10:35.412591	DieselFuel
20462	2022-11-04 04:10:36.88762	Nuclear_WW3
20463	2022-11-04 04:10:37.414425	Fake_News_Media
20466	2022-11-04 04:11:27.016387	1st
20468	2022-11-04 04:12:02.596332	EveryThingWokeTurnsToShit
20475	2022-11-04 04:14:42.480446	IStandWithSteveBannon
20485	2022-11-04 04:17:13.290834	Gone
20487	2022-11-04 04:17:54.851503	SeeYa
20489	2022-11-04 04:18:42.268341	NomBelievers
20490	2022-11-04 04:21:11.473532	tommcdonald
20491	2022-11-04 04:22:49.23989	Climate_Change_Hoax
20492	2022-11-04 04:22:49.758981	Enviro_NAZI_Retards
20493	2022-11-04 04:22:50.326127	Globull_Warming
20494	2022-11-04 04:22:51.066181	Junk_Science
20495	2022-11-04 04:28:56.217868	OBummer
20498	2022-11-04 04:31:08.969129	Interpretation
20499	2022-11-04 04:31:31.137203	LoneStarState
20500	2022-11-04 04:31:31.633393	ExtremelyRedState
20501	2022-11-04 04:31:49.948852	45thPotus
20502	2022-11-04 04:32:33.783028	Green_New_deal
20503	2022-11-04 04:32:45.088835	JacobsWellTexas
20504	2022-11-04 04:33:07.140338	Election_Fraud
20505	2022-11-04 04:33:43.332943	Enviro_NAZIS
20506	2022-11-04 04:34:32.956908	Victoria_Fuck_The_EU_Nuland
20512	2022-11-04 04:36:28.676735	Look_What_They_Have_Done_To_Our_Country_Ma
20515	2022-11-04 04:36:49.168939	Locust_Socialist_Infestation
20516	2022-11-04 04:36:49.665189	Resident_Mannequin_Brandon
20517	2022-11-04 04:37:47.496341	Ukrainian_Proxy_War
20519	2022-11-04 04:38:27.152608	TrumpSavesAmericasDignity
20520	2022-11-04 04:40:05.297651	Que_Mala_Lies_Like_A_Rug
20521	2022-11-04 04:40:48.893023	Federal_Bureau_Of_Instigation
20522	2022-11-04 04:40:49.393963	FBI_Continuous_Criminal_Enterprise
20523	2022-11-04 04:40:49.848309	FBI_Fabricating_Crimes_R_Us
20524	2022-11-04 04:41:03.925066	Linkedin
20525	2022-11-04 04:41:04.680912	Commiefonia
20526	2022-11-04 04:41:05.584461	OFFENSIVE
20527	2022-11-04 04:41:06.074418	Really
20528	2022-11-04 04:41:06.557853	Regime
20529	2022-11-04 04:41:07.124385	FakeCheckers
20530	2022-11-04 04:41:49.564259	TxSlimMedia
20531	2022-11-04 04:41:49.996954	FoodIntelligence
20532	2022-11-04 04:41:50.583352	BeefInitiative
20533	2022-11-04 04:41:51.380293	AmericaQnA
20534	2022-11-04 04:43:15.249098	ProsecuteHunterBiden
20535	2022-11-04 04:43:15.688581	JusticeForThePeople
20536	2022-11-04 04:43:42.168668	Rona_Jab
20537	2022-11-04 04:44:08.025938	Lindsey_Graham_Ukrainian_Proxy_War
20538	2022-11-04 04:44:17.40139	DipShit
20539	2022-11-04 04:45:14.876582	Communistic
20540	2022-11-04 04:45:15.774453	FakebookJail
20541	2022-11-04 04:45:43.516288	RINO_Squad
20542	2022-11-04 04:45:47.296073	LockedAndLoaded
20543	2022-11-04 04:45:56.052623	WhereIsFauci
20544	2022-11-04 04:46:03.058261	InvestigateTheLabLeak
20545	2022-11-04 04:46:03.597839	ChinaFlu
20546	2022-11-04 04:48:50.52928	OccupyDemocrats
20547	2022-11-04 04:49:13.57651	Home_or_Private_Schools
20548	2022-11-04 04:49:31.150274	Trains
20549	2022-11-04 04:50:19.981003	FascistBook
20550	2022-11-04 04:50:48.084788	Savvy
20551	2022-11-04 04:52:10.528604	FBI_Agents_Provocateur
20552	2022-11-04 04:52:11.023446	FBI_False_Flags_R_Us
20553	2022-11-04 04:52:28.361034	UDaMan
20554	2022-11-04 04:52:29.386648	TrumpRepublicanParty
20555	2022-11-04 04:54:47.247043	Gaggle
20556	2022-11-04 04:54:47.798182	BigTechTimeBomb
20557	2022-11-04 04:55:05.091145	TeflonDon
20558	2022-11-04 04:55:31.816811	K12LionessAlerts
20559	2022-11-04 04:55:32.281046	Lindell
20560	2022-11-04 04:57:15.709559	TrumpTime
20561	2022-11-04 04:58:33.581072	PatriotSpace
20562	2022-11-04 05:00:40.936389	socialism_IS_Communism
20563	2022-11-04 05:02:25.328336	TimeToRise
20564	2022-11-04 05:02:42.154973	KnowPeace
20565	2022-11-04 05:02:48.740148	germtheory
20566	2022-11-04 05:02:49.173131	disease
20567	2022-11-04 05:02:49.632368	Pasteur
20568	2022-11-04 05:03:16.696467	election_fraud
20569	2022-11-04 05:03:23.228042	handle
20570	2022-11-04 05:03:24.010487	dontcaliforniamytexas
20571	2022-11-04 05:03:34.751585	StarsInTexas
20572	2022-11-04 05:06:18.904149	LiftTheTS7500cap
20573	2022-11-04 05:06:19.645913	FSFA
20574	2022-11-04 05:07:08.288334	HeDidItForAmerica
20575	2022-11-04 05:11:24.812966	IFBA
20576	2022-11-04 05:13:29.117325	ManginaMitt
20577	2022-11-04 05:16:29.68467	UnitedPatriots
20578	2022-11-04 05:16:40.664519	Derrick_Fabricator_Salacious_Leaks_Garland
20579	2022-11-04 05:18:23.760674	Socialist_DemonRats_How_LOW_They_will_Go
20580	2022-11-04 05:22:49.028948	Joe_Dazed_Confused_Brandonskyy
20581	2022-11-04 05:23:03.758518	Maga_Semi_Fascist
20582	2022-11-04 05:23:04.215992	FBI_Police_State_General_Warrant
20583	2022-11-04 05:23:22.293896	domesticoilgas
20584	2022-11-04 05:23:43.772812	WokeTurnsToShit
14584	2022-10-16 17:50:32.002426	weaponizedgovernment
14588	2022-10-16 17:53:15.665124	RichardMack
14594	2022-10-16 17:55:26.265467	Independent
14603	2022-10-16 18:00:45.877595	Heb10
14604	2022-10-16 18:00:47.701324	revival
14614	2022-10-16 18:03:03.049285	weaponizedDOJ
14652	2022-10-16 18:26:39.99346	colbert
14653	2022-10-16 18:26:40.516249	Capital
14655	2022-10-16 18:26:57.561532	ussovereignty
14658	2022-10-16 18:28:45.73845	LiberalismIsAMentalDisease
14664	2022-10-16 18:34:14.017172	nih
14669	2022-10-16 18:36:02.645417	beercheesedip
14670	2022-10-16 18:36:05.599616	Octoberfest
14671	2022-10-16 18:36:10.406916	silverspringsstatepark
14672	2022-10-16 18:36:18.233082	cedarkey
14679	2022-10-16 18:36:40.207363	exchangerate
14680	2022-10-16 18:36:47.761312	pumpkinpancakes
14681	2022-10-16 18:36:48.857021	menu
14682	2022-10-16 18:36:49.309491	chocolate
14689	2022-10-16 18:37:17.877633	pimp
14690	2022-10-16 18:37:18.793082	LIKEABOSS
14691	2022-10-16 18:37:19.720999	chinesebioweapon
14693	2022-10-16 18:37:26.695045	sundaynight
14698	2022-10-16 18:37:41.085504	dinner
14699	2022-10-16 18:37:42.386097	chickenpiccata
14702	2022-10-16 18:37:46.540996	tomato
14703	2022-10-16 18:37:47.261572	Europe2022
14705	2022-10-16 18:38:12.76495	unitedkingdom
14713	2022-10-16 18:38:36.441266	DemocratsPanic
14735	2022-10-16 18:40:23.093387	AmericanFrontlinedoctors
14736	2022-10-16 18:40:27.949307	railway
14737	2022-10-16 18:40:48.877823	MamaBear
14738	2022-10-16 18:40:57.062669	TrackResignations
18242	2022-10-22 04:18:22.838118	dinosaur
18243	2022-10-22 04:18:29.701311	wednesday
18244	2022-10-22 04:18:43.49329	morning
18245	2022-10-22 04:18:52.379008	superhero
18246	2022-10-22 04:18:52.837897	superheroes
18247	2022-10-22 04:18:53.313944	squirrel
18254	2022-10-22 04:19:50.570901	wednesdaywisdom
18255	2022-10-22 04:19:51.641962	groot
18256	2022-10-22 04:19:52.787737	factsdaily
18257	2022-10-22 04:19:53.277892	factsonfacts
18258	2022-10-22 04:19:53.801139	factsoflife
18259	2022-10-22 04:19:54.22513	factsoftheday
18260	2022-10-22 04:20:04.585208	deathvalley
18271	2022-10-22 04:21:28.049512	Weekend
18272	2022-10-22 04:22:14.655853	Quantum
18273	2022-10-22 04:22:18.077143	Paradox
18277	2022-10-22 04:22:33.385157	pi
18281	2022-10-22 04:24:14.765213	weezer
18282	2022-10-22 04:25:08.029426	Hydrate
18283	2022-10-22 04:25:08.837305	biology
18289	2022-10-22 04:28:26.689689	TinoTales
18290	2022-10-22 04:28:27.653831	DEMONcRATS
18291	2022-10-22 04:32:40.374106	POTASS
18292	2022-10-22 04:54:27.609626	politicaljihad
18293	2022-10-22 05:23:16.149478	fixwasin
18294	2022-10-22 05:31:26.297535	lockfauchiup
18295	2022-10-22 05:45:09.326019	PLANNEDDESTRUCTION
18296	2022-10-22 06:05:53.965655	Powell
18297	2022-10-22 06:23:22.385321	WAKE
18298	2022-10-22 06:31:59.169081	facebookcensorship
18299	2022-10-22 06:34:54.322933	electriccarssuck
18300	2022-10-22 06:41:19.901265	McAfee
18301	2022-10-22 06:41:21.657139	FlightTracking
18302	2022-10-22 06:41:27.145163	Whoopie
18303	2022-10-22 06:48:11.353515	Trump45
18304	2022-10-22 06:53:59.485107	HighlandPark
18305	2022-10-22 07:21:13.964981	Trump_Q
18306	2022-10-22 07:23:23.013463	covid2020
18307	2022-10-22 07:23:23.455456	planneDEMic
18308	2022-10-22 07:23:23.905454	event201
18309	2022-10-22 07:23:24.298549	newvirus
18310	2022-10-22 07:37:46.735771	MentalHealth
18311	2022-10-22 07:41:49.385718	presssecretary
18312	2022-10-22 07:46:45.866986	fuckdemorats
18313	2022-10-22 07:47:05.596775	freemike
18314	2022-10-22 07:52:22.885934	GoRedStateByState
18315	2022-10-22 08:08:58.691519	CorruptBidenFamily
18316	2022-10-22 08:21:25.525954	OVALOFFICE
18317	2022-10-22 08:22:15.737828	UnspokenHeroes
18318	2022-10-22 08:31:57.812385	CCsCountdown
18319	2022-10-22 08:32:43.741332	InternetOutage
18320	2022-10-22 08:32:44.137161	2000arrests
18321	2022-10-22 08:32:44.225704	dos
18322	2022-10-22 08:54:24.847462	BigLie
18323	2022-10-22 09:09:55.357312	NoMulesNoFox
18324	2022-10-22 09:30:49.727584	carcommunity
18325	2022-10-22 09:46:05.22259	LGD
18326	2022-10-22 09:49:04.185681	commiejoe
18327	2022-10-22 09:53:04.625478	FBexit
18328	2022-10-22 09:53:34.786797	disneygroomers
18329	2022-10-22 09:53:51.517884	racebaiter
18330	2022-10-22 09:53:51.946107	blacksupremacists
18331	2022-10-22 09:54:10.125361	wambulance
18334	2022-10-22 09:54:28.261355	psakilies
18335	2022-10-22 09:54:28.653493	crocodiletears
18336	2022-10-22 09:55:58.892921	AndrewCuomo
18337	2022-10-22 09:55:59.278454	SexPredator
18338	2022-10-22 09:55:59.901462	murderer
18339	2022-10-22 09:56:00.461033	iknowwhatyoudidlastsummer
18340	2022-10-22 10:03:47.954624	fuckpedohitler
18341	2022-10-22 10:03:59.90921	hailtotrump
18342	2022-10-22 10:13:06.039623	MAGARepublicans
18343	2022-10-22 10:22:23.485224	overtaxed
18344	2022-10-22 10:25:37.813341	Arnyism
18345	2022-10-22 10:36:18.199379	NEVER
18346	2022-10-22 10:36:18.793993	JesusWins
18347	2022-10-22 10:37:07.755852	fuckgreennewdeal
18348	2022-10-22 10:37:43.236972	pedometer
18350	2022-10-22 10:46:57.749013	horseracing
18351	2022-10-22 10:46:58.153093	kentucky
18352	2022-10-22 10:46:58.608878	louisvilleky
18353	2022-10-22 10:46:59.164895	churchilldowns
18354	2022-10-22 10:46:59.584904	derby
18355	2022-10-22 10:47:00.017042	racehorse
18357	2022-10-22 10:47:00.937503	breederscup
18361	2022-10-22 10:52:48.357257	Deathtodemocracy
18362	2022-10-22 11:05:55.285136	bidenlovermasklover
18363	2022-10-22 11:11:27.317886	pussy
18364	2022-10-22 11:11:41.013206	fuckurfeeling
18365	2022-10-22 11:13:21.86598	hypocrite
18366	2022-10-22 11:21:50.249134	AbolishHumanAbortion
18367	2022-10-22 11:21:51.709162	PlannedMurderhood
18368	2022-10-22 11:21:52.542149	Abolition
18369	2022-10-22 11:21:53.326145	InalienableRightToLife
18370	2022-10-22 12:35:39.757154	ultramagagang
18371	2022-10-22 12:36:26.644895	trumpwinfuckurfeelin
18372	2022-10-22 12:59:58.812796	fucksocialism
18373	2022-10-22 13:12:41.481549	trolled
18374	2022-10-22 14:01:49.350525	newchallenge
18375	2022-10-22 14:12:46.476561	fuckfacebook
18376	2022-10-22 14:39:03.672543	merch
18377	2022-10-22 14:41:31.389339	WhiteClaw
18378	2022-10-22 15:11:36.32536	JoeBidenBike
18379	2022-10-22 15:11:37.29824	NoOnesSafeWithJoeAround
14586	2022-10-16 17:53:04.009991	TrumpyCat
14610	2022-10-16 18:01:47.889068	FakeBiden
14613	2022-10-16 18:02:45.83347	TrumpSuesCNN
14620	2022-10-16 18:07:58.605874	CDCLIED
14623	2022-10-16 18:09:24.889079	sentientai
14626	2022-10-16 18:10:45.305149	pedosinschools
14628	2022-10-16 18:16:10.823597	ReInstateTrumpNow
14630	2022-10-16 18:16:23.063313	fearporn
14636	2022-10-16 18:17:40.815059	PsyOps
14639	2022-10-16 18:19:42.578424	jan6murder
14643	2022-10-16 18:20:50.576551	Psychologicalwarfare
14645	2022-10-16 18:21:46.939502	NCpoliceresignations
14646	2022-10-16 18:21:50.636916	PrayForSteveBannon
14648	2022-10-16 18:22:24.593766	Ford
14649	2022-10-16 18:22:25.029315	Fordstockvalue
14651	2022-10-16 18:24:17.470281	EarlyTreatment
14656	2022-10-16 18:26:59.1524	USSoverntyUnderSeige
14657	2022-10-16 18:27:50.303912	2020electionoverturned
14662	2022-10-16 18:32:12.426407	DropBoxes
14663	2022-10-16 18:33:19.621623	cdccoverup
18248	2022-10-22 04:19:07.933192	wrinkles
18249	2022-10-22 04:19:08.797284	heal
18264	2022-10-22 04:20:11.621635	didyouknow
18265	2022-10-22 04:20:12.07488	didyouknowfacts
18266	2022-10-22 04:20:12.473433	didyouknowthat
18267	2022-10-22 04:20:29.577943	entrepreneur
18268	2022-10-22 04:20:30.10253	charity
18269	2022-10-22 04:20:44.245602	Discount
18270	2022-10-22 04:20:59.389301	Memorial
18279	2022-10-22 04:24:08.9857	Morning
18284	2022-10-22 04:25:16.813614	startup
18285	2022-10-22 04:25:18.801008	Entrepreneurship
18287	2022-10-22 04:25:57.097129	medicaleducation
18288	2022-10-22 04:25:57.806387	medicalcannabis
18332	2022-10-22 09:54:10.889224	marxist
18333	2022-10-22 09:54:11.344865	doxxer
18349	2022-10-22 10:37:44.293029	fuckyourfeelings
18356	2022-10-22 10:47:00.468141	horse
18358	2022-10-22 10:47:01.525714	horses
18359	2022-10-22 10:47:01.993859	thoroughbred
18360	2022-10-22 10:47:02.457483	jockey
18380	2022-10-22 15:11:38.25311	JoePedo
18381	2022-10-22 15:12:12.545056	wtm
18382	2022-10-22 15:12:29.661309	manbun
20585	2022-11-04 05:23:44.256739	BidensAmericaLast
20588	2022-11-04 05:25:56.300742	wait
20589	2022-11-04 05:26:21.508635	Marvelous
20590	2022-11-04 05:26:21.95303	KillarySued
20602	2022-11-04 05:41:15.549188	DIS_MIS_MAL_Information_Superspreader
20603	2022-11-04 05:41:35.216885	Joe_Biden_Ein_Reich_Ein_Fuhrer_Speech
20604	2022-11-04 05:41:37.260782	WhereIsTheRealJamesWodds
20606	2022-11-04 05:45:02.261123	WhereIsHunterBiden
20607	2022-11-04 05:45:30.7568	FBI_We_Are_The_Victims
20616	2022-11-04 05:47:34.060825	Worthless
14595	2022-10-16 17:56:26.457276	queensland
14602	2022-10-16 18:00:14.974152	fbiwhistleblowers
14605	2022-10-16 18:01:16.749638	bidenbigtechcollusion
14606	2022-10-16 18:01:18.181422	cdcbigtechcollusion
14607	2022-10-16 18:01:18.62126	CovidInjury
14617	2022-10-16 18:07:48.14918	coverup
14621	2022-10-16 18:08:06.901579	DictatorBiden
14634	2022-10-16 18:17:32.133259	Trillium
14635	2022-10-16 18:17:37.669159	FearpornDistraction
14640	2022-10-16 18:20:11.75335	injustice
18250	2022-10-22 04:19:19.417105	peppers
18251	2022-10-22 04:19:19.981223	nerves
18252	2022-10-22 04:19:30.093178	brushing
18253	2022-10-22 04:19:34.585364	afternoon
18261	2022-10-22 04:20:09.685156	roadtrip
18262	2022-10-22 04:20:10.225399	roadtrippin
18263	2022-10-22 04:20:10.778936	roadtripping
18276	2022-10-22 04:22:32.943843	math
18280	2022-10-22 04:24:14.285152	Sunrise
18383	2022-10-22 15:23:45.820888	Asians4Trump
18384	2022-10-22 15:40:48.125456	THIRDWORLD
18385	2022-10-22 15:40:48.869328	Phillipines
18386	2022-10-22 15:40:50.017083	checks
18387	2022-10-22 15:42:04.746249	deathrodemocracy
18388	2022-10-22 16:06:14.958929	Fam
18389	2022-10-22 16:07:48.338593	GhostOfKyiv
18390	2022-10-22 16:14:19.673513	Make1984FictionAgain
18391	2022-10-22 16:14:34.573939	jan6setup
18392	2022-10-22 16:14:41.055788	HumanityLost
18393	2022-10-22 16:21:42.962015	ninjamemes
18394	2022-10-22 16:22:50.390611	saltylegion
18395	2022-10-22 16:22:50.945877	saltyoperator
18396	2022-10-22 16:22:51.794312	memecannon
18397	2022-10-22 16:26:08.865374	BidensAnIdiot
18398	2022-10-22 16:27:43.554456	SCC
18399	2022-10-22 16:28:09.08074	persuitofhappiness
18400	2022-10-22 16:28:24.521472	UltraFailureCzar
18401	2022-10-22 16:34:19.163926	fuckliberals
18402	2022-10-22 16:34:43.277919	goodbye
18403	2022-10-22 16:36:23.73945	benis
18404	2022-10-22 16:36:27.346424	lifters
18405	2022-10-22 16:36:27.842305	bussy
18406	2022-10-22 16:36:28.287901	incel
18407	2022-10-22 16:36:28.853542	MGTOWSINCONTROL
18408	2022-10-22 16:36:29.355715	mgtow
18409	2022-10-22 16:36:30.208745	mensrights
18410	2022-10-22 16:36:31.083161	MorbiusSweep
18411	2022-10-22 16:36:31.532106	feetpics
18412	2022-10-22 16:44:18.888549	WhereisRay
18413	2022-10-22 16:58:18.932945	gdb
18414	2022-10-22 17:10:27.321585	BCPToday
18415	2022-10-22 17:10:44.707416	Raffenspergercheated
18416	2022-10-22 17:10:45.594059	KempHasToGo
18417	2022-10-22 17:10:46.045141	VoterFraudIsReal
18418	2022-10-22 17:10:46.493447	Dominiongate
18419	2022-10-22 17:14:57.948934	ROFLMAO
18420	2022-10-22 17:17:32.565067	DROPDISNEY
18421	2022-10-22 17:17:33.379296	Mt22
18422	2022-10-22 17:17:33.849195	frogforce
18423	2022-10-22 17:17:34.809092	DBN
18424	2022-10-22 17:17:42.297011	NOMASK
18425	2022-10-22 17:17:43.318451	tweekstains
18426	2022-10-22 17:17:44.806538	gollywoodtrains
18427	2022-10-22 17:19:03.148266	xcgsailor
18428	2022-10-22 17:20:04.05307	Expressteam
18429	2022-10-22 17:28:04.631437	TrumpRallies
18430	2022-10-22 17:39:18.351249	GOPe
18431	2022-10-22 20:20:15.629766	SHHHHHHHHHHHHH
18432	2022-10-22 20:20:40.55084	FauciKillsPuppies
18433	2022-10-22 20:24:33.554607	ColumbusDay
18434	2022-10-22 20:28:31.170464	FossilFuels
18435	2022-10-22 20:38:49.786606	qTruths
18436	2022-10-22 20:43:27.817769	TheyAllKnew
18437	2022-10-22 20:43:28.214028	WeKnowWhatYouDid
18438	2022-10-22 20:49:56.815066	EileenGu
18439	2022-10-22 20:49:57.289934	SaltLakeCity
18440	2022-10-22 20:49:57.832307	WinterOlympics
18441	2022-10-22 20:50:22.673958	CoumoKilledGrandma
18442	2022-10-22 20:50:23.11697	nursinghomescandal
18443	2022-10-22 20:56:42.843305	2ndAmenedment
18444	2022-10-22 20:59:32.377966	GovernorWolf
18445	2022-10-22 21:02:29.526031	TimothyThibault
18446	2022-10-22 21:03:16.545819	NewSouthWales
18447	2022-10-22 21:03:38.079682	Schools
18448	2022-10-22 21:19:18.107337	DemsAreTraitors
18449	2022-10-22 21:25:25.374032	merrickgarland
18450	2022-10-22 21:39:33.76253	ffbi
18451	2022-10-22 21:47:20.222541	maricopa
18452	2022-10-22 21:48:49.601952	AGreatAwakening
18453	2022-10-22 21:55:12.493834	globalism
18454	2022-10-22 21:58:10.857886	freejanuary6thprisoners
18455	2022-10-22 22:01:21.072954	FauciKillsDogs
18456	2022-10-22 22:01:21.571909	BeagleLivesMatter
18457	2022-10-22 22:07:43.256047	Meanwhile
18458	2022-10-22 22:16:35.659438	TrumTrains
18459	2022-10-22 22:24:09.923625	mercy
18460	2022-10-22 22:29:01.619894	OnTarget
18461	2022-10-22 22:40:55.388391	happy
18462	2022-10-22 22:42:28.21815	reverseroevswade
18463	2022-10-22 22:42:29.66773	THEYDONTCAREABOUTYOU
18464	2022-10-22 22:50:53.918188	COVfefe
18465	2022-10-22 23:07:49.683956	KidRock
18466	2022-10-22 23:07:50.145703	Rocks
18467	2022-10-22 23:10:38.39809	EmmaWon
18468	2022-10-22 23:13:43.713258	Payback4Biden
18469	2022-10-22 23:19:49.102109	MikeGlover
18470	2022-10-22 23:27:59.066154	militiaact
18474	2022-10-22 23:32:14.647656	takeyourcash
18475	2022-10-22 23:33:41.030131	treasonispunishablebydeath
18476	2022-10-22 23:51:04.496408	NoOneWorldOrder
18477	2022-10-23 00:02:18.056156	Byrna
18478	2022-10-23 00:11:34.83827	DemocratsStole2020
18479	2022-10-23 00:18:21.496826	prayforme
18480	2022-10-23 00:59:46.113872	LiberalLies
18481	2022-10-23 04:15:49.861734	ussconstitution
18482	2022-10-23 04:28:16.241994	LiberalsAreDestroyingAmerica
18483	2022-10-23 05:18:39.136747	AmericaFirst2022
18484	2022-10-23 05:35:58.494037	PlannedParenthoodIsEvil
18485	2022-10-23 06:01:27.340802	ChristopherKey
18486	2022-10-23 06:01:27.76079	VaccinePolice
18487	2022-10-23 06:10:54.666912	ThrowBackThursday
18488	2022-10-23 06:45:54.940633	Bidensgascrisis
18489	2022-10-23 06:50:46.171912	DictatorJoe
18490	2022-10-23 07:02:04.878135	jefferson
18491	2022-10-23 07:02:05.394962	TreeofLiberty
18492	2022-10-23 07:06:34.613496	Trailer
18493	2022-10-23 07:06:37.240384	VoteRINOsOut
18494	2022-10-23 07:16:47.931118	NoSuchThingAsACoincidence
18495	2022-10-23 07:16:48.386543	weremember
18496	2022-10-23 07:32:22.818339	AttitudeOfGratitude
18497	2022-10-23 07:40:10.66282	MAGAveteran
18498	2022-10-23 07:44:18.21986	trumpwitchhunt
18499	2022-10-23 08:45:39.380429	Patriotism
18500	2022-10-23 09:12:58.9876	Murica
18501	2022-10-23 09:14:56.814808	GodLovesYouTour
18502	2022-10-23 09:40:12.711686	FungiCrew
14599	2022-10-16 17:57:15.329149	FBIInsurrection
14608	2022-10-16 18:01:19.141231	CovidDeaths
14611	2022-10-16 18:02:18.24314	lockupthepelosis
14616	2022-10-16 18:05:18.48908	wokeschoolsystems
14618	2022-10-16 18:07:48.589932	C19
14619	2022-10-16 18:07:49.010238	C19HOAX
14622	2022-10-16 18:08:29.825247	racebaiting
14624	2022-10-16 18:10:01.276944	sentientAI
14629	2022-10-16 18:16:19.754284	CDCdomesticterrorists
14632	2022-10-16 18:16:46.433286	salemwitchtrials
14633	2022-10-16 18:17:09.049655	UnAfraid
14637	2022-10-16 18:18:10.445324	censored
14638	2022-10-16 18:18:32.756534	Walensky
14667	2022-10-16 18:35:47.20938	pumpkin
14668	2022-10-16 18:35:48.933011	breakfast
14673	2022-10-16 18:36:20.638354	visit
14674	2022-10-16 18:36:21.357309	destination
14675	2022-10-16 18:36:21.765242	clamchowder
14676	2022-10-16 18:36:25.825046	Titanic
14677	2022-10-16 18:36:32.722691	dumpTS7500caprule
14678	2022-10-16 18:36:34.755188	freshbaked
14685	2022-10-16 18:37:03.165137	RVer
14686	2022-10-16 18:37:10.851958	richmond
14687	2022-10-16 18:37:13.633875	fluoride
14688	2022-10-16 18:37:14.101491	tap
14692	2022-10-16 18:37:24.206092	holidayseason
14695	2022-10-16 18:37:31.329239	foods
14696	2022-10-16 18:37:34.169821	ExpirationDate
14697	2022-10-16 18:37:40.586432	scotusoverturned2020
14700	2022-10-16 18:37:44.073375	governorabbott
14701	2022-10-16 18:37:45.373094	gmo
14706	2022-10-16 18:38:13.417163	monarchy
14707	2022-10-16 18:38:13.881856	emergencypreparedness
14708	2022-10-16 18:38:18.265055	Gulf
14709	2022-10-16 18:38:18.714975	East
14710	2022-10-16 18:38:25.689295	boat
14711	2022-10-16 18:38:29.2731	waterfilter
14712	2022-10-16 18:38:30.420928	fluoridefree
14714	2022-10-16 18:38:41.229182	prep
14715	2022-10-16 18:38:46.026251	EmergencyKit
14716	2022-10-16 18:38:51.984887	PatrickByrne
14717	2022-10-16 18:38:54.61338	viennasausages
14718	2022-10-16 18:38:58.113395	Vienna
14719	2022-10-16 18:38:58.607507	tastetest
14720	2022-10-16 18:39:06.013981	railstrike
14721	2022-10-16 18:39:22.239799	aviation
14722	2022-10-16 18:39:24.069225	eating
14723	2022-10-16 18:39:24.570591	bugs
14724	2022-10-16 18:39:32.566034	nano
14725	2022-10-16 18:39:39.965366	txgop
14726	2022-10-16 18:39:40.469349	galveston
14727	2022-10-16 18:39:44.461193	restaurants
14728	2022-10-16 18:39:54.785108	mustard
14729	2022-10-16 18:40:05.413668	fairfood
14730	2022-10-16 18:40:14.581189	airline
14731	2022-10-16 18:40:21.229446	restaurant
14732	2022-10-16 18:40:21.442199	corporatehealthcare
14733	2022-10-16 18:40:21.967248	cms
14734	2022-10-16 18:40:22.401723	covidtreatments
14739	2022-10-16 18:40:56.130515	NationalHoneyMonth
14740	2022-10-16 18:41:07.149012	ecoli
14741	2022-10-16 18:41:15.801012	StingOfTheCentury
14742	2022-10-16 18:41:15.801099	insuranceclaims
14743	2022-10-16 18:41:20.441774	summit
14744	2022-10-16 18:41:20.949338	bidenscircus
14745	2022-10-16 18:41:22.153136	wokemilitary
14746	2022-10-16 18:41:27.028877	audio
14747	2022-10-16 18:41:35.739443	shortages
14748	2022-10-16 18:41:38.769091	dairy
14749	2022-10-16 18:41:47.655145	Hybrid
14750	2022-10-16 18:41:57.949351	foodsupply
14751	2022-10-16 18:42:12.173546	farmers
14752	2022-10-16 18:42:22.082919	vaccinemandates
14753	2022-10-16 18:42:27.057374	Saturday
14754	2022-10-16 18:42:28.117174	foodrecalls
14755	2022-10-16 18:42:28.556982	EMP
14756	2022-10-16 18:42:29.019314	airport
14757	2022-10-16 18:42:29.405937	cruise
14758	2022-10-16 18:42:29.793095	RV
14759	2022-10-16 18:42:34.305826	DefundPolice
14760	2022-10-16 18:42:38.609223	sheetpandinner
14761	2022-10-16 18:42:55.409281	unboxingvideo
14762	2022-10-16 18:42:57.461686	glamping
14763	2022-10-16 18:42:57.973669	Dishwasher
14764	2022-10-16 18:43:07.297213	TSA
14765	2022-10-16 18:43:18.889115	rocketlaunch
14766	2022-10-16 18:43:19.973076	jettypark
14767	2022-10-16 18:43:20.41444	campground
14768	2022-10-16 18:43:39.764947	dolphin
14769	2022-10-16 18:43:42.338347	tour
14770	2022-10-16 18:43:42.74949	sanibel
14771	2022-10-16 18:43:43.149081	Captiva
14772	2022-10-16 18:43:43.815087	weekendgetaway
14773	2022-10-16 18:44:05.821058	rvtravel
14774	2022-10-16 18:44:06.297956	nanobots
14775	2022-10-16 18:44:23.990968	Jayco
14776	2022-10-16 18:44:41.824944	berry
14777	2022-10-16 18:44:54.289173	popcornchicken
14778	2022-10-16 18:45:31.92963	foodsecurity
14779	2022-10-16 18:46:14.194882	goatcheese
14780	2022-10-16 18:46:14.929464	tart
14781	2022-10-16 18:46:20.025346	carrot
14782	2022-10-16 18:46:21.405407	cream
14783	2022-10-16 18:46:22.153206	frosting
14784	2022-10-16 18:46:32.24198	bloated
14785	2022-10-16 18:46:35.849403	wheat
14786	2022-10-16 18:46:47.417315	zombie
14787	2022-10-16 18:46:50.721514	CovidFunds
14788	2022-10-16 18:46:57.964226	lowcalorie
14789	2022-10-16 18:47:01.43067	aspartame
14790	2022-10-16 18:47:13.917244	rentalcars
14791	2022-10-16 18:47:14.341258	foodnews
14792	2022-10-16 18:47:14.783522	travelnews
14793	2022-10-16 18:47:21.61714	tacobell
14794	2022-10-16 18:47:24.454092	mexicanpizza
14795	2022-10-16 18:47:42.310958	spying
14796	2022-10-16 18:47:45.754439	DataSecurity
14797	2022-10-16 18:47:54.338664	bra
14798	2022-10-16 18:48:10.849949	FirstWatch
14799	2022-10-16 18:48:11.336994	girlstrip
14800	2022-10-16 18:48:21.093835	WolfgangPuck
14801	2022-10-16 18:48:27.255903	spa
14802	2022-10-16 18:48:29.361438	brownwoodhotelandspa
14803	2022-10-16 18:48:41.102227	airmageddon
14804	2022-10-16 18:48:51.601901	roastbeef
14805	2022-10-16 18:49:00.101955	georgiaguidestones
14806	2022-10-16 18:49:12.849641	cioppino
14807	2022-10-16 18:49:16.317576	seafood
14808	2022-10-16 18:49:22.925651	picnic
14809	2022-10-16 18:49:25.537168	lunch
14810	2022-10-16 18:49:25.993811	GrandOaks
14811	2022-10-16 18:49:26.444791	resort
14812	2022-10-16 18:49:41.482435	charbroiled
14813	2022-10-16 18:49:43.565195	burger
14814	2022-10-16 18:49:55.701369	strawberry
14815	2022-10-16 18:49:58.669746	lemon
14816	2022-10-16 18:50:10.394135	Ribs
14817	2022-10-16 18:50:15.339138	idaho
14818	2022-10-16 18:50:20.08934	IndependenceDay2022
14819	2022-10-16 18:50:22.471265	USDA
14820	2022-10-16 18:50:22.895562	summervacation
14821	2022-10-16 18:50:43.901211	HomeschoolToSaveAmerica
14822	2022-10-16 18:50:47.253727	Flights
14823	2022-10-16 18:50:47.703131	FourthofJulyWeekend
14830	2022-10-16 18:51:50.450432	Summer
14831	2022-10-16 18:51:55.758447	bundt
14834	2022-10-16 18:52:22.913337	homemade
14835	2022-10-16 18:52:25.085146	coconut
14841	2022-10-16 18:52:43.422641	pcr
14843	2022-10-16 18:53:06.453024	cornsyrup
14844	2022-10-16 18:53:09.293106	artificialflavors
14859	2022-10-16 18:55:06.87869	TROLLBLOCK
14867	2022-10-16 18:56:13.654464	milk
14868	2022-10-16 18:56:18.837458	biscotti
14869	2022-10-16 18:56:20.758314	whitechocolate
14870	2022-10-16 18:56:21.193343	lifeboost
14871	2022-10-16 18:56:21.743019	freywines
14875	2022-10-16 18:56:49.661383	nazis
14877	2022-10-16 18:56:50.422766	FreyWine
14878	2022-10-16 18:57:07.129466	arrestthetraitorsnow
14881	2022-10-16 18:57:49.32939	Nmt
14893	2022-10-16 18:59:23.185324	CovidShutowns
14894	2022-10-16 18:59:23.634141	MailInBallots
14895	2022-10-16 18:59:24.646733	politico
14903	2022-10-16 19:00:08.065334	toxic
14904	2022-10-16 19:00:12.343165	destinations
14905	2022-10-16 19:00:17.499165	booze
14907	2022-10-16 19:00:22.735055	airlinetickets
14913	2022-10-16 19:00:43.867413	TravelNews
14917	2022-10-16 19:01:20.867332	quarantine
14921	2022-10-16 19:02:16.963017	Scones
14922	2022-10-16 19:02:18.809091	easy
14923	2022-10-16 19:02:19.202718	pantry
14933	2022-10-16 19:03:27.012681	honey
14936	2022-10-16 19:03:34.645058	FoodNews
14937	2022-10-16 19:03:37.203913	Brazil
14941	2022-10-16 19:03:55.098923	AMERICAFIRSTBABY
14944	2022-10-16 19:04:28.957352	URGENT
14945	2022-10-16 19:04:30.65228	rationing
14946	2022-10-16 19:04:31.073869	collectiveconsciousness
14947	2022-10-16 19:04:31.521788	Emergency
14948	2022-10-16 19:04:37.540141	cinnamonrolls
14949	2022-10-16 19:04:39.41103	EasterWeekend
14950	2022-10-16 19:04:43.742669	watersupply
14968	2022-10-16 19:06:59.685668	Resign
14975	2022-10-16 19:08:05.558221	Servers
14983	2022-10-16 19:09:15.874109	cornbread
14986	2022-10-16 19:09:21.805278	beef
14988	2022-10-16 19:10:01.453387	travelinsurance
14991	2022-10-16 19:10:15.389638	compost
14992	2022-10-16 19:10:20.493042	traveling
14993	2022-10-16 19:10:21.826782	cameras
15009	2022-10-16 19:12:25.791156	ny
15010	2022-10-16 19:15:59.563461	ClownsInAmerica
15011	2022-10-16 19:19:10.013276	ElectricCar
15020	2022-10-16 19:27:38.304879	negligence
15027	2022-10-16 19:33:43.317746	tweet
15034	2022-10-16 19:38:45.741369	Immunodeficiency
15036	2022-10-16 19:39:21.537699	soar
15037	2022-10-16 19:39:41.625636	blueprivilege
15039	2022-10-16 19:39:42.803336	weriserogether
15041	2022-10-16 19:39:43.277162	HilaryClinton
15043	2022-10-16 19:40:22.737198	powerfultogether
18471	2022-10-22 23:28:00.478491	2ndAMENDMENTRIGHTS
18472	2022-10-22 23:28:01.014257	GunControlDoesntWork
18473	2022-10-22 23:28:02.215688	rifle
18503	2022-10-23 09:40:52.692352	%F0%9D%97%A0%F0%9D%97%94%F0%9D%97%A9%F0%9D%97%98%F0%9D%97%A5%F0%9D%97%9C%F0%9D%97%96%F0%9D%97%9E
20586	2022-11-04 05:25:31.725146	Teach_Calculus_Not_CRT_Gender_Reassignment
20592	2022-11-04 05:28:21.593467	Socialists_Love_Misery
20593	2022-11-04 05:28:51.222887	Firearm
20594	2022-11-04 05:28:52.321678	ATF_IllegalGunRegistry
20598	2022-11-04 05:32:56.420711	TeflonTrump
20600	2022-11-04 05:39:47.321039	faithinthelastdays
20601	2022-11-04 05:39:47.861062	faithinGod
20605	2022-11-04 05:42:28.952612	TexasOilGas
20608	2022-11-04 05:45:47.800209	OilGasPipelines
20609	2022-11-04 05:46:03.515215	Color_Revolution
20610	2022-11-04 05:46:26.811419	WhereIsHunterHiding
20611	2022-11-04 05:46:33.120501	Illegitimate_Demented_Woke_Lethal
20612	2022-11-04 05:46:33.536696	Brandon_Regime
20613	2022-11-04 05:47:10.029108	DNCCorruption
20614	2022-11-04 05:47:25.897849	Tucker_Carlson
20615	2022-11-04 05:47:26.316913	Governor_Nuisance
20617	2022-11-04 05:47:57.184954	TheBomb
20618	2022-11-04 05:47:57.761214	BewareBigTech
20619	2022-11-04 05:47:58.293028	NoMoreCensoring
20620	2022-11-04 05:48:44.420871	TrumpMAGA2
20621	2022-11-04 05:49:57.00619	BigTechTakedown
20622	2022-11-04 05:50:31.240794	KnowWar
20623	2022-11-04 05:50:50.632279	KnowEa
20624	2022-11-04 05:51:26.184388	Iranians
20625	2022-11-04 05:51:42.440633	Brandon_Administration
20626	2022-11-04 05:51:43.100419	Ukranian_Proxy_War
20627	2022-11-04 05:52:43.41044	TranspotationNightmarePete
20628	2022-11-04 05:53:13.472871	2000_MULES
20629	2022-11-04 05:54:16.380599	Resident_Brandon
20630	2022-11-04 05:56:34.391252	Falsely
20631	2022-11-04 05:56:34.881019	claims
20632	2022-11-04 05:56:35.916458	not
20633	2022-11-04 05:56:36.456841	walking
20634	2022-11-04 05:56:37.212649	across
20635	2022-11-04 05:57:44.597238	ElectionWorkers
20636	2022-11-04 05:58:24.120661	RedSquare
20637	2022-11-04 05:59:09.584831	WitchyWpman
20638	2022-11-04 05:59:25.924879	FuckJillBiden
20639	2022-11-04 06:02:27.308788	Deep_Administrative_State
20640	2022-11-04 06:02:27.772796	Dealey_Plaza_Option
20641	2022-11-04 06:04:01.134392	Mar_A_Lago_Contrived_Raid
20642	2022-11-04 06:05:46.702912	TedBudd
20643	2022-11-04 06:05:58.096421	SEE_BS_Network
20644	2022-11-04 06:05:58.529027	Central_Intelligence_Agency
20645	2022-11-04 06:05:58.963566	Operation_Mockingbird
20646	2022-11-04 06:06:28.381635	CountryLoveIt
20647	2022-11-04 06:08:07.332897	RiNO
20648	2022-11-04 06:08:31.700678	Nordstream2_Pipeline
20649	2022-11-04 06:08:48.376703	Joe_Daddy_Dearest_Brandonskyy
20650	2022-11-04 06:10:21.28149	TrumpSavesAmerica2024
20651	2022-11-04 06:10:26.999198	RedWave2020
20652	2022-11-04 06:10:45.756657	WW111
20653	2022-11-04 06:10:46.269058	OrangeManGood
20654	2022-11-04 06:11:20.95865	Military_Industrial_Complex
20655	2022-11-04 06:11:36.36797	Troglodyte
20656	2022-11-04 06:11:42.608665	Mark_Im_Woke_Milley
20657	2022-11-04 06:11:56.361052	President_In_Exile
20658	2022-11-04 06:16:33.587975	Brandons_Banana_Republic
20659	2022-11-04 06:20:44.412855	natural_immunity
20660	2022-11-04 06:21:05.976788	Katie_Hobbs
20661	2022-11-04 06:21:30.336911	Alejandro_Herman_Goring_Mayorkas
20662	2022-11-04 06:21:37.576872	Truth_Social
20663	2022-11-04 06:21:38.117966	Arbiter_Of_Truth
20664	2022-11-04 06:23:34.0326	The_Comrade_Bernard_Sanders_Party
20665	2022-11-04 06:26:13.826606	J6_Unselect_Committee_Farce
20672	2022-11-04 06:40:38.375006	FBI_Praetorian_Guard
14824	2022-10-16 18:50:51.397899	electionyear
14825	2022-10-16 18:51:08.261136	ShakeShack
14828	2022-10-16 18:51:44.581601	CrackerBarrel
14837	2022-10-16 18:52:30.51716	keylime
14838	2022-10-16 18:52:34.061809	icecream
14840	2022-10-16 18:52:40.729338	air
14851	2022-10-16 18:53:49.010116	magaking
14856	2022-10-16 18:54:39.577409	Election2020
14857	2022-10-16 18:54:45.337418	NewZealand
14862	2022-10-16 18:55:38.405428	Towing
14863	2022-10-16 18:55:40.369113	toad
14866	2022-10-16 18:56:11.282279	plantbased
14874	2022-10-16 18:56:39.641569	friedchicken
14879	2022-10-16 18:57:08.762635	SupplyChain
14880	2022-10-16 18:57:09.290312	weird
14882	2022-10-16 18:58:04.673959	coast
14883	2022-10-16 18:58:05.120991	coastaldune
14884	2022-10-16 18:58:05.92153	dusk
14885	2022-10-16 18:58:15.997618	blueberry
14886	2022-10-16 18:58:17.269337	pie
14908	2022-10-16 19:00:27.02121	TasteTest
14914	2022-10-16 19:00:48.822577	French
14915	2022-10-16 19:01:15.329339	crabcakes
14919	2022-10-16 19:01:49.329184	rvtips
14925	2022-10-16 19:02:28.620922	cincodemayo
14926	2022-10-16 19:02:29.626214	skirtsteak
14927	2022-10-16 19:02:30.156007	salsa
14928	2022-10-16 19:02:30.65519	TORTILLAS
14929	2022-10-16 19:02:36.281141	Cinco
14931	2022-10-16 19:03:14.281676	arrestShutDownDC
14932	2022-10-16 19:03:22.787412	CoachKennedy
14934	2022-10-16 19:03:28.135445	smoothie
14935	2022-10-16 19:03:28.621279	allergy
14939	2022-10-16 19:03:46.973114	Senior
14940	2022-10-16 19:03:48.417297	bartender
14942	2022-10-16 19:03:57.085336	Foodshortage
14943	2022-10-16 19:04:23.937182	farms
14952	2022-10-16 19:05:05.661922	mashedpotatoes
14961	2022-10-16 19:05:59.154005	schiff
14964	2022-10-16 19:06:20.253281	VladimirPutin
14967	2022-10-16 19:06:58.213078	cruises
14970	2022-10-16 19:07:14.572207	bakedbeans
14971	2022-10-16 19:07:16.574888	AZElectionFraud
14972	2022-10-16 19:07:28.549681	cooking
14980	2022-10-16 19:08:38.483182	tires
14987	2022-10-16 19:09:51.7499	irishcreamliqueur
14989	2022-10-16 19:10:12.03059	fertilizer
14990	2022-10-16 19:10:14.976348	biosludge
14994	2022-10-16 19:10:25.381146	passenger
14998	2022-10-16 19:10:36.141625	irishsodabread
15001	2022-10-16 19:10:49.565646	cornedbeef
15002	2022-10-16 19:10:53.841182	brisket
15003	2022-10-16 19:11:30.213372	pizza
15004	2022-10-16 19:11:38.670891	strawberryshortcake
15005	2022-10-16 19:12:06.21328	itsNotPutin
15006	2022-10-16 19:12:06.636256	ItsNotGasStations
15012	2022-10-16 19:19:47.921493	bankingcrisis
15013	2022-10-16 19:21:42.027447	frontlinecriticalcare
15014	2022-10-16 19:21:46.670602	FreeSimoneGold
15016	2022-10-16 19:23:09.986721	LiveFreeOrDieF1
15018	2022-10-16 19:24:50.485654	sexualassault
18504	2022-10-23 09:44:45.299191	VoteInPersonNov8
18505	2022-10-23 10:01:55.391952	WhitmersViolentCrimeWave
18506	2022-10-23 10:02:26.678659	yuge
18507	2022-10-23 10:06:48.063187	voteredtosaveamerica
18508	2022-10-23 10:11:45.111556	pants
18510	2022-10-23 10:16:28.919	TooEarly
18511	2022-10-23 10:19:30.314443	freedomrising
18512	2022-10-23 10:19:58.582826	RIPLorettaLynn
18513	2022-10-23 10:20:42.186964	sayhernameashlibabbitt
18514	2022-10-23 10:22:37.738622	prayerrequests
18515	2022-10-23 10:25:01.51838	STOPTHEINVASION
18516	2022-10-23 10:25:02.718384	VOTERED2022
18517	2022-10-23 10:25:55.81032	WEWONTBACKDOWN
18518	2022-10-23 10:28:20.142249	patch
18519	2022-10-23 10:30:57.626344	Leftists
18520	2022-10-23 10:30:58.35411	Abortions
18521	2022-10-23 10:44:21.725726	BringBackTrumpNowAndMAGA
18522	2022-10-23 10:44:46.721964	bidenisapedophile
18523	2022-10-23 10:57:23.989492	NaturalGas
18524	2022-10-23 10:58:20.869666	DefundthePolice
18525	2022-10-23 11:00:39.929525	WuhunLab
18526	2022-10-23 11:00:40.697457	wuhaninstituteofvirology
18527	2022-10-23 11:11:20.905512	OTD
18528	2022-10-23 11:21:45.325931	twgrp
18529	2022-10-23 11:28:34.414478	ajsrantroom
18530	2022-10-23 11:29:28.105546	DemonRats
18531	2022-10-23 11:29:28.594318	NonCitizens
18532	2022-10-23 11:30:25.593441	TakeDownTheCCP
18533	2022-10-23 11:30:26.137505	FreePoliticalPrisoners
18534	2022-10-23 11:30:33.096023	Food4thought
18535	2022-10-23 11:33:32.927645	blueberryduckfarts
18536	2022-10-23 11:35:26.629885	EscapeTheMatrix
18537	2022-10-23 11:42:50.220105	unitednotdivided
18538	2022-10-23 11:48:58.641529	MalibusMostHated
18539	2022-10-23 11:52:05.477547	balls
18540	2022-10-23 11:57:45.685783	LeftistLogic
18541	2022-10-23 11:58:46.659267	ClosetheBordernow
18542	2022-10-23 11:59:39.537377	thedude
18543	2022-10-23 12:33:34.109198	ComingOutDay
18544	2022-10-23 12:36:55.234626	AMC100k
18545	2022-10-23 12:37:21.415444	CRYPTO
18546	2022-10-23 12:41:34.173219	change
18547	2022-10-23 12:58:24.253944	WokeSupremacy
18549	2022-10-23 12:58:33.234938	hypocrities
18550	2022-10-23 13:05:17.964861	SOSMARAS
18552	2022-10-23 13:13:41.501265	theMAGAKING
18553	2022-10-23 13:49:26.047131	NoMailBallots
18554	2022-10-23 13:56:59.365579	InvasionByDesign
18555	2022-10-23 14:03:45.930002	SavageNation
18556	2022-10-23 14:08:44.049945	UltraMAGAProud
18557	2022-10-23 14:58:06.701684	Qproof
18558	2022-10-23 14:59:20.828335	HenryKissinger
18559	2022-10-23 15:02:43.020982	SamHarris
18560	2022-10-23 15:07:32.801983	HershelWalker
18561	2022-10-23 15:13:36.62567	QuiteFranklyTv
18562	2022-10-23 15:21:21.137228	MOASS
18564	2022-10-23 15:23:19.517354	KnowYourParty
18565	2022-10-23 15:23:20.037803	HistoricalFacts
18566	2022-10-23 15:23:20.609007	AlwayEvil
18567	2022-10-23 15:45:03.745976	ResistInstitutionalStupidity
18568	2022-10-23 15:47:18.556495	liberalhypocrisy
18569	2022-10-23 16:08:31.749975	GunshineState
18570	2022-10-23 16:15:38.973295	WhiteHatScript
18571	2022-10-23 16:33:13.717794	CorruptionInGovernment
18572	2022-10-23 16:49:48.29724	Discovery
18573	2022-10-23 17:09:06.714002	doctor
18574	2022-10-23 17:09:07.357468	genderAtBirth
18575	2022-10-23 17:09:07.786135	biologist
18576	2022-10-23 17:11:10.425853	EveryLittleStepMatters
18577	2022-10-23 17:19:48.63394	EndSexTrafficking
18578	2022-10-23 17:29:48.269517	MICHIGAN
18581	2022-10-23 17:29:50.606324	trumpgang
18582	2022-10-23 17:40:09.453008	AmericaStands
18583	2022-10-23 17:51:15.298741	stolenElection
18584	2022-10-23 17:51:15.977655	reckoning
14826	2022-10-16 18:51:23.588882	aircraft
14833	2022-10-16 18:52:18.1266	primaries
14836	2022-10-16 18:52:25.505447	popsicles
14839	2022-10-16 18:52:36.03601	MayraonFire
14842	2022-10-16 18:52:58.707605	cruisenews
14845	2022-10-16 18:53:22.83477	lowsodium
14846	2022-10-16 18:53:23.273015	enchiladas
14847	2022-10-16 18:53:26.173302	physiciansfightback
14848	2022-10-16 18:53:33.441921	californiatruckers
14850	2022-10-16 18:53:42.73311	donuts
14852	2022-10-16 18:53:57.133171	fires
14853	2022-10-16 18:53:59.696884	cruiseships
14854	2022-10-16 18:54:08.338897	potatochips
14855	2022-10-16 18:54:11.774865	crisps
14858	2022-10-16 18:55:01.373391	airlines
14860	2022-10-16 18:55:09.090904	Snack
14861	2022-10-16 18:55:11.797809	emergencypantry
14864	2022-10-16 18:55:46.646695	democraticcities
14872	2022-10-16 18:56:30.019608	fettuccinealfredo
14873	2022-10-16 18:56:35.635259	humansacrifice
14876	2022-10-16 18:56:49.989123	lifeboostcoffee
14889	2022-10-16 18:58:55.885165	Pilot
14892	2022-10-16 18:59:15.508437	FoodSafety
14897	2022-10-16 18:59:29.169247	weather
14898	2022-10-16 18:59:38.44142	Barbie
14899	2022-10-16 18:59:40.973066	Destinations
14909	2022-10-16 19:00:28.013945	gingerbeer
14910	2022-10-16 19:00:35.009025	fuelsupply
14911	2022-10-16 19:00:38.173779	shortage
14916	2022-10-16 19:01:19.457207	FreeJ6Prisoners
14924	2022-10-16 19:02:23.561965	tequila
14930	2022-10-16 19:03:13.874066	SCOTUSthreat
14938	2022-10-16 19:03:43.041854	dining
14951	2022-10-16 19:04:52.208899	shoebomber
14953	2022-10-16 19:05:14.572074	refrigerator
14958	2022-10-16 19:05:49.345208	maxinewaters
14960	2022-10-16 19:05:58.41324	BackTheMilitary
14963	2022-10-16 19:06:14.301912	glyphosate
14965	2022-10-16 19:06:20.758292	Easterbunnies
14969	2022-10-16 19:07:13.069264	goofball
14973	2022-10-16 19:07:29.933272	oils
14974	2022-10-16 19:07:41.625214	controlling
14984	2022-10-16 19:09:16.306085	waffles
14995	2022-10-16 19:10:31.249386	StPatrick
14996	2022-10-16 19:10:35.164272	irishstew
14997	2022-10-16 19:10:35.653276	cheddar
14999	2022-10-16 19:10:39.997823	teachersunion
15007	2022-10-16 19:12:07.075966	itsNotOrangeMan
15008	2022-10-16 19:12:07.664587	BidensWarOnFossilFuels
18509	2022-10-23 10:11:45.599939	soil
18548	2022-10-23 12:58:30.753997	Ratpak
18551	2022-10-23 13:05:18.508524	YourVoteYourVoice
18563	2022-10-23 15:21:21.649037	CreditSuisse
18579	2022-10-23 17:29:49.478422	DRFAUCI
18585	2022-10-23 17:52:13.013874	bidenCrimeFamily
18586	2022-10-23 17:52:13.422285	captcha
18587	2022-10-23 17:52:13.919315	voterFraud
18593	2022-10-23 18:24:24.52402	SmokeyAndTheBandit
18594	2022-10-23 18:24:25.143993	tGiF
18595	2022-10-23 18:24:28.661617	Independance
20587	2022-11-04 05:26:05.692924	MTG_Firebrand
20591	2022-11-04 05:26:44.818586	Reparations_Aka_Extortion
20595	2022-11-04 05:29:16.978675	Ukranians_Peons_In_Lindsey_Grahams_War
20596	2022-11-04 05:31:41.088522	Experimental_Gene_Therapy_Injections
20597	2022-11-04 05:32:23.138552	Joe_Brandons_Kakistocracy
20599	2022-11-04 05:39:40.080615	Joe_Ein_Fuhrer_Speech
20666	2022-11-04 06:26:14.293685	Derrick_I_Can_Indict_A_Ham_Sandwich_Garland
14827	2022-10-16 18:51:31.236718	organicgardening
14829	2022-10-16 18:51:46.194505	rootbeer
14832	2022-10-16 18:52:08.648125	MoroccanChicken
14849	2022-10-16 18:53:40.009067	dad
14865	2022-10-16 18:55:57.529366	MexicanPizza
14887	2022-10-16 18:58:42.461087	infant
14888	2022-10-16 18:58:48.645152	bosses
14890	2022-10-16 18:58:58.386254	cardio
14891	2022-10-16 18:59:06.210635	passport
14896	2022-10-16 18:59:28.029539	droughts
14900	2022-10-16 18:59:46.250299	margaritaville
14901	2022-10-16 18:59:47.953654	Jan6Prisoners
14902	2022-10-16 18:59:48.357771	arrest
14906	2022-10-16 19:00:18.62495	Serversrevenge
14912	2022-10-16 19:00:35.049602	pfizerfraud
14918	2022-10-16 19:01:43.541452	batteries
14920	2022-10-16 19:02:10.746188	mintjulep
14954	2022-10-16 19:05:19.513168	tips
14955	2022-10-16 19:05:25.336862	ships
14956	2022-10-16 19:05:37.433988	Racy
14957	2022-10-16 19:05:38.097328	deepdishpizza
14959	2022-10-16 19:05:56.345891	broadcast
14962	2022-10-16 19:05:59.245134	meals
14966	2022-10-16 19:06:47.17231	transmission
14976	2022-10-16 19:08:17.651033	brownie
14977	2022-10-16 19:08:21.563709	tire
14978	2022-10-16 19:08:28.189336	sightseeing
14979	2022-10-16 19:08:28.945049	Everglades
14981	2022-10-16 19:08:46.809214	VitaminD
14982	2022-10-16 19:09:09.953006	travelrestrictions
14985	2022-10-16 19:09:16.761112	maplesyrup
15000	2022-10-16 19:10:41.914536	colcannon
15015	2022-10-16 19:22:08.981436	EarlyTreatmentWorks
15017	2022-10-16 19:23:37.67395	fakesignatures
15019	2022-10-16 19:27:05.787851	FDAcorruption
15021	2022-10-16 19:31:27.822619	QanonMemes
15022	2022-10-16 19:31:38.777681	bradraffensperger
15023	2022-10-16 19:32:12.517231	MichaelStenger
15024	2022-10-16 19:32:18.045104	corporateabortionpolicy
15025	2022-10-16 19:33:02.321258	dontembracethesuck
15028	2022-10-16 19:35:44.317192	liberalworldorder
15031	2022-10-16 19:36:07.172313	Beproudofamerica
15032	2022-10-16 19:36:07.745539	exceptionalism
15046	2022-10-16 19:40:58.316967	NCVoterID
15051	2022-10-16 19:41:23.201926	Coup2020
15057	2022-10-16 19:42:15.302055	rampup
15060	2022-10-16 19:42:27.008961	youcanhelp
15067	2022-10-16 19:43:18.610934	vaccinelies
15068	2022-10-16 19:43:19.57319	togetherwerise
15069	2022-10-16 19:43:41.437209	dontlikeliars
15070	2022-10-16 19:43:44.961858	canstopthestorm
15071	2022-10-16 19:43:45.425344	patriotswin
15074	2022-10-16 19:44:22.885372	nunsfortrump
15076	2022-10-16 19:44:30.117467	prosecutors
15080	2022-10-16 19:44:40.628986	maganation
15081	2022-10-16 19:44:43.071438	Letsgo
15082	2022-10-16 19:44:55.613324	Michiganrally
15083	2022-10-16 19:45:42.233843	bethelight
15093	2022-10-16 19:46:32.917053	TruthandJustice
15094	2022-10-16 19:46:33.417159	Justicethroughtruth
15096	2022-10-16 19:47:37.602539	truthfulness
15099	2022-10-16 19:47:46.89705	longhaulcovid
15102	2022-10-16 19:48:21.409092	ChinaBankRuns
15103	2022-10-16 19:49:10.245813	sisters
15104	2022-10-16 19:49:10.702959	rideanddie
15105	2022-10-16 19:49:11.132978	patriotmoms
15106	2022-10-16 19:49:11.588942	trumpgirls
15107	2022-10-16 19:49:12.273736	thruth
15108	2022-10-16 19:49:18.825297	byebyeobama
15111	2022-10-16 19:49:51.233112	raffensperger
15118	2022-10-16 19:54:25.333486	walkway
15120	2022-10-16 19:55:24.162566	KidsMatter
15122	2022-10-16 19:57:32.374468	caliexit
15123	2022-10-16 19:58:18.387468	POWs
15124	2022-10-16 19:58:23.557817	elephantintheroom
15128	2022-10-16 19:59:32.557	truthsocialworks
15129	2022-10-16 19:59:33.033949	islandtime
15134	2022-10-16 20:01:24.496912	MarkMeadows
15135	2022-10-16 20:02:25.250086	PieGate
15136	2022-10-16 20:03:21.156439	FamilyFunNight
15137	2022-10-16 20:03:21.505646	BFFs
15140	2022-10-16 20:03:24.324282	c12
15149	2022-10-16 20:19:43.689524	APESNOTLEAVING
15152	2022-10-16 20:22:19.580936	VoteOutSwampers
15157	2022-10-16 20:24:50.101936	genetherapy
15158	2022-10-16 20:25:13.562888	tyrranicalgovernment
15160	2022-10-16 20:26:31.504535	breastmilk
15163	2022-10-16 20:27:33.097888	ArrestBidenForTreason
18580	2022-10-23 17:29:50.143381	callingallpatriots
18588	2022-10-23 17:52:40.240819	FakeCensus
20667	2022-11-04 06:30:55.315987	Twelfth_Amendment_Hearing
20668	2022-11-04 06:30:56.173155	Twelfth_Amendment_Dueling_EC_Electors
20669	2022-11-04 06:31:19.808739	Donkey_Pox
20670	2022-11-04 06:38:48.768686	Monkey_Pox
20671	2022-11-04 06:38:49.308837	Mail_In_Ballots
20673	2022-11-04 06:40:51.598948	known
20674	2022-11-04 06:41:02.694679	Derrick_Heinrich_Himmler_Garland
20675	2022-11-04 06:41:03.153033	masterminded
20676	2022-11-04 06:43:51.124455	DeSantisisright
20677	2022-11-04 06:44:22.240854	2020_Deep_State_Color_Revolution
20678	2022-11-04 06:45:00.61751	Fruit_Of_The_Poisonous_Tree_Doctrine
20679	2022-11-04 06:46:30.655256	Conservatives_The_New_Doormats
20684	2022-11-04 06:49:05.786513	Department_Of_INjustice
20685	2022-11-04 06:49:59.153282	America_In_Dire_Distress
20686	2022-11-04 06:49:59.59341	CiVIL_WAR2_IS_IMMINENT
20688	2022-11-04 06:56:12.434418	Yo_Garland_Cant_Beat_Trump_Indict_Him
20689	2022-11-04 06:57:08.909416	Selected_and_Installed
15026	2022-10-16 19:33:11.13711	savethenation
15029	2022-10-16 19:35:48.333146	fourmoremonths
15030	2022-10-16 19:35:48.775882	WealthDistribution
15033	2022-10-16 19:36:15.693996	LiberalPrivilege
15035	2022-10-16 19:39:20.884958	werisetogether
15038	2022-10-16 19:39:42.361102	childgrooming
15040	2022-10-16 19:39:43.294342	keepsocialmediafun
15042	2022-10-16 19:39:49.154203	movingforward
15044	2022-10-16 19:40:22.905099	bidenisillegitimate
15045	2022-10-16 19:40:23.730096	PunishableByDeath
15047	2022-10-16 19:41:01.43734	Letsroll
15048	2022-10-16 19:41:03.697351	spreadtruth
15049	2022-10-16 19:41:04.249639	keepitfun
15050	2022-10-16 19:41:14.061399	weaponizedagencies
15052	2022-10-16 19:41:24.349345	twin
15053	2022-10-16 19:41:49.601499	Oorah
15054	2022-10-16 19:41:56.409597	wheelsup
15055	2022-10-16 19:42:01.450778	EV4nontravelers
15056	2022-10-16 19:42:10.202897	controlthemasses
15058	2022-10-16 19:42:15.801082	LandGrab
15059	2022-10-16 19:42:26.537452	untruthfulnessinsociety
15061	2022-10-16 19:42:28.373107	Grocery
15062	2022-10-16 19:43:00.041315	buylow
15063	2022-10-16 19:43:00.526484	weallrisetogether
15064	2022-10-16 19:43:05.553399	plot
15065	2022-10-16 19:43:07.370886	didn
15066	2022-10-16 19:43:07.811063	michiganGOP
15072	2022-10-16 19:43:48.652917	attack
15073	2022-10-16 19:44:23.573375	boycottkroger
15075	2022-10-16 19:44:24.020973	boycottharristeeter
15077	2022-10-16 19:44:30.169049	childmaltreatment
15078	2022-10-16 19:44:30.65109	lawyers
15079	2022-10-16 19:44:31.722034	bankers
15084	2022-10-16 19:46:12.110419	makesovialmediafunagain
15085	2022-10-16 19:46:11.869535	Americanexceptionalism
15086	2022-10-16 19:46:13.109416	timetoliftamericaup
15087	2022-10-16 19:46:13.501077	liarsneedtogo
15088	2022-10-16 19:46:14.053767	enduntruthfullness
15089	2022-10-16 19:46:14.532969	truthandjustice
15090	2022-10-16 19:46:21.501459	stopthecartel
15091	2022-10-16 19:46:22.26513	protectourcountry
15092	2022-10-16 19:46:22.714343	stopUSinvasion
15095	2022-10-16 19:47:16.585997	prisonmike
15097	2022-10-16 19:47:38.913596	takedownliars
15098	2022-10-16 19:47:39.325002	liftupournation
15100	2022-10-16 19:47:47.147066	truthinsociety
15101	2022-10-16 19:47:47.573324	bradleymlott
15109	2022-10-16 19:49:45.521039	voterregistration
15110	2022-10-16 19:49:46.01299	electionready
15112	2022-10-16 19:50:21.509036	growtogether
15113	2022-10-16 19:50:47.175075	stopthe
15114	2022-10-16 19:50:58.543849	truthit
15115	2022-10-16 19:51:11.413605	vets
15116	2022-10-16 19:54:15.185246	vaxmandatesresended
15117	2022-10-16 19:54:20.861838	AfLDS
15119	2022-10-16 19:54:27.109044	DemocraticParty
15121	2022-10-16 19:56:45.32469	covidtesting
15125	2022-10-16 19:58:31.896651	genicide
15126	2022-10-16 19:59:22.934487	foxnewsisfakenews
15127	2022-10-16 19:59:28.165371	Setup
15130	2022-10-16 19:59:33.669582	workremote
15131	2022-10-16 19:59:34.15502	trumpgirl
15132	2022-10-16 20:01:15.721395	ConservativeJustices
15133	2022-10-16 20:01:20.225645	geotracking
15138	2022-10-16 20:03:22.426043	J6Truth
15139	2022-10-16 20:03:23.363998	TheShowMustGoOn
15141	2022-10-16 20:05:59.76123	weaponizationofgovernment
15142	2022-10-16 20:08:36.941498	whatdoesittakewakeup
15143	2022-10-16 20:08:37.417484	jabjustifying
15144	2022-10-16 20:14:41.141278	overdose
15145	2022-10-16 20:14:58.725426	briankemp
15146	2022-10-16 20:17:49.189263	DominicanRepublic
15147	2022-10-16 20:19:42.817485	MaverickTopGun
15148	2022-10-16 20:19:43.273425	AMCAPES
15150	2022-10-16 20:20:47.401433	yourfired
15151	2022-10-16 20:21:57.22642	PoliticallyIncorrect
15153	2022-10-16 20:22:20.973352	voteOutDemocrats
15154	2022-10-16 20:22:23.585497	outtagas
15155	2022-10-16 20:23:34.243429	prideday
15156	2022-10-16 20:24:39.621716	WINNER
15159	2022-10-16 20:25:28.76307	pathwaytoNWO
15161	2022-10-16 20:26:52.438816	boycottbrewers
15162	2022-10-16 20:27:14.748496	boycottpizzahut
15164	2022-10-16 20:28:27.401681	kylerittenhouse
15165	2022-10-16 20:28:28.93688	nicksandmann
15166	2022-10-16 20:29:32.012992	conspiracyfact
15167	2022-10-16 20:29:32.461737	fakewoke
15168	2022-10-16 20:32:43.329779	WHOhealthcaretreaty
15169	2022-10-16 20:33:45.26981	PEAD
15170	2022-10-16 20:33:49.490848	dominionvotingsystems
15171	2022-10-16 20:38:21.685956	trumpmaniacs
15172	2022-10-16 20:40:15.205983	IlanOmar
15173	2022-10-16 20:43:41.6585	BigMouthsSmallFeet
15174	2022-10-16 20:45:26.365869	RemeberTheFallen
15175	2022-10-16 20:45:31.137894	awakening
15176	2022-10-16 20:45:31.705067	Denial
15177	2022-10-16 20:45:32.045308	anger
15178	2022-10-16 20:45:32.398745	depression
15179	2022-10-16 20:45:32.769978	bargaining
15180	2022-10-16 20:45:33.138798	Acceptance
15181	2022-10-16 20:47:45.911104	17th
15182	2022-10-16 20:48:28.069974	warriorsforhomeschool
15183	2022-10-16 20:50:22.722586	graveyarddead
15184	2022-10-16 20:50:31.980472	Columbine
15185	2022-10-16 20:50:48.198165	BoycottMLB
15186	2022-10-16 20:50:56.498799	fetalmalformations
15187	2022-10-16 20:53:54.964878	Riskmanagement
15188	2022-10-16 20:54:32.049963	VladimirZevZelenko
15189	2022-10-16 20:54:38.706448	BlondiesTrain79
15190	2022-10-16 20:55:03.465873	Brainwashed
15191	2022-10-16 20:55:03.913855	InstalledPoliticians
15192	2022-10-16 20:55:04.395893	JoeandtheHoe
15193	2022-10-16 20:55:16.833569	WeWantOurCountryBackNOW
15194	2022-10-16 20:55:23.049726	X22report
15195	2022-10-16 20:58:23.493907	receipts
15196	2022-10-16 20:59:59.529741	earlytreatment
15197	2022-10-16 21:01:17.469682	RestorePresidentTrump
15198	2022-10-16 21:01:32.122418	hightreason
15199	2022-10-16 21:01:32.594807	GenMcInerny
15200	2022-10-16 21:04:15.569706	obamathegreatdivider
15201	2022-10-16 21:04:29.794009	aces
15202	2022-10-16 21:05:28.233997	militarymandates
15203	2022-10-16 21:06:00.326384	vetsforschoolsecurity
15204	2022-10-16 21:06:48.371286	ACES
15205	2022-10-16 21:06:48.79762	NadineHarrisMD
15206	2022-10-16 21:06:49.241863	childhoodtrauma
15207	2022-10-16 21:07:28.245263	parent
15208	2022-10-16 21:07:28.713677	schoolboard
15209	2022-10-16 21:08:41.993828	HEALTH
15210	2022-10-16 21:08:42.474107	EthyleneOxide
15211	2022-10-16 21:09:15.713858	VaccinePropaganda
15212	2022-10-16 21:10:08.273919	StepDownBiden
15213	2022-10-16 21:11:45.173866	cbrnetaskforce
15214	2022-10-16 21:13:46.137742	bs
15215	2022-10-16 21:14:15.225779	StateFarm
15217	2022-10-16 21:17:31.135373	JournalistDetained
15218	2022-10-16 21:17:48.675542	BitChute
15219	2022-10-16 21:18:26.337317	ILoveMelania
15221	2022-10-16 21:20:25.171316	CovidEarlyHomeTreatment
18589	2022-10-23 18:03:50.393951	DemocratPrivilege
18590	2022-10-23 18:04:43.289744	WAKEUPPEOPLE
18591	2022-10-23 18:07:31.889741	JamesCome
18592	2022-10-23 18:19:36.902042	Jenpsaki
18596	2022-10-23 18:41:39.618	MAGAtheSenate
18597	2022-10-23 18:55:38.502307	FraudEviscerates2020
18598	2022-10-23 18:55:39.12999	FraudEvisceratesEverything
18599	2022-10-23 18:55:41.467325	CourtEvisceratesElection
18600	2022-10-23 18:59:30.056719	ATrueFirstLady
18601	2022-10-23 19:06:18.466047	BodBlessAmerica
18602	2022-10-23 19:07:46.033917	EuroDemocracy
18603	2022-10-23 19:07:46.830041	RussiaSanctions
18604	2022-10-23 19:07:48.031937	NazisThenNazisNow
18605	2022-10-23 19:07:48.474257	DeathBySanctions
18606	2022-10-23 19:07:48.97757	RussiaDerangementSyndrome
18607	2022-10-23 19:23:45.910048	BidenHypocrisy
18608	2022-10-23 19:32:37.218802	WallStreetOwnsCongress
18609	2022-10-23 19:36:54.062476	6thamendment
18610	2022-10-23 19:55:24.805929	economics101
18611	2022-10-23 20:05:47.754556	MaxwellDidntKillHerself
18612	2022-10-23 20:19:28.986435	Treasury
18613	2022-10-23 20:20:51.266487	InsideJob
18614	2022-10-23 20:24:12.198259	WictorWisdom
18615	2022-10-23 20:26:20.58229	MassiveCorruption
18616	2022-10-23 20:26:21.279866	StopTheInsanity
18617	2022-10-23 20:46:24.178729	TrumpSocial
18618	2022-10-23 20:51:02.118791	FRAUCI
18619	2022-10-23 20:51:04.299159	chinajoe
18620	2022-10-23 20:55:36.800177	atheist
18621	2022-10-23 20:55:37.362905	dnc
18622	2022-10-23 20:55:38.221792	rnc
18623	2022-10-23 21:50:33.51514	powerbacktothepeople
18624	2022-10-23 22:04:13.210054	LANDSLIDE
18625	2022-10-23 22:43:30.721012	MichiganMatters
18626	2022-10-23 22:43:31.161203	MichiganPolitics
18627	2022-10-23 22:43:31.586829	MichiganNews
18628	2022-10-23 22:54:46.313512	MeddlingKids
18629	2022-10-23 22:55:12.271604	BensonsDirtyDeeds
18630	2022-10-23 23:18:58.966104	WinningBigly
18631	2022-10-24 00:40:59.264285	ByeWhitmer
18632	2022-10-24 00:41:00.005034	Roadside
18635	2022-10-24 00:45:42.20935	NationalVoterRegistrationDay
18636	2022-10-24 01:26:56.029126	MichiganSOS
18637	2022-10-24 01:26:56.752842	Michiganelections
18638	2022-10-24 01:26:57.172395	MakeMichiganGreatAgain
18639	2022-10-24 01:44:35.964347	NoWords
18640	2022-10-24 01:44:41.948722	NoWordsNecessary
18642	2022-10-24 02:10:14.213337	Saved
18643	2022-10-24 02:10:14.840972	BillsGospelTrain
18644	2022-10-24 02:10:15.264912	GospelTrain
18646	2022-10-24 02:17:54.54564	LetNovakPlay
18647	2022-10-24 02:17:55.313082	NovakDjokovic
18648	2022-10-24 02:17:55.876988	Djokovic
18649	2022-10-24 02:17:56.392788	usopen2022
18652	2022-10-24 02:21:49.522241	JoeBidenIsACovidFactory
18653	2022-10-24 02:21:50.016841	JoeBidenIsASuperSpreader
18654	2022-10-24 03:06:48.158962	MICHIGANDERS
18655	2022-10-24 03:27:00.226974	pollworkers
18656	2022-10-24 03:28:43.995597	Lincoln
18657	2022-10-24 03:28:46.194134	fed
18658	2022-10-24 03:36:40.489683	Nessel
18659	2022-10-24 03:57:21.271613	DETROIT
18660	2022-10-24 03:59:09.134336	USBorderControl
18661	2022-10-24 03:59:09.894357	SecureBorders
18662	2022-10-24 04:16:24.966674	KarmaIsABitch
18663	2022-10-24 04:45:58.444929	DemocratParty
18664	2022-10-24 05:13:25.260299	LoserLiz
18665	2022-10-24 05:18:33.234938	Denmark
18666	2022-10-24 05:20:48.218541	Pedofilo
18667	2022-10-24 05:20:48.957176	Liers
18668	2022-10-24 05:20:50.216584	Humantrafficking
18669	2022-10-24 05:20:51.653335	HereIsTheEvidence
18670	2022-10-24 05:20:52.153654	EveryLegalVote
18671	2022-10-24 05:26:38.544453	Hipocrisy
18672	2022-10-24 05:31:57.827426	Illegals
18673	2022-10-24 05:31:58.380844	BorderState
18674	2022-10-24 05:49:58.177359	FAM822
18675	2022-10-24 05:55:21.898109	FACTCHECKERS
18676	2022-10-24 05:55:22.390043	DIVERT
18677	2022-10-24 05:55:22.850639	NARRATIVE
18678	2022-10-24 05:55:23.366502	LIES
18679	2022-10-24 05:55:23.84956	SOCIALMEDIA
18681	2022-10-24 06:10:28.445908	GoodRiddance
18682	2022-10-24 06:23:31.155132	ForeignAid
18685	2022-10-24 06:24:56.256709	USA1
18686	2022-10-24 06:29:08.955846	VoteHarrietHaberman
18687	2022-10-24 06:29:09.551061	DUMPLizCheney
18688	2022-10-24 06:43:07.70971	ColinKap
18689	2022-10-24 06:43:08.47826	ColinKaepernick
18690	2022-10-24 06:43:08.953527	Hypocrite
18691	2022-10-24 06:47:07.653528	MI
18692	2022-10-24 06:47:08.457479	Law
18694	2022-10-24 06:52:50.795229	EffTheLeft
18695	2022-10-24 07:17:00.96784	410landslide
18696	2022-10-24 07:36:27.617365	Classy
18697	2022-10-24 07:36:28.033394	Gorgeous
18698	2022-10-24 07:36:54.524946	ranchers
18699	2022-10-24 07:36:55.383272	bailout
18700	2022-10-24 07:36:55.898948	pursuit
18701	2022-10-24 07:38:52.337367	wheresfauci
18702	2022-10-24 07:38:53.10941	Audit2020
18703	2022-10-24 08:11:25.521076	rondesantis2024
18704	2022-10-24 08:14:07.297407	Impeach44
18705	2022-10-24 08:24:14.21333	2021LateSpring
18706	2022-10-24 08:24:43.529207	THE
18707	2022-10-24 08:27:55.937211	underwatercables
18708	2022-10-24 08:28:45.917223	VOTEWITHYOURGUT
18709	2022-10-24 08:29:48.093835	therevolutionwontbetelevised
18710	2022-10-24 08:31:10.762113	NakedPicturesOfTrump
18711	2022-10-24 08:38:32.085107	paperballotshandcounted
18712	2022-10-24 08:39:42.10107	kraken
18713	2022-10-24 08:41:57.349047	SlavesNoMore
18714	2022-10-24 08:41:58.162916	NoMoreTaxes
18715	2022-10-24 08:41:59.269892	TaxpayerFunded
18716	2022-10-24 08:41:59.808507	StopBeingSheep
18717	2022-10-24 08:43:14.105663	PlumIsland
18718	2022-10-24 08:48:44.91295	greatconvos
18719	2022-10-24 08:53:41.616975	OhIoRally
18720	2022-10-24 08:55:48.337034	marasforohio
18721	2022-10-24 08:59:06.541612	THEMOREYOUKNOW
18722	2022-10-24 08:59:28.685949	TheWarWillBeWonWithPens
18723	2022-10-24 09:01:51.700314	PowerForMeButNotforThee
18724	2022-10-24 09:09:32.713169	IMPEACH44
18725	2022-10-24 09:14:16.277014	FreeJulian
18726	2022-10-24 09:14:35.379245	rememberyouroath
18727	2022-10-24 09:15:52.461977	WRAYOFLIGHT
18728	2022-10-24 09:19:23.060565	pacifierbiden
18729	2022-10-24 09:19:40.38502	merican
18730	2022-10-24 09:21:32.876686	Endorsement
15216	2022-10-16 21:15:16.281601	ithinknot
15220	2022-10-16 21:18:27.797884	militarymandate
15222	2022-10-16 21:21:17.292996	Nonprofit
15226	2022-10-16 21:23:32.454649	JamesBaker
15229	2022-10-16 21:25:19.375995	YumaCounty
15233	2022-10-16 21:31:27.069963	MookDidNotKillHimself
15239	2022-10-16 21:34:59.349546	MariaBaritoromo
15240	2022-10-16 21:35:01.06702	COVIDdeath
15249	2022-10-16 21:39:07.625015	DisInformationGovernanceBoard
15251	2022-10-16 21:41:44.910131	CORRUPTJUDGES
15252	2022-10-16 21:42:23.614114	unmaskourchildren
18633	2022-10-24 00:41:00.461008	BigG
18634	2022-10-24 00:41:00.890345	ToiletHumor
18641	2022-10-24 01:44:42.708583	NoWordsNeeded
18645	2022-10-24 02:16:28.028908	kevincostner
18650	2022-10-24 02:17:56.924832	usopen
18651	2022-10-24 02:20:11.191055	GodWillWin
18680	2022-10-24 05:55:27.289197	Smiley4Washington
18683	2022-10-24 06:23:31.674205	militaryaid
18684	2022-10-24 06:23:32.46352	liningtheirpockets
18693	2022-10-24 06:52:48.962014	LibBS
18731	2022-10-24 09:28:34.7688	snippet
18747	2022-10-24 10:12:59.436845	Raid44
20680	2022-11-04 06:47:36.435542	Dick_Lets_Start_A_War_Somewhere_Chney
20681	2022-11-04 06:48:02.684802	Anthony_Angel_Of_Death_Fauci
20682	2022-11-04 06:48:03.157876	Anthony_Josef_Mengele_Fauci
20683	2022-11-04 06:49:05.140867	Mar_A_Lago_Raid
20687	2022-11-04 06:54:31.3089	boycottfoxnews
20690	2022-11-04 07:00:23.701215	Cant_Beat_Trump_Indict_Him
20691	2022-11-04 07:00:59.573377	2A_Palladium_Of_Liberties
20692	2022-11-04 07:01:00.178508	2A_Unalienable_Right
20693	2022-11-04 07:01:00.666094	2A_We_Will_NOT_Be_Disarmed
20694	2022-11-04 07:06:25.008072	ESG_Extreme_Suicidal_Gullibility
20695	2022-11-04 07:09:01.412354	John_Waco_Whitewash_Danforth
20696	2022-11-04 07:09:02.909679	RINO_Led_Election_Fraud
20697	2022-11-04 07:09:47.883873	Mark_I_Is_Woke_Milley
20698	2022-11-04 07:14:14.660856	QueMala_Harris
20699	2022-11-04 07:21:05.397446	Fake_Indictment
20700	2022-11-04 07:21:45.973045	Invalid_Criminal_Indictment
20701	2022-11-04 07:22:36.420817	Anthony_I_Want_Royalties_Fauci
20702	2022-11-04 07:23:07.977106	Money_Pox
20703	2022-11-04 07:23:35.042604	Election_Skullduggery
20704	2022-11-04 07:25:59.324697	Obama_Hellcare
20705	2022-11-04 07:26:33.460683	Illegitimate_Demented_woke_Resident
20706	2022-11-04 07:26:55.916848	Uvalde_CISD
20707	2022-11-04 07:31:00.505726	Ukraine_Proxy_War
20708	2022-11-04 07:33:54.733766	RESIDENT
20709	2022-11-04 07:33:59.157062	trumpdidnotconcede
20710	2022-11-04 07:34:53.860929	J6_Committee_Star_Chamber
20711	2022-11-04 07:37:00.208736	pelosicrimefamily
20712	2022-11-04 07:38:06.260711	januaryFIX
20713	2022-11-04 07:38:06.752623	January6thUnselectCommittee
20714	2022-11-04 07:45:31.980911	boycottfox
20715	2022-11-04 07:45:32.401231	boycottnewsmax
20716	2022-11-04 07:45:32.828815	coup2020
20717	2022-11-04 07:45:33.28194	freedcpoliticalprisioners
20718	2022-11-04 07:45:34.43017	weshallrise
20719	2022-11-04 07:45:34.964978	statecapitalprotest
20720	2022-11-04 07:45:54.048743	Puppet_Zelenskyy
20721	2022-11-04 07:53:44.776814	Viktoria_Fuck_The_EU_Nuland
20722	2022-11-04 07:55:12.98092	Wartime_Resident
20723	2022-11-04 07:55:26.151351	Warmonger_Neocrazy_War_Profiteer_Axis
20724	2022-11-04 07:55:26.812773	UKranians
20725	2022-11-04 07:55:45.729229	Lithuania
20726	2022-11-04 07:58:46.70512	Da_Swamp
20727	2022-11-04 08:00:13.141139	donjr
20728	2022-11-04 08:01:03.949645	Capitol_Punishment
20729	2022-11-04 08:07:11.977118	the_Swamp
20730	2022-11-04 08:10:05.264772	July_4_Insurrectionists
20731	2022-11-04 08:10:54.046488	Civil_Disarmament
20732	2022-11-04 08:13:09.492671	J6_Committe_Star_Chamber
20733	2022-11-04 08:15:46.900867	Harriet_Hageman
20734	2022-11-04 08:16:12.258718	Biowarfare_Lab
20735	2022-11-04 08:16:32.872784	Pearson_Sharp
20736	2022-11-04 08:20:17.560689	Ethnic_Russians
20737	2022-11-04 08:22:50.551515	proxy_war
20738	2022-11-04 08:24:56.916892	Children_are_Property_Of_The_State
20739	2022-11-04 08:25:06.092933	Educational_Octopus
20740	2022-11-04 08:29:55.70494	ministry_of_truth
20741	2022-11-04 08:35:53.617598	Ministry_of_Truth
20742	2022-11-04 08:35:54.451222	US_The_Gulag_Archipelago
20743	2022-11-04 08:36:33.977497	Warmonger_Neocrazy_Axis
20744	2022-11-04 08:36:34.81503	Nuclear_War
20745	2022-11-04 08:36:54.532947	President_in_Exile
20746	2022-11-04 08:42:07.345607	SCAM_Demic
20747	2022-11-04 08:42:07.877538	covid19_Hoax
20748	2022-11-04 08:48:22.9253	dcpoliticalprisioners
20749	2022-11-04 08:52:39.424729	RINOS_PRO_GUN_CONTROL
20750	2022-11-04 08:52:45.832995	J6_Committee_A_Tangled_Web
20751	2022-11-04 08:54:10.180931	J6_Committee_Farce
20752	2022-11-04 08:54:35.520816	J6_Committee_NothingBurger
20753	2022-11-04 08:56:28.880816	J6_Committee_Sponsored_by_The_Ministry_Of_Truth
20754	2022-11-04 08:57:13.507164	J6_Political_Persecution
20755	2022-11-04 08:57:13.981143	J6_Twelfth_Amendment_Hearing
20756	2022-11-04 08:57:14.417997	J6_Conversion_Therapy
20757	2022-11-04 08:57:36.596808	2A_is_a_SupremacyClause
20758	2022-11-04 08:57:37.109877	2A_Civil_Disarmament
20759	2022-11-04 08:59:23.30921	DisabledVeteran
20760	2022-11-04 08:59:42.567241	uvaldeshooting
20761	2022-11-04 09:00:49.680727	Joe_Da_Pedophile_Brandonskyy
20762	2022-11-04 09:02:50.304648	Fake_News
20763	2022-11-04 09:04:17.909064	Fabricated_Evidence
20764	2022-11-04 09:05:18.741594	Jury_Nullification
20765	2022-11-04 09:06:22.416718	2A_Shall_Not_Be_Infringed
20766	2022-11-04 09:09:14.777094	J6_Election_Integrity_Protestors
20767	2022-11-04 09:10:47.53696	warmongers
20768	2022-11-04 09:10:48.061028	neocrazies
20769	2022-11-04 09:10:48.812715	Right_Of_Suffrage
20770	2022-11-04 09:10:49.384741	J6_Capitol_Punishment
20771	2022-11-04 09:12:28.089016	Electoral_College
20772	2022-11-04 09:13:59.228906	Viktor_Yanukovych
20776	2022-11-04 09:15:32.002329	armtrainedteachers
20778	2022-11-04 09:20:31.965084	statecapitalprotes
20779	2022-11-04 09:20:32.669705	nofbientrapment
20780	2022-11-04 09:21:13.741332	boycotfox
20781	2022-11-04 09:22:14.03367	AbominationMonth
20782	2022-11-04 09:22:25.917211	trumpdidnotconced
20783	2022-11-04 09:25:25.504709	covid19_Jab
20785	2022-11-04 09:26:55.235057	truthserker
20786	2022-11-04 09:28:41.573878	Sudden_Adult_Death_Syndrome
20787	2022-11-04 09:28:42.260746	AutoImmune_Blstering_Disease
20788	2022-11-04 09:30:04.725344	Uvalde_Massacre
15223	2022-10-16 21:21:19.643509	CD
15224	2022-10-16 21:21:22.827855	DemocraticPlaybook
15225	2022-10-16 21:21:23.556804	shutdown
18732	2022-10-24 09:38:02.092821	RememberYourOath
18733	2022-10-24 09:41:29.048913	umptoo
18734	2022-10-24 09:42:17.369239	AboveTheLaw
18735	2022-10-24 09:47:02.145227	PrayForJulianAssange
18736	2022-10-24 09:49:19.395741	undisclosed
18737	2022-10-24 09:49:47.773085	Assangeathon
18738	2022-10-24 09:49:48.221297	SaveAssange
18739	2022-10-24 09:56:18.88488	ToReProofs
18740	2022-10-24 09:57:38.398467	WeGotYouPOTUS
18741	2022-10-24 10:02:42.562503	SchiftingGears
18742	2022-10-24 10:02:43.608935	Isabella
18743	2022-10-24 10:04:53.417086	KeepGoing
18744	2022-10-24 10:04:54.580942	DontStop
18745	2022-10-24 10:10:15.70528	defundthefederalgovernment
18746	2022-10-24 10:10:59.425008	WrayOfLight
18748	2022-10-24 10:13:26.089817	letsgooooo
18749	2022-10-24 10:15:33.46872	WeKnew
18750	2022-10-24 10:15:34.52429	Ready
18751	2022-10-24 10:21:12.672878	itoldyouso
18752	2022-10-24 10:23:54.474445	Entheos
18753	2022-10-24 10:23:55.2606	Maras
18754	2022-10-24 10:26:27.604534	WizardOfOz
18755	2022-10-24 10:26:44.880734	MIGOP
18756	2022-10-24 10:26:45.74079	JeremyBrown
18757	2022-10-24 10:27:58.010868	TyrantTalk
18758	2022-10-24 10:29:29.28472	JackieWalorskiforCongress
18759	2022-10-24 10:29:29.831138	Indian
18760	2022-10-24 10:34:31.816522	TIKTOKBANNINGREALTALK
18761	2022-10-24 10:36:13.192963	Gophasgottogo
18762	2022-10-24 10:39:01.14862	GOPMUSTGO
18763	2022-10-24 10:39:35.764705	PeopleLikeMeDontExist
18764	2022-10-24 10:39:58.943846	CloneLivesMatter
18765	2022-10-24 10:48:24.704453	RonwatkinsAZ
18766	2022-10-24 10:48:42.388463	WatkinsAZ
18767	2022-10-24 10:50:18.980593	seeYounextfriday
18768	2022-10-24 10:50:19.59654	slingready
18769	2022-10-24 10:51:01.977392	YouThoughtYouKnewEverything
18770	2022-10-24 10:51:02.788872	plottwists
18771	2022-10-24 11:02:44.705867	MICHIGANGOVERNOR
18772	2022-10-24 11:06:02.228345	shitforbrains
18773	2022-10-24 11:18:50.1239	deceased
18774	2022-10-24 11:19:24.305109	Woopwoopdatthesoundofthepolice
18775	2022-10-24 11:20:29.062238	ReadyTheSlingshot
18777	2022-10-24 11:23:26.592835	illfixit
18778	2022-10-24 11:28:25.940689	pondering
18779	2022-10-24 11:29:41.668448	internetwinner
18780	2022-10-24 11:31:52.682651	IC
18781	2022-10-24 11:34:28.00959	WatchWhoYouFollow
18782	2022-10-24 11:40:32.364557	dropdead
18783	2022-10-24 11:40:42.196631	GloryToGod
18784	2022-10-24 11:42:03.15652	LookItUp
18785	2022-10-24 11:42:48.572254	getwellcatturd
18787	2022-10-24 11:45:37.423966	catmemes
18788	2022-10-24 11:45:46.200054	catlife
18789	2022-10-24 11:46:30.33348	ThrowbackSaturday
18790	2022-10-24 11:57:57.843141	SelfPreservation
18791	2022-10-24 12:00:21.336417	WokeMafia
18792	2022-10-24 12:06:37.84879	NotARally
18793	2022-10-24 12:06:38.307987	StayIn
18794	2022-10-24 12:06:38.782216	Jan6Release
18795	2022-10-24 12:06:39.865823	Revote
18796	2022-10-24 12:06:40.434929	PeacefulMaypole
18797	2022-10-24 12:15:34.325224	SOSMaras
18798	2022-10-24 12:24:19.257967	DevilsBreath
18799	2022-10-24 12:25:39.086025	ouroboros
18800	2022-10-24 12:33:26.065119	LetsFixThis
18801	2022-10-24 12:34:17.137613	ItsAFix
18802	2022-10-24 12:35:19.387871	IWasRight
18803	2022-10-24 12:43:53.0053	recompense
18804	2022-10-24 13:02:47.834949	barr
18805	2022-10-24 13:18:17.665949	HuntersHuntingHunter
18806	2022-10-24 13:22:43.815411	iwasright
18807	2022-10-24 13:28:12.837393	OperationHappyBirthday
18808	2022-10-24 13:28:13.365922	RootsOfLiberty
18809	2022-10-24 13:29:23.057295	lonestar
18810	2022-10-24 13:30:29.895692	rootsofliberty
18811	2022-10-24 13:30:30.661455	operationhappybirthday
18812	2022-10-24 13:30:31.17784	operationbrokenanthem
18813	2022-10-24 13:42:31.465522	Fakeahontas
18814	2022-10-24 13:46:37.281184	Protect2AatALLCOSTS
18815	2022-10-24 14:09:32.708543	MarasForOhioSOS
18816	2022-10-24 14:22:19.68469	J6shennanigans
18817	2022-10-24 14:32:07.005579	StickerBrigade
18818	2022-10-24 14:32:07.540904	AUnitedAmericaIsAnUnstoppableAmerica
18819	2022-10-24 15:06:49.469145	nationalparks
18820	2022-10-24 15:13:44.824852	Truth00022
18821	2022-10-24 15:41:25.669253	wearestongertogether
18827	2022-10-24 15:58:10.493319	RABBITHOLE
18832	2022-10-24 17:10:42.964808	bosstrain
18833	2022-10-24 17:19:56.024658	MoneyLandering
18834	2022-10-24 17:19:57.113919	PRISONFORCONGRESS
18835	2022-10-24 18:09:25.889133	RayEppsFed
18836	2022-10-24 20:15:25.664783	VolusiaCounty
18837	2022-10-24 20:41:21.833005	k
18838	2022-10-24 22:38:05.640986	fbifrauds
18839	2022-10-24 22:43:49.873606	CrackHeadHunter
18840	2022-10-24 22:43:50.989538	civalwarcoming
18841	2022-10-24 23:15:49.622912	WereNotGonnaTakeItAnymore
18842	2022-10-24 23:21:30.25831	Ballots
18843	2022-10-24 23:38:13.805485	whoreos
18844	2022-10-25 00:36:35.608988	LadyPatriot
18845	2022-10-25 00:36:36.41336	Dontgiveupyourguns
18847	2022-10-25 00:37:49.144898	SATANLOSES
18848	2022-10-25 01:28:56.24127	CluelessNancyPelosi
18849	2022-10-25 06:47:56.485034	DD214
18850	2022-10-25 07:14:46.547911	pix996
18851	2022-10-25 08:05:35.064023	spin
18852	2022-10-25 08:31:36.392044	TrumpIsRightAgain
18853	2022-10-25 08:47:07.248619	WeveGotACountryToSave
18854	2022-10-25 08:57:27.899909	WARS
18855	2022-10-25 09:11:25.240301	FREEMINDED
18856	2022-10-25 13:33:00.731697	payattention
18857	2022-10-25 15:21:23.829676	MegaMAGA
18858	2022-10-25 16:10:17.845027	WhiteRacistLiberals
18859	2022-10-25 16:22:32.38443	Teuth
18860	2022-10-25 17:12:32.196688	DestroyingAmerica
18861	2022-10-25 17:38:45.080361	DontTrustGOP
18862	2022-10-25 17:38:46.543026	donttrustfbi
18863	2022-10-25 18:03:20.576812	HairsprayHitler
18864	2022-10-25 18:12:05.760893	GASenDebate
18865	2022-10-25 18:30:25.929108	FridayVibes
18866	2022-10-25 19:47:38.477743	PeacePresident
18867	2022-10-25 20:21:36.52954	BidenOilCrisis
18868	2022-10-25 20:33:27.613766	vaccineDamage
18869	2022-10-25 21:13:19.553824	AmericaIsNotRascist
18870	2022-10-25 21:38:35.020816	N9vMaga
18871	2022-10-25 22:59:16.250872	americawillbegreatagain
18872	2022-10-25 22:59:16.766397	joinmetoday
18873	2022-10-25 23:09:23.36657	VetsBeforeIllegals
18874	2022-10-25 23:40:27.271149	ControlByFear
15227	2022-10-16 21:23:33.634837	PeterStrzok
15230	2022-10-16 21:25:34.741544	NSBA
15236	2022-10-16 21:32:07.374388	Hollyweird
15237	2022-10-16 21:32:08.110994	Politicians
15238	2022-10-16 21:32:08.448393	Elite
18776	2022-10-24 11:21:02.5033	readytheslingshot
18786	2022-10-24 11:45:08.400083	onewaymasking
18822	2022-10-24 15:41:26.206088	findtheothers
18828	2022-10-24 16:02:27.797322	FinancialTreason
18829	2022-10-24 16:18:17.801123	SMDH
18830	2022-10-24 16:18:18.272984	ROTFLBrandon
18831	2022-10-24 16:29:34.142526	Nuremberg2point0
18846	2022-10-25 00:36:36.897602	donttrustgovernment
18875	2022-10-25 23:40:47.390408	realworld
18892	2022-10-26 00:05:02.006695	OLLTRUTH
18908	2022-10-26 00:24:52.772991	inspiring
20773	2022-11-04 09:14:16.297506	ministry_of_truth_Bot
20774	2022-11-04 09:14:41.15878	LGBFJB_Community
20775	2022-11-04 09:15:10.088694	Joe_Brandonskyy
20777	2022-11-04 09:15:37.196971	Thou_Will_Not_Pack_SCOTUS
20784	2022-11-04 09:26:52.785296	2A_Abolish_Gun_Free_Zones
20789	2022-11-04 09:30:30.001872	Fake_New_Media
20790	2022-11-04 09:30:45.768646	Coup_d_Etat
20791	2022-11-04 09:32:32.832899	Ministry_Of_Truth
20792	2022-11-04 09:34:49.581535	Chuck_The_Pedo_Schumer
20793	2022-11-04 09:34:50.12613	Teflon_Don_Schumer
20795	2022-11-04 09:36:09.034201	Impeach
20799	2022-11-04 09:38:44.448955	pedohunter
20800	2022-11-04 09:38:45.632709	pope
20801	2022-11-04 09:38:47.136876	Sovereigncity
20802	2022-11-04 09:38:47.846177	humantrafficing
20814	2022-11-04 09:49:17.229068	Crushed
20816	2022-11-04 09:51:26.430367	arrested
20818	2022-11-04 09:54:03.671994	Lets_Get_Brandon_To_Quit
20819	2022-11-04 10:01:09.873058	Government_Schools
20820	2022-11-04 10:01:22.220734	Global_Government
15228	2022-10-16 21:25:19.031459	YumaCountySheriffsOffice
15231	2022-10-16 21:28:58.5703	MassFormationPsychosis
15232	2022-10-16 21:28:58.887291	Maskholes
15234	2022-10-16 21:31:52.620421	JudicalWatch
15235	2022-10-16 21:31:52.966006	LeftWingRadicals
15241	2022-10-16 21:35:41.867274	Taxpayers
15242	2022-10-16 21:37:14.642092	ClownsinAmerica
15243	2022-10-16 21:37:15.799233	DomesticTerrorismOffices
15244	2022-10-16 21:37:16.175078	LunaticLeft
15245	2022-10-16 21:37:27.121606	shutdowns
15246	2022-10-16 21:37:41.161509	defenseproductionact
15247	2022-10-16 21:38:22.007046	SNP500
15248	2022-10-16 21:38:53.398723	ninajankowicz
15250	2022-10-16 21:39:35.787137	justicethomas
15253	2022-10-16 21:43:43.607167	deal
15254	2022-10-16 21:44:06.357481	kidshealth
15255	2022-10-16 21:44:06.839098	Consent
15256	2022-10-16 21:44:18.420793	FEC
15257	2022-10-16 21:45:20.443778	impeachbidenharris
15258	2022-10-16 21:46:25.59223	aclu
15259	2022-10-16 21:46:31.249226	DCboundillegals
15260	2022-10-16 21:46:34.625727	illegalstodc
15261	2022-10-16 21:46:35.138544	Ducey
15262	2022-10-16 21:46:42.211661	senatornumbers
15263	2022-10-16 21:52:16.789687	rothchilds
15264	2022-10-16 21:52:17.28187	worldbank
15265	2022-10-16 21:52:40.937775	healthcaretreaty
15266	2022-10-16 21:53:34.81066	belikeMarkPittman
15267	2022-10-16 21:55:20.383089	dems4don
15268	2022-10-16 21:56:11.645873	dropbox
15269	2022-10-16 21:57:05.817488	TRUMPISM
15270	2022-10-16 21:57:15.977294	LarryMcDonald
15271	2022-10-16 21:58:10.970347	Hungary
15272	2022-10-16 21:58:36.329963	Electionfraud
15273	2022-10-16 21:59:23.790044	filibuster
15274	2022-10-16 22:00:05.934795	Crack
15275	2022-10-16 22:00:08.554034	drugtrafficking
15276	2022-10-16 22:00:10.883191	KellyAnneConway
15277	2022-10-16 22:00:56.718624	heathcaretreaty
15278	2022-10-16 22:02:08.629826	jackdorsey
15279	2022-10-16 22:02:27.478223	burythebluebird
15280	2022-10-16 22:05:33.008868	flu
15281	2022-10-16 22:06:59.023908	TheCabal
15282	2022-10-16 22:07:27.604003	liberalterrorists
15283	2022-10-16 22:07:39.114466	boycottGoFundMe
15284	2022-10-16 22:07:39.944467	givesendgo
15285	2022-10-16 22:08:00.320155	covefefe
15286	2022-10-16 22:08:47.806031	kidsrule
15287	2022-10-16 22:08:49.451183	cryingliberals
15288	2022-10-16 22:09:20.562959	MothersDayChallenge
15289	2022-10-16 22:10:26.539975	KidsHepatitis
15290	2022-10-16 22:13:30.519031	soverignty
15291	2022-10-16 22:14:26.019662	GeorgiaElection
15292	2022-10-16 22:14:56.622331	ProtocolKills
15293	2022-10-16 22:14:57.030913	MedicalMurder
15294	2022-10-16 22:14:57.391226	Remdesivirkills
15295	2022-10-16 22:15:31.29342	ResistAllMandates
15296	2022-10-16 22:15:38.298697	deepatate
15297	2022-10-16 22:15:45.610997	SCOTUSleak
15298	2022-10-16 22:15:45.930574	PhizerDump
15299	2022-10-16 22:16:03.55323	DoItElon
15300	2022-10-16 22:18:23.349417	parenting
15301	2022-10-16 22:18:26.643907	MikePomeo
15302	2022-10-16 22:19:21.848422	electionintegritymatters
15303	2022-10-16 22:20:42.010148	CabalinAction
15304	2022-10-16 22:20:46.602389	militaryawakening
15305	2022-10-16 22:21:24.835605	TrumpCandidates
15306	2022-10-16 22:21:26.436794	trustheplan
15307	2022-10-16 22:22:47.490786	monsterFauci
15308	2022-10-16 22:24:08.859846	DestroyTheNWO
15309	2022-10-16 22:24:34.969577	killingfields
15310	2022-10-16 22:24:43.931613	FedRateHike
15311	2022-10-16 22:24:45.416407	secondamendmentrights
15312	2022-10-16 22:24:47.456422	risk
15313	2022-10-16 22:24:47.765615	findsolutions
15314	2022-10-16 22:24:56.800218	corruptgoverment
15315	2022-10-16 22:24:57.137372	DeepStateTraitors
15316	2022-10-16 22:25:08.354912	plannedfamine
15317	2022-10-16 22:25:16.450217	fakeSecondComing
15318	2022-10-16 22:25:27.358204	jenniferruthgreen
15319	2022-10-16 22:25:27.922679	defineawoman
15320	2022-10-16 22:25:41.68606	Protestors
15321	2022-10-16 22:25:43.564132	polls
15322	2022-10-16 22:25:44.29491	Redwave
15323	2022-10-16 22:25:48.629172	sepsis
15324	2022-10-16 22:25:53.363524	BoycottAmazon
15325	2022-10-16 22:25:53.673976	abortions
15326	2022-10-16 22:26:38.64534	Vulturealert
15327	2022-10-16 22:26:48.553254	VeteranArmy
15328	2022-10-16 22:26:53.811294	Garland
15329	2022-10-16 22:27:41.957962	demsdeflect
15330	2022-10-16 22:27:42.268397	scotusleak
15331	2022-10-16 22:27:44.122885	Primaries
15332	2022-10-16 22:27:50.25307	liverfailure
15333	2022-10-16 22:27:55.562565	SilenceIsGolden
15334	2022-10-16 22:27:55.864131	SilencingTheCompetition
15335	2022-10-16 22:27:56.192274	YHM
15336	2022-10-16 22:27:57.115351	PewPew
15337	2022-10-16 22:28:00.156554	SilencingtheCompetition
15338	2022-10-16 22:28:22.068874	plandemic2022
15339	2022-10-16 22:28:22.392816	plandemic2020
15340	2022-10-16 22:28:24.048031	coupinamerica
15341	2022-10-16 22:28:41.640296	americanidol
15342	2022-10-16 22:28:42.789701	Failure
15343	2022-10-16 22:28:56.503554	TomVilsack
15344	2022-10-16 22:29:32.611613	majority
15345	2022-10-16 22:29:39.609694	projection
15346	2022-10-16 22:29:39.957083	destroyed
15347	2022-10-16 22:29:40.313199	michaeljackson
15348	2022-10-16 22:30:11.53812	BelikeIndiana
15349	2022-10-16 22:32:05.056895	trunpwon
15350	2022-10-16 22:32:30.343245	Bezos
15351	2022-10-16 22:32:38.460419	first
15352	2022-10-16 22:32:38.938002	Mamabear
15353	2022-10-16 22:33:04.486396	WEthePEOPLE
15354	2022-10-16 22:33:16.402297	BelikeDesantis
15355	2022-10-16 22:33:31.241702	clintonkilllist
15356	2022-10-16 22:33:38.50723	Childtrafficking
15357	2022-10-16 22:34:16.399315	powerofprayer
15358	2022-10-16 22:34:17.693459	holyspirit
15359	2022-10-16 22:34:18.363908	praise
15360	2022-10-16 22:34:18.769955	hediedforoursinsi
15361	2022-10-16 22:34:19.457422	letsmakejesustrend
15362	2022-10-16 22:34:39.646201	Nextdoor
15363	2022-10-16 22:35:49.965719	remdesivir
15364	2022-10-16 22:37:45.656676	vaccineseath
15365	2022-10-16 22:38:46.837495	truthvid2024
15366	2022-10-16 22:38:47.789487	bornfreediefree
15367	2022-10-16 22:38:48.321895	dtom
15368	2022-10-16 22:38:57.773627	REALJOURNALISM
15369	2022-10-16 22:39:14.621663	weaknessbreedswar
15370	2022-10-16 22:39:23.308156	illegalspeech
15371	2022-10-16 22:39:34.437961	mammabears
15372	2022-10-16 22:39:35.105717	publicschool
15373	2022-10-16 22:39:53.487412	Hydroxyloroquine
15374	2022-10-16 22:40:06.266927	thankyoutruckers
15375	2022-10-16 22:40:07.041864	AmericanTruckers
15377	2022-10-16 22:42:07.600891	JACKBREWER
15380	2022-10-16 22:43:37.21484	usaf
15381	2022-10-16 22:43:37.677779	usn
18823	2022-10-24 15:41:26.933466	england
18824	2022-10-24 15:41:27.428994	english
18825	2022-10-24 15:41:27.853062	britsarecoming
18826	2022-10-24 15:41:28.265939	wearetheresistance
18876	2022-10-25 23:41:19.538049	trollingpussy
18877	2022-10-25 23:41:24.255792	reminisce
18878	2022-10-25 23:41:31.866663	TROLL
18879	2022-10-25 23:44:57.146286	Jasmina
18880	2022-10-25 23:46:50.083744	bewellPatriot
18881	2022-10-25 23:49:23.626454	twatter
18882	2022-10-25 23:49:32.566459	TVScience
18883	2022-10-25 23:49:39.352474	FaucisFboi
18884	2022-10-25 23:50:06.162645	never
18885	2022-10-25 23:51:02.114005	BotBitch
18887	2022-10-25 23:51:21.190367	Leave
18888	2022-10-25 23:55:13.710249	BOTBitch
18890	2022-10-26 00:02:56.373302	TSThrottleLimiter
18891	2022-10-26 00:02:56.813287	JOKE
18896	2022-10-26 00:07:52.875527	HeyJoe
18897	2022-10-26 00:10:41.414445	TheTruthDestroysFakeNews
18898	2022-10-26 00:13:32.062464	trendy
18899	2022-10-26 00:15:17.026457	fedboisummer
18900	2022-10-26 00:15:26.082174	WhosRayEpps
18901	2022-10-26 00:15:59.114107	DumbWatch
18902	2022-10-26 00:18:00.426505	protranskids
18903	2022-10-26 00:19:06.402299	HeyJoeFU
18904	2022-10-26 00:21:07.846914	Conthpeeracie
18905	2022-10-26 00:21:25.086089	BringOnTheDon
18906	2022-10-26 00:22:33.958019	MuricaFirst
18907	2022-10-26 00:22:38.89019	AmericanBadAss
18909	2022-10-26 00:26:28.695948	OGs
18910	2022-10-26 00:27:05.260557	minimovement
18911	2022-10-26 00:31:29.593971	NotAlone
18912	2022-10-26 00:32:02.130234	trojanhorse
18913	2022-10-26 00:32:41.645105	brainz
18914	2022-10-26 00:34:06.566254	wokeAF
18915	2022-10-26 00:35:27.155266	notconspiracy
18916	2022-10-26 00:35:55.494342	WokaCola
18917	2022-10-26 00:37:12.504981	propagandamachine
18918	2022-10-26 00:37:35.507655	GoodOLLdayz
18919	2022-10-26 00:40:17.325016	OLTruthBrigade
18920	2022-10-26 00:40:36.282264	ChildFriendly
18921	2022-10-26 00:42:34.022234	LightMuricasFIRE
18922	2022-10-26 00:43:05.574379	EssaMon
18923	2022-10-26 00:43:45.182936	LeftistCroniesOut
18924	2022-10-26 00:43:51.446694	TheyWantYourGuns
18925	2022-10-26 00:44:32.270162	NOTaBOT
18926	2022-10-26 00:46:44.30224	CommieMart
18927	2022-10-26 00:48:54.838394	exporting
18928	2022-10-26 00:52:20.74599	SuperSoaker
18929	2022-10-26 00:52:47.862676	SADface
18930	2022-10-26 00:58:01.881974	AnHonor
18931	2022-10-26 00:59:58.5662	CashNin
18932	2022-10-26 01:00:41.942692	NailedIT
18933	2022-10-26 01:04:26.823569	HeardDat
18934	2022-10-26 01:05:10.518281	SheGotDis
18935	2022-10-26 01:05:34.662329	TEGRIDY
18936	2022-10-26 01:07:57.382897	gotyerhopesup
18937	2022-10-26 01:10:16.634817	kittaylife
18938	2022-10-26 01:12:32.530216	GreenThugs
18939	2022-10-26 01:12:39.001971	machinehearts
18940	2022-10-26 01:13:20.793667	proof
18941	2022-10-26 01:13:21.206076	straightfire
18942	2022-10-26 01:13:31.841859	psycho
18943	2022-10-26 01:16:10.558807	BetoMale
18944	2022-10-26 01:16:18.817504	truthfully
18945	2022-10-26 01:16:38.654133	madness
18946	2022-10-26 01:16:59.465615	shamefulpoliticizing
18947	2022-10-26 01:17:22.464187	dothething
18948	2022-10-26 01:17:42.345562	ShesAKaren
18949	2022-10-26 01:19:26.593592	oz
18950	2022-10-26 01:19:43.789811	retruthed
18951	2022-10-26 01:22:45.057441	surprise
18952	2022-10-26 01:22:45.557366	JW
18953	2022-10-26 01:25:06.89739	OZ
18954	2022-10-26 01:26:00.265493	Dust
18955	2022-10-26 01:26:00.701164	GoodRanchers
18956	2022-10-26 01:29:13.725492	Bigotry
18957	2022-10-26 01:30:08.90218	grotesque
18958	2022-10-26 01:31:07.113689	Deeze
18959	2022-10-26 01:32:04.281859	TF
18960	2022-10-26 01:34:11.026054	WaitingLike
18961	2022-10-26 01:37:28.60944	UpsideDown
18962	2022-10-26 01:37:35.781391	Upsidedown
18963	2022-10-26 01:39:45.930478	hating
18964	2022-10-26 01:40:11.701294	Targay
18965	2022-10-26 01:41:13.786185	FLUture
18966	2022-10-26 01:42:28.829561	gowatch
18967	2022-10-26 01:46:04.866297	shameless
18968	2022-10-26 01:46:30.905423	Machine
18969	2022-10-26 01:47:09.30193	CovidIsOver
18970	2022-10-26 01:47:43.379092	We
18971	2022-10-26 01:47:49.605175	speaker
18972	2022-10-26 01:49:06.694959	WhereDaLuv
18973	2022-10-26 01:49:19.997451	heh
18974	2022-10-26 01:50:02.765156	dipshitticus
18975	2022-10-26 01:51:26.173851	politicalbehemoth
18976	2022-10-26 01:51:35.589475	TrumpingBiden
18977	2022-10-26 01:54:43.82993	GoodOLLhumor
18978	2022-10-26 01:55:44.201029	litterbox
18979	2022-10-26 01:56:22.04906	JoeKnows
18980	2022-10-26 01:57:04.869363	Unfollowed
18981	2022-10-26 01:57:09.732323	donewithTrains
18982	2022-10-26 01:57:27.621415	PharmaCons
18983	2022-10-26 02:00:12.197135	uglycry
18984	2022-10-26 02:00:25.589135	Maskmandate
18985	2022-10-26 02:00:26.193374	lildisney
18986	2022-10-26 02:00:57.190782	PoliticalCons
18987	2022-10-26 02:01:03.249683	VIPAOC
18988	2022-10-26 02:01:03.653076	WHOLEPAYCHECK
18989	2022-10-26 02:01:21.40104	infowar
18990	2022-10-26 02:02:25.345214	TWATTER
18991	2022-10-26 02:02:31.045006	FREESpeech
18992	2022-10-26 02:02:31.565054	MuskyMusk
18993	2022-10-26 02:03:05.461178	AntiAmerican
18994	2022-10-26 02:04:15.075162	allthat
18995	2022-10-26 02:05:48.393942	LateSpringCleaning
18996	2022-10-26 02:07:52.245147	ELONS
18997	2022-10-26 02:08:27.953091	loveya
18998	2022-10-26 02:08:28.41492	dyorholmes
18999	2022-10-26 02:08:55.181185	issue
19000	2022-10-26 02:09:43.942034	treasonist
19001	2022-10-26 02:09:59.525198	goldengirls
19002	2022-10-26 02:10:34.489405	GODHELPUS
19003	2022-10-26 02:10:39.950269	TransparentCelebLife
19004	2022-10-26 02:10:40.433887	HelicopterParents
19005	2022-10-26 02:10:40.889066	OLLtruth
19006	2022-10-26 02:12:21.741258	IAN
19007	2022-10-26 02:12:22.32699	SWFL
19008	2022-10-26 02:14:46.845139	TellUHoweReallyFeel
19009	2022-10-26 02:16:27.457294	MUSKTakeover
19010	2022-10-26 02:20:16.501738	BidenEyez
19011	2022-10-26 02:20:38.670541	Brutality
19012	2022-10-26 02:21:17.353885	TRUTHER
19013	2022-10-26 02:22:03.913262	TheFugiCrew
15376	2022-10-16 22:40:14.841695	electors
15378	2022-10-16 22:43:05.133812	Tweet
15379	2022-10-16 22:43:36.156334	spaceforce
15382	2022-10-16 22:43:38.227154	ussf
15383	2022-10-16 22:43:39.148925	ifollowbackallveterans
15384	2022-10-16 22:44:20.069561	TrumpGPS
15385	2022-10-16 22:44:20.549467	Rerouting
15386	2022-10-16 22:44:20.952038	BigBeautifulRoads
15387	2022-10-16 22:44:49.136919	theCabal
15388	2022-10-16 22:46:39.241534	everythingwoke
15389	2022-10-16 22:47:24.217133	BillofRights
15390	2022-10-16 22:47:27.609536	DCshooting
15391	2022-10-16 22:47:39.902534	BOE
15392	2022-10-16 22:47:51.879998	Vaccinedeath
15393	2022-10-16 22:48:09.249403	NEVERAGAIN
15394	2022-10-16 22:48:50.396924	OskeeWowWow
15395	2022-10-16 22:48:59.794922	Georgiacorruption
15396	2022-10-16 22:49:10.853864	BelikeAbbott
15397	2022-10-16 22:49:20.174132	excessmortality
15398	2022-10-16 22:49:50.233886	AmericanFrontLineDoctors
15399	2022-10-16 22:50:05.950044	FLCCC
15400	2022-10-16 22:50:12.201849	France
15401	2022-10-16 22:51:39.461773	StrikeForce
15402	2022-10-16 22:51:53.430003	LawrenceJones
15403	2022-10-16 22:52:11.585416	RestoreTheRepublic
15404	2022-10-16 22:52:15.109442	RestoreIllinois
15405	2022-10-16 22:53:59.71835	Now
15406	2022-10-16 22:54:35.418072	DumpDuckDuckGo
15407	2022-10-16 22:54:35.879182	Gettysburg
15408	2022-10-16 22:54:36.293381	RememberTheTitans
15409	2022-10-16 22:56:12.985306	ShowUp
15410	2022-10-16 23:00:24.351899	walkinthespirit
15411	2022-10-16 23:00:48.537457	redistricting
15412	2022-10-16 23:02:34.151474	Patriotswin
15413	2022-10-16 23:05:12.745454	ChrisWallace
15414	2022-10-16 23:05:57.133871	sexualabuse
15415	2022-10-16 23:05:57.905474	diocese
15416	2022-10-16 23:07:18.860805	Voteinperson2022
15417	2022-10-16 23:07:29.634024	illegalstoDC
15418	2022-10-16 23:08:39.470438	JimJones
15419	2022-10-16 23:08:39.830896	Jonestown
15420	2022-10-16 23:08:43.504794	genocidal
15421	2022-10-16 23:08:45.066684	maniac
15422	2022-10-16 23:08:49.215068	Ripoff
15423	2022-10-16 23:13:23.392625	HHS
15424	2022-10-16 23:13:48.069117	Militarytribunal
15425	2022-10-16 23:14:12.014447	Lorilightfoot
15426	2022-10-16 23:14:18.876137	PUPPET
15427	2022-10-16 23:14:21.932494	PiersMorgan
15428	2022-10-16 23:14:26.781985	PiersMorganlied
15429	2022-10-16 23:16:02.365125	KimGardner
15430	2022-10-16 23:16:59.4929	strikeforce
15431	2022-10-16 23:20:50.24285	Cali
15432	2022-10-16 23:21:52.835578	SocialCredit
15433	2022-10-16 23:25:40.439323	academia
15434	2022-10-16 23:27:18.526317	ARMYSTRONG
15435	2022-10-16 23:27:24.827281	HillaryClintons
15436	2022-10-16 23:28:18.121219	sergeantstubby
15437	2022-10-16 23:28:18.456945	historycolored
15438	2022-10-16 23:28:48.216884	RESISTLOCKDOWNS
15439	2022-10-16 23:29:42.853983	WatchtheWater
15440	2022-10-16 23:30:24.569332	chaplin
15441	2022-10-16 23:31:01.634854	Vaccinemandates
15442	2022-10-16 23:32:12.84156	PhilipHaney
15443	2022-10-16 23:32:15.440583	whistleblower
15444	2022-10-16 23:32:24.823631	Empire_Roman
15445	2022-10-16 23:32:44.331891	Blacklives
15446	2022-10-16 23:32:44.094388	FlagDayJune14
15447	2022-10-16 23:33:07.721616	tender
15448	2022-10-16 23:33:08.18557	Twitterpanic
15449	2022-10-16 23:33:19.277147	Zuckerbucks
15450	2022-10-16 23:33:29.665376	statueofliberty
15451	2022-10-16 23:34:12.521654	ushistory
15452	2022-10-16 23:34:12.961356	tubman
15453	2022-10-16 23:34:46.481818	Ancient_Historical_Archaeology
15454	2022-10-16 23:34:47.623616	leather_shoes
15455	2022-10-16 23:34:48.065333	Viking_age
15456	2022-10-16 23:35:14.987475	boycottallairlines
15457	2022-10-16 23:36:02.830941	MidtermElections2022
15458	2022-10-16 23:37:09.893244	digitalcurrency
15459	2022-10-16 23:38:19.8316	airtraffic
15460	2022-10-16 23:38:21.133879	LookAhead
15461	2022-10-16 23:38:23.407353	StayAhead
15462	2022-10-16 23:39:48.177452	jedgarhoover
15463	2022-10-16 23:39:53.26214	libmeltdown
15464	2022-10-16 23:40:08.39385	DDayRemembrance
15465	2022-10-16 23:40:26.881968	DTO
15466	2022-10-16 23:40:57.476888	apathy
15467	2022-10-16 23:42:14.741999	BelikeIvey
15468	2022-10-16 23:42:24.473872	fauciarrested
15469	2022-10-16 23:42:29.717655	MarilynMonroe
15470	2022-10-16 23:43:03.921417	ItsRabineTime
15471	2022-10-16 23:43:06.478884	PavingTheWayToStay
15472	2022-10-16 23:43:18.237861	ClownsinAction
15473	2022-10-16 23:46:25.945016	Americanmilitary
15474	2022-10-16 23:47:05.388931	theSilentMajority
15475	2022-10-16 23:48:39.518012	LivingInAmerica
15476	2022-10-16 23:48:45.666145	KeystenSinema
15477	2022-10-16 23:49:01.557542	FixIt
15478	2022-10-16 23:49:21.696888	TeamLankford
15479	2022-10-16 23:50:12.397664	TheRighteousBrothers
15480	2022-10-16 23:50:13.391818	LostThatLovinFeelin
15481	2022-10-16 23:50:13.895891	HateItWhenSheDoesThat
15482	2022-10-16 23:51:14.782134	TrumpEndorsementsMakeRinosCry
15483	2022-10-16 23:52:12.050694	ForcedOrganHarvesting
15484	2022-10-16 23:53:02.173596	FridayMotivation
15485	2022-10-16 23:53:05.561059	TX
15486	2022-10-16 23:53:08.481599	FL
15487	2022-10-16 23:54:18.670418	VaccineSideEffects
15488	2022-10-16 23:54:44.360583	PartyOfSlavery
15489	2022-10-16 23:55:06.38882	rpof
15490	2022-10-16 23:56:13.302236	AmberHeard
15491	2022-10-16 23:56:39.765741	WeRememberTheirNames
15492	2022-10-16 23:57:15.017989	RipRayLiotta
15493	2022-10-16 23:57:46.967425	LearnTheConstitution
15494	2022-10-16 23:57:47.353703	SeeHowYourRightsHaveBeenTaken
15495	2022-10-16 23:58:24.853923	belikeDesantis
15496	2022-10-16 23:58:35.762009	TrumpSignalActivate
15497	2022-10-16 23:58:37.517567	BatSignalForTrump
15498	2022-10-16 23:58:49.341809	belikeAbbott
15499	2022-10-16 23:59:05.538192	HeroesFollowHeroes
15500	2022-10-16 23:59:07.846288	HeroesTruthTrain
15501	2022-10-17 00:00:25.418197	PASen
15502	2022-10-17 00:01:18.383923	TopChef
15503	2022-10-17 00:03:45.783316	MAGALeDon
15504	2022-10-17 00:05:09.129613	wtf
15505	2022-10-17 00:06:13.449741	Husky
15506	2022-10-17 00:08:38.910603	school
15507	2022-10-17 00:08:39.23997	schoolsystem
15508	2022-10-17 00:08:39.580269	faculty
15509	2022-10-17 00:08:40.51822	teacherunion
15510	2022-10-17 00:08:40.858152	labels
15511	2022-10-17 00:08:56.29567	WV
15512	2022-10-17 00:11:09.225654	Satan
15513	2022-10-17 00:11:09.925684	deepclean
15514	2022-10-17 00:13:58.101646	Villanova
15515	2022-10-17 00:13:59.598479	Duke
15517	2022-10-17 00:14:19.450068	parentswin
15521	2022-10-17 00:17:10.957386	pushforward
15522	2022-10-17 00:17:11.617519	warriorsrise
15523	2022-10-17 00:17:12.070059	ifnotnowwhen
15524	2022-10-17 00:17:16.82148	ibelieve
15525	2022-10-17 00:20:25.6381	facemasks
18886	2022-10-25 23:51:15.674203	dickheads
18889	2022-10-25 23:57:52.398709	EveryBSmovie
18893	2022-10-26 00:06:34.048503	sadface
18894	2022-10-26 00:06:53.319208	RainbowRoad
18895	2022-10-26 00:07:52.358927	Epps
19014	2022-10-26 02:28:49.333968	OH
19016	2022-10-26 02:30:16.472472	godbleas
19020	2022-10-26 02:37:11.118071	saluteU
20794	2022-11-04 09:36:05.580824	ilDonaldTrumpo
20796	2022-11-04 09:37:02.400813	J6_Cmte_Farce
20797	2022-11-04 09:37:02.894938	J6_12th_Amendment
20798	2022-11-04 09:38:27.380734	Schumer_Contract_Kill_Kavanaugh
20803	2022-11-04 09:39:41.36335	J6_Electoral_Justice_Protestors
20804	2022-11-04 09:43:20.9496	Political_Prisoners
20806	2022-11-04 09:45:20.656618	j6Patriots
20807	2022-11-04 09:45:21.287924	j6pows
20808	2022-11-04 09:45:21.917193	j6letthemout
20810	2022-11-04 09:47:02.061197	Joseph_R_Biggs
20811	2022-11-04 09:47:02.614113	coup_d_etat
20813	2022-11-04 09:48:55.033032	pay_back_is_a_bitch
20815	2022-11-04 09:49:30.46207	CRUSH_Them
20817	2022-11-04 09:51:26.876874	lt
20821	2022-11-04 10:03:23.193294	DineshD
20823	2022-11-04 10:11:36.449912	No_Such_Thing_As_A_Free_Lunch
20824	2022-11-04 10:14:57.901011	Joe_Brandonskyy_Tyrant
20825	2022-11-04 10:14:58.820592	Brandon_Lies_Like_A_Rug
20826	2022-11-04 10:15:43.517234	FortPelosi
20827	2022-11-04 10:18:04.744526	Usurpation_Of_Power
20828	2022-11-04 10:18:26.040658	Pete_Alvarado
20829	2022-11-04 10:18:52.457918	Uvalde_ISD
20830	2022-11-04 10:18:53.19697	Active_Shooter
20831	2022-11-04 10:18:53.816995	Monster_Of_Uvalde
20832	2022-11-04 10:24:03.049185	anti_gun
20833	2022-11-04 10:24:27.293439	Anti_Gun
20834	2022-11-04 10:24:27.689346	Dead_Ukranians_
20835	2022-11-04 10:24:28.616669	ProxyWar
20836	2022-11-04 10:24:48.673808	Defending_The_Republic_
20837	2022-11-04 10:25:11.612553	AmericanIndians
20838	2022-11-04 10:31:10.481462	unfortunately
20839	2022-11-04 10:31:11.062176	millennials
20840	2022-11-04 10:31:11.648735	safespace
20841	2022-11-04 10:31:12.169334	decided
20842	2022-11-04 10:31:12.668535	needed
20843	2022-11-04 10:31:13.712633	mention
20844	2022-11-04 10:31:14.508345	peoplespresident
20845	2022-11-04 10:31:16.944731	doit
20846	2022-11-04 10:32:37.401998	2020CoupExposed
20847	2022-11-04 10:32:45.996464	MassShooters
20848	2022-11-04 10:32:46.520985	Goverment_Schools
20849	2022-11-04 10:35:12.376555	manufactured_Gas_Shortage
20850	2022-11-04 10:35:36.76473	BidenDidThat
20851	2022-11-04 10:35:37.437819	BidenIsNotTheTruePresident
20852	2022-11-04 10:36:12.153786	UvaldeSchoolMassacre
20853	2022-11-04 10:38:49.202981	Mass_Shooters
20854	2022-11-04 10:38:50.403836	mass_shootings
20855	2022-11-04 10:41:10.387952	Pearson_Sharpe
20856	2022-11-04 10:41:16.238215	engineeredvirus
20857	2022-11-04 10:41:41.344778	Resist_The_Globalists
20858	2022-11-04 10:41:41.884517	Patriot_Resistance
20859	2022-11-04 10:42:44.764424	Homeschooled
20860	2022-11-04 10:43:48.668702	Fort_Pelosi_A_Clear_And_Present_Danger
20861	2022-11-04 10:44:27.849046	Fort_Pelosi
20862	2022-11-04 10:44:37.872746	TYRANTS
20863	2022-11-04 10:44:47.712452	We_Are_All_Alone
20864	2022-11-04 10:45:01.576437	We_Shall_Overcome
20865	2022-11-04 10:45:02.061681	We_Will_Survive
20866	2022-11-04 10:45:02.580355	WE_WILL_MAKE_AMERICA_GREAT_AGAIN
20867	2022-11-04 10:45:24.616588	USS_Liberty
20868	2022-11-04 10:45:25.491066	Governed_by_The_criminally_Insane
20869	2022-11-04 10:45:47.844404	A_Republic_IF_You_Can_Keep_It
20870	2022-11-04 10:48:18.744727	anti_Russian
20871	2022-11-04 10:48:39.763817	Ukrainuan
20872	2022-11-04 10:49:09.045681	antiglobalist
20873	2022-11-04 10:50:23.272938	ukrainians
20874	2022-11-04 10:51:31.408562	Switchblade
20875	2022-11-04 10:55:35.484718	Covid19Fraud
20876	2022-11-04 10:55:36.208808	PfizerLiedPeopleDied
20877	2022-11-04 11:02:21.356454	warmonger
20878	2022-11-04 11:02:22.207403	warprofiteering
20879	2022-11-04 11:03:31.244562	joebrandonskyy
20880	2022-11-04 11:06:59.90474	juneaualaska
20881	2022-11-04 11:07:00.780542	fishermensbend
20882	2022-11-04 11:09:32.856586	juneau
20883	2022-11-04 11:09:33.521251	nuggetfalls
20884	2022-11-04 11:09:34.125212	mendenhallglacier
20885	2022-11-04 11:09:35.420415	doodlesoftruthsocial
20886	2022-11-04 11:12:43.534911	misery
20887	2022-11-04 11:14:11.620941	governmentcontrolledmedia
20888	2022-11-04 11:14:12.617296	theseebsnetwork
20889	2022-11-04 11:15:16.529479	biowarfare
20890	2022-11-04 11:16:40.052336	Finland
20891	2022-11-04 11:16:41.977076	RegimeChange
20892	2022-11-04 11:17:41.428977	Fauciangelofdeath
20893	2022-11-04 11:17:41.871943	Faucijosefmengele
20894	2022-11-04 11:18:39.272473	AngelOfDeath
20895	2022-11-04 11:22:28.233018	Minsk
20896	2022-11-04 11:26:21.200655	electionheist
20897	2022-11-04 11:33:31.336724	CapitolHoax
20898	2022-11-04 11:33:50.156394	proxywar
20899	2022-11-04 12:14:43.528842	fraudicronvariant
20900	2022-11-04 12:14:44.148688	Garlandsucks
20901	2022-11-04 12:14:44.648601	covid19Hoax
20902	2022-11-04 12:33:43.534779	RecordHigh
20903	2022-11-04 12:37:57.884879	nordstream2
20904	2022-11-04 12:40:02.15233	Ukrane
20905	2022-11-04 12:41:08.003705	Nordstream2
20906	2022-11-04 12:52:44.676594	ElectionHeist
20908	2022-11-04 13:05:05.204486	turningpoint
20912	2022-11-04 13:42:00.601112	socialismkills
20913	2022-11-04 13:42:01.300914	diversionarytactics
20914	2022-11-04 13:48:52.242293	HypocritesandLiars
20915	2022-11-04 14:37:27.160813	BringIt
20916	2022-11-04 15:02:15.926881	DangerZone
20917	2022-11-04 15:10:57.277293	ukraineonfire
20918	2022-11-04 18:41:19.826076	gohomedepot
20919	2022-11-04 18:59:26.19426	AstroTurfing
20920	2022-11-04 19:53:11.798947	DemocratsWarAgainstAmerica
20921	2022-11-04 20:48:02.201156	Floridamedicalcard
20922	2022-11-04 22:26:01.526254	trason
20923	2022-11-04 22:43:33.881869	definewoman
20924	2022-11-05 07:49:22.152024	Invisible
20925	2022-11-05 07:54:23.652526	CrimeOfTheCentury
20926	2022-11-05 07:55:22.55396	KetanjiBrown
20927	2022-11-05 07:55:23.255262	ChildPorn
20928	2022-11-05 07:55:23.684293	DESERVE
15516	2022-10-17 00:14:07.198955	CMSmandate
15518	2022-10-17 00:15:24.681645	TMI
15519	2022-10-17 00:15:25.538906	NCAA
15520	2022-10-17 00:16:23.093545	TeachersUnion
15526	2022-10-17 00:20:55.794047	donotconform
15527	2022-10-17 00:22:12.289822	FAUCI
15528	2022-10-17 00:26:14.0659	Russiacollusion
15529	2022-10-17 00:27:16.173577	restrictions
15530	2022-10-17 00:33:04.653711	RichHiggins
15531	2022-10-17 00:35:27.24947	leakers
15532	2022-10-17 00:35:44.825551	TYRANNY
15533	2022-10-17 00:37:01.329431	TrevorMcFadden
15534	2022-10-17 00:38:19.597394	att
15535	2022-10-17 00:38:20.523301	directv
15536	2022-10-17 00:42:33.746806	bigPharma
15537	2022-10-17 00:43:21.522594	pedophellia
15538	2022-10-17 00:45:05.114678	FUQPEDOS
15539	2022-10-17 00:45:47.960261	dollar
15540	2022-10-17 00:48:15.692437	Vaccineinjury
15541	2022-10-17 00:48:55.773603	Prayerwarriors
15542	2022-10-17 00:49:52.131782	USborder
15543	2022-10-17 00:50:06.333713	justicenow
15544	2022-10-17 00:50:12.698734	NesaraGesara
15545	2022-10-17 00:50:13.365155	centralbank
15546	2022-10-17 00:50:13.854376	uscorporation
15547	2022-10-17 00:50:14.341448	RestoredRepublic
15548	2022-10-17 00:50:25.734951	indictments
15549	2022-10-17 00:50:44.142151	PANICinDC
15550	2022-10-17 00:50:57.997319	Bigpharma
15551	2022-10-17 00:51:27.249975	ftbraggdeaths
15552	2022-10-17 00:51:30.587189	hydroxychoriquine
15553	2022-10-17 00:51:33.483373	CGI
15554	2022-10-17 00:51:35.629961	femacamps
15555	2022-10-17 00:51:44.003841	GASPRICES
15556	2022-10-17 00:51:44.493216	NESARA
15557	2022-10-17 00:51:45.178049	OREGON
15558	2022-10-17 00:51:45.589263	KATEBROWNSUCKS
15559	2022-10-17 00:51:47.952512	Nesara
15560	2022-10-17 00:51:49.097789	MH8
15561	2022-10-17 00:51:54.150717	Gesara
15562	2022-10-17 00:51:56.597572	TrumpGirlOnFire
15563	2022-10-17 00:51:57.865117	TheFamiy
15564	2022-10-17 00:52:43.561304	bidenfailure
15565	2022-10-17 00:53:18.875579	stealing
15566	2022-10-17 00:53:19.381729	coruptgovt
15567	2022-10-17 00:53:31.245109	ReleaseJ6Prisoners
15568	2022-10-17 00:54:22.371891	Ifbap
15569	2022-10-17 00:54:25.320738	Bidenisadisgrace
15570	2022-10-17 00:54:32.896996	LuvRedTrain
15571	2022-10-17 00:54:51.700191	massresistance
15572	2022-10-17 00:54:58.739183	theyliedpeopledied
15573	2022-10-17 00:55:32.415656	PEPE
15574	2022-10-17 00:55:39.223295	propagandists
15575	2022-10-17 00:56:23.753087	catherineaustinfitts
15576	2022-10-17 00:57:40.857549	NewWorldorder
15577	2022-10-17 00:57:41.510587	Zelenski
15578	2022-10-17 00:59:07.405164	Ron
15579	2022-10-17 00:59:31.832829	willfarrell
15580	2022-10-17 01:00:45.296832	COVIDdeaths
15581	2022-10-17 01:00:46.15343	Cuomolied
15582	2022-10-17 01:01:14.153808	Residentbiden
15583	2022-10-17 01:01:28.795096	naomiwolf
15584	2022-10-17 01:01:37.709118	CDCfraud
15585	2022-10-17 01:01:38.264949	vaccinate
15586	2022-10-17 01:02:16.988989	GileadSciences
15587	2022-10-17 01:03:15.278399	Hillaryspied
15588	2022-10-17 01:04:36.880514	whitmerkidnapping
15589	2022-10-17 01:05:39.313519	JOEBIDEN
15590	2022-10-17 01:05:47.169654	democide
15591	2022-10-17 01:06:16.14493	awakened
15592	2022-10-17 01:06:27.077714	HillaryRClinton
15593	2022-10-17 01:06:28.97721	spyboss
15594	2022-10-17 01:06:29.509064	Trumpcampaign
15595	2022-10-17 01:06:46.369085	sovereignimmunity
15596	2022-10-17 01:07:11.538433	suicide
15597	2022-10-17 01:07:18.232532	thecabal
15598	2022-10-17 01:08:09.047398	bluestates
15599	2022-10-17 01:08:14.473083	LAparents
15600	2022-10-17 01:08:39.697414	MeanTruth
15601	2022-10-17 01:08:50.936896	dcpanic
15602	2022-10-17 01:09:21.608168	fallofthecabal
15603	2022-10-17 01:09:49.510022	Thegreatawakening
15604	2022-10-17 01:09:57.186281	BeLikeTina
15605	2022-10-17 01:10:30.791413	TexasRangers
15606	2022-10-17 01:10:31.220937	corruptdemsfall
15607	2022-10-17 01:12:13.200957	overthetarget
15608	2022-10-17 01:12:16.458091	patriotnews
15609	2022-10-17 01:12:24.050056	STOPTHEVACCINE
15610	2022-10-17 01:14:18.688885	byebyebiden
15611	2022-10-17 01:14:21.781277	noplacetohide
15612	2022-10-17 01:15:46.54491	tyrannical
15613	2022-10-17 01:17:15.293717	Foxnews
15614	2022-10-17 01:18:15.861291	CentralBank
15615	2022-10-17 01:18:21.135555	coviddeaths
15616	2022-10-17 01:18:22.176226	earlytreatmentworks
15617	2022-10-17 01:20:04.940881	disability
15618	2022-10-17 01:20:37.299667	americansfightingback
15619	2022-10-17 01:22:24.809041	boomerang
15620	2022-10-17 01:22:30.893074	BenCarson
15621	2022-10-17 01:22:43.632926	ukrainecorruption
15622	2022-10-17 01:23:38.69293	ithadtobethisway
15623	2022-10-17 01:24:01.557314	propagandainschools
15624	2022-10-17 01:24:08.681098	floridaprotest
15625	2022-10-17 01:27:25.942964	Resilience
15626	2022-10-17 01:28:59.041522	Walkaway
15627	2022-10-17 01:29:22.667618	murderbyvaccine
15628	2022-10-17 01:30:12.565397	murderers
15629	2022-10-17 01:30:42.574947	Wheresfauci
15630	2022-10-17 01:30:57.587673	Goldstarmom
15631	2022-10-17 01:33:03.972898	Freedomconvoy
15632	2022-10-17 01:37:16.874433	removetheheadofthesnake
15633	2022-10-17 02:44:22.157437	butweareconspiracytheorists
15634	2022-10-17 02:44:22.625906	msmliars
15635	2022-10-17 02:44:23.061795	thisismyshockedface
15636	2022-10-17 02:44:34.66363	makesmesmile
15637	2022-10-17 02:45:28.649999	dirtyrolls
15638	2022-10-17 02:46:14.900355	deathshot
15639	2022-10-17 02:46:19.730133	commonsenseisasuperpower
15640	2022-10-17 02:46:26.955883	DontTouch2A
15641	2022-10-17 02:47:40.018671	bigpharmacankissmyass
15642	2022-10-17 02:47:42.842795	bringit
15643	2022-10-17 02:47:43.289888	donttouchmyhat
15644	2022-10-17 02:48:18.60974	fjblgb
15645	2022-10-17 02:48:42.145842	foxisfakenews
15646	2022-10-17 02:51:34.141624	Infographic
15647	2022-10-17 02:51:42.213483	Auditeverything
15648	2022-10-17 02:51:42.609976	UStaxdollars
15649	2022-10-17 02:51:57.00144	juryofhispeers
15650	2022-10-17 02:52:18.817463	standupAmerica
15651	2022-10-17 02:53:46.993959	BLEXIT
15652	2022-10-17 02:53:47.991275	Bluelivesmatter
15653	2022-10-17 02:53:48.473692	policelivesmatter
15654	2022-10-17 02:54:25.697924	vegetables
15655	2022-10-17 04:47:25.984504	GreatReset2030
15656	2022-10-17 04:49:00.303189	DemocraticSocialists
15657	2022-10-17 04:49:01.194076	SaulAlinsky
15658	2022-10-17 04:51:12.178934	microsoftNBC
15659	2022-10-17 04:51:21.590918	MIlitary
15660	2022-10-17 04:54:37.752888	TheLEFT
15661	2022-10-17 04:54:38.437825	democratsdestroyamerica
15662	2022-10-17 04:55:13.758422	GenderIdentity
15663	2022-10-17 04:55:29.908447	Delaware
15664	2022-10-17 04:55:30.314281	AssaultWeapons
15665	2022-10-17 04:55:55.645541	bidenvoicemail
15666	2022-10-17 04:55:56.991706	gitmostaffedandready
15667	2022-10-17 04:56:59.146352	81millionvotes
15668	2022-10-17 04:56:59.566497	Embarrassment
15669	2022-10-17 04:58:52.061333	UnalienableRights
15670	2022-10-17 04:58:53.260606	FoundingFathers
15671	2022-10-17 04:59:07.822649	goodmorningtruth
15672	2022-10-17 04:59:52.60079	RBG
15673	2022-10-17 04:59:59.533097	LatinosForTrump
15674	2022-10-17 05:00:36.45019	equity
15675	2022-10-17 05:00:37.149062	collectivism
15676	2022-10-17 05:00:43.181135	debtslaves
15677	2022-10-17 05:00:44.341101	Vax
15678	2022-10-17 05:01:06.900979	VoteRINOsOut2022
15679	2022-10-17 05:01:07.353138	VoteMaga2022
15680	2022-10-17 05:01:32.19207	IdentityPolitics
15681	2022-10-17 05:01:32.959641	RaceWar
15682	2022-10-17 05:01:33.456188	ClassWar
15683	2022-10-17 05:02:37.40972	FedEpps
15684	2022-10-17 05:02:49.701625	shifty
15685	2022-10-17 05:02:58.254321	NYSRPAvNewYork
15686	2022-10-17 05:03:38.001328	blindersoff
15687	2022-10-17 05:05:24.629457	taxesaretheft
15688	2022-10-17 05:05:34.813962	limitedgovernment
15689	2022-10-17 05:05:59.405373	JAILforJOE
15690	2022-10-17 05:06:00.111633	QuidProQuoJoe
15691	2022-10-17 05:06:59.258	StakeholderCapitalism
15692	2022-10-17 05:06:59.934002	CronyCapitalism
15693	2022-10-17 05:07:00.747187	shareholdercapitalism
15694	2022-10-17 05:07:09.402377	iamthescience
15695	2022-10-17 05:07:14.384969	stupidtsunami
15696	2022-10-17 05:07:22.289345	TheyHateYou
15697	2022-10-17 05:07:33.368988	Jordanpeterson
15698	2022-10-17 05:07:34.367407	toxicmasculinity
15699	2022-10-17 05:07:53.641346	Navarro
15700	2022-10-17 05:08:30.166873	Govspending
15701	2022-10-17 05:08:44.611185	ThoughtPolice
15702	2022-10-17 05:09:19.015644	endgunfreezones
15703	2022-10-17 05:09:24.085613	MsmIsTheEnemyOfThePeople
15704	2022-10-17 05:10:09.001644	FiatCurrency
15705	2022-10-17 05:10:09.705123	GOLD
15706	2022-10-17 05:10:12.138684	lie
15707	2022-10-17 05:10:16.117629	latinosfortrump
15708	2022-10-17 05:10:16.608892	elpaso
15709	2022-10-17 05:11:40.773309	brainwashing
15710	2022-10-17 05:11:59.974979	Alinsky
15711	2022-10-17 05:12:02.920858	WaterSupply
15712	2022-10-17 05:12:20.642538	Socialist
15713	2022-10-17 05:12:24.754387	Socialists
15714	2022-10-17 05:12:55.826144	DividerInChief
15715	2022-10-17 05:12:56.646971	DIVIDEDWEFALL
15716	2022-10-17 05:12:59.310227	NHL
15717	2022-10-17 05:13:00.145899	LebronJames
15718	2022-10-17 05:13:00.578105	weakmencreatehardtimes
15719	2022-10-17 05:13:05.214148	Fastandfurious
15720	2022-10-17 05:13:06.712909	Sheeple
15721	2022-10-17 05:13:19.024849	HappyMemorialDayWeekend
15722	2022-10-17 05:13:41.170795	KariLakeForArizona
15723	2022-10-17 05:14:06.068397	Libturd
15724	2022-10-17 05:14:31.461073	Bidensucks
15725	2022-10-17 05:16:02.948935	findahill
15726	2022-10-17 05:16:25.318305	NeoNazi
15727	2022-10-17 05:16:26.323458	SorosBoys
15728	2022-10-17 05:16:26.741212	UkroNazis
15729	2022-10-17 05:16:27.846947	UkraineNazis
15730	2022-10-17 05:16:28.421548	DenazifyUkraine
15731	2022-10-17 05:16:28.882149	UkrainianWarCrimes
15732	2022-10-17 05:16:29.322409	UkraineFakes
15733	2022-10-17 05:16:36.720588	blessyourheart
15734	2022-10-17 07:39:56.262092	Distractions
15735	2022-10-17 07:39:58.106356	ThisWasAllPlanned
15736	2022-10-17 07:40:20.13541	YoudBeInJail
15737	2022-10-17 07:40:58.906827	Business
15738	2022-10-17 07:40:59.354367	Campaign
15739	2022-10-17 07:40:59.8582	HaffnersOil
15745	2022-10-17 07:41:03.970161	AmericaForMom
15746	2022-10-17 07:41:04.382093	ForthofJuly
15747	2022-10-17 07:41:05.714653	4thofJuly2022
15750	2022-10-17 07:44:07.658364	PTSDAwareness
15751	2022-10-17 07:44:13.41029	USDireDistress
15752	2022-10-17 07:44:37.111605	Absolute
15753	2022-10-17 07:46:28.390336	Our
15757	2022-10-17 07:46:31.138962	Tomorrow
15758	2022-10-17 07:46:31.612223	Another
15763	2022-10-17 07:46:50.043527	LoudounCounty
15764	2022-10-17 07:49:26.499116	Sept11
15767	2022-10-17 07:54:24.93006	Portland
15768	2022-10-17 07:54:25.365937	Oregon
15769	2022-10-17 07:55:28.756945	TinaForteforCongress
15772	2022-10-17 08:02:39.655544	RapeyJoe
15778	2022-10-17 08:03:34.83385	mythoughts
15779	2022-10-17 08:03:35.242925	uncensored
15781	2022-10-17 08:03:36.217895	cencal
15782	2022-10-17 08:03:36.6582	jan6show
15783	2022-10-17 08:03:37.121912	fakehate
15784	2022-10-17 08:03:50.713652	School
15785	2022-10-17 08:03:52.80889	MRM
19015	2022-10-26 02:29:25.993722	BrysonGray
19019	2022-10-26 02:36:44.689985	1stcomment
20805	2022-11-04 09:43:28.352651	witch
20809	2022-11-04 09:45:41.64514	Scavino
20812	2022-11-04 09:47:16.645004	greatresist
20822	2022-11-04 10:09:42.975544	UvaldeMassacre
20907	2022-11-04 12:52:45.192711	domesticterrorism
20909	2022-11-04 13:20:04.352599	IllinoisParents
20910	2022-11-04 13:32:52.412903	Burismaoil
20911	2022-11-04 13:33:47.842389	butcher
20929	2022-11-05 08:25:26.333264	TCSWC
15740	2022-10-17 07:41:00.434883	AcadiaInsurance
15741	2022-10-17 07:41:00.898455	WRBerkley
15742	2022-10-17 07:41:01.387073	Enpro
15743	2022-10-17 07:41:01.904132	AmbroseEnvironmental
15744	2022-10-17 07:41:02.378887	PierceAtwood
15748	2022-10-17 07:41:54.354329	GodfreyBloom
15749	2022-10-17 07:41:54.77669	centralbanking
15754	2022-10-17 07:46:29.243826	Wanting
15755	2022-10-17 07:46:29.778694	Back
15756	2022-10-17 07:46:30.211102	Prayfor45
15759	2022-10-17 07:46:32.071796	Day
15760	2022-10-17 07:46:32.574314	Ask
15761	2022-10-17 07:46:33.320342	Receive
15762	2022-10-17 07:46:33.814132	Miracles
15765	2022-10-17 07:50:59.186165	BurnTheBots
15766	2022-10-17 07:53:45.0546	BrennanisToast
15770	2022-10-17 07:56:13.616808	WuhanLab
15771	2022-10-17 08:00:41.196519	PsakiBomb
15773	2022-10-17 08:03:22.962342	deprogram
15774	2022-10-17 08:03:32.808303	drag
15775	2022-10-17 08:03:33.160852	kidsanddrag
15776	2022-10-17 08:03:33.643313	exposingpedodrag
15777	2022-10-17 08:03:34.113953	sickpeople
15780	2022-10-17 08:03:35.697938	visalia
15786	2022-10-17 08:04:40.482218	LIFE
15787	2022-10-17 08:06:08.863784	EzraCohenWatnik
15788	2022-10-17 08:06:46.234872	RobertMaloneNews
15789	2022-10-17 08:09:11.293885	x22report
15790	2022-10-17 08:19:41.470233	makeAmerica
15791	2022-10-17 08:20:01.855313	Fix2020orbust
15792	2022-10-17 08:22:17.942194	exposeilluminati
15793	2022-10-17 08:31:45.233771	January6thInsurrection
15794	2022-10-17 08:32:54.207066	FJBLGB
15795	2022-10-17 08:40:12.046616	ForHumanity
15796	2022-10-17 08:42:44.522071	CocaineMitch
15797	2022-10-17 08:47:59.441937	4ofJuly
15798	2022-10-17 08:52:09.345636	dempanic
15799	2022-10-17 08:53:49.03336	DonaldRumsfield
15800	2022-10-17 08:54:29.333592	peoplearegood
15801	2022-10-17 08:55:33.037886	okaynowwhat
15802	2022-10-17 08:56:03.777576	NationalDivorce
15803	2022-10-17 08:56:10.429645	TIME
15804	2022-10-17 09:05:13.321736	OnwardCristianSoldiers
15805	2022-10-17 09:05:16.249908	Good
15806	2022-10-17 09:10:58.541407	FascistFauci
15807	2022-10-17 09:16:02.977942	Potato
15808	2022-10-17 09:16:03.470674	Scumbags
15809	2022-10-17 09:16:04.690393	WeWillWin
15810	2022-10-17 09:16:05.12768	KeepChargingMidnightRiders
15811	2022-10-17 09:17:22.201882	femboy
15812	2022-10-17 09:17:24.765734	makeamericastraightagain
15813	2022-10-17 09:17:25.189879	masa
15814	2022-10-17 09:17:25.577791	MakeMenAlphaAgain
15815	2022-10-17 09:17:25.969833	makemenmenagain
15816	2022-10-17 09:20:18.74567	goodbyeyellowbrickroad
15817	2022-10-17 09:20:19.18606	EltonJohn
15818	2022-10-17 09:20:19.589518	September23
15819	2022-10-17 09:25:30.850419	FLbudget
15820	2022-10-17 09:25:47.766406	DigitalWarriorsForTrump
15821	2022-10-17 09:25:48.529991	DigitalWarriors
15822	2022-10-17 09:25:48.970448	digitalwarrior
15823	2022-10-17 09:26:34.745543	oilfield
15824	2022-10-17 09:27:30.229888	chicken
15825	2022-10-17 09:33:44.451067	GodBlessMikeLindell
15826	2022-10-17 09:34:06.547959	SomeGaveAll
15827	2022-10-17 09:34:34.145262	RememberAndHonor
15828	2022-10-17 09:45:20.081154	fields
15829	2022-10-17 09:49:39.506185	Wildfire
15830	2022-10-17 09:50:57.41742	Arizonafraud
15831	2022-10-17 10:52:09.644184	BusinessInsider
15832	2022-10-17 10:52:10.121148	CommieSmear
15833	2022-10-17 10:56:47.440709	Intelligence
15834	2022-10-17 11:01:44.69013	repealthesteal
15835	2022-10-17 11:09:35.864838	WheresJohnJohn
15836	2022-10-17 11:10:30.932919	TrumpIsStillMyPresident
15837	2022-10-17 11:11:07.92869	oilpainting
15838	2022-10-17 11:11:08.348413	loveoilpainting
15839	2022-10-17 11:11:08.820408	learningtooilpaint
15840	2022-10-17 11:11:34.477149	bidenisafakepresident
15841	2022-10-17 11:11:49.092348	2000mulesmovie
15842	2022-10-17 11:26:25.083474	SecondHarvest
15843	2022-10-17 11:28:49.031937	TrumpTrain2024
15844	2022-10-17 11:28:50.257277	LOL
15845	2022-10-17 11:30:59.402293	Arrest
15846	2022-10-17 11:31:12.536679	goebbels
15847	2022-10-17 11:31:13.352815	evilpeople
15848	2022-10-17 11:35:57.700947	UnvaccinatedChildren
15849	2022-10-17 11:38:39.092735	Tnt
15850	2022-10-17 11:41:18.653124	freespech
15851	2022-10-17 11:43:44.364958	MajorPatriot
15852	2022-10-17 11:43:44.81668	newsmax
15853	2022-10-17 11:43:45.668877	kickbacks
15854	2022-10-17 11:43:48.516767	TrumpArrest
15855	2022-10-17 11:43:48.897081	PartOfThePlan
15856	2022-10-17 11:45:15.711819	NursingHomeJoe
15857	2022-10-17 11:46:33.75238	satan
15858	2022-10-17 11:47:13.584732	FinalJeopardy
15859	2022-10-17 11:47:13.997656	LifeInsurance
15860	2022-10-17 11:49:16.676656	LibertyScore
15861	2022-10-17 11:49:17.096725	conservativeReview
15862	2022-10-17 11:51:05.328907	trumpforpresident
15863	2022-10-17 11:51:11.076805	TrumpSupporter
15864	2022-10-17 11:52:08.429951	BlessedRWe
15865	2022-10-17 11:52:13.084802	MyGodMySavior
15866	2022-10-17 11:53:00.628663	WOOOOOOOOO
15867	2022-10-17 11:53:27.532671	FAKEBOOK
15868	2022-10-17 11:54:19.116926	nancypelosicrimefamily
15869	2022-10-17 11:54:36.760527	leftwingviolence
15870	2022-10-17 11:54:37.200618	nutjob
15871	2022-10-17 11:54:37.588705	leftistsaremorons
15872	2022-10-17 11:54:38.100673	leftwingidiots
15873	2022-10-17 11:54:38.508655	leftwing
15874	2022-10-17 11:55:15.454931	supportourvets
15875	2022-10-17 11:58:06.300531	crookedpoliticians
15876	2022-10-17 11:58:06.974314	boardercrisis
15877	2022-10-17 12:04:18.457201	FreeJulianAssange
15878	2022-10-17 12:04:44.036477	17seventy6
15879	2022-10-17 12:14:45.900607	DurhamWalksAmongUs
15880	2022-10-17 12:21:23.821524	studentdebt
15881	2022-10-17 12:22:59.094079	Mastriano
15882	2022-10-17 12:22:59.816504	ElectionDay
15883	2022-10-17 12:23:00.228508	PAPrimary
15884	2022-10-17 12:26:29.852782	ScaryPoppins
15885	2022-10-17 12:28:13.408771	DOJcorruption
15886	2022-10-17 12:28:40.14895	ILoveThomas
15887	2022-10-17 12:33:22.18637	randpaulyall
15888	2022-10-17 12:33:23.444871	corruptdemocrats
15889	2022-10-17 12:35:02.120726	ThereAreNoCoincidences
15890	2022-10-17 12:36:45.22979	ManchurianPresident
15891	2022-10-17 12:36:45.613092	patriots4truth
15892	2022-10-17 12:37:15.737024	Shortage
15893	2022-10-17 12:37:18.117314	WallBuilders
15894	2022-10-17 12:39:23.181275	Somalia
15895	2022-10-17 12:41:45.65699	Circleback
15896	2022-10-17 12:44:42.620958	CHOOSELIFE
15897	2022-10-17 12:44:57.600796	accessories
19017	2022-10-26 02:31:07.925927	Musks
19018	2022-10-26 02:32:05.48574	familyfriends
19021	2022-10-26 02:38:08.737693	NailedIt
19022	2022-10-26 02:38:16.925936	dontwasteaday
19023	2022-10-26 02:38:49.693735	WhatRfrans4
19024	2022-10-26 02:42:26.42569	trollin
19025	2022-10-26 02:45:32.179077	conspiracytheorists
19026	2022-10-26 02:46:55.66201	LilBrainEnergy
19027	2022-10-26 02:47:03.197711	Regressive
19028	2022-10-26 02:48:06.887991	WokeEqualsBroke
19029	2022-10-26 02:48:31.165992	medicalclowns
19030	2022-10-26 02:48:31.565871	breathe
19031	2022-10-26 02:48:32.281864	DRAMA
19032	2022-10-26 02:48:50.545963	VirtueSignaling
19033	2022-10-26 02:51:17.325951	GoodOLLtruth
19034	2022-10-26 02:54:08.722855	Rabbit
19035	2022-10-26 02:57:13.358672	unknownsoldier
19036	2022-10-26 03:00:03.126229	MissingSanity
19037	2022-10-26 03:02:07.134343	whyTFnot
19038	2022-10-26 03:02:16.206079	doesntFITnarrative
19039	2022-10-26 03:05:26.346466	OLLhotdamn
19040	2022-10-26 03:05:54.677067	EvilPetes
19041	2022-10-26 03:09:13.807487	ErrybodyPackin
19042	2022-10-26 03:11:00.497989	TRANSitory
19043	2022-10-26 03:19:33.518384	wokedadjoke
19044	2022-10-26 03:20:39.634292	ZzzSleepyJoe
19045	2022-10-26 03:23:12.888696	FtheLeft
19046	2022-10-26 03:25:40.76187	goodOLLtruth
19047	2022-10-26 03:26:08.121161	HigherThinking
19048	2022-10-26 03:26:15.299973	FJBFKH
19049	2022-10-26 03:26:28.37262	ArrestTheClintons
19050	2022-10-26 03:28:16.045967	IO
19051	2022-10-26 03:28:16.625953	GoBucks
19052	2022-10-26 03:28:17.077918	Trump24
19053	2022-10-26 03:33:27.601827	enlightenment
19054	2022-10-26 03:33:28.975127	divinebeing
19055	2022-10-26 03:33:29.429787	truthful
19056	2022-10-26 03:33:29.851855	trustgod
19057	2022-10-26 03:33:30.641868	seektruth
19058	2022-10-26 03:33:31.096983	911wasaninsidejob
19059	2022-10-26 03:33:32.247544	neverforgotten
19060	2022-10-26 03:33:33.718811	controlleddemolition
19061	2022-10-26 03:33:34.145859	explosions
19062	2022-10-26 03:33:33.035356	GuyFieri
19063	2022-10-26 03:34:10.268081	shibarmy
19064	2022-10-26 03:37:07.738094	goodOLLhumor
19065	2022-10-26 03:37:08.218135	Olook
19066	2022-10-26 03:38:28.233902	AndHisAdmin
19067	2022-10-26 03:38:39.56283	launch
19068	2022-10-26 03:42:05.83031	couldntagreemore
19069	2022-10-26 03:43:29.642151	JimmyKommy
19070	2022-10-26 03:46:21.278088	OLL
19071	2022-10-26 03:47:38.139114	EvilPeteSpell
19072	2022-10-26 03:51:14.906059	SupportREALjournalism
19073	2022-10-26 03:51:25.729188	PreachPeach
19074	2022-10-26 03:53:46.624057	MOON
19075	2022-10-26 03:53:59.234528	OLLCRYPTO
19076	2022-10-26 03:54:37.246331	resjes
19077	2022-10-26 03:55:11.413975	Fpfizer
19078	2022-10-26 03:55:24.388745	OLLlol
19079	2022-10-26 03:56:21.28826	LilJoe
19080	2022-10-26 03:57:21.442297	impeachtraitorjoe
19081	2022-10-26 04:00:51.463912	CLOWNWORLD
19082	2022-10-26 04:01:31.639023	OLLCEO
19083	2022-10-26 04:05:56.60208	l
19084	2022-10-26 04:07:15.685246	wokeclownz
19085	2022-10-26 04:07:22.094246	Harrys
19086	2022-10-26 04:08:21.078402	coffeeday
19087	2022-10-26 04:10:19.949184	TrueCountryLegend
19088	2022-10-26 04:29:47.294042	SHitler
19089	2022-10-26 04:31:52.430515	redwhiteandblue
19090	2022-10-26 04:31:58.495363	liberalhunter
19091	2022-10-26 04:31:58.954153	germanshepards
19092	2022-10-26 04:31:59.915388	Amercanyards
19093	2022-10-26 04:35:10.458052	HerschelWalkerForSenate
19094	2022-10-26 04:36:44.63458	inmanpark
19095	2022-10-26 04:36:45.314288	blooming
19096	2022-10-26 04:55:00.174377	GreenEnergyFail
19097	2022-10-26 05:42:17.258712	WAKEUPAMERICANS
19098	2022-10-26 07:01:42.7704	newelection
19099	2022-10-26 07:22:43.565296	RosieRios
19100	2022-10-26 07:45:28.221171	embracethechaos
19101	2022-10-26 07:52:51.605853	Solana
19102	2022-10-26 07:56:30.685093	Algorand
19103	2022-10-26 07:58:43.657346	praytriotstogether
19104	2022-10-26 08:01:27.997797	fuckJoeRogan
19105	2022-10-26 08:03:31.504739	TruthWillAlwaysConquerLies
19106	2022-10-26 08:03:33.111335	Kushy
19107	2022-10-26 08:03:34.392585	DoItQ
19108	2022-10-26 08:24:17.089024	SavageAnge
19109	2022-10-26 08:25:33.837158	NewQ
19110	2022-10-26 08:39:10.061636	Baby
19111	2022-10-26 11:22:38.785911	Islam
19112	2022-10-26 13:17:50.052735	PridePox
19113	2022-10-26 15:00:22.292936	mypillowguy
19114	2022-10-26 15:00:22.750702	mikelindel
19115	2022-10-26 15:04:26.264273	MAG
19116	2022-10-26 15:15:22.349574	LateTermAbortion
19117	2022-10-26 16:08:38.268404	Standwith2a
19118	2022-10-26 16:41:12.341926	rhinosmustgo
19119	2022-10-26 16:46:05.4567	deputysheriff
19120	2022-10-26 16:48:20.561901	Sin
19121	2022-10-26 16:48:21.423889	Noah
19122	2022-10-26 16:48:27.269169	KnowYourDoctrine
19123	2022-10-26 16:48:55.151824	shooter
19124	2022-10-26 16:48:55.943941	freehelicopterrides
19125	2022-10-26 16:49:03.986349	pew
19126	2022-10-26 16:49:04.404121	goodguywithagun
19127	2022-10-26 16:54:27.643889	uvaldestrong
19128	2022-10-26 16:59:33.641021	trumpwonbidencheated
19129	2022-10-26 17:08:47.04345	Murphy
19130	2022-10-26 17:08:47.496195	ThankAVeteranTODAY
19131	2022-10-26 17:08:48.171467	militaryappreciationmonth
19132	2022-10-26 17:11:09.564492	RubyFreeman
19133	2022-10-26 17:11:10.311666	NoArrestsNoDeterrent
19134	2022-10-26 17:12:01.503493	Smartmatic
19135	2022-10-26 17:12:02.16353	SmartmaticVotingFraud
19136	2022-10-26 17:21:55.394659	carshow
19137	2022-10-26 17:21:55.913321	hotrod
19142	2022-10-26 19:14:16.372771	Jan6Comittee
19143	2022-10-26 19:32:05.183354	Openvaers
19144	2022-10-26 19:33:41.804688	ifollowback
19145	2022-10-26 20:06:39.448477	JaylandShotFirst
19146	2022-10-26 20:08:49.400277	pp0608
19147	2022-10-26 20:17:19.280081	pp0602
19148	2022-10-26 20:24:38.392227	BillClinton
19151	2022-10-26 21:49:18.200578	EndChildAbuseVoteGeoffDiehlForMAGovernor
19152	2022-10-26 23:30:47.779038	UntilTheyAllComeHome
19153	2022-10-27 00:58:51.556473	GasAGeddon
19154	2022-10-27 01:05:22.863852	Patriotvoice
19155	2022-10-27 01:13:32.830074	votingdemocrat
19156	2022-10-27 01:13:33.240256	dontunderstand
19157	2022-10-27 01:13:33.785308	Consequences
19158	2022-10-27 01:13:34.192557	ignorance
19159	2022-10-27 01:14:04.148494	DadLife365
19160	2022-10-27 01:14:04.829618	NorthTexasLiving
15898	2022-10-17 12:50:57.660872	lakeminnetonka
15899	2022-10-17 12:52:51.533029	NotSurprised
15900	2022-10-17 12:57:35.785077	DJT2024
15901	2022-10-17 13:00:39.218216	BidenisatraitortoUSA
15906	2022-10-17 13:21:43.429053	moms
15918	2022-10-17 13:34:25.473089	dumbasses
15919	2022-10-17 13:34:26.281451	memesforlaughs
19138	2022-10-26 17:21:56.691941	automotivephotography
19139	2022-10-26 17:21:57.740909	americanmuscle
19140	2022-10-26 17:26:51.935932	disgusting
19141	2022-10-26 17:26:52.46379	shameful
19149	2022-10-26 20:24:39.620223	AlanDerchowitz
19150	2022-10-26 20:24:40.148013	ChrisTucker
19161	2022-10-27 03:00:54.768934	LadyG
20930	2022-11-05 10:14:40.415878	AOChicken
20931	2022-11-05 10:14:40.825575	NY14
20932	2022-11-05 10:46:45.631618	trumpers
20933	2022-11-05 10:46:46.20212	bidophiles
20934	2022-11-05 10:49:36.937774	HadSomeWork
20935	2022-11-05 11:11:12.043969	gayhammergate
20936	2022-11-05 11:11:12.5709	LoversQuarrel
20937	2022-11-05 12:06:35.261658	Bidenbikechallenge
20938	2022-11-05 12:54:28.501324	conversations
20939	2022-11-05 12:54:30.581353	5months
20940	2022-11-05 12:54:31.051212	seismic
20941	2022-11-05 12:54:31.601877	BUT
20942	2022-11-05 12:54:32.389742	10000mules
20943	2022-11-05 13:20:25.23533	ProLifeForever
20944	2022-11-05 13:20:31.197077	Adopt
20945	2022-11-05 13:24:44.489739	BoycottElectricCars
20946	2022-11-05 14:10:18.322089	Followbacktrain
20947	2022-11-05 14:30:15.776549	hesaysyesmaam
20948	2022-11-05 14:35:01.920843	SaveTheUnborn
20949	2022-11-05 14:41:05.322188	GodIsReal
20950	2022-11-05 14:43:44.464782	MagaTrump
20951	2022-11-05 14:53:28.697105	truthtechteam
20952	2022-11-05 15:13:24.808593	pissedtxv
20953	2022-11-05 15:30:18.728378	BoycottTarget
20954	2022-11-05 15:32:33.72101	matthewperna
20955	2022-11-05 15:32:46.69787	GREENAINTSOGREEN
20956	2022-11-05 15:36:04.989592	StopTheHate
20960	2022-11-05 15:46:05.861554	taxscam
20961	2022-11-05 15:49:38.989441	Overturn
20962	2022-11-05 16:01:33.691001	truthstaff
20963	2022-11-05 16:03:07.19945	txharris
20964	2022-11-05 16:32:45.421381	katiepavlich
20965	2022-11-05 16:54:09.926428	flickofthewrist
20966	2022-11-05 16:58:44.858642	justicedenied
20967	2022-11-05 17:09:08.769841	FAFO
20968	2022-11-05 17:09:28.890062	ogconductor
20969	2022-11-05 17:13:56.002486	prayforpatriots
20970	2022-11-05 17:27:33.605715	bebrave
20971	2022-11-05 17:33:47.217941	infuriating
20972	2022-11-05 18:24:01.185276	noneya
20973	2022-11-05 18:29:18.501528	godfearing
20974	2022-11-05 18:29:25.897364	flagwaiving
20975	2022-11-05 18:31:17.933593	Itellitlikeitis
20976	2022-11-05 19:01:59.480091	zerointegrity
20977	2022-11-05 19:16:09.37848	pissed
20978	2022-11-05 19:22:04.242719	truthtrainq
20979	2022-11-05 19:27:03.506347	Pissednation
20980	2022-11-05 19:34:22.530285	GeorgeWashington
20981	2022-11-05 19:56:21.857778	plant
20982	2022-11-05 20:01:46.015502	puttininwork
20983	2022-11-05 20:03:23.497823	aintgood
20984	2022-11-05 20:05:59.287237	putuporshutup
20985	2022-11-05 20:06:21.94205	DeadManWalking
20986	2022-11-05 20:06:22.321848	UkraineWarWatch
20987	2022-11-05 20:07:01.509533	BidenFalls
20988	2022-11-05 20:08:17.289487	OGconductor
20989	2022-11-05 20:12:16.399981	PissedTxVet
20990	2022-11-05 20:13:20.746699	PISSEDNATION
20991	2022-11-05 20:15:06.788063	beentheredonethat
20992	2022-11-05 20:15:48.662842	puttinin
20993	2022-11-05 20:24:47.49143	pissedoflegion
20994	2022-11-05 20:31:13.033085	ogtruthtrain
20995	2022-11-05 20:32:41.026459	DontTreadOnMy2A
20996	2022-11-05 20:35:16.661974	PISSEDLEGION
20997	2022-11-05 20:36:38.282976	praytriot
20998	2022-11-05 20:39:41.810445	IStandWithOurTroops
20999	2022-11-05 20:42:10.509571	MatthewPerna
21000	2022-11-05 20:42:11.046238	PrayForPatriots
21001	2022-11-05 20:49:56.991075	OGconductors
21002	2022-11-05 20:55:20.832443	TrainTakeoff
21003	2022-11-05 20:55:44.523039	puttiinwork
21004	2022-11-05 21:01:24.013815	NoSexualTalkwithKids
21005	2022-11-05 21:01:24.504317	NoTransKids
21006	2022-11-05 21:13:24.594318	rigged_elections
21007	2022-11-05 21:13:25.089113	voter_fraud
21008	2022-11-05 21:13:25.630341	2020_voter_fraud
21009	2022-11-05 21:13:26.339547	2021_voter_fraud
21010	2022-11-05 21:13:26.801739	2022_voter_fraud
21011	2022-11-05 21:13:27.246135	DC_organized_crimes
21012	2022-11-05 21:19:25.645836	doingwork
21013	2022-11-05 21:26:39.721371	WokeAF
21014	2022-11-05 21:29:57.001676	customer
21015	2022-11-05 21:31:18.076464	customerservice
21016	2022-11-05 21:37:27.638031	magatrain
21017	2022-11-05 21:40:41.88403	TRUTHtuesday
21018	2022-11-05 21:48:21.493893	antifascistrevolution
21019	2022-11-05 21:48:22.898092	HellsAngels
21020	2022-11-05 21:48:23.333817	etiquette
21021	2022-11-05 22:01:38.976279	HousewivesofTruth
21022	2022-11-05 23:15:15.054376	UnitedNotDivided
21023	2022-11-05 23:15:15.516662	Qdrop
21024	2022-11-05 23:15:16.586158	WeareQ
21025	2022-11-05 23:15:17.838905	thestormiscoming
21027	2022-11-05 23:36:44.581581	MaxxedNation
21028	2022-11-06 01:50:49.72232	rumprally
21029	2022-11-06 02:22:29.637933	joinpatriots
21030	2022-11-06 06:07:23.196848	ShotDown
21031	2022-11-06 07:13:07.444274	NCSWICN
21032	2022-11-06 08:26:00.411896	KENNEDY
21033	2022-11-06 10:01:45.068384	SUPPORT
21034	2022-11-06 10:01:45.52102	TRAIN
21035	2022-11-06 10:01:46.13181	TrainRide
21036	2022-11-06 10:23:42.530347	TwitterLayoffs
21037	2022-11-06 10:40:08.032694	TheSecretIngredientIsCrime
21038	2022-11-06 10:56:14.992905	pedovorestate
21039	2022-11-06 11:06:34.936006	StriaightOuttaMalibu
21040	2022-11-06 11:07:40.048378	SaidNoOneEver
21043	2022-11-06 11:51:46.200259	warsucks
21044	2022-11-06 11:51:47.020629	fkh
21045	2022-11-06 11:51:48.498028	donthate
21046	2022-11-06 11:51:49.464237	votingisaprivilage
21047	2022-11-06 11:51:50.093744	racismisntonecolor
21048	2022-11-06 11:51:50.521263	peoplematter
21049	2022-11-06 11:51:51.298635	standuptobullies
21050	2022-11-06 12:10:27.851991	cursive
21051	2022-11-06 12:23:55.767796	ImBatman
21052	2022-11-06 12:36:35.675779	savetgebacon
21053	2022-11-06 12:36:36.131921	sfpp
21054	2022-11-06 13:17:44.227971	WHOOPIE
21055	2022-11-06 13:17:44.633095	RITTENHOUSE
21056	2022-11-06 13:18:30.016385	BIDENFAMILY
21057	2022-11-06 13:18:30.48168	RELIGIONS
15902	2022-10-17 13:14:20.594869	PelosiIsEvil
15903	2022-10-17 13:14:49.205149	DomesticTerrorists
15904	2022-10-17 13:21:42.423303	JanetYellen
15905	2022-10-17 13:21:42.95588	Phila
15907	2022-10-17 13:21:44.517038	BirthControl
15908	2022-10-17 13:21:45.013539	contraception
15909	2022-10-17 13:29:48.069492	dumbTS700caprule
15910	2022-10-17 13:29:53.90695	MemeParty
15911	2022-10-17 13:29:54.549902	memetoomovement
15912	2022-10-17 13:30:38.626265	state
15913	2022-10-17 13:32:35.481361	thoughtpolice
15914	2022-10-17 13:32:37.169369	dgb
15915	2022-10-17 13:33:05.81299	FRAUDELECTIONS2020
15916	2022-10-17 13:33:22.308894	redfriday
15917	2022-10-17 13:33:22.734743	remebereveryonedeployed
15920	2022-10-17 13:34:27.02131	memeplay
15921	2022-10-17 13:40:18.617694	OANLive
15922	2022-10-17 13:41:40.082421	fundthepolice
15923	2022-10-17 13:41:40.777257	democratshateamerica
15924	2022-10-17 13:41:41.669516	DemocratsAredestroyingUSA
15925	2022-10-17 13:44:36.618173	DJT24
15926	2022-10-17 13:48:26.363809	WEFcrooks
15927	2022-10-17 13:54:38.183134	Sussman
15928	2022-10-17 13:55:44.966281	RINOs
15929	2022-10-17 13:57:36.910089	2000Arrests
15930	2022-10-17 14:00:10.164149	PennsylvaniaPrimary
15931	2022-10-17 14:00:11.367731	LtGovernor
15932	2022-10-17 14:00:12.054672	ClariceSchillinger
15933	2022-10-17 14:11:12.084368	Amerizuela
15934	2022-10-17 14:14:10.907003	AbramGlands
15935	2022-10-17 14:16:55.775974	pickleball
15936	2022-10-17 14:17:00.184131	michellemalkin
15937	2022-10-17 14:18:53.758959	oann
15938	2022-10-17 14:22:09.462185	oanlive
15939	2022-10-17 15:04:14.282538	2000MulesGotCaught
15940	2022-10-17 15:04:15.518286	democratscheated
15941	2022-10-17 15:10:48.538563	TAXRETURNS
15942	2022-10-17 15:13:29.942815	DropBigTech
15943	2022-10-17 15:18:18.89866	OurRescue
15944	2022-10-17 15:18:19.362542	TimBallard
15945	2022-10-17 15:19:35.833692	5thGenerationWarfare
15946	2022-10-17 15:31:39.465952	Revival
15947	2022-10-17 15:51:27.373396	BiteMe
15948	2022-10-17 15:51:27.853957	ComeAndGetEm
15949	2022-10-17 16:04:15.309154	folowandshareplis
15950	2022-10-17 16:19:25.609329	Tru
15951	2022-10-17 16:27:17.669668	COMET
15952	2022-10-17 16:27:23.401466	danscavino
15953	2022-10-17 17:07:50.382129	audithawaii
15954	2022-10-17 17:07:51.406833	burntherolls
15955	2022-10-17 17:44:45.529948	Fix2020OrBust
15956	2022-10-17 17:51:21.566328	ChildHealthDay
15957	2022-10-17 18:02:24.994289	REALTruth
15958	2022-10-17 18:20:25.610042	ReturnTheDamnDiamonds
15959	2022-10-17 18:47:06.634001	oldguard
15960	2022-10-17 18:47:07.354039	USGovernment
15961	2022-10-17 18:50:16.229923	Fix2020NowOrBust
15962	2022-10-17 18:50:57.733609	name
15963	2022-10-17 19:29:11.384482	2000Mulestrailer
15964	2022-10-17 19:29:11.852524	exposecorruption
15965	2022-10-17 20:32:35.084283	Fix2020ORBUST
15966	2022-10-17 20:37:06.016462	ScrewBiden
15967	2022-10-17 20:37:06.452392	DOTD
15968	2022-10-17 20:37:18.02213	screwbiden
15969	2022-10-17 20:37:18.460671	NeverGiveUpYourGuns
15970	2022-10-17 22:52:57.801388	Goingwoke
15971	2022-10-17 23:06:49.765299	BQQQM
15972	2022-10-17 23:09:28.596437	DemocratsCheated
15973	2022-10-17 23:09:29.012717	PissedOffAmerican
15974	2022-10-17 23:09:39.98747	cps
15975	2022-10-17 23:09:40.696797	pedorings
15976	2022-10-17 23:09:41.151932	humansmuggling
15977	2022-10-17 23:09:41.636505	mothertheresachildtrafficker
15978	2022-10-17 23:09:42.076952	childtraffickermothertheresa
15979	2022-10-17 23:09:42.555408	georgiatann
15980	2022-10-17 23:10:26.306579	TRUMPTrain
15981	2022-10-17 23:10:27.945388	TheOrganikRebel
15982	2022-10-17 23:10:28.445216	OrganikRebel
15983	2022-10-17 23:10:29.040623	Organik
15984	2022-10-17 23:10:29.524601	Rebel
15985	2022-10-17 23:10:30.472598	activism
15986	2022-10-17 23:10:31.834132	plantsoverpills
15987	2022-10-17 23:10:32.524648	thruther
15988	2022-10-17 23:12:20.881004	positivevibes
15989	2022-10-17 23:12:21.304717	Reels
15990	2022-10-17 23:13:09.120783	TeamLight
15991	2022-10-17 23:13:12.149775	FiveDAndAbove
15992	2022-10-17 23:13:12.638912	GalacticUpdates
15993	2022-10-17 23:13:13.159168	EvolvingConsciousness
15994	2022-10-17 23:13:13.594107	TheTruthShallSetYouFree
15995	2022-10-17 23:15:32.040831	thataintnowoman
15996	2022-10-17 23:15:47.789481	RemoveTheCyclicalAbuse
15997	2022-10-17 23:15:48.938001	RemoveTheCulturalAgenda
15998	2022-10-17 23:15:49.440875	RemoveTheEndocrineDisruptors
15999	2022-10-17 23:15:59.528591	StrangerThings
16000	2022-10-17 23:15:59.993718	ProjectMontauk
16001	2022-10-17 23:16:00.480907	theupsidedown
16002	2022-10-17 23:16:00.944926	CERN
16003	2022-10-17 23:16:01.420779	LHC
16004	2022-10-17 23:16:02.019479	largehadroncollider
16005	2022-10-17 23:16:25.587593	StoneOfLife
16006	2022-10-17 23:17:49.436803	DeathRuledASuicide
16007	2022-10-17 23:19:06.172136	MKUltra
16008	2022-10-17 23:19:06.624795	StagedAttacks
16009	2022-10-17 23:19:07.04452	CominFoYoProtections
16010	2022-10-17 23:19:08.044901	moorheroes
16011	2022-10-17 23:19:08.536724	riseofthemoors
16012	2022-10-17 23:19:09.580246	law
16013	2022-10-17 23:19:10.951358	answers
16014	2022-10-17 23:19:11.416851	uncomfortableconversations
16015	2022-10-17 23:19:11.87241	moor
16016	2022-10-17 23:19:12.304932	moors
16017	2022-10-17 23:19:12.810231	gods
16018	2022-10-17 23:19:13.272788	allah
16019	2022-10-17 23:19:13.697967	talk
16020	2022-10-17 23:19:14.945005	unit
16021	2022-10-17 23:19:27.080579	gungrabbers
16022	2022-10-17 23:19:28.067731	woundedknee
16023	2022-10-17 23:19:28.476654	fury
16024	2022-10-17 23:19:28.938743	equalibriummovie
16025	2022-10-17 23:19:29.386511	psyops
16026	2022-10-17 23:19:29.796896	psyopwarfare
16027	2022-10-17 23:19:30.203847	lucifariancabal
16028	2022-10-17 23:19:30.685415	deepstateshenanigans
16029	2022-10-17 23:19:31.204638	falseflagoperations
16030	2022-10-17 23:19:31.605965	operationmockingbird
16031	2022-10-17 23:19:31.989361	mkultraexposed
16032	2022-10-17 23:19:32.427155	robbieparker
16033	2022-10-17 23:19:33.041278	crisisactorsexposed
16034	2022-10-17 23:19:33.684654	crisisactors
16035	2022-10-17 23:19:34.24067	orderoutofchaos
16036	2022-10-17 23:20:23.048579	uscca
16037	2022-10-17 23:20:23.729151	guneducation101
16038	2022-10-17 23:20:29.20931	STAGED
16039	2022-10-17 23:20:31.83009	DemandAnswers
16040	2022-10-17 23:20:34.055208	michaelaquino
16041	2022-10-17 23:20:34.772532	psychologicalwarfare
16043	2022-10-17 23:20:47.79738	elitechildtraffickingrings
16044	2022-10-17 23:20:48.796897	peternygard
16053	2022-10-17 23:20:53.692703	nxivmcult
16054	2022-10-17 23:20:54.632642	hotelbrothels
16055	2022-10-17 23:20:55.062097	runawaykids
16056	2022-10-17 23:20:55.452651	nancyschaefer
16069	2022-10-17 23:42:38.229599	theyknew
16070	2022-10-17 23:42:39.304195	5000missingkids
16072	2022-10-17 23:52:46.552253	employees
19162	2022-10-27 03:17:35.059049	LaunderedMONEY
19163	2022-10-27 03:48:40.034269	ALLLABSMATTER
19164	2022-10-27 03:49:11.853599	NadorWarning
19165	2022-10-27 04:30:37.852589	liberaliberals
19166	2022-10-27 04:30:40.944937	midmidterms
19167	2022-10-27 04:30:41.873477	whiteprivilege
19168	2022-10-27 04:32:38.984455	WHITE
19169	2022-10-27 04:32:39.374245	LIBTARDS
19170	2022-10-27 04:38:04.82567	livefreeordie
19171	2022-10-27 05:54:31.263367	FloridaFreedomZone
19172	2022-10-27 06:17:09.337129	StillASlave
19173	2022-10-27 06:43:23.824292	WhoKilledSethRich
19174	2022-10-27 06:48:56.116036	cleanelectionsusa
19175	2022-10-27 06:54:32.601616	ILovePuppies
19176	2022-10-27 06:59:55.92097	BidensWaronFossilfuel
19177	2022-10-27 07:01:47.449134	Gop
19178	2022-10-27 07:01:48.227366	EndZOG
19179	2022-10-27 07:01:48.759109	DaRkMAGASoooon
19180	2022-10-27 07:01:49.36134	WBS
19181	2022-10-27 07:03:28.416597	KVI570
19182	2022-10-27 07:03:28.805802	AriHoffman
19183	2022-10-27 07:03:29.371906	JohnCarlson
19184	2022-10-27 07:12:54.922032	happy4thofjulyWeekend
19185	2022-10-27 07:19:04.996911	AJPAC
19186	2022-10-27 07:19:08.149272	UmToo
19187	2022-10-27 07:31:07.98074	TheMeg
19188	2022-10-27 07:36:13.749083	HeelsUpHarris
19189	2022-10-27 07:39:25.188987	Colbert9
19190	2022-10-27 07:39:47.474976	armedcitizenssavelives
19191	2022-10-27 07:48:11.500522	IronyAlert
19192	2022-10-27 08:04:38.652695	FLASHBACKFRIDAY
19193	2022-10-27 08:04:39.477201	TROOPS
19194	2022-10-27 08:13:33.564556	AnnCoulter
19195	2022-10-27 08:34:13.531965	WokeCorporations
19196	2022-10-27 08:34:14.00495	CorporateMedia
19197	2022-10-27 08:34:14.649685	ThePeopleHaveThePower
19198	2022-10-27 08:52:44.719936	Homelessness
19199	2022-10-27 09:10:47.795611	leaker
19200	2022-10-27 09:31:26.559772	freepress
19201	2022-10-27 09:36:40.183689	GITMOFORBIDENFAMILY
19202	2022-10-27 09:46:49.147667	notmypedophile
19203	2022-10-27 09:46:50.13166	RESTORETHEREPUBLIC
19204	2022-10-27 09:54:38.984715	badguy
19205	2022-10-27 09:54:39.552308	morallybankrupt
19206	2022-10-27 09:54:40.326541	joebideniscompromised
19207	2022-10-27 09:57:26.598919	GRASSLEY
19208	2022-10-27 09:57:27.063662	JOHNSON
19209	2022-10-27 10:07:15.933643	FestivalofJoy
19210	2022-10-27 11:15:07.987776	SSFP
19211	2022-10-27 12:08:36.656408	wakeupdevin
19212	2022-10-27 12:08:37.661342	UnderTheBus
19213	2022-10-27 12:08:38.481996	TruthBullying
19214	2022-10-27 12:08:38.9168	UnfairRestrictions
19215	2022-10-27 12:25:04.871074	dropsisney
19216	2022-10-27 12:25:06.63863	droppepsico
19217	2022-10-27 13:26:42.425556	electriccars
19218	2022-10-27 13:26:43.436314	green
19219	2022-10-27 13:30:50.374669	RINOSUCKBIGDORKS
19220	2022-10-27 15:43:06.674313	Jesusphonenumber
19221	2022-10-27 19:26:59.251239	Moarwinning
19222	2022-10-27 19:26:59.669397	LoisLerner
19223	2022-10-27 19:27:00.153087	Hollypaz
19224	2022-10-27 20:06:10.78361	WorldHealthOrganization
19225	2022-10-27 20:10:23.458041	FumioKishida
19226	2022-10-27 20:15:13.697538	MarcoRubio
19227	2022-10-27 20:21:05.412355	NaziGermany
19228	2022-10-27 20:21:48.634573	drinkthekoolaid
19229	2022-10-27 20:22:49.084741	ashlibabbit
19230	2022-10-27 20:35:09.20173	dayshift
19231	2022-10-27 20:40:31.421618	BeatTheCheat
19232	2022-10-27 20:42:15.469535	GunControlWorks
19233	2022-10-27 20:43:12.805485	TheWarMachine
19234	2022-10-27 20:43:41.978283	HandCount
19235	2022-10-27 20:43:42.398339	NoMoreMachines
19236	2022-10-27 20:44:28.90957	BrainFood
19237	2022-10-27 20:44:29.513929	BreadPeople
19238	2022-10-27 20:44:30.006097	MentalSeeds
19239	2022-10-27 20:44:45.022324	NSDQ
19240	2022-10-27 20:45:05.845585	msnbcsucks
19241	2022-10-27 20:45:06.725695	arimelber
19242	2022-10-27 20:46:08.501734	WarIsAnArt
19243	2022-10-27 20:46:08.875423	PaintThePicture
19244	2022-10-27 20:53:59.855288	quietlife
19245	2022-10-27 20:54:00.653912	cloudy
19246	2022-10-27 20:54:38.813974	USAirforce
19247	2022-10-27 20:56:22.516308	MyBad
19248	2022-10-27 20:57:03.674845	TheCostIsControl
19249	2022-10-27 20:57:13.926497	Beholden
19250	2022-10-27 20:57:21.62987	BeTheChangeYouWishToSee
19251	2022-10-27 20:57:28.664126	EverythingIsConnected
19252	2022-10-27 20:57:29.141406	OurHive
19253	2022-10-27 20:57:29.565724	BeLoud
19254	2022-10-27 20:57:47.679441	ArchiveCorps
19255	2022-10-27 20:59:17.880478	BeSavage
19256	2022-10-27 20:59:44.305696	NoExcuses
19257	2022-10-27 20:59:45.073873	NewEyes
19258	2022-10-27 21:03:15.274514	subwayshooting
19259	2022-10-27 21:03:31.890192	TheMoreWeKnow
19260	2022-10-27 21:03:32.293646	WeSee
19261	2022-10-27 21:08:13.370332	Resignations
19262	2022-10-27 21:09:46.974033	Reply
19263	2022-10-27 21:09:56.299235	PopulationControl
19264	2022-10-27 21:10:06.551347	TokenSCOTUS
19265	2022-10-27 21:10:19.854645	DroppingTruth
19266	2022-10-27 21:11:23.807842	HuntersHunting
19267	2022-10-27 21:11:44.610149	HammerAndSickle
19268	2022-10-27 21:13:13.574031	TrumpRally2022
19269	2022-10-27 21:13:14.438139	FlorenceSouthCarolina
19270	2022-10-27 21:13:15.126205	LionsnotSheep
19271	2022-10-27 21:13:40.663875	CommanderOfTheChaos
19272	2022-10-27 21:15:13.514179	littlelamb
19273	2022-10-27 21:15:14.502278	thelamb
19274	2022-10-27 21:16:18.067183	Bolsheviks
19275	2022-10-27 21:17:06.674052	CenterOfItALL
19276	2022-10-27 21:17:07.44092	Dossier
19277	2022-10-27 21:18:28.262061	GITMOFORZUCK
19278	2022-10-27 21:18:40.377498	stewpeter
19279	2022-10-27 21:18:41.1089	learnworldhistory
19280	2022-10-27 21:18:43.435347	IdeologiesMatter
19281	2022-10-27 21:24:16.283818	GodsFrogs
19282	2022-10-27 21:26:06.246232	IntegrityMatters
19283	2022-10-27 21:29:20.962276	menticide
19284	2022-10-27 21:29:33.616418	OurStrom
19285	2022-10-27 21:29:34.067013	OurRevolution
16042	2022-10-17 23:20:46.440819	wewantthenames
16047	2022-10-17 23:20:50.88897	pedokevinspacey
16048	2022-10-17 23:20:51.332918	princeandrew
16057	2022-10-17 23:20:55.881599	thefranklincoverup
16058	2022-10-17 23:20:56.348832	statesponsoredchildtrafficking
16064	2022-10-17 23:24:08.668803	DrainTheSatanicSwamp
16066	2022-10-17 23:38:11.28389	WHCD2022
16073	2022-10-17 23:55:33.549518	GodsTruth
19286	2022-10-27 21:34:09.898432	ProxyWars
19290	2022-10-27 21:36:59.396843	TheSystem
19291	2022-10-27 21:36:59.862173	BreakTheAlgos
20957	2022-11-05 15:36:05.734684	GetALife
20958	2022-11-05 15:36:06.272079	ITellItLikeItIs
20959	2022-11-05 15:39:28.434498	tacticaladvantage
21026	2022-11-05 23:15:19.31012	agenda21
21041	2022-11-06 11:08:12.516269	NuffSaid
21042	2022-11-06 11:26:13.940669	Stimulus
21058	2022-11-06 13:30:42.076122	FREEJAN6PROTESTERS
16045	2022-10-17 23:20:49.288935	jeanlucbrunel
16046	2022-10-17 23:20:50.116679	nxivm
16051	2022-10-17 23:20:52.750112	clarebronfman
16052	2022-10-17 23:20:53.152689	sarabronfman
16060	2022-10-17 23:20:57.452685	wherearethegirls
16061	2022-10-17 23:20:57.986901	humansmug
16062	2022-10-17 23:23:00.416606	fair
16063	2022-10-17 23:23:00.83312	Protect
16067	2022-10-17 23:42:25.040292	breakingcycles
16068	2022-10-17 23:42:37.406971	socialmediadangers
16071	2022-10-17 23:43:47.980094	IgniteYourImmunity
19287	2022-10-27 21:34:32.062119	StormBringers
19288	2022-10-27 21:34:32.506329	MakingItRain
19289	2022-10-27 21:36:44.554746	PropagandaWars
19292	2022-10-27 21:38:50.318234	GreenTech
19293	2022-10-27 21:38:50.807418	SupplyChainsMatter
19294	2022-10-27 21:40:07.742332	SameCoin
19295	2022-10-27 21:41:44.554183	BankruptPayPal
19296	2022-10-27 21:44:29.755143	BreakingNew
19297	2022-10-27 21:44:48.046198	TheyKnowWeKnow
19298	2022-10-27 21:44:48.830393	OathsMatter
19299	2022-10-27 21:44:59.206706	BuildingAnArmy
19300	2022-10-27 21:45:50.398278	Nuremburg2
19301	2022-10-27 21:47:25.568276	OpLove
19302	2022-10-27 21:51:29.846404	MIC
19303	2022-10-27 21:51:46.931033	EnjoyingTheShow
19304	2022-10-27 21:59:12.411484	trump2022orbust
19305	2022-10-27 22:00:15.811896	WeAreTruthWarriors
19306	2022-10-27 22:01:51.177212	LetsGetReadyToBumble
19307	2022-10-27 22:02:26.48441	stormtheplace
19308	2022-10-27 22:04:23.441598	PIZZAGATEISREAL
19309	2022-10-27 22:06:21.623986	MakeItRain
19310	2022-10-27 22:06:22.359086	USMarineCorps
19311	2022-10-27 22:08:11.39892	PlansWithinPlans
19312	2022-10-27 22:14:59.614535	BringToHeel
19313	2022-10-27 22:15:33.123917	OurStorm
19314	2022-10-27 22:16:23.675175	OctoberRevolution
19315	2022-10-27 22:18:11.78663	PATCON
19316	2022-10-27 22:20:28.220291	TriviumEducation
19317	2022-10-27 22:33:14.571909	PipeHitters
19318	2022-10-27 22:38:21.498588	Fortify
19319	2022-10-27 22:42:08.610209	TransparencyMatters
19325	2022-10-27 22:46:49.766668	Memetics
19326	2022-10-27 22:49:20.906258	Smile
19327	2022-10-27 22:51:45.450005	WavesOfTerror
19328	2022-10-27 22:52:38.137918	DoIt
19329	2022-10-27 22:53:30.36488	74Million
19330	2022-10-27 23:01:34.769906	TieredJustice
19331	2022-10-27 23:06:31.417897	GaetzMatters
19332	2022-10-27 23:07:14.123766	NXVIM
19333	2022-10-27 23:07:16.109791	JohnyDepp
19334	2022-10-27 23:26:24.529936	EmbraceTheSuck
19335	2022-10-27 23:26:25.377626	WorthIt
19336	2022-10-27 23:37:56.902943	FukBillGates
19337	2022-10-27 23:40:01.234093	UnrestrictedWarfare
19338	2022-10-27 23:50:40.016729	OmniShift
19339	2022-10-27 23:55:39.01743	Agape
19340	2022-10-28 00:36:45.088397	NumbersMatter
19341	2022-10-28 00:53:49.433114	OutlawAbortion
19342	2022-10-28 00:53:50.010331	OutlawGuns
19343	2022-10-28 01:23:09.558881	LacieWootenHolway
19344	2022-10-28 01:23:10.247113	DOX
19345	2022-10-28 01:36:40.601408	10thamendment
19346	2022-10-28 01:58:47.804651	collegedebt
19347	2022-10-28 01:58:48.205209	payyourbills
19348	2022-10-28 01:58:48.901006	lykensluzeskytshirts
19349	2022-10-28 01:59:08.393224	mountainrange
19350	2022-10-28 01:59:08.849008	mountainpeaks
19351	2022-10-28 01:59:09.373877	mountainridge
19352	2022-10-28 01:59:22.321206	STANDARDPOLO
19353	2022-10-28 01:59:27.672854	POLOSHIRTS
19354	2022-10-28 01:59:28.100888	STANDARDPOLOSHIRTS
19355	2022-10-28 01:59:28.564047	POLO
19356	2022-10-28 01:59:28.968739	lykensluzeskyhats
19357	2022-10-28 01:59:47.585938	AmericanRevolution
19358	2022-10-28 02:00:15.812933	dadofaveteran
19359	2022-10-28 02:00:16.324876	USAVETERANS
19360	2022-10-28 02:00:28.925728	unitedstatesmarines
19361	2022-10-28 02:00:33.376667	usmarines
19362	2022-10-28 02:00:55.577978	marinecorp
19363	2022-10-28 02:00:56.461546	USMARINES
19364	2022-10-28 02:01:13.669194	VIETNAMWAR
19365	2022-10-28 02:01:18.721366	VIETNAMWARVETERANS
19366	2022-10-28 02:01:19.180824	VIETNAM
19367	2022-10-28 02:01:19.624799	NAM
19368	2022-10-28 02:01:20.132917	lykensluzesky
19369	2022-10-28 02:01:38.585061	UNITEDSTATES
19370	2022-10-28 02:01:58.992866	allamerican
19371	2022-10-28 02:01:59.444773	allamericangirl
19372	2022-10-28 02:03:28.593344	thegoodguyswithguns
19373	2022-10-28 02:03:49.700966	adorabledeplorable
19374	2022-10-28 02:04:20.380822	spiritof1776
19375	2022-10-28 02:08:59.859832	NOMASKMANDATES
19376	2022-10-28 02:09:00.506653	TRANSPORTATION
19377	2022-10-28 02:09:01.333903	CDCPUNISHMENT
19378	2022-10-28 02:58:27.865674	joebidensucks
19379	2022-10-28 05:22:35.543961	evening
19380	2022-10-28 07:54:08.524854	covid19vaccine
19381	2022-10-28 07:54:10.661662	MagaRepublicans
19382	2022-10-28 07:54:11.429119	marthasvinyard
19383	2022-10-28 11:23:29.617792	MAGA2022
19384	2022-10-28 11:28:39.296018	feedmefarmszombiegarden
19385	2022-10-28 11:31:18.240648	AmericaTheHerdedSheep
19386	2022-10-28 11:44:03.362175	vincentkennedy
19387	2022-10-28 11:45:27.369873	TrollMaster
19388	2022-10-28 11:46:49.57416	WWG1WGAWW
19389	2022-10-28 11:47:45.822325	DefundThePolice
19390	2022-10-28 11:47:46.266667	KeepGeorgiaRed
19391	2022-10-28 11:47:47.553866	Trump2023
19392	2022-10-28 11:52:24.050328	itsagreatday
19393	2022-10-28 11:52:46.246212	nowisthetime
19394	2022-10-28 11:53:16.59819	LifeLessons
19395	2022-10-28 11:53:17.382122	FoolMeOnce
19396	2022-10-28 11:53:18.08922	Diva
19397	2022-10-28 12:00:10.746287	BidenBorder
19398	2022-10-28 12:04:12.82977	WearetheNews
19399	2022-10-28 12:11:18.479501	backgroundcheck
19400	2022-10-28 12:17:02.348848	vanguard
19401	2022-10-28 12:17:02.861908	flyingj
19402	2022-10-28 12:17:03.358949	pilot
19403	2022-10-28 12:17:03.854327	warrenbuffett
19404	2022-10-28 13:06:56.276275	KidnappingWeek
19405	2022-10-28 13:09:15.147632	HappyJuly4th
19406	2022-10-28 13:17:17.204427	PRISONforTreason
19407	2022-10-28 17:15:20.838422	commietactics
19408	2022-10-28 19:19:47.716474	CCF
19409	2022-10-28 19:23:47.374237	ChildTraffickers
19410	2022-10-28 19:57:37.934437	ggWin
19411	2022-10-28 19:57:38.522916	gsl
19412	2022-10-28 20:00:38.141042	defeatthecheat
19413	2022-10-28 20:08:13.520483	TheLeftIsBroke
19414	2022-10-28 20:11:43.738639	StepUp
19415	2022-10-28 20:11:57.43422	FuckPolls
19416	2022-10-28 20:57:58.39684	MAGAMonth2022
19420	2022-10-28 21:27:44.969972	AMERICASTRONG
19421	2022-10-28 21:34:23.041877	FtheClotShot
16049	2022-10-17 23:20:51.81658	christucker
16050	2022-10-17 23:20:52.301205	richardbranson
16059	2022-10-17 23:20:56.813207	missingmigrantkids
16065	2022-10-17 23:28:12.990442	fjbbatam
16074	2022-10-18 00:04:45.640944	degree
16075	2022-10-18 00:04:46.048709	trades
16076	2022-10-18 00:13:15.660258	Jesussaves
16077	2022-10-18 00:13:19.68417	RESURRECTION
16078	2022-10-18 00:13:20.224166	Jesuslives
16079	2022-10-18 00:13:20.659882	Jesuslovesyou
16080	2022-10-18 00:21:43.407977	dailyprayer
16081	2022-10-18 00:21:44.428118	dailyscripture
16082	2022-10-18 00:21:46.780599	humility
16083	2022-10-18 00:21:48.588076	tomorrow
16084	2022-10-18 00:21:49.372612	Bibleverseoftheday
16085	2022-10-18 01:13:23.63609	DemocratsDestroyingAmerica
16086	2022-10-18 01:23:07.78036	USAID
16087	2022-10-18 01:41:59.972154	BeProudAndFlyYourFlag
16088	2022-10-18 01:58:09.018156	Lithium
16089	2022-10-18 03:10:09.132633	FloridaStrong
16090	2022-10-18 04:12:17.816179	BenedictBiden
16091	2022-10-18 04:14:14.526814	lizzo
16092	2022-10-18 04:14:15.062149	flute
16093	2022-10-18 04:16:11.953534	Godbewithus
16094	2022-10-18 04:23:12.757415	QueenofMemes
16095	2022-10-18 04:24:24.51352	MakeitHappen
16096	2022-10-18 04:36:43.870617	swamp
16097	2022-10-18 04:37:11.401356	GoodMorning
16098	2022-10-18 04:37:12.133135	AMAZING
16099	2022-10-18 04:39:34.673018	UltraMaGA
16100	2022-10-18 04:44:07.783293	savetheBeagles
16101	2022-10-18 04:44:09.569191	AdoptdontShop
16102	2022-10-18 04:44:10.049533	Nomorelabs
16103	2022-10-18 04:44:10.563728	NoMorefaucidogs
16104	2022-10-18 04:44:35.820877	Recompense
16105	2022-10-18 04:45:56.36113	Facebooklies
16106	2022-10-18 04:46:01.341904	FacebookLies
16107	2022-10-18 04:47:17.177211	ITALIANSFORTRUMP
16108	2022-10-18 04:47:55.246582	KEEPBRITTNEY
16109	2022-10-18 04:48:43.256125	LiberalsonVacation
16110	2022-10-18 04:51:21.107939	daebak
16111	2022-10-18 04:51:21.444406	hwaiting
16112	2022-10-18 04:54:29.027261	Reichstagfire
16113	2022-10-18 04:54:29.466466	notaInsurrection
16114	2022-10-18 04:56:44.949112	criminaljustice
16115	2022-10-18 04:58:45.62618	WHOTREATY
16116	2022-10-18 04:59:19.545798	TONYTIMPA
16117	2022-10-18 05:02:52.497033	odysseyofthemind
16118	2022-10-18 05:04:05.54596	SuperWeird
16119	2022-10-18 05:06:42.777219	PsyopTheSteal
16120	2022-10-18 05:06:44.474185	ShadowGate
16121	2022-10-18 05:09:47.711577	howtofixamerica
16122	2022-10-18 05:12:14.336897	StandUpAmerica
16123	2022-10-18 05:12:20.768959	NoOnesHomeAtTheWhiteHouse
16124	2022-10-18 05:21:06.248783	FosterCare
16125	2022-10-18 05:21:23.880584	30a
16126	2022-10-18 05:21:24.304881	statepark
16127	2022-10-18 07:06:45.597483	DankMemes
16128	2022-10-18 07:06:46.148632	OffensiveMemes
16129	2022-10-18 07:06:46.914887	Sarcasm
16130	2022-10-18 07:06:47.372609	Humor
16131	2022-10-18 07:06:47.808776	Unoffendable
16132	2022-10-18 07:06:48.23528	Uncensored
16133	2022-10-18 07:06:50.486114	1stAmmendment
16134	2022-10-18 07:13:41.628837	getvaccinated
16135	2022-10-18 07:17:58.272587	EpsteinDidNotKillHimself
16136	2022-10-18 07:28:03.117319	minnesota
16137	2022-10-18 07:28:14.533218	truthfrommamsy
16138	2022-10-18 07:36:36.353034	commie
16139	2022-10-18 09:40:21.909216	%F0%9D%90%81%F0%9D%90%9E%F0%9D%90%A5%F0%9D%90%A5%F0%9D%90%B2%F0%9D%90%85%F0%9D%90%9A%F0%9D%90%AD
16140	2022-10-18 09:40:22.313713	%F0%9D%90%82%F0%9D%90%AB%F0%9D%90%9A%F0%9D%90%AF%F0%9D%90%A2%F0%9D%90%A7%F0%9D%90%A0%F0%9D%90%AC
16141	2022-10-18 09:40:22.806364	%F0%9D%90%80%F0%9D%90%A9%F0%9D%90%A9%F0%9D%90%9E%F0%9D%90%AD%F0%9D%90%A2%F0%9D%90%AD%F0%9D%90%9E
16142	2022-10-18 09:40:23.265093	%F0%9D%90%8C%F0%9D%90%9E%F0%9D%90%AD%F0%9D%90%9A%F0%9D%90%9B%F0%9D%90%A8%F0%9D%90%A5%F0%9D%90%A2%F0%9D%90%AC%F0%9D%90%A6
16143	2022-10-18 09:40:23.724692	%F0%9D%90%84%F0%9D%90%A7%F0%9D%90%9E%F0%9D%90%AB%F0%9D%90%A0%F0%9D%90%B2
16144	2022-10-18 09:40:24.148032	%F0%9D%90%87%F0%9D%90%9E%F0%9D%90%9A%F0%9D%90%A5%F0%9D%90%AD%F0%9D%90%A1%F0%9D%90%B2
16145	2022-10-18 09:40:24.550632	%F0%9D%90%82%F0%9D%90%A1%F0%9D%90%A8%F0%9D%90%A5%F0%9D%90%9E%F0%9D%90%AC%F0%9D%90%AD%F0%9D%90%9E%F0%9D%90%AB%F0%9D%90%A8%F0%9D%90%A5
16146	2022-10-18 09:40:25.069193	%F0%9D%90%81%F0%9D%90%A8%F0%9D%90%9D%F0%9D%90%B2
16147	2022-10-18 09:40:25.597878	%F0%9D%90%AC%F0%9D%90%9A%F0%9D%90%AD%F0%9D%90%A2%F0%9D%90%9E%F0%9D%90%AD%F0%9D%90%B2
16148	2022-10-18 09:42:22.610539	loseweight
16149	2022-10-18 09:42:24.424567	weightloss
16150	2022-10-18 09:42:25.20119	weightlossjourney
16151	2022-10-18 09:42:25.718209	diet
16152	2022-10-18 09:42:26.155366	healthylifestyle
16153	2022-10-18 09:42:27.361485	weightlosstransformation
16154	2022-10-18 09:42:27.749172	fatloss
16155	2022-10-18 09:42:28.167488	losewe
16156	2022-10-18 09:42:28.846661	nutrition
16157	2022-10-18 09:42:29.285767	lifestylechange
16158	2022-10-18 09:42:29.761274	healthyfood
16159	2022-10-18 09:42:30.213644	loseweightfast
16160	2022-10-18 09:42:30.738848	getfit
16161	2022-10-18 09:42:31.15096	fitnessmotivation
16162	2022-10-18 09:42:31.977292	healthyeating
16163	2022-10-18 09:42:32.389252	transformation
16164	2022-10-18 09:42:33.170585	slimmingworld
16165	2022-10-18 09:42:33.561259	fit
16166	2022-10-18 09:42:33.993552	healthyliving
16167	2022-10-18 09:42:34.479881	eatclean
16168	2022-10-18 09:42:34.909302	detox
16169	2022-10-18 09:42:35.345516	appetite
16170	2022-10-18 09:42:35.818397	cravings
16171	2022-10-18 09:42:36.261367	healthandfitness
16172	2022-10-18 09:42:37.013187	naturalproducts
16173	2022-10-18 09:42:37.477389	askmehow
16174	2022-10-18 09:42:37.921243	cholesterol
16175	2022-10-18 09:42:38.40542	bloodsugarbalance
16176	2022-10-18 10:35:52.65766	BoycottCoke
16177	2022-10-18 10:43:47.184944	nowokecoke
16178	2022-10-18 10:53:44.861525	stopwokeculture
16179	2022-10-18 10:58:28.541244	Adoptascumbag
16180	2022-10-18 11:02:57.973066	GoDesantis
16181	2022-10-18 11:04:27.073118	WeDontCareAboutYourFeelings
16182	2022-10-18 11:04:37.278892	onenation
16183	2022-10-18 11:04:38.294022	antibiden
16184	2022-10-18 11:07:00.461131	pony
16185	2022-10-18 11:07:00.962122	makingfriends
16186	2022-10-18 11:07:01.457327	officerintraining
16187	2022-10-18 11:07:01.986952	blue
16188	2022-10-18 11:07:02.457683	socute
16189	2022-10-18 11:08:57.960956	newkittens
16190	2022-10-18 11:09:02.667625	fostering
16191	2022-10-18 11:09:03.192416	thriving
16192	2022-10-18 11:09:03.693154	helpers
16193	2022-10-18 11:09:04.170264	solittle
16194	2022-10-18 11:09:04.721235	found
16195	2022-10-18 11:09:05.19945	growingstrong
16196	2022-10-18 11:09:05.741443	wishmeluck
16201	2022-10-18 11:09:33.045113	uncles
16245	2022-10-18 11:14:09.421899	donkeyride
16246	2022-10-18 11:14:09.866184	donkeybooty
16247	2022-10-18 11:14:10.353891	babydonkey
16248	2022-10-18 11:14:10.846913	donkeylife
16249	2022-10-18 11:14:11.474609	miniaturedonkey
16250	2022-10-18 11:14:11.877314	donkeyrescue
16265	2022-10-18 11:14:44.341151	playmate
16266	2022-10-18 11:14:44.778278	friend
16267	2022-10-18 11:15:15.030345	lawenforcementofficer
16268	2022-10-18 11:15:18.220992	nypd
16269	2022-10-18 11:15:18.697366	glock
16270	2022-10-18 11:15:26.949987	taekwondo
16271	2022-10-18 11:15:27.357066	discipline
16275	2022-10-18 11:15:31.497777	positivity
16277	2022-10-18 11:15:33.357341	world
16289	2022-10-18 11:16:07.225286	puppy
16290	2022-10-18 11:16:11.236897	puppylife
16308	2022-10-18 11:16:35.03779	trumpmemes
19320	2022-10-27 22:42:33.702207	FVEYS
19321	2022-10-27 22:43:16.231277	FakeNewsMSM
19322	2022-10-27 22:46:10.146266	GabRun
19323	2022-10-27 22:46:10.57993	ComfyAF
19324	2022-10-27 22:46:29.219434	REEEEE
19417	2022-10-28 20:57:58.859889	magamonth
19419	2022-10-28 21:13:04.981359	americathebeatiful
19422	2022-10-28 21:51:56.583943	tyrannicalgoverment
19423	2022-10-28 22:01:46.331705	StopThe
19424	2022-10-28 22:11:04.605646	JoeLies
21059	2022-11-06 13:50:49.347975	fuckObama
21060	2022-11-06 13:52:21.672287	HolySpiritLivesInYou
21061	2022-11-06 13:58:24.389905	Woodstock69
21062	2022-11-06 13:58:24.90997	JimiHendrix
21063	2022-11-06 13:58:25.424784	NationalAnthem
21064	2022-11-06 14:23:12.172407	StartTheFuckingGarden
21065	2022-11-06 14:23:13.608301	harvest
21066	2022-11-06 14:23:39.667057	dutchfarmer
21067	2022-11-06 15:12:24.41251	deerdogs
21068	2022-11-06 15:12:36.972531	DeerHunting
21072	2022-11-06 16:54:16.612522	OURRIGHTSCOMEFROMGOD
21073	2022-11-06 18:50:14.780493	ULTRAMAGAMAGAKING2024
21074	2022-11-06 19:17:28.175926	WeHaveItALL
21075	2022-11-06 19:17:28.89687	WizardsAndWARLocks
21076	2022-11-06 19:17:29.536852	GrardiansOfIntelligence
21077	2022-11-06 19:35:24.169089	sweetdreams
21078	2022-11-06 19:38:37.458107	commonlaw
21079	2022-11-06 19:38:38.234115	sovereign
21080	2022-11-06 20:09:26.616729	schoolunions
21081	2022-11-06 20:14:11.189139	Dems4Don
21082	2022-11-06 20:22:13.780472	depopulate
21083	2022-11-06 20:25:38.124577	worldhealthorganization
21084	2022-11-06 20:25:39.084657	BillGatesFunded
21085	2022-11-06 23:11:45.03699	handguns
21086	2022-11-06 23:11:46.146246	LangleyOutdoorsAcademy
21087	2022-11-06 23:14:39.869065	BidenandtheWackPack
21088	2022-11-06 23:14:40.663255	BidenStoleThe2020Election
21089	2022-11-06 23:16:42.066675	StraightPride
21090	2022-11-06 23:30:48.96922	stl
21091	2022-11-06 23:31:08.964719	CONPLAN8888
21092	2022-11-06 23:31:37.349048	barry
21093	2022-11-06 23:36:45.061131	YeastInfection
21094	2022-11-06 23:40:40.389302	CatholicChurch
21095	2022-11-06 23:40:41.177468	catholicmen
21096	2022-11-06 23:40:41.625186	stmichael
21097	2022-11-07 02:57:29.837486	DragQueens
21098	2022-11-07 02:59:10.18927	patriotas
21099	2022-11-07 04:22:06.459698	GOTV
21100	2022-11-07 04:25:21.317392	gavinischeesy
21101	2022-11-07 04:26:13.163124	ruleoflaw
21102	2022-11-07 04:26:13.86388	legalscholarship
21103	2022-11-07 04:26:14.483909	conservativejurisprudence
21104	2022-11-07 04:26:15.060969	thinkcritically
21105	2022-11-07 04:26:48.419992	worstpresident
21106	2022-11-07 04:27:30.753121	gowokegetfired
21107	2022-11-07 04:27:39.792501	protectourchildern
21108	2022-11-07 04:29:26.027939	Consequencesofactions
21109	2022-11-07 04:29:37.803831	worldgonemad
21110	2022-11-07 04:31:13.295805	alohabreak
21111	2022-11-07 04:34:13.972788	bananarepublicdoj
21112	2022-11-07 04:35:42.760283	dumpdisney
21113	2022-11-07 04:39:35.013644	TOPGUN
21114	2022-11-07 04:39:35.598976	Maverick
21115	2022-11-07 04:39:36.337319	nowokehere
21116	2022-11-07 04:39:36.884011	tomcruise
21117	2022-11-07 04:48:45.049734	WIN
21118	2022-11-07 04:52:39.464031	TakeAction
21119	2022-11-07 04:52:40.649917	rufo
21120	2022-11-07 04:52:47.348636	wokecapital
21121	2022-11-07 04:52:56.449084	grooomers
21122	2022-11-07 04:52:56.906282	corporateactivism
21123	2022-11-07 04:55:00.584939	DemsCheat
21124	2022-11-07 07:46:45.008976	JamesComer
21125	2022-11-07 07:56:43.501164	neonazi
21126	2022-11-07 07:56:44.106213	crusadermemes
21127	2022-11-07 09:18:43.312178	theswamp
21128	2022-11-07 09:22:42.360856	Tradwife
21129	2022-11-07 09:22:45.5334	Christianfamily
21136	2022-11-07 09:23:32.715927	Cancelthem
21137	2022-11-07 09:23:35.797145	ads
21138	2022-11-07 09:23:36.656554	DLOT
21139	2022-11-07 09:23:37.712686	Tradwives
21140	2022-11-07 09:23:38.156716	wokejokes
21141	2022-11-07 09:23:38.693009	BuyfromPatriots
21142	2022-11-07 09:26:14.912781	xteam
21147	2022-11-07 09:28:36.850352	GABads
21149	2022-11-07 09:32:17.949213	GabAds
21150	2022-11-07 09:32:34.585102	Truthads
21151	2022-11-07 09:34:00.204117	NONWOKE
21152	2022-11-07 09:34:08.558485	ACS
21153	2022-11-07 09:34:09.403721	PAYtriots
21154	2022-11-07 09:34:10.089078	Payin
21155	2022-11-07 09:34:10.646353	SnapChange
21156	2022-11-07 09:34:11.519853	saveyourpenniesfor
21157	2022-11-07 09:34:18.789334	Fbicorruption
21158	2022-11-07 09:34:20.657109	ParallelSociety
21159	2022-11-07 09:35:21.312487	Gab
21162	2022-11-07 09:36:23.65819	FORTDETRICK
21163	2022-11-07 09:38:21.308933	Invermectinworks
21164	2022-11-07 09:40:36.32521	Stormuponus
21165	2022-11-07 09:41:44.255241	Frogforce
21166	2022-11-07 09:43:06.202887	PatriotBusiness
21167	2022-11-07 09:43:07.451625	Ads
21168	2022-11-07 09:44:23.158154	YEStoESTHER
21169	2022-11-07 09:44:26.549134	HOLYBASIL
21170	2022-11-07 09:47:43.190537	Malibu
21172	2022-11-07 09:47:58.188971	FORCE
21173	2022-11-07 09:48:37.758459	LOONEY
21174	2022-11-07 09:48:52.31092	CROOKS
21175	2022-11-07 09:48:52.736899	COWARDS
21176	2022-11-07 09:52:39.131367	ARRESTED
21177	2022-11-07 09:52:44.740928	ESPIONAGE
21178	2022-11-07 09:56:04.737388	Dlog
21179	2022-11-07 09:57:55.431083	TrumpGabbard
21187	2022-11-07 09:59:18.465862	ADS
16197	2022-10-18 11:09:23.569917	Uncles
16198	2022-10-18 11:09:25.856988	nephew
16199	2022-10-18 11:09:26.579923	growing
16200	2022-10-18 11:09:27.069144	relationships
16203	2022-10-18 11:09:37.622309	Gamecocks
16205	2022-10-18 11:09:38.036967	GamecocksFootball
16207	2022-10-18 11:09:38.589059	ShaneBeamer
16209	2022-10-18 11:09:39.057109	SpencerRattler
16211	2022-10-18 11:12:28.801113	Tuesday
16212	2022-10-18 11:12:32.396161	goodmorning
16213	2022-10-18 11:12:32.997411	bostonterrier
16214	2022-10-18 11:12:33.465294	puppyeyes
16215	2022-10-18 11:12:33.934874	puppylove
16216	2022-10-18 11:12:34.673409	haveagreatday
16217	2022-10-18 11:12:47.336939	playtime
16225	2022-10-18 11:13:41.157135	blueline
16226	2022-10-18 11:13:42.317203	endofwatch
16227	2022-10-18 11:13:42.837046	swat
16228	2022-10-18 11:13:43.265137	deputy
16229	2022-10-18 11:13:43.705071	sheepdog
16230	2022-10-18 11:13:44.113465	policecar
16231	2022-10-18 11:13:44.543452	statetrooper
16232	2022-10-18 11:13:45.019629	officer
16233	2022-10-18 11:13:45.524016	firefighter
16234	2022-10-18 11:13:45.997798	retired
16236	2022-10-18 11:14:04.669383	donkeykong
16237	2022-10-18 11:14:05.427093	donkeyoftheday
16238	2022-10-18 11:14:06.061787	donkeylove
16239	2022-10-18 11:14:06.532977	minidonkey
16240	2022-10-18 11:14:07.017006	babydonk
16241	2022-10-18 11:14:07.453652	bugaboodonkey
16242	2022-10-18 11:14:07.920991	donkeysanctuary
16243	2022-10-18 11:14:08.437183	donkeykicks
16244	2022-10-18 11:14:08.912331	chasingthedonkey
19418	2022-10-28 20:57:59.350521	july4
19425	2022-10-28 22:19:27.625444	thewall
19426	2022-10-28 22:20:54.626521	wolvesamongmen
19427	2022-10-28 22:20:55.080827	welding
19432	2022-10-28 22:23:05.020627	GROOMERS
19433	2022-10-28 22:26:50.580381	DeepStatePuppet
19434	2022-10-28 22:41:12.197306	TheMark
19435	2022-10-28 22:41:12.654022	TheImageOfTheBeast
19436	2022-10-28 22:48:49.601869	duckduckgone
19437	2022-10-28 22:51:05.986074	SeeninSF
19438	2022-10-28 22:51:59.286579	DicassoArt
19439	2022-10-28 22:52:05.652544	youdecide
19440	2022-10-28 22:53:46.446843	EveryoneKnew
19441	2022-10-28 23:02:35.818478	QuidProQuo
19442	2022-10-28 23:13:20.705623	StopElderAbuse
19443	2022-10-28 23:18:31.405388	siezetheendowments
19444	2022-10-28 23:44:04.692431	STOPELDERABUSE
19445	2022-10-28 23:46:27.22701	PervertInChief
19446	2022-10-28 23:46:28.329493	dbc
19447	2022-10-28 23:48:48.448026	letchildrenbechildren
19448	2022-10-28 23:51:02.274182	BoycottNBA
19449	2022-10-28 23:52:30.223082	stopgroomingourkids
19450	2022-10-29 00:06:57.341607	didnttellthetruth
19451	2022-10-29 00:18:56.585205	Idiot
19452	2022-10-29 00:21:12.277538	PEDOWOOD
19453	2022-10-29 00:21:12.740898	HOLLYWOOD
19454	2022-10-29 00:21:13.273966	CELEBRITIES
19455	2022-10-29 00:21:13.689621	WILLIS
19456	2022-10-29 00:25:36.158939	DCswamp
19457	2022-10-29 00:26:34.053214	reasons
19458	2022-10-29 00:31:43.52165	PelosiPushedThatChild
19459	2022-10-29 00:56:29.965707	flyaway
19460	2022-10-29 00:58:49.59151	trumpsuperstore
19461	2022-10-29 00:58:50.06803	trumpstore
19462	2022-10-29 01:42:28.588196	patriotfront
19463	2022-10-29 01:44:59.902795	Kavanagh
19464	2022-10-29 01:45:48.897441	GunControlNow
19465	2022-10-29 01:46:17.825851	TulsaHospital
19466	2022-10-29 01:46:22.839315	TulsaMassacre
19467	2022-10-29 01:46:48.381914	TedCruzChildMassacre
19468	2022-10-29 02:02:23.477766	Medicare
19469	2022-10-29 02:19:07.525637	BOOMchallenge
19470	2022-10-29 02:19:08.001351	Psalms
19471	2022-10-29 02:19:08.969573	secure
19472	2022-10-29 02:19:09.505736	Height
19473	2022-10-29 02:19:10.937502	christianwallpapers
19474	2022-10-29 02:19:11.993308	biblicalwallpapers
19475	2022-10-29 02:24:07.136718	Scotusgate
19476	2022-10-29 02:34:00.78223	TrumpWonTwice
19477	2022-10-29 03:08:21.661171	Franklin
19478	2022-10-29 03:08:22.389429	marriage
19479	2022-10-29 03:08:25.43323	screenwriter
19480	2022-10-29 03:08:25.889083	author
19481	2022-10-29 03:08:26.389094	filmmaker
19482	2022-10-29 03:08:46.61725	virtue
19483	2022-10-29 03:09:43.950156	honot
19484	2022-10-29 03:09:45.885238	Screenwriter
19485	2022-10-29 04:31:42.424185	TrueEvil
19486	2022-10-29 05:13:43.946453	TruthOverTweet
19487	2022-10-29 05:38:21.777323	MyPresident
19488	2022-10-29 05:38:23.017453	DawnKlient
19491	2022-10-29 06:37:33.576886	TRUMPMONTH
19492	2022-10-29 12:17:21.404031	idiocracy
19493	2022-10-29 16:23:35.925324	Keto
19494	2022-10-29 18:20:01.112246	10PercentForTheBigGuy
19495	2022-10-29 18:41:00.063898	AZMAGA
19496	2022-10-29 22:48:35.677471	FollowBlondies
19497	2022-10-29 23:58:35.685323	SpeakUp
19498	2022-10-30 00:31:16.459422	COVIDHoax
19499	2022-10-30 01:04:26.214525	pix1177
19500	2022-10-30 01:08:08.617694	Ghislaine
19501	2022-10-30 01:09:07.746539	GrandmomsTrain
19502	2022-10-30 01:14:15.041086	thewomanking
19503	2022-10-30 01:19:58.194598	trumpforall
19504	2022-10-30 01:20:00.289051	RtheL
19505	2022-10-30 01:20:24.47312	PedoJoeNeedsToGo
19506	2022-10-30 01:27:34.193373	SpeakerOfTheHouse
19507	2022-10-30 01:41:38.965075	USEnergyIndependence
19508	2022-10-30 01:58:42.976991	Bunny
19509	2022-10-30 02:15:33.301059	presidenttrumprightagain
19510	2022-10-30 02:22:49.838262	actsofwar
19511	2022-10-30 02:26:45.232668	shiftyschiff
19512	2022-10-30 02:32:07.642065	undothecoup
19513	2022-10-30 02:38:47.405891	CancerCuresHaveBeenHidden
19514	2022-10-30 02:40:42.06925	DeCertifyNow
19515	2022-10-30 02:40:43.157092	GiveBackTheDiamondsNow
19516	2022-10-30 03:00:28.622692	DeCertify2020Now
19517	2022-10-30 03:00:29.685268	returnofthemagaking
19518	2022-10-30 03:01:51.722683	Ingrahamangle
19519	2022-10-30 03:01:52.530893	BrettBair
19520	2022-10-30 03:10:10.530617	moneypox
19521	2022-10-30 05:03:16.983186	VoteOutAllDems2022
19522	2022-10-30 05:38:23.205731	CorruptDOJ
19523	2022-10-30 07:01:33.749323	DisneyWokeism
19524	2022-10-30 07:09:37.998144	Louisville
19525	2022-10-30 07:09:38.547468	BreonnaTaylor
19526	2022-10-30 07:27:24.585179	notetoself
19527	2022-10-30 07:31:41.160965	LauraLoomerForCongress
19528	2022-10-30 07:33:32.022797	FucktheFBI
19531	2022-10-30 08:08:14.244993	IStandWithTrump
19532	2022-10-30 08:11:09.384946	GetTheChampAStamp
19533	2022-10-30 08:26:06.553112	CharlotteNC
16202	2022-10-18 11:09:31.924881	Gamecock
16204	2022-10-18 11:09:37.705917	teachthemyoung
16206	2022-10-18 11:09:38.177291	itsaboutfamily
16208	2022-10-18 11:09:38.683739	bonding
16210	2022-10-18 11:10:48.237823	prosecutehunterbiden
16218	2022-10-18 11:13:36.273614	americancommunists
16219	2022-10-18 11:13:37.249194	policeofficer
16220	2022-10-18 11:13:37.927519	thinbluelinefamily
16221	2022-10-18 11:13:38.457347	cop
16222	2022-10-18 11:13:39.180984	thinredline
16223	2022-10-18 11:13:39.666159	leo
16224	2022-10-18 11:13:40.738865	backthebadge
16235	2022-10-18 11:14:00.917032	donkey
16251	2022-10-18 11:14:12.312956	donkeytail
16252	2022-10-18 11:14:12.804956	minidonkeys
16253	2022-10-18 11:14:13.257086	donkeyselfie
16254	2022-10-18 11:14:13.732949	donkeypunch
16255	2022-10-18 11:14:14.232975	donkeymilk
16256	2022-10-18 11:14:14.664993	donkeyrides
16257	2022-10-18 11:14:15.074365	littledonkey
16258	2022-10-18 11:14:15.545264	donkeyears
16259	2022-10-18 11:14:16.125192	donkeyshow
16260	2022-10-18 11:14:16.596965	donkeyfarm
16261	2022-10-18 11:14:17.414017	instadonkey
16262	2022-10-18 11:14:17.909181	reefdonkey
16263	2022-10-18 11:14:18.373068	ilovedonkeys
16264	2022-10-18 11:14:43.797371	newbrother
16272	2022-10-18 11:15:29.158044	yourself
16273	2022-10-18 11:15:31.037845	stayloyal
16274	2022-10-18 11:15:31.21707	RecallGeorgeGascon
16276	2022-10-18 11:15:31.695951	prosecuteGeorgeSoros
16278	2022-10-18 11:15:34.449473	style
16279	2022-10-18 11:15:34.925014	stayvillain
16280	2022-10-18 11:15:35.421139	motivationalquotes
16281	2022-10-18 11:15:36.184956	care
16282	2022-10-18 11:15:37.449964	skills
16283	2022-10-18 11:15:49.529486	boost
16284	2022-10-18 11:15:49.950862	metabolism
16285	2022-10-18 11:15:50.462457	fat
16286	2022-10-18 11:15:51.046505	sugars
16287	2022-10-18 11:15:51.757935	sleep
16288	2022-10-18 11:15:53.326453	appetitecontrol
16291	2022-10-18 11:16:12.317901	thief
16292	2022-10-18 11:16:12.797966	sneaky
16293	2022-10-18 11:16:13.277287	justmybabydog
16294	2022-10-18 11:16:13.768864	dogoftheday
16295	2022-10-18 11:16:14.549219	doglover
16296	2022-10-18 11:16:15.743724	doglife
16297	2022-10-18 11:16:16.187001	doglovers
16298	2022-10-18 11:16:16.649294	pet
16299	2022-10-18 11:16:17.453234	puppyoftheday
16300	2022-10-18 11:16:17.929244	doggo
16301	2022-10-18 11:16:18.803622	puppygram
16302	2022-10-18 11:16:19.433565	dogsofinsta
16303	2022-10-18 11:16:20.004967	pup
16304	2022-10-18 11:16:20.449768	ilovemydog
16305	2022-10-18 11:16:20.884636	petlove
16306	2022-10-18 11:16:21.386467	of
16307	2022-10-18 11:16:21.825191	moreisbetter
16309	2022-10-18 11:16:37.069878	onlyfanz
16310	2022-10-18 11:16:37.553657	onlyfans
16311	2022-10-18 11:16:38.314081	likeforlikes
16312	2022-10-18 11:16:38.881583	skype
16313	2022-10-18 11:16:39.365644	patreon
16314	2022-10-18 11:16:39.913659	videochat
16315	2022-10-18 11:16:40.361079	curvy
16316	2022-10-18 11:21:37.012115	weknow
16317	2022-10-18 11:22:11.201379	investigativereporting
16318	2022-10-18 11:29:14.837352	fightforamerica
16319	2022-10-18 11:31:02.660349	TruePatriot
16320	2022-10-18 11:32:48.181668	FAMILY
16321	2022-10-18 11:34:33.881083	thetravelersdust
16322	2022-10-18 11:40:50.458129	free99
16323	2022-10-18 11:40:56.165609	Jesustrain
16324	2022-10-18 11:40:56.62495	caboose
16325	2022-10-18 11:40:57.864927	ch
16326	2022-10-18 11:41:13.256833	south
16327	2022-10-18 12:50:40.050591	ImpeachWray
16328	2022-10-18 12:51:34.273501	FoxNewsIsDead
16329	2022-10-18 12:51:34.705491	FOXISDEADTOPATRIOTS
16330	2022-10-18 12:51:35.106473	foxnewscomplicit
16331	2022-10-18 12:51:46.596283	poser
16332	2022-10-18 12:53:26.153344	CountEveryLegalVote
16333	2022-10-18 12:54:44.433643	foxit
16334	2022-10-18 12:54:44.848896	FoxNewsEnemyOfThePeople
16335	2022-10-18 12:54:45.305081	FoxNewsComplicit
16336	2022-10-18 12:59:17.837254	libtard
16337	2022-10-18 13:00:02.809265	magaparty
16338	2022-10-18 13:00:03.24378	FreeThinker
16339	2022-10-18 13:00:08.197561	debateme
16340	2022-10-18 13:00:08.634649	Paralegal
16341	2022-10-18 13:00:09.089435	amlinvestigator
16342	2022-10-18 13:00:09.827203	showyourface
16343	2022-10-18 13:00:10.935492	standby
16344	2022-10-18 13:06:48.956887	Factcheck
16345	2022-10-18 13:09:16.80111	memesfortruthers
16346	2022-10-18 13:09:56.814896	vaccinedisaster
16347	2022-10-18 13:12:07.777035	hot
16348	2022-10-18 13:13:08.08497	unclesam
16349	2022-10-18 13:15:14.061094	VoteHerschelWalker
16350	2022-10-18 13:15:14.844899	takebackthesenate
16351	2022-10-18 13:15:15.630108	demscheat
16352	2022-10-18 13:15:15.975584	demslie
16353	2022-10-18 13:17:11.339982	showhisface
16354	2022-10-18 13:31:28.29735	CongressCriminals
16355	2022-10-18 13:31:34.009316	RICOcongress
16356	2022-10-18 13:31:34.469566	DefundTheSEC
16357	2022-10-18 13:31:35.303438	DefundtheJusticeDepartment
16358	2022-10-18 13:32:33.58265	newenglandpatriots
16359	2022-10-18 13:41:11.433535	CancelPayPalNOW
16360	2022-10-18 14:04:07.205715	riotsof2020
16361	2022-10-18 14:06:43.533474	HumanKindness
16362	2022-10-18 14:22:41.33081	Dahle4Governor
16363	2022-10-18 14:23:24.973378	Cindytruth
16364	2022-10-18 14:24:29.38529	UnitedStatesOfCorruption
16365	2022-10-18 14:25:18.681783	igy6
16366	2022-10-18 14:32:30.121252	BigPharmaProfits
16367	2022-10-18 14:32:30.533133	AmericansLost
16368	2022-10-18 14:44:29.053804	ahowyourface
16369	2022-10-18 14:44:46.977255	woman
16370	2022-10-18 14:45:14.785323	RobBonta
16371	2022-10-18 14:51:56.349673	GFYS
16372	2022-10-18 14:52:19.982059	DECERTIFY
16373	2022-10-18 14:52:29.233559	FOXNEWSISDEAD
16374	2022-10-18 14:55:16.270034	womanhater
16375	2022-10-18 14:56:26.146332	insults
16376	2022-10-18 14:56:26.876208	loyal
16377	2022-10-18 15:10:14.073515	memestagram
16378	2022-10-18 15:10:16.550044	edgymemes
16379	2022-10-18 15:10:16.941246	memer
16380	2022-10-18 15:10:17.333221	offensivememes
16381	2022-10-18 15:10:18.121797	ol
16382	2022-10-18 15:10:18.867067	dank
16383	2022-10-18 15:10:19.262058	dankmeme
16384	2022-10-18 15:10:20.193904	lmao
16385	2022-10-18 15:10:20.713497	funnymeme
16386	2022-10-18 15:10:22.801713	memeaccount
16387	2022-10-18 15:10:23.305525	memelord
16388	2022-10-18 15:10:23.833976	memez
16389	2022-10-18 15:10:24.425319	instagood
16395	2022-10-18 15:20:39.71651	PAC
16396	2022-10-18 15:20:40.157463	WorldEconomicFourm
16397	2022-10-18 15:20:40.894141	KlauseSchwab
16398	2022-10-18 15:20:41.349729	EatZeBugs
16403	2022-10-18 15:26:29.752498	Democratic
16404	2022-10-18 15:26:34.094266	cowardly
16420	2022-10-18 15:49:33.273355	myhome
19428	2022-10-28 22:20:55.639135	construction
19429	2022-10-28 22:20:56.106786	apparel
19430	2022-10-28 22:20:56.580241	tradesmen
19431	2022-10-28 22:20:57.037667	hardwork
19489	2022-10-29 05:38:24.005676	TYBG
19490	2022-10-29 05:38:24.500103	JPEGMAFIA
19529	2022-10-30 07:33:32.780814	DomesticTerrorismhoax
19530	2022-10-30 07:33:33.264835	betsyrossflag
19534	2022-10-30 08:34:20.949497	Shadow
19538	2022-10-30 08:45:56.629018	plants
19539	2022-10-30 08:45:57.321692	tacos
21069	2022-11-06 15:12:37.508594	hounds
21071	2022-11-06 15:20:49.112335	AbdBeOnd
21130	2022-11-07 09:22:47.233052	MIAP
21131	2022-11-07 09:22:47.791073	Buycott
21132	2022-11-07 09:22:48.474723	PatronizePatriots
21133	2022-11-07 09:22:49.249444	parallelsociety
21134	2022-11-07 09:22:49.775203	nonwoke
21135	2022-11-07 09:22:55.076899	lilypadlounge
21143	2022-11-07 09:26:26.376943	froggiesangels
21144	2022-11-07 09:26:26.932894	TrumpB424Back
21145	2022-11-07 09:28:06.94978	madeinUSA
21146	2022-11-07 09:28:07.604864	madeinAmerica
21148	2022-11-07 09:30:38.814584	Roaring20sAgain
21160	2022-11-07 09:36:22.677108	AFIP
21161	2022-11-07 09:36:23.152707	WRAMC
21171	2022-11-07 09:47:43.643888	StraightOuttaMalibu
21180	2022-11-07 09:58:50.514705	brand
21181	2022-11-07 09:58:51.512937	opportunity
21182	2022-11-07 09:58:52.280391	whitelabel
21183	2022-11-07 09:58:52.761593	delta9
21184	2022-11-07 09:58:53.52143	cannabisindustry
21185	2022-11-07 09:58:54.256653	cannabisculture
21186	2022-11-07 09:58:54.720034	cannabiscommunity
21188	2022-11-07 10:09:28.440959	DemandTruthDisclosureNOW
21189	2022-11-07 10:13:22.780955	tradwife
21190	2022-11-07 10:13:23.327205	tradwives
21196	2022-11-07 10:19:56.615392	ONLY
21204	2022-11-07 10:26:39.472844	BUSTED
21214	2022-11-07 10:38:57.896933	advertise
21215	2022-11-07 10:38:59.160268	b2b
16390	2022-10-18 15:16:45.245942	kimjongun
16391	2022-10-18 15:17:11.533274	Signature
16392	2022-10-18 15:17:21.569919	Joe
16393	2022-10-18 15:17:43.76516	unclejoe
16401	2022-10-18 15:25:27.005076	recall
16402	2022-10-18 15:25:39.433195	DonaldTrump2024
16405	2022-10-18 15:28:23.376711	muted
16409	2022-10-18 15:33:21.309341	DonaldTrumpJr
16417	2022-10-18 15:44:58.277227	patriotposer
16418	2022-10-18 15:48:27.47939	cure
16419	2022-10-18 15:48:27.803195	lupus
19535	2022-10-30 08:45:13.393212	COMEANDTAKETHEM
19536	2022-10-30 08:45:13.914033	MOLONLABE
19540	2022-10-30 08:47:19.944898	followforfollowback
19541	2022-10-30 10:33:46.005821	JUSTICEMUSTHAPPEN
19542	2022-10-30 10:53:12.977522	homelandsecurity
19543	2022-10-30 11:13:23.977561	Theplandemicisevil
19544	2022-10-30 13:18:43.57708	eyesopened
19545	2022-10-30 13:19:04.785013	eyeswideopened
19546	2022-10-30 16:10:53.817022	epstiendidntkillhimself
19547	2022-10-30 16:40:02.813663	Cornyn
19548	2022-10-30 16:53:42.711255	Smallpox
19549	2022-10-30 18:48:26.913156	lovecatturd
19550	2022-10-30 19:01:14.246309	LizChaney
19551	2022-10-30 19:14:33.249103	GovDeSantis
19552	2022-10-30 19:15:30.168964	Laws
19553	2022-10-30 19:18:17.438638	RightOn
19554	2022-10-30 20:34:21.877065	CancelStudentLoans
19555	2022-10-30 22:21:04.649132	AMC20k
19556	2022-10-30 22:23:42.225421	CapitolHillChallenge
19557	2022-10-30 22:38:11.875619	GrandJury
19558	2022-10-31 00:03:45.741972	presidentdonaldtrump
19559	2022-10-31 00:15:57.193697	BarrySoetoro
19560	2022-10-31 00:15:57.852948	impeach44
19561	2022-10-31 10:16:20.9425	RebelTrain
19562	2022-10-31 10:19:37.477967	AOCLovesElon
19563	2022-10-31 11:26:08.643315	rulesofwar
19564	2022-10-31 11:27:35.328092	executiveorder
19565	2022-10-31 11:34:49.577186	FreeSpeechIsDead
19566	2022-10-31 11:40:29.363868	GoodVibesTruthTrain
19567	2022-10-31 11:41:21.097078	Goodvibestruthtrain
19568	2022-10-31 11:54:45.129137	DropBoxlnitiative2022
19569	2022-10-31 11:56:45.045416	ProtectTheBorder
19570	2022-10-31 12:07:14.141568	goodvibestruthtrain
19571	2022-10-31 12:11:39.442575	fuckthefauciouchie
19572	2022-10-31 12:31:44.019241	soundhealingmeditation
19573	2022-10-31 12:31:44.533824	zenbodywaves
19574	2022-10-31 12:33:04.456619	relaxingmusic
19575	2022-10-31 12:33:04.941466	meditation
19576	2022-10-31 12:33:05.39057	reikihealingmeditation
19577	2022-10-31 12:36:53.81396	Relax
19578	2022-10-31 12:36:58.931563	reikihealing
19579	2022-10-31 12:47:22.058567	smilin
19580	2022-10-31 13:25:40.782962	DontYouDare
19581	2022-10-31 13:25:45.166622	stoptheihr
19582	2022-10-31 13:25:45.712937	WeAreSovereign
19583	2022-10-31 13:27:19.038367	ftherats
19584	2022-10-31 13:28:58.978348	zenbodywavestruthtrain
19585	2022-10-31 13:38:26.838615	zenbodywavesyoutube
19586	2022-10-31 13:46:21.440175	imstandingup
19587	2022-10-31 15:55:11.219572	44f
19588	2022-10-31 16:22:59.568048	summerstrumptrain
19589	2022-10-31 16:26:48.338499	RighteousTrains
19590	2022-10-31 16:39:42.621473	lillypadlounge
19591	2022-10-31 17:06:20.955602	TheNewbieTrain
19592	2022-10-31 17:06:22.098002	nojab
19593	2022-10-31 17:06:22.578677	NoRedFlagLaw
19594	2022-10-31 17:06:23.87382	DePopPlan
19595	2022-10-31 17:15:31.234097	7500Authentic
19596	2022-10-31 17:44:52.334123	Chapi
19597	2022-10-31 18:01:17.406044	FreegregPogo
19598	2022-10-31 18:35:14.361569	NotAgain
19599	2022-10-31 18:35:15.661738	whydoeseveryonewanttoboxusuplikeinventory
19600	2022-10-31 18:39:08.190201	summYWALerstrumptrain
19601	2022-10-31 19:02:23.517959	RIGHTEOUSTRAINS
19602	2022-10-31 19:07:30.74605	44F
19603	2022-10-31 19:55:28.902849	Jan6ShowTrialishoax
19604	2022-10-31 20:36:16.019228	ultraMaga
19605	2022-10-31 21:00:47.412167	fatlova
19606	2022-10-31 21:10:01.461417	suppression
19607	2022-10-31 21:19:22.243371	trumpttrains
19608	2022-10-31 21:49:24.336039	MAGKING
19609	2022-10-31 22:02:16.23706	MittTheRINO
19610	2022-10-31 22:14:20.733455	bengazi
19611	2022-10-31 22:19:16.807003	fairtax
19612	2022-10-31 22:26:48.327957	SusanCollions
19613	2022-10-31 22:55:43.682545	lulucaboose
19614	2022-10-31 22:55:44.634699	PatriotsFollowingPatriots
19615	2022-10-31 23:02:42.774727	luluCaboose
19616	2022-10-31 23:18:07.350007	steeldossier
19617	2022-10-31 23:23:28.479588	FollowMyFollowers
19618	2022-10-31 23:35:12.446066	fatlovalivin
19619	2022-11-01 00:32:51.325894	TrumpLivin
19620	2022-11-01 02:46:29.038179	VoteRepublicanToSaveAmerica
19621	2022-11-01 02:46:43.237854	TrumpWasRightAgain
19622	2022-11-01 02:51:16.150191	WeCantHandle2MoreYearsOfBiden
19623	2022-11-01 02:51:16.929977	DemocratsRuinEverything
19624	2022-11-01 03:07:40.494038	soyboy
19625	2022-11-01 03:17:26.362219	twatwaffle
19626	2022-11-01 03:17:48.361802	teamjohnny
19627	2022-11-01 03:34:58.666155	MakeNorthCarolina
19628	2022-11-01 07:54:33.354263	ShinzoAbe
19629	2022-11-01 09:27:19.179936	correct
19630	2022-11-01 09:27:20.029912	bad
19631	2022-11-01 09:27:21.129357	legalgunowners
19632	2022-11-01 09:27:21.612734	NotTheProblem
19633	2022-11-01 09:27:22.535148	society
19634	2022-11-01 10:31:31.673931	KateMoss
19635	2022-11-01 10:34:35.849336	HumorIsMedicine
19637	2022-11-01 13:22:07.477365	EnoughIsEnoughAndWereFedUp
19638	2022-11-01 14:04:09.707012	faithtrain
19639	2022-11-01 15:06:54.945286	canyouevenbelievethesepeopleareserious
19640	2022-11-01 16:36:07.093854	protectyourfamily
19641	2022-11-01 17:13:32.245175	LiftTheLimits
19642	2022-11-01 17:29:38.013248	SpyGate
19643	2022-11-01 17:31:43.368671	thunderstorms
19644	2022-11-01 17:40:26.592704	jamiexpress
19645	2022-11-01 17:42:14.465033	Faithtrain
19646	2022-11-01 17:58:16.452913	2000meals
19647	2022-11-01 18:11:10.380352	SickCare
19648	2022-11-01 18:19:12.468725	mytruth
19649	2022-11-01 18:24:47.179989	Shooter
19650	2022-11-01 18:44:20.45797	STILLMYPRESIDENT
19651	2022-11-01 19:09:13.553154	labronsaclown
19652	2022-11-01 19:30:36.097029	mOkEyPoX
19653	2022-11-01 19:30:36.547633	shingles
19654	2022-11-01 19:30:37.317279	vaxed
19655	2022-11-01 19:30:38.168632	thejab
19656	2022-11-01 19:30:39.468188	astrozeneca
19657	2022-11-01 19:32:25.720952	NWSWIC
19658	2022-11-01 19:49:52.454691	freeuk
19659	2022-11-01 19:49:52.912202	finduk
19660	2022-11-01 20:09:16.37669	patriotsforever
19661	2022-11-01 20:09:20.452583	tracyjordan
16394	2022-10-18 15:20:05.569835	mAga
16399	2022-10-18 15:25:26.065241	districtattorney
16400	2022-10-18 15:25:26.58125	equality
16406	2022-10-18 15:28:26.079554	LibTard
16407	2022-10-18 15:28:26.441806	useful
16408	2022-10-18 15:33:03.654586	massachusetts
16410	2022-10-18 15:38:23.833291	EpstienClientList
16411	2022-10-18 15:38:32.185069	KenGriffin
16412	2022-10-18 15:38:32.658187	Citadel
16413	2022-10-18 15:44:00.943306	block
16414	2022-10-18 15:44:01.35717	wicked
16415	2022-10-18 15:44:01.762038	pissah
16416	2022-10-18 15:44:34.873679	BostonStrong
16421	2022-10-18 15:58:03.023607	ShowYourFace
16422	2022-10-18 16:03:57.505187	PanicinDC
16423	2022-10-18 16:11:13.532842	Turth
16424	2022-10-18 16:15:48.183243	EXTREME
16425	2022-10-18 16:15:48.539428	LOYAL
16426	2022-10-18 16:15:48.893972	DEFEND
16427	2022-10-18 18:40:43.963004	PHPNews
16428	2022-10-18 18:40:44.952848	RJ6P
16429	2022-10-18 18:40:45.381894	Fam1017
16430	2022-10-18 18:42:05.155874	tryanny
16431	2022-10-18 18:42:05.933107	OverwatchMe
16432	2022-10-18 18:42:07.710872	lockupbidennow
16433	2022-10-18 18:42:08.190015	FlexEveryAngle
16434	2022-10-18 18:42:08.633055	wethepeoplearepissed
16435	2022-10-18 18:42:09.084276	flb
16436	2022-10-18 18:42:10.234474	endcommunism
16437	2022-10-18 18:42:10.657278	ThePurge
16438	2022-10-18 18:43:56.155143	EndHumanTrafficking
16439	2022-10-18 18:49:24.474124	CorruptCorporateMedia
16440	2022-10-18 18:58:44.006212	BULLSEYE
16441	2022-10-18 18:58:44.412401	BINGO
16442	2022-10-18 18:58:44.930024	GRANDSLAM
16443	2022-10-18 19:06:30.610708	RinosAreWorseThaDemocrats
16444	2022-10-18 19:08:36.198052	MarkKelly
16445	2022-10-18 19:08:36.614623	should
16446	2022-10-18 19:08:37.123547	attend
16447	2022-10-18 19:08:37.622294	funerals
16448	2022-10-18 19:08:38.373793	teens
16449	2022-10-18 19:08:39.218374	overdosed
16450	2022-10-18 19:08:39.746059	on
16451	2022-10-18 19:14:10.994095	MaryJane101
16452	2022-10-18 19:22:34.95347	CJ
16453	2022-10-18 19:25:46.134993	votetrafficking
16454	2022-10-18 19:30:37.426674	EpsteinMaxwell
16455	2022-10-18 19:31:00.401879	ReleaseTheJ6PoliticalPrisoners
16456	2022-10-18 19:31:01.154462	j6sham
16457	2022-10-18 19:32:07.914248	toddler
16458	2022-10-18 19:32:46.278513	DonnaBirdy_Trains
16459	2022-10-18 19:34:24.378173	Indoctrination
16460	2022-10-18 19:34:45.436165	WorstPresidentInHistory
16461	2022-10-18 19:34:45.843556	OilReserves
16462	2022-10-18 19:34:47.257412	reinstatetrump
16463	2022-10-18 19:37:33.387544	DemocRATsPoliticalTheater
16464	2022-10-18 19:38:21.292137	example
16465	2022-10-18 19:38:56.810872	ChineseRegime
16466	2022-10-18 19:38:59.058643	persecuting
16467	2022-10-18 19:38:59.542248	FalunGong
16468	2022-10-18 19:40:10.860148	Censor
16469	2022-10-18 19:40:11.322957	disarm
16470	2022-10-18 19:40:11.815481	purge
16471	2022-10-18 19:40:12.882656	GrandpaBrandon
16472	2022-10-18 19:40:13.338825	MetaDevilDog
16473	2022-10-18 19:41:35.649599	InflationRate
16474	2022-10-18 19:45:18.159622	viralreel
16475	2022-10-18 19:45:18.558496	viralreels
16476	2022-10-18 19:45:19.242425	reelsfacebook
16477	2022-10-18 19:45:19.706056	reelsinstagram
16478	2022-10-18 19:45:20.610338	viralvideos
16479	2022-10-18 19:45:22.021952	thiswelldefend
16480	2022-10-18 19:46:45.257794	biggovsocks
16481	2022-10-18 19:52:33.465581	TrumpWasRightaboutEverything
16482	2022-10-18 19:53:15.397835	WordOfGod
16483	2022-10-18 19:53:17.737728	PatriotMinistry
16484	2022-10-18 19:55:04.637797	SayHisName
16485	2022-10-18 20:02:21.165192	fieldforcemanager
16486	2022-10-18 20:02:21.622623	pollchief
16487	2022-10-18 20:02:22.325268	ttv
16488	2022-10-18 20:02:27.94547	2kMules
16489	2022-10-18 20:03:57.582076	JenPsaki
16490	2022-10-18 20:08:29.642363	OMAD
16491	2022-10-18 20:08:30.108485	CarnivoreCleanse
16492	2022-10-18 20:08:30.577378	EatRealFood
16493	2022-10-18 20:09:24.322322	fitgirl
16494	2022-10-18 20:09:47.77073	PrayForAmerica
16495	2022-10-18 20:09:48.70504	Pray4J6ers9pmET
16496	2022-10-18 20:19:23.396695	workoutmotivation
16497	2022-10-18 20:19:23.853552	fuelyourbody
16498	2022-10-18 20:19:24.285119	fuelyourambition
16499	2022-10-18 20:19:24.765572	fortitude
16500	2022-10-18 20:19:25.197431	fortitudetraining
16501	2022-10-18 20:19:25.67686	fzkl
16502	2022-10-18 20:19:26.483098	fitnessjourney
16503	2022-10-18 20:19:26.947306	fitnessmom
16504	2022-10-18 20:19:27.39284	fitnessgirl
16505	2022-10-18 20:19:27.896777	fitnessmodel
16506	2022-10-18 20:19:28.300681	crossfit
16507	2022-10-18 20:19:28.720944	crossfitgirls
16508	2022-10-18 20:19:29.181099	sexy
16509	2022-10-18 20:19:29.652736	crossfitwomen
16510	2022-10-18 20:19:30.111651	excercise
16511	2022-10-18 20:19:30.643682	exercisemotivation
16512	2022-10-18 20:19:31.179204	lifting
16513	2022-10-18 20:19:31.606251	liftheavy
16514	2022-10-18 20:19:32.105428	girlswholift
16515	2022-10-18 20:19:32.569065	fitnessaddict
16516	2022-10-18 20:19:33.03731	fitnesslifestyle
16517	2022-10-18 20:19:33.558252	getsexy
16518	2022-10-18 20:19:33.970467	bodybuilding
16519	2022-10-18 20:22:11.69661	JeroneForCongress
16520	2022-10-18 20:22:12.502121	IBOR
16521	2022-10-18 20:23:15.133505	kneelifts
16522	2022-10-18 20:23:15.629361	running
16523	2022-10-18 20:23:18.029159	crossfitlife
16524	2022-10-18 20:23:18.433093	jump
16525	2022-10-18 20:23:18.876347	hitt
16526	2022-10-18 20:23:19.312476	hittworkout
16527	2022-10-18 20:23:20.014836	sweat
16528	2022-10-18 20:23:20.533599	militaryathlete
16529	2022-10-18 20:23:21.000532	tacticalfitness
16530	2022-10-18 20:23:21.444582	supplements
16531	2022-10-18 20:23:22.120585	focus
16532	2022-10-18 20:23:22.540926	recovery
16533	2022-10-18 20:26:10.888914	arkansas
16534	2022-10-18 20:27:31.373341	DEPLORABLE
16535	2022-10-18 20:33:13.737944	IFBAPatriots
16536	2022-10-18 20:37:28.776841	chr
16537	2022-10-18 20:40:21.256582	acceptance
16538	2022-10-18 20:40:53.916358	fullythroated
16539	2022-10-18 20:41:00.496897	itsnotgoingtofixitself
16540	2022-10-18 20:45:44.386895	groomingawarenessmonth
16541	2022-10-18 20:45:45.06432	lgbtqagenda
16542	2022-10-18 20:50:11.898915	AshliBabbittMattered
16543	2022-10-18 20:50:12.25487	FedCorruption
16544	2022-10-18 20:53:42.880671	40billiin
16545	2022-10-18 20:58:25.994159	mrpeanut
16546	2022-10-19 04:31:55.640655	LA8
16547	2022-10-19 04:41:22.181601	EndBigPharmaCorruption
16548	2022-10-19 04:45:42.269558	HankJohnson
16549	2022-10-19 04:45:55.592126	GIVETHEMENOUGHROPE
16550	2022-10-19 04:55:45.766598	bigmikeobama
16551	2022-10-19 04:55:46.898142	ClimateChangeIsAHoax
16552	2022-10-19 04:55:47.565649	oceanfront
16553	2022-10-19 04:55:47.997645	LiarsGonnaLie
16554	2022-10-19 04:57:13.574276	MakeThingsRight
16555	2022-10-19 04:57:32.293518	RIGGE
16556	2022-10-19 05:01:47.777375	defundthepolice
16557	2022-10-19 08:10:36.633364	qAmry
16558	2022-10-19 08:10:37.060424	voteRed2022
16559	2022-10-19 08:10:38.630682	a2ndtermforTrump
16560	2022-10-19 08:10:39.32798	weloveourguns
16561	2022-10-19 08:20:38.990861	conditioning
16562	2022-10-19 08:22:30.152542	TakeOutTheTrash
16563	2022-10-19 08:22:32.778552	BillGatesDepopulationMurderSpree
16564	2022-10-19 08:22:33.369972	DepopulationPlan
16565	2022-10-19 08:22:38.004371	Eminem50
16566	2022-10-19 08:22:39.45383	ARMUP
16567	2022-10-19 08:22:39.666136	guinnesshomecoming
16568	2022-10-19 08:22:40.368348	JENNIE
16569	2022-10-19 08:22:41.213936	FYP
16570	2022-10-19 08:22:44.581971	voteRepublican
16571	2022-10-19 08:23:11.245805	OilProducers
16572	2022-10-19 08:23:20.169876	nytimes
16573	2022-10-19 08:23:24.425786	FogSystems
16574	2022-10-19 08:25:08.984795	DeSantis2024
16575	2022-10-19 08:25:09.42015	EthereumMerge
16576	2022-10-19 08:25:09.936714	Ethereum
16577	2022-10-19 08:25:10.397727	tiktokdown
16578	2022-10-19 08:25:11.179685	%E0%B8%81%E0%B8%A3%E0%B8%B0%E0%B8%97%E0%B8%B4%E0%B8%87%E0%B8%82%E0%B8%B8%E0%B8%99%E0%B8%93%E0%B8%A3%E0%B8%87%E0%B8%84%E0%B9%8C
16579	2022-10-19 08:25:24.457472	D23Expo
16580	2022-10-19 08:25:25.16849	HannahPangilinan
16581	2022-10-19 08:25:25.6416	BrahmastraReview
16582	2022-10-19 08:25:26.065649	tarkankonseri
16583	2022-10-19 08:25:26.537795	Bramhastra
16584	2022-10-19 08:25:27.009547	ThorLoveAndThunder
16585	2022-10-19 08:25:27.462032	PhynaTheElephant%F0%93%83%B0
16586	2022-10-19 08:25:27.995208	UkrainianArmy
16587	2022-10-19 08:26:07.710549	ClashAtTheCastle
16588	2022-10-19 08:26:08.540546	MilanInter
16589	2022-10-19 08:26:09.089564	LittleWomen
16590	2022-10-19 08:26:09.477763	Serena
16591	2022-10-19 08:26:09.945653	WWEClash
16592	2022-10-19 08:27:01.949558	Artemis1
16593	2022-10-19 08:27:34.897518	MentallyChallenged
16594	2022-10-19 08:27:46.830542	Nunes
16595	2022-10-19 08:28:10.646019	Hashtag
16596	2022-10-19 08:29:20.221679	Zaporozhye
16597	2022-10-19 08:29:20.969687	Energidar
16598	2022-10-19 08:30:22.323917	911insidejob
16599	2022-10-19 08:30:39.562158	TrumpLatinos
16600	2022-10-19 08:30:50.359506	middleclass
16601	2022-10-19 08:30:54.338944	SummerSlam
16602	2022-10-19 08:30:54.397812	memesforlife
16603	2022-10-19 08:30:54.697335	CommunityShield
16604	2022-10-19 08:30:54.864842	memelove
16605	2022-10-19 08:31:14.833148	semiconductor
16606	2022-10-19 08:31:38.751131	Trudeauhaircut
16607	2022-10-19 08:31:39.233426	deprem
16608	2022-10-19 08:31:39.648007	JohnnyDeppKeepsWinning
16609	2022-10-19 08:31:40.76548	LetThatSinkIn
16610	2022-10-19 08:31:41.518108	DemocratCongressGotRaises
16611	2022-10-19 08:32:22.534802	jackassjoe
16612	2022-10-19 08:32:28.788573	USCode10
16613	2022-10-19 08:32:29.145376	FatAssBarr
16614	2022-10-19 08:32:29.561807	MoronNunes
16615	2022-10-19 08:32:29.989935	IdiotFriends
16616	2022-10-19 08:32:33.893251	Shitter
16617	2022-10-19 08:32:34.582494	Agrawal
16618	2022-10-19 08:32:35.535671	OompaLoompa
16619	2022-10-19 08:32:41.862617	WTC
16620	2022-10-19 08:32:47.473273	cannabis
16621	2022-10-19 08:32:48.54522	heatwave
16622	2022-10-19 08:32:49.667451	PeterBaker
16623	2022-10-19 08:33:01.269062	attorney
16624	2022-10-19 08:33:31.677547	newjersey
16625	2022-10-19 08:33:33.221226	blueberries
16626	2022-10-19 08:33:33.653657	cranberry
16627	2022-10-19 08:34:18.901321	blackhistory
16628	2022-10-19 08:34:19.941505	millions
16629	2022-10-19 08:34:23.098924	sharepost
16630	2022-10-19 08:34:26.046319	JohnLennon
16631	2022-10-19 08:34:27.559314	LawofWater
16632	2022-10-19 08:34:28.26909	Nazi
16633	2022-10-19 08:34:39.42813	Veteranslivesmatter
16634	2022-10-19 08:34:40.966834	USAttorneyGeneral
16635	2022-10-19 08:34:43.477414	SacramentoFBICorruption
16636	2022-10-19 08:34:58.370563	GreatResetIsGvtRule
16637	2022-10-19 08:35:05.813643	Reset
16638	2022-10-19 08:35:11.377296	deathpenalty
16639	2022-10-19 08:35:15.665576	UdaipurHorror
16640	2022-10-19 08:35:16.153423	MelillaMassacre
16641	2022-10-19 08:35:16.59749	adidas
16642	2022-10-19 08:35:17.145393	hslotstockholm
16643	2022-10-19 08:35:17.668969	TejRan
16644	2022-10-19 08:35:29.845139	Foodie
16645	2022-10-19 08:35:34.173334	Jury
16646	2022-10-19 08:35:54.891243	TargetedIllness
16647	2022-10-19 08:35:58.627998	Greed
16648	2022-10-19 08:36:10.01805	texasattorneygeneral
16649	2022-10-19 08:37:09.10589	canceldisney
16650	2022-10-19 08:37:11.581307	PotHeads
16651	2022-10-19 08:37:11.853452	tpain
16652	2022-10-19 08:37:18.237347	WilliamPowellForPresident
16653	2022-10-19 08:37:46.788427	ulvade
16654	2022-10-19 08:37:47.565585	parklandschoolshooting
16655	2022-10-19 08:38:23.999283	WilliamBarr
16656	2022-10-19 08:38:29.881166	DevinNunes
16657	2022-10-19 08:38:30.432208	SuggestionBox
16658	2022-10-19 08:38:30.892214	enhancement
16659	2022-10-19 08:38:36.218787	WokeJoke
16660	2022-10-19 08:39:19.515886	VPHarris
16661	2022-10-19 08:40:03.598983	UlvadeTX
16662	2022-10-19 08:40:04.09482	ArmedGuardsInSchools
16663	2022-10-19 08:40:07.666714	armedguardsinschools
16664	2022-10-19 08:40:26.861505	blackops
16665	2022-10-19 08:41:23.165105	BuildAmericaRight
16666	2022-10-19 08:41:23.580971	CoreValuesNotHollywierd
16667	2022-10-19 08:41:26.845264	Trump202
16668	2022-10-19 08:41:41.905156	xijinping
16669	2022-10-19 08:42:03.717162	brotherhoodoflight
16670	2022-10-19 08:42:10.306627	DonBelle
16671	2022-10-19 08:42:10.937358	StocksToBuy
16672	2022-10-19 08:42:11.3539	InsidePolitics
16673	2022-10-19 08:42:12.56881	Criminal
16674	2022-10-19 08:42:20.234174	FUCKAFGANISTAN
16675	2022-10-19 08:42:34.710699	mcconnell
16676	2022-10-19 08:43:01.462027	Bidena
16677	2022-10-19 08:43:03.162361	BabyFormulaCrisis
16678	2022-10-19 08:43:04.397933	DoNothings
16679	2022-10-19 08:43:09.841018	Celebrities
16680	2022-10-19 08:43:10.27157	Police
16681	2022-10-19 08:43:17.94165	CentralBankDigitalCurrency
16682	2022-10-19 08:43:27.386244	TearDownWhatKeepsUsDown
16683	2022-10-19 08:43:41.017126	IdiotFDA
16684	2022-10-19 08:44:16.290985	tweedledumb
16685	2022-10-19 08:44:16.784887	TweedleDee
16687	2022-10-19 08:44:30.981275	g7sumit
16688	2022-10-19 08:44:31.748955	Chinese
16689	2022-10-19 08:44:36.052975	FruckJoeBiden
16692	2022-10-19 08:44:39.328908	PutinVsTheDeepState
16694	2022-10-19 08:44:42.381288	AsshatPsaki
16695	2022-10-19 08:44:42.889083	AsshatZuckerberg
16697	2022-10-19 08:44:52.996069	HumansAgainstSlavery
16698	2022-10-19 08:45:23.853069	NationalGuardsman
16699	2022-10-19 08:45:26.018796	PowellIndustries
16700	2022-10-19 08:45:31.937007	FuckDeptOfAgriculture
19537	2022-10-30 08:45:14.46078	SHTF
19636	2022-11-01 10:34:36.457454	laughterIsKey
19662	2022-11-01 20:24:30.017052	GasTax
21070	2022-11-06 15:12:38.06056	Houndsman
21191	2022-11-07 10:17:24.538132	nocoincidences
21195	2022-11-07 10:19:46.365405	Deathmetal
21198	2022-11-07 10:22:30.92873	BuyAmerican
21205	2022-11-07 10:29:01.713119	AdvertisingNews
21206	2022-11-07 10:29:06.202213	conservativearmy
21210	2022-11-07 10:32:47.552117	HALF
21211	2022-11-07 10:32:48.545727	FACEBOOK
21216	2022-11-07 10:39:54.500908	BuyCott
21217	2022-11-07 10:39:54.995574	chooselife
21218	2022-11-07 10:39:56.530082	Paralleleconomy
21219	2022-11-07 10:39:57.187087	patronizepatriots
21224	2022-11-07 10:44:45.288343	READ
21226	2022-11-07 10:46:21.680706	CancelThem
21232	2022-11-07 10:59:45.926322	RonaMurder
21233	2022-11-07 10:59:46.424961	Cash4Capitulation
21235	2022-11-07 11:00:40.134017	olympiawa
21237	2022-11-07 11:04:03.512713	TheWizardsPrison
21243	2022-11-07 11:12:56.354573	TRuth
21244	2022-11-07 11:15:03.345169	7500CAP
21245	2022-11-07 11:16:34.084785	CoastTOCoastAM
21246	2022-11-07 11:19:47.291396	PAID
21247	2022-11-07 11:19:47.902556	UltraThermoNuclearMagaKing
21248	2022-11-07 11:20:12.149917	DLOG
21249	2022-11-07 11:20:13.692828	CANCELTHEM
21250	2022-11-07 11:21:50.45131	HouseofDestiny
21251	2022-11-07 11:22:44.083656	sas2022
21252	2022-11-07 11:24:33.46495	miap
21253	2022-11-07 11:24:34.078557	dlog
21254	2022-11-07 11:25:39.527322	TrumpShuttle
21255	2022-11-07 11:25:44.929268	BringBackTrumpShuttleNow
21257	2022-11-07 11:32:07.206439	EXPLOSIVE
21258	2022-11-07 11:41:09.716884	IS
21259	2022-11-07 11:41:37.36055	BOMBSHELL
21260	2022-11-07 11:41:37.874483	NOT
21261	2022-11-07 11:43:09.921257	trumpshuttle
21262	2022-11-07 11:45:33.964627	BringBackTrumpShuttleNoW
21263	2022-11-07 11:47:00.640851	Beatthecheat
21264	2022-11-07 11:49:16.405568	PROOF
21265	2022-11-07 11:53:06.008972	NEEDED
21266	2022-11-07 11:53:06.427099	NYT
21267	2022-11-07 11:54:17.225295	AFTER
21268	2022-11-07 11:54:17.777985	PRIVATE
21269	2022-11-07 11:54:18.436629	CITIZEN
21270	2022-11-07 11:58:38.540701	BuyLocal
21271	2022-11-07 12:00:14.196562	smallbusinesses
21272	2022-11-07 12:00:14.736934	AmericanMade
21273	2022-11-07 12:02:35.448345	StopShadowBanning
21274	2022-11-07 12:08:57.676972	WON
21275	2022-11-07 12:11:02.681414	Patronizepatriots
21276	2022-11-07 12:11:32.136972	trumpwillbecomeatrumpet
21277	2022-11-07 12:15:43.841306	DIE
21278	2022-11-07 12:16:27.121327	CanceLThem
21279	2022-11-07 12:18:34.936817	mammothnation
21280	2022-11-07 12:18:35.793335	realwomen
21281	2022-11-07 12:18:36.328406	onlywomen
21282	2022-11-07 12:18:37.204288	buyfrompatriots
21283	2022-11-07 12:23:57.024931	FIVE
21284	2022-11-07 12:25:17.828564	WANT
21285	2022-11-07 12:26:01.01262	LikyPadLounge
21286	2022-11-07 12:29:23.924615	LOWEST
21287	2022-11-07 12:37:26.256632	JakeLang
21288	2022-11-07 12:37:26.757209	BidenRegime
21289	2022-11-07 12:37:27.208954	CommunismInAmerica
21290	2022-11-07 12:37:27.964352	democratsarecommunists
21291	2022-11-07 12:37:29.492501	DemocratsAreDemonic
21292	2022-11-07 12:37:30.218262	FTHEDEMOCRATS
21293	2022-11-07 12:38:11.716805	BRIBED
21294	2022-11-07 12:44:33.732079	ALIVE
21297	2022-11-07 12:53:01.90557	freedomtrains
21298	2022-11-07 12:59:30.780816	TwentyFifthAmendment
21299	2022-11-07 13:04:34.20651	FollowOksanaTrump
21300	2022-11-07 13:04:36.75685	followblondies
21302	2022-11-07 13:12:46.905363	cancleculture
21304	2022-11-07 13:15:26.208889	QUITS
21305	2022-11-07 13:17:02.657183	livetoday
21306	2022-11-07 13:17:03.772686	play
21307	2022-11-07 13:17:37.794264	notwoke
21308	2022-11-07 13:22:46.13864	ItsAllComingToLight
21309	2022-11-07 13:23:18.881048	FAIL
21311	2022-11-07 13:28:08.673062	lilyoadlounge
21312	2022-11-07 13:28:10.505029	truthdisclosure
21313	2022-11-07 13:32:25.136547	NUDITY
21314	2022-11-07 13:32:25.630039	SEXUAL
21315	2022-11-07 13:32:26.185936	ACTIVITY
21316	2022-11-07 13:34:12.304515	itsabouttime
21317	2022-11-07 13:35:50.596167	ANOTHER
21318	2022-11-07 13:35:51.403075	WEAPONIZED
21319	2022-11-07 13:38:24.721456	HurricanCat
21320	2022-11-07 13:39:21.353947	tinapeters
21321	2022-11-07 13:44:50.232721	UsurpersINtheWHITEHOUSE
21322	2022-11-07 13:48:37.341047	CIACrimes
21323	2022-11-07 13:48:39.184641	HISTORYMATTERS
21324	2022-11-07 13:48:44.927345	Mook
21325	2022-11-07 13:54:06.663412	ProFreedom
21326	2022-11-07 13:54:07.62455	nontoxichome
21327	2022-11-07 13:54:08.173973	nontoxicliving
21328	2022-11-07 14:06:56.052388	BuyFromPatriots
21329	2022-11-07 14:06:56.612298	Buylocal
21330	2022-11-07 14:06:54.922713	HORRIFIC
21331	2022-11-07 14:07:02.988671	CORRUPT
21332	2022-11-07 14:24:35.704963	MAGAQUEEN
21333	2022-11-07 14:26:28.341722	medialies
21334	2022-11-07 14:36:29.569144	GROOM
21335	2022-11-07 14:51:26.257205	APPLE
21336	2022-11-07 14:52:43.84509	LEGALIZES
21337	2022-11-07 14:54:26.380888	FlyHighPat
21338	2022-11-07 15:10:32.46101	likypadlounge
21339	2022-11-07 15:17:59.478663	pledge
21340	2022-11-07 15:18:01.081656	thankavet
21341	2022-11-07 15:18:01.689291	STANDUP
21342	2022-11-07 15:18:02.512948	everyday
21343	2022-11-07 15:22:30.60093	KNEW
21344	2022-11-07 16:12:41.325856	likypad
21345	2022-11-07 16:58:58.509066	FeedTheBees
21346	2022-11-07 16:58:59.265206	GrowSomethingBeautiful
21347	2022-11-07 17:09:22.029018	punishment
21348	2022-11-07 17:11:13.94518	ProudBoys
16686	2022-10-19 08:44:17.790895	Demotards
16690	2022-10-19 08:44:37.509807	ClandestineForces
16691	2022-10-19 08:44:38.39135	worldcurrency
16693	2022-10-19 08:44:41.625019	AsshatBiden
16696	2022-10-19 08:44:48.224968	LifeStartedInAfrica
16701	2022-10-19 08:48:26.84242	SYMBOLISM
16702	2022-10-19 08:50:36.595992	AwakeIsNotWoke
16703	2022-10-19 08:52:50.535217	KeepFloridaRed
16704	2022-10-19 08:52:51.067958	FloridaFreedom
16705	2022-10-19 09:04:01.02214	Misinformation
16706	2022-10-19 09:11:07.949309	Gender
16707	2022-10-19 09:14:13.217777	IdiotResident
16708	2022-10-19 09:14:13.705183	MissingThoseMeanTweets
16709	2022-10-19 09:14:14.293807	Iwant45back
16710	2022-10-19 09:16:04.697977	enough
16711	2022-10-19 09:16:05.397418	fakemsm
16712	2022-10-19 09:28:45.705414	keppamericafree
16713	2022-10-19 09:31:43.591329	AwakenArizona
16714	2022-10-19 09:43:44.347527	Cuban
16715	2022-10-19 09:52:21.743562	FlyEaglesFly
16716	2022-10-19 09:52:41.319245	BlueBloods4Trump
16717	2022-10-19 09:53:27.349921	NoOneIsAboveTheLaw
16718	2022-10-19 09:53:43.505629	FASCISTLOSER
16719	2022-10-19 09:53:43.896213	ENDMAGA
16720	2022-10-19 09:53:44.393881	MAGATARD
16721	2022-10-19 09:53:44.914117	YOUREINACULT
16722	2022-10-19 09:53:45.419963	INSANEQLOWNPARTY
16723	2022-10-19 09:56:51.209788	GinaRaimondo
16724	2022-10-19 10:06:05.241969	BeCarefulWhatYouWishFor
16725	2022-10-19 10:13:47.429824	CostOfLiving
16726	2022-10-19 10:15:36.114929	National
16727	2022-10-19 10:16:49.096135	FFN
16728	2022-10-19 10:17:54.065944	Xteam
16729	2022-10-19 10:17:55.186297	MohammedBinSalman
16730	2022-10-19 10:21:25.209573	LasVegas
16731	2022-10-19 10:37:37.158569	FFNews
16732	2022-10-19 10:39:18.403827	StandWithPutin
16733	2022-10-19 10:42:51.828381	FAM912
16734	2022-10-19 10:45:19.035114	momsforliberty
16735	2022-10-19 10:50:42.141954	bidenstole2020election
16736	2022-10-19 10:51:54.60601	CovidJabIsThePandemic
16737	2022-10-19 11:05:49.587273	Elites
16738	2022-10-19 11:06:27.50284	TrumjpTruths
16739	2022-10-19 11:07:05.117745	londonbridgeisdown
16740	2022-10-19 11:07:05.617691	lizzielizarddead
16741	2022-10-19 11:13:14.025745	IllegalImmigrant
16742	2022-10-19 11:13:14.506927	Cartel
16743	2022-10-19 11:17:16.091552	FFNC
16744	2022-10-19 11:17:39.523786	911WasAnInsideJob
16745	2022-10-19 11:19:24.278189	P4Eq
16746	2022-10-19 11:19:35.255026	PeteButtigieg
16747	2022-10-19 11:19:35.737524	RaCisT
16748	2022-10-19 11:20:25.358881	CowboysForTrump
16749	2022-10-19 11:20:36.662048	FEHolder
16750	2022-10-19 11:23:21.770212	FFoxNews
16751	2022-10-19 11:24:18.142276	turn22to0
16752	2022-10-19 11:26:05.79837	FBGates
16753	2022-10-19 11:26:26.109507	MikeDavis
16754	2022-10-19 11:26:27.529641	BidenJusticeDepartment
16755	2022-10-19 11:26:27.96231	PublicOpinion
16756	2022-10-19 11:26:58.425804	DemocratSlavery
16757	2022-10-19 11:29:15.144478	fmsm
16758	2022-10-19 11:35:11.229948	Murch
16759	2022-10-19 11:38:23.077368	AuditTheFed
16760	2022-10-19 11:44:16.801521	FJM
16761	2022-10-19 11:45:31.55548	FBIRaidTrump
16762	2022-10-19 12:00:57.80949	Maryland
16763	2022-10-19 12:01:25.494539	EricGreitens
16764	2022-10-19 12:01:42.637476	JessesOilGuy
16765	2022-10-19 12:24:23.073904	FLC
16766	2022-10-19 12:27:43.001167	BlueTsunamiOfVoterFraud2022
16767	2022-10-19 12:28:44.677158	usalandnow
16768	2022-10-19 12:30:47.656045	fghwb
16769	2022-10-19 12:31:46.28927	onthebayou
16770	2022-10-19 12:38:31.485583	Brosbund
16771	2022-10-19 12:41:50.491823	FIO
16772	2022-10-19 12:47:05.302191	MAGAMONTH
16773	2022-10-19 12:49:35.733464	BruceReinhart
16774	2022-10-19 12:52:07.675423	FYJB
16775	2022-10-19 12:52:23.233726	BullhornLady
16776	2022-10-19 12:52:23.830867	RachelPowell
16777	2022-10-19 12:54:01.032346	tragic
16778	2022-10-19 13:07:00.87614	thursdaytruth
16779	2022-10-19 13:14:29.72853	RiseOfTheFourthReich
16780	2022-10-19 13:20:20.602308	GAO
16781	2022-10-19 13:20:23.663504	FJTrudeau
16782	2022-10-19 13:21:28.793362	pp0612
16783	2022-10-19 13:28:15.526108	Amnesia
16784	2022-10-19 13:29:32.770154	Chattanooga
16785	2022-10-19 13:33:14.998463	DJT47
16786	2022-10-19 13:34:06.975899	LawrenceCounty
16787	2022-10-19 13:36:58.919241	Donbas
16788	2022-10-19 13:37:01.410235	IStandWithRussia
16789	2022-10-19 13:40:40.143869	ffn
16790	2022-10-19 13:41:16.862049	cometakethem
16791	2022-10-19 13:44:42.874003	FWG
16792	2022-10-19 13:54:58.104803	theywenttofar
16793	2022-10-19 13:54:59.910477	GodHelpAmerica
16794	2022-10-19 13:55:14.767319	TrumpTraining
16795	2022-10-19 13:55:47.638139	Psyop
16796	2022-10-19 13:55:49.217474	chazflannel
16797	2022-10-19 13:56:24.05757	itaintpartisan
16798	2022-10-19 13:56:49.222202	TT45
16799	2022-10-19 13:56:49.900097	BGTrains
16800	2022-10-19 13:57:11.575417	t
16801	2022-10-19 13:58:44.018261	fnews
16802	2022-10-19 14:02:53.458518	PuertoRico
16803	2022-10-19 14:02:53.949597	Bribery
16804	2022-10-19 14:03:25.942877	Japan
16805	2022-10-19 14:03:26.50219	Asia
16806	2022-10-19 14:05:11.411459	kevinmcarthu
16807	2022-10-19 14:05:47.910856	JenaGriswoldIsACriminal
16808	2022-10-19 14:08:08.24614	Not
16809	2022-10-19 14:08:08.891104	Charged
16810	2022-10-19 14:08:09.36343	EvidenceIsKey
16811	2022-10-19 14:08:09.90646	Crimes
16812	2022-10-19 14:08:10.393601	NotTrust
16813	2022-10-19 14:08:11.570151	PurgeTheSwamp
16814	2022-10-19 14:08:12.24571	reason
16815	2022-10-19 14:08:12.771185	Dirt
16816	2022-10-19 14:08:13.593538	WeWantTrumpBack
16817	2022-10-19 14:08:31.207302	MeghanMcCainMeltdown
16818	2022-10-19 14:09:53.637859	banthebad
16819	2022-10-19 14:11:28.268701	blockandmutethemall
16820	2022-10-19 14:12:38.987061	2NDAMENDMENT
16821	2022-10-19 14:12:39.53001	TIREDPATRIOT
16822	2022-10-19 14:13:22.293795	UnitedKingdom
16823	2022-10-19 14:13:22.681629	HealthcareWorkers
16824	2022-10-19 14:13:40.749846	bornagain
16825	2022-10-19 14:16:34.52459	25thAmendmentNow
16826	2022-10-19 14:19:57.841943	StandTall
16827	2022-10-19 14:21:35.149705	RickScott
16828	2022-10-19 14:21:35.286388	lefties
16829	2022-10-19 14:21:37.657673	RICKSCOTT
16830	2022-10-19 14:21:38.100323	urges
16831	2022-10-19 14:21:38.925708	to
16832	2022-10-19 14:21:39.370026	go
16833	2022-10-19 14:21:40.223329	important
16834	2022-10-19 14:21:40.95392	gets
16835	2022-10-19 14:21:41.691262	BackBone
19663	2022-11-01 21:18:25.392965	ecosystem
19664	2022-11-01 21:47:59.740645	CRTisRacist
19665	2022-11-01 21:48:00.536552	CRTDumbDownOurKids
19666	2022-11-01 21:58:29.900341	MarineCorps
19667	2022-11-01 21:58:30.852261	AirForce
19668	2022-11-01 21:58:31.593662	CoastGuard
19669	2022-11-01 22:29:28.46464	communistmanifesto
19670	2022-11-01 22:54:09.652874	ABDUCTORS
19671	2022-11-01 22:57:42.988724	Stupordupor
19672	2022-11-01 22:58:05.74101	Losers
19673	2022-11-01 22:59:32.477329	PunitiveDamages
19674	2022-11-01 23:18:44.276824	AUDIT
19675	2022-11-01 23:32:57.708575	2DozenTulipstrain
19676	2022-11-01 23:32:58.189358	BidenBlunders
19677	2022-11-01 23:55:54.70896	TakeAmerica
19678	2022-11-02 01:28:40.726057	StoptheShots
19679	2022-11-02 02:36:18.31651	putinwhitehat
19680	2022-11-02 06:45:56.79106	cleanenergy
19681	2022-11-02 06:45:57.275074	renewables
19682	2022-11-02 06:46:18.890868	BILLGATES
19683	2022-11-02 06:46:32.864553	TransgenderBill
19684	2022-11-02 06:47:34.433363	deepdive
19685	2022-11-02 06:47:35.903062	generalmills
19686	2022-11-02 06:47:36.396896	farming
19687	2022-11-02 07:20:09.991507	HeavyD
19688	2022-11-02 07:33:55.899396	BrandonTatum
19689	2022-11-02 07:33:56.320396	LarryElder
19690	2022-11-02 07:33:56.905066	Zuby
19691	2022-11-02 07:42:03.927244	partyoflogic
19692	2022-11-02 08:01:30.683282	DareToDream
19693	2022-11-02 09:57:24.307791	enoughalready
19694	2022-11-02 10:04:25.0677	exposethepedos
19695	2022-11-02 10:07:29.359959	amitheonlyone
19696	2022-11-02 10:08:45.603652	thestrongandthebrave
19697	2022-11-02 10:58:46.664347	defund
19698	2022-11-02 11:46:26.735549	GunRightsAreWomensRights
19699	2022-11-02 12:19:59.058002	Weird
19700	2022-11-02 12:19:59.655636	Judge
19701	2022-11-02 12:20:00.071766	unable
19702	2022-11-02 12:57:42.06467	WeNeedTrumpBack
19703	2022-11-02 13:00:21.023951	nojabforme
19704	2022-11-02 13:02:10.22108	herostruthtrain
19705	2022-11-02 13:02:11.086576	woco
19706	2022-11-02 13:02:12.080988	ghislanemaxwell
19715	2022-11-02 13:02:37.230534	sodissapointed
19716	2022-11-02 13:03:47.29022	hulksmash
19717	2022-11-02 13:03:57.821894	Diversity
19718	2022-11-02 13:03:59.068906	savethekids
19719	2022-11-02 13:03:59.528485	leavethekidsalone
19720	2022-11-02 13:04:21.54067	KANYE2024
19721	2022-11-02 13:04:22.208025	kanye
19722	2022-11-02 13:04:22.672368	GoyVey
19723	2022-11-02 13:04:23.408598	antiwhite
19724	2022-11-02 13:04:23.864658	whitelivesmatter
19725	2022-11-02 13:04:39.398901	dumbs
19726	2022-11-02 13:05:19.514198	CancelCulture
19727	2022-11-02 13:05:35.200287	designerbabies
19728	2022-11-02 13:05:35.896166	SocialCreditScore
19729	2022-11-02 13:05:36.825552	esg
19730	2022-11-02 13:05:47.387683	consp
19733	2022-11-02 13:06:09.536857	stirthewater
19734	2022-11-02 13:06:28.689863	kanyewest
19735	2022-11-02 13:06:29.647601	blacklivesmatter
19743	2022-11-02 13:07:40.664609	thesquad
19744	2022-11-02 13:07:41.208856	antisemitism
19745	2022-11-02 13:08:22.177955	lawsuit
19746	2022-11-02 13:10:08.872557	oligarch
19747	2022-11-02 13:10:26.516468	ExposeTheEvil
19748	2022-11-02 13:10:57.600204	unitedstateslibertyalliance
19749	2022-11-02 13:10:58.016293	usla
19750	2022-11-02 13:12:22.257423	trustnoone
19751	2022-11-02 13:12:52.368841	CouncilonForeignRelations
19752	2022-11-02 13:12:52.85714	roundtable
19753	2022-11-02 13:14:48.166856	co
19754	2022-11-02 13:15:16.072301	CivilPeaceFlag
19755	2022-11-02 13:16:35.683974	falsereality
19756	2022-11-02 13:17:16.350164	CivilFlagOfPeace
19757	2022-11-02 13:17:16.70387	militarywarflag
19758	2022-11-02 13:17:17.043121	whiteflagoftruce
19759	2022-11-02 13:17:41.22285	notathreat
19760	2022-11-02 13:17:42.017115	StateDepartment
19761	2022-11-02 13:18:14.579233	burgerking
19762	2022-11-02 13:18:15.092702	fakemeat
19763	2022-11-02 13:18:15.877181	FastFoodKills
19764	2022-11-02 13:18:34.6286	TedrosAdhanomGhebreyesus
19765	2022-11-02 13:18:35.070405	TigrayGenocide
19766	2022-11-02 13:18:35.408892	Tigray
19767	2022-11-02 13:19:25.884698	StandTogether
19768	2022-11-02 13:19:26.620817	WeMoveAsOne
19769	2022-11-02 13:19:54.001601	WORLDWIDERISEUP
19770	2022-11-02 13:19:55.71256	italy
19771	2022-11-02 13:19:57.524428	holland
19772	2022-11-02 13:21:59.912389	AmericanPatriot
19773	2022-11-02 13:22:00.369902	childofgod
19774	2022-11-02 13:22:01.055828	libertywarrior
19775	2022-11-02 13:22:42.728872	americanpatriotmonth
19776	2022-11-02 13:24:13.044769	AmericanPatriotMonth
19777	2022-11-02 13:25:27.736325	mickeydollens
19778	2022-11-02 13:26:12.445673	USLA
19779	2022-11-02 13:28:18.256359	bully
19780	2022-11-02 13:29:16.096656	clandestine
19781	2022-11-02 13:29:17.532691	BiologicalWarfare
19782	2022-11-02 13:29:18.276429	armenia
19785	2022-11-02 13:30:21.75909	watchnow
19786	2022-11-02 13:30:29.436365	amendmentX
19787	2022-11-02 13:31:40.912511	triggerthelibs
19788	2022-11-02 13:31:41.364513	Huntingseason
19789	2022-11-02 13:31:42.860367	ElmerFudd
19790	2022-11-02 13:31:43.260318	realtruth
19791	2022-11-02 13:32:01.877984	DisneyisDiabolical
19792	2022-11-02 13:32:12.180923	Diabolical
19794	2022-11-02 13:32:54.206519	councilof13
19795	2022-11-02 13:32:54.712652	committeeof300
19796	2022-11-02 13:33:19.184526	ConceptionBeginsLife
19807	2022-11-02 17:50:44.151872	DroppedDisney
19808	2022-11-02 19:06:34.211017	SCAMdemic
19809	2022-11-02 19:17:24.209168	Covfeffe
19810	2022-11-02 19:18:25.913597	ChemTrails
19811	2022-11-02 19:49:48.334462	Hopeless
19812	2022-11-02 19:55:50.277573	TypicalDemocrats
19813	2022-11-02 20:14:45.876901	BuildtheWall
19814	2022-11-02 20:44:05.549783	marijuana
19815	2022-11-02 20:44:05.953551	weed
19816	2022-11-02 20:44:07.006533	ganja
19817	2022-11-02 20:55:29.190075	KAMALA
19818	2022-11-02 21:25:46.327807	SupportTrump45for45
19819	2022-11-02 21:38:56.709512	MegynKelly
19820	2022-11-02 21:49:28.153495	hornedlizard
19821	2022-11-02 22:00:55.882969	CleanupInAisleFortySix
19822	2022-11-02 22:55:57.084984	LongCovid
19823	2022-11-02 22:55:57.597024	Libtard
19824	2022-11-02 23:15:17.382767	PASS
19825	2022-11-02 23:15:18.049614	SecureOurSchools
19826	2022-11-02 23:15:18.46191	Safe
19827	2022-11-02 23:21:51.510101	TheWayTruthLife
16836	2022-10-19 14:22:30.995795	clickbait
16837	2022-10-19 14:25:44.266228	fjoebiden
16838	2022-10-19 14:28:39.963978	VoteBarnett
16839	2022-10-19 14:28:44.257691	cj
16840	2022-10-19 14:29:15.943659	RuledByNumbers
16841	2022-10-19 14:31:30.133832	illegitJoe
16842	2022-10-19 14:38:09.553856	phizerdatadump
16843	2022-10-19 14:41:11.899538	XavierBecerra
16844	2022-10-19 14:42:30.612032	savethechildern
16845	2022-10-19 14:44:01.26052	GoodGuyMikeLindell
16846	2022-10-19 14:44:21.722282	WWG1WGAUK
16847	2022-10-19 14:45:35.718105	HappyLaborDay
16848	2022-10-19 14:45:40.303146	LovkThemAllUp
16849	2022-10-19 14:45:40.725969	PEDOFILIA
16850	2022-10-19 14:45:46.879806	EmbarrassmentToOurCountry
16851	2022-10-19 14:46:02.869915	stormiscoming
16852	2022-10-19 14:50:47.002857	HypocrisyOnSteroids
16853	2022-10-19 14:55:17.697977	DeathJab
16854	2022-10-19 14:55:18.445927	NoVaccine
16855	2022-10-19 14:56:34.893068	LiberalNewWorldOrder
16856	2022-10-19 14:56:35.354787	AZ01
16857	2022-10-19 14:56:48.210388	GhislaineMaxwellClientList
16858	2022-10-19 14:56:48.969598	pedoisland
16859	2022-10-19 14:58:43.893874	SethKeshel
16860	2022-10-19 14:58:56.422111	BobbyPiton
16861	2022-10-19 15:05:59.080909	smokescreen
16862	2022-10-19 15:07:43.878346	Nomandates
16863	2022-10-19 15:08:46.961301	heknew
16864	2022-10-19 15:08:59.676786	livingthis
16865	2022-10-19 15:09:03.421216	CurrentSituation
16866	2022-10-19 15:10:30.271066	usefulidiot
16867	2022-10-19 15:10:30.890119	LiesRevealed
16868	2022-10-19 15:10:31.421578	J6liars
16869	2022-10-19 15:10:31.86287	lieslieslies
16870	2022-10-19 15:10:32.575715	TRUMPISRIGHT
16871	2022-10-19 15:10:48.845652	bibletruths
16872	2022-10-19 15:11:53.51546	Migrants
16873	2022-10-19 15:12:21.521868	trudeauisanidiot
16874	2022-10-19 15:13:11.127199	impeachbidenpetition
16875	2022-10-19 15:16:24.762225	righttopray
16876	2022-10-19 15:17:56.590687	Todds
16877	2022-10-19 15:18:22.942119	MikePence
16878	2022-10-19 15:18:23.414092	Jan6Hearings
16879	2022-10-19 15:22:13.350336	BotsOrNot
16880	2022-10-19 15:28:24.253901	weloveourcountry
16881	2022-10-19 15:28:25.026126	ForTheWin
16882	2022-10-19 15:28:25.539976	FTW
16883	2022-10-19 15:38:19.857994	gunfreezones
16884	2022-10-19 15:38:20.334296	massshooting
16885	2022-10-19 15:51:47.601903	WEHAVEITALL
16886	2022-10-19 15:53:42.078736	RANDPAUL
16887	2022-10-19 15:54:35.982008	roe
16888	2022-10-19 15:54:36.486277	Midterm
16889	2022-10-19 16:48:28.128581	MichaelObama
16890	2022-10-19 17:56:27.724484	Frauds
16891	2022-10-19 17:56:28.482704	ShamHearing
16892	2022-10-19 18:00:55.446007	Fredom
16893	2022-10-19 18:31:44.054359	SoTrue
16894	2022-10-19 19:04:54.750016	FfCA
16895	2022-10-19 22:07:37.321984	truthaboutvaccines
16896	2022-10-19 22:07:55.57744	nextpresident
16897	2022-10-19 22:08:03.070892	mrpresident
16898	2022-10-19 22:08:10.166096	Racoon
16899	2022-10-19 22:08:46.694437	mrtrump
16900	2022-10-19 22:08:47.188922	2024election
16901	2022-10-19 22:10:07.049474	nosex
16902	2022-10-19 22:10:07.585511	bansex
16903	2022-10-19 22:10:12.822293	banguns
16904	2022-10-19 22:10:14.884514	unarmed
16905	2022-10-20 01:42:43.174164	XPedophiles
16906	2022-10-20 01:42:43.620482	PedoWood
16907	2022-10-20 01:42:44.056309	AdultsAttractedToMinorsBS
16908	2022-10-20 01:42:44.511909	BoyCottDisney
16909	2022-10-20 01:42:45.00734	HollyWeird
16910	2022-10-20 01:42:47.775453	SatanicElite
16911	2022-10-20 01:42:48.588345	Satanism
16912	2022-10-20 01:43:08.500745	doomsday
16913	2022-10-20 01:44:20.648831	leanonGod
16914	2022-10-20 01:50:47.986977	wethemedia
16915	2022-10-20 01:55:42.881657	PowerOfHumility
16916	2022-10-20 01:55:43.382559	HumilityMonth
16917	2022-10-20 01:56:45.628847	THEKINGISCOMING
16918	2022-10-20 01:56:46.137026	JESUSISKING
16919	2022-10-20 01:56:47.999251	bobmarley
16920	2022-10-20 01:57:56.178591	liberalismIsAMentalDisease
16921	2022-10-20 02:00:04.152988	BelieveInJesus
16922	2022-10-20 02:04:06.20167	JOURNALISTICTERRORISTS
16923	2022-10-20 02:04:37.003803	foodfreedom
16924	2022-10-20 02:04:37.53653	puravida
16925	2022-10-20 02:07:29.93271	CovidVaccinesKill
16926	2022-10-20 02:08:42.387457	ULTRA
16927	2022-10-20 02:11:06.75527	lightinthedark
16928	2022-10-20 03:01:14.592113	MGSHOW
16929	2022-10-20 03:01:15.873181	mgfamily
16930	2022-10-20 03:01:20.965715	oldschool
16931	2022-10-20 03:01:21.676852	flipphones
16932	2022-10-20 03:01:22.116481	razor
16933	2022-10-20 03:01:22.611499	pinkrazor
16934	2022-10-20 03:01:37.69736	OHIO
16935	2022-10-20 03:01:42.468859	GlobalWarmingHoax
16936	2022-10-20 03:02:09.725462	saynotocommunism
16937	2022-10-20 03:02:36.722172	Seventeen
16938	2022-10-20 03:03:21.172875	electionshaveconsequencesandstolenelectionshavecatastrophicconsequences
16939	2022-10-20 03:03:22.029514	Fraudvotes
16940	2022-10-20 03:05:47.664733	TheTruthIsLearnedItIsNeverTold
16941	2022-10-20 03:05:57.804929	glowie
16942	2022-10-20 03:05:58.472954	schills
16943	2022-10-20 03:06:05.871069	slayingschills
16944	2022-10-20 03:06:06.912285	thetruth17
16945	2022-10-20 03:06:09.640494	WWGIWGA
16946	2022-10-20 03:06:47.277717	freej6
16947	2022-10-20 03:07:36.600992	pinatafarms
16948	2022-10-20 03:08:48.044875	trumptrainWhoohoo
16949	2022-10-20 03:08:49.308952	freegregpogo
16950	2022-10-20 03:18:18.076787	bullshyt
16951	2022-10-20 03:19:00.148391	ClimateHOAXISMONEYLAUNDERING
16952	2022-10-20 03:19:36.045311	journalism
16953	2022-10-20 03:19:55.246009	deviders
16954	2022-10-20 03:19:55.719903	loooozas
16955	2022-10-20 03:20:18.13638	TheGOPNeedsAMakeover
16956	2022-10-20 03:20:18.580815	WeThePeopleArePissedOff
16957	2022-10-20 03:23:23.020698	antigoverment
16958	2022-10-20 03:23:23.527029	anticorruptgoverment
16959	2022-10-20 03:24:42.983292	thirdworldbullshit
16960	2022-10-20 03:24:44.396449	politicalpersecution
16961	2022-10-20 03:24:45.397724	Marxism
16962	2022-10-20 03:24:58.612134	NoNazisInUkraine
16963	2022-10-20 03:26:15.940901	Pi%C3%B1ataFarms
16964	2022-10-20 03:26:17.112798	MAGAmemes
16965	2022-10-20 03:26:35.529108	voteforkarilake
16966	2022-10-20 03:27:27.472913	LaVoyFinicum
16967	2022-10-20 03:27:31.898281	BundyRanch
16968	2022-10-20 03:27:32.376941	finicum
16969	2022-10-20 03:28:03.713166	HappyDay
16970	2022-10-20 03:29:12.560991	FearCampaign
16973	2022-10-20 03:32:36.034187	bikersoftruth
16976	2022-10-20 03:35:19.554855	PatriotTrain
16977	2022-10-20 03:35:20.350181	TrumpTruthTrains
16978	2022-10-20 03:35:20.837696	TrTrTr
16983	2022-10-20 03:39:39.076676	theinrich22
16984	2022-10-20 03:41:17.821284	too
16997	2022-10-20 03:48:55.413156	FoxandFriends
17005	2022-10-20 03:48:59.766197	timcastirl
17006	2022-10-20 03:49:00.577282	joeroganpodcast
17007	2022-10-20 03:49:01.14312	joeroganexperience
17008	2022-10-20 03:49:01.725818	AltTech
17009	2022-10-20 03:49:47.338684	endofquote
17010	2022-10-20 03:49:47.844788	RepeatTheLine
19707	2022-11-02 13:02:13.17606	fitfam
19708	2022-11-02 13:02:14.696273	insurgent
19709	2022-11-02 13:02:15.893508	travisbarker
19710	2022-11-02 13:02:16.514191	rejectmodernism
19711	2022-11-02 13:02:17.864108	chrispratt
19736	2022-11-02 13:06:31.064109	opensociety
19737	2022-11-02 13:06:42.064664	gaffegiraffe
19738	2022-11-02 13:06:48.514927	telegraph
19739	2022-11-02 13:07:09.62416	RacismExposed
19740	2022-11-02 13:07:10.561708	oligarchs
19741	2022-11-02 13:07:11.685706	raceequalscolor
19742	2022-11-02 13:07:39.438785	voiceoftruth
19828	2022-11-03 00:33:49.286515	prepared
19829	2022-11-03 00:42:29.071057	harriethageman
21192	2022-11-07 10:17:29.325626	neverforgotten911
21193	2022-11-07 10:19:39.560698	thrash
21194	2022-11-07 10:19:45.613928	heavymetal
21197	2022-11-07 10:20:06.436607	BringBackTrumpShuttleNOW
21199	2022-11-07 10:24:48.393345	Advertisingnews
21200	2022-11-07 10:25:27.165057	usamade
21201	2022-11-07 10:25:28.754935	advertisingnews
21202	2022-11-07 10:25:29.981095	buycott
21203	2022-11-07 10:26:44.952716	NONWoke
21207	2022-11-07 10:29:46.31313	cash4capitulation
21208	2022-11-07 10:29:46.754414	bringbackTrumpShuttleNOW
21209	2022-11-07 10:30:12.003863	NonWoke
21212	2022-11-07 10:34:02.75507	Usamade
21213	2022-11-07 10:34:03.353718	buyamericanmade
21220	2022-11-07 10:43:18.765156	SECOND
21221	2022-11-07 10:43:25.978498	QUADRUPLE
21222	2022-11-07 10:44:05.645848	DefundtheFBI
21223	2022-11-07 10:44:20.932945	MUCH
21225	2022-11-07 10:44:46.077084	VERY
21227	2022-11-07 10:46:25.202571	USAMade
21228	2022-11-07 10:46:26.06086	madeintheUSA
21229	2022-11-07 10:53:24.807121	TIMES
21230	2022-11-07 10:55:39.613351	NARA
21231	2022-11-07 10:57:58.732806	CancelTHEM
21234	2022-11-07 10:59:47.985107	DEATHS
21236	2022-11-07 11:03:36.630303	TrumpEffect
21238	2022-11-07 11:09:02.71332	Parallelsociety
21239	2022-11-07 11:09:03.512791	Patriotsunite
21240	2022-11-07 11:10:04.065058	ANYTHING
21241	2022-11-07 11:10:16.442908	FISHING
21242	2022-11-07 11:10:17.329054	FIFTY
21256	2022-11-07 11:32:00.301261	POWERFUL
21295	2022-11-07 12:44:58.74085	TruthSmash
21296	2022-11-07 12:49:44.460967	HAPPY
21301	2022-11-07 13:11:27.179274	KimClement
21303	2022-11-07 13:14:37.264973	PHPnews
21310	2022-11-07 13:25:32.397814	USCOASTGUARD
21349	2022-11-07 17:29:11.893083	Booster
21350	2022-11-07 17:29:12.433346	IAmInvisable17
21351	2022-11-07 17:29:13.019622	DelBigtree
21352	2022-11-07 17:29:13.668914	Del
21353	2022-11-07 17:29:14.149727	Bigtree
21354	2022-11-07 17:30:04.046403	MARKROBINSON
21355	2022-11-07 17:30:04.936056	powerfulspeech
21356	2022-11-07 17:30:05.811948	strengthinnumbers
21357	2022-11-07 17:30:07.032989	mexicansfortump
21358	2022-11-07 17:30:07.801001	Donaldtrump
21359	2022-11-07 17:30:10.195634	TheFreeFolk
16971	2022-10-20 03:30:42.501677	vaxinjuries
16972	2022-10-20 03:32:19.600921	gerrymandering
16979	2022-10-20 03:35:29.678	TheMandalorian
16980	2022-10-20 03:36:53.673317	ILoveFarmers
16982	2022-10-20 03:39:38.305009	MakeTSGreatAgain
16987	2022-10-20 03:43:22.776956	massfomationpsychosis
16998	2022-10-20 03:48:55.913765	kayleighmcenany
16999	2022-10-20 03:48:56.885435	Stevencrowder
17000	2022-10-20 03:48:57.390535	louderwithcrowder
17001	2022-10-20 03:48:57.81184	richardheart
17011	2022-10-20 03:50:31.43458	NoPartySystem
17014	2022-10-20 04:01:28.600105	thisisawar
17018	2022-10-20 04:05:49.65303	firingsquad
17021	2022-10-20 04:09:24.313973	femaleconservatives
17022	2022-10-20 04:10:22.11885	moonride
17024	2022-10-20 04:10:37.620792	Fairtrial
17025	2022-10-20 04:10:38.102962	DueProcess
17026	2022-10-20 04:10:38.518918	unbiasedjury
19712	2022-11-02 13:02:19.243051	alphabetboy
19713	2022-11-02 13:02:19.749194	kylp
19714	2022-11-02 13:02:20.301667	fedboi
19731	2022-11-02 13:06:08.627059	FuckingPissedOff
19732	2022-11-02 13:06:09.041488	FlipTheTables
19783	2022-11-02 13:29:52.576464	stoppedophilia
19784	2022-11-02 13:29:53.454966	PrideIsSin
19793	2022-11-02 13:32:53.727602	abolishthefederalreserve
19797	2022-11-02 13:34:24.869547	stopthewho
19798	2022-11-02 13:34:34.108349	democratsaresoft
19799	2022-11-02 13:34:34.540614	DemocratsAreWeak
19800	2022-11-02 13:34:35.31648	twitterisgay
19801	2022-11-02 13:34:35.768585	elonisasellout
19802	2022-11-02 13:34:36.260377	americanpride
19803	2022-11-02 13:34:58.488582	NoOneIsSafe
19804	2022-11-02 13:34:58.91783	oneworldorder
19805	2022-11-02 13:35:40.425293	occupydhs
19806	2022-11-02 13:35:40.89269	saynototyranny
19830	2022-11-03 00:47:34.805176	defundTheFBI
19831	2022-11-03 00:51:55.897133	ameri
19832	2022-11-03 00:52:27.734235	rep
19833	2022-11-03 03:45:12.964038	crookedgovernment
19834	2022-11-03 05:15:28.17337	Education
19835	2022-11-03 05:16:00.934794	Novena
19836	2022-11-03 05:16:07.569826	Nation
19837	2022-11-03 05:20:43.101406	Goliath
19838	2022-11-03 05:47:17.113351	MarcoPolo
19839	2022-11-03 05:53:43.633531	TheBillofRights
19840	2022-11-03 07:54:05.165469	JFJ6
19841	2022-11-03 09:01:01.99699	Clowns
19842	2022-11-03 09:01:02.571576	NitWit
19843	2022-11-03 09:06:27.22117	dustnationarmy
19844	2022-11-03 09:07:44.833877	FarmersProtests
19845	2022-11-03 09:09:39.553725	Lefties
19846	2022-11-03 09:17:15.809366	CountryFirst
19847	2022-11-03 09:17:57.624928	ResistTyranny
19848	2022-11-03 09:17:58.33712	ConstitutionalRights
19849	2022-11-03 09:17:58.745348	NationalSovereignty
19850	2022-11-03 09:18:02.510616	GND
19851	2022-11-03 09:18:02.958874	BBB
19852	2022-11-03 10:08:39.660532	HOPE
19853	2022-11-03 10:36:33.91824	WokeMIndDisease
19854	2022-11-03 10:44:07.234177	cleanup
19855	2022-11-03 10:44:07.645261	doinggood
19856	2022-11-03 10:44:08.149686	helpingpeople
19857	2022-11-03 12:17:45.70193	ENEMYWITHIN
19858	2022-11-03 14:29:52.622609	MensaMax
19859	2022-11-03 15:37:49.616685	EthanAllen
19860	2022-11-03 15:38:43.73287	JohnJay
19861	2022-11-03 15:38:44.22456	Jay
19862	2022-11-03 15:39:26.884616	ServantOfThePeople
19863	2022-11-03 15:39:27.451951	USDeclarationOfIndependence
19864	2022-11-03 15:39:27.980592	EdmundJenningsRandolph
19865	2022-11-03 15:39:28.466468	Randolph
19866	2022-11-03 15:39:59.957086	AlexanderHamilton
19867	2022-11-03 15:40:00.517043	Hamilton
19868	2022-11-03 15:40:30.305292	SamuelAdams
19869	2022-11-03 15:40:30.818523	Adams
19870	2022-11-03 15:41:21.336736	JamesMonroe
19871	2022-11-03 15:41:21.781334	MonroeDoctrine
19872	2022-11-03 15:41:22.228653	Monroe
19873	2022-11-03 17:42:57.937308	MansaMax
19874	2022-11-03 19:45:27.182024	HUGELY
19875	2022-11-03 19:46:02.865899	ASS
19876	2022-11-03 19:46:49.991692	Astros
19877	2022-11-03 19:46:50.450994	SHITHOLE
19878	2022-11-03 19:47:11.756015	JustinVerlander
19879	2022-11-03 19:47:27.812317	Shitler
19880	2022-11-03 19:47:46.893933	GetAlongDonkey
19881	2022-11-03 19:48:40.760328	MEGAMAGA
19882	2022-11-03 19:48:41.62623	TimeIsAnUnstoppableForceOfNature
19883	2022-11-03 19:51:06.815731	Reformation
19884	2022-11-03 19:51:21.203135	Jankees
19885	2022-11-03 19:51:21.704897	SoreLoser
19886	2022-11-03 19:54:30.622964	Phallies
19887	2022-11-03 19:54:49.397853	TexasTruthAlliance
19888	2022-11-03 19:54:50.812945	RedTsunamiApproaching
19889	2022-11-03 19:59:41.082549	ConwayTwiity
19890	2022-11-03 19:59:57.121226	TrupmGOP
19891	2022-11-03 19:59:58.179051	RED
19892	2022-11-03 19:59:58.615395	IFAPB
19893	2022-11-03 20:00:27.74203	LBJ
19894	2022-11-03 20:00:28.306439	BellHelicopter
19895	2022-11-03 20:01:19.07957	JacobsWell
19896	2022-11-03 20:01:30.914397	Texans
19897	2022-11-03 20:03:38.238731	megamagatrickledown
19898	2022-11-03 20:08:49.232466	AstrosNation
19899	2022-11-03 20:08:49.697638	WS2022
19900	2022-11-03 20:12:00.537577	GM2
19901	2022-11-03 20:23:31.790041	Bomb
19902	2022-11-03 20:23:45.758712	REDSUNAMI
19903	2022-11-03 20:25:23.195178	Altuve
19904	2022-11-03 20:31:48.505298	NYYankees
19905	2022-11-03 20:32:25.913422	libturds
19906	2022-11-03 20:41:21.904813	YankeesKillers
19907	2022-11-03 20:41:22.300071	GuardianSmashers
19908	2022-11-03 20:41:29.435773	JimMcingvale
19909	2022-11-03 20:43:11.529813	TRASH
19910	2022-11-03 20:44:07.285825	williamshatner
19911	2022-11-03 20:47:02.769691	oksanatrump
19912	2022-11-03 20:50:19.969889	WS
19913	2022-11-03 20:50:31.397483	ALCS
19914	2022-11-03 20:50:32.17813	Braves
19915	2022-11-03 20:50:32.657745	NL
19916	2022-11-03 20:52:26.589893	PopCountry
19917	2022-11-03 20:52:27.21535	CountryLegends
19918	2022-11-03 20:52:27.650987	OutlawCountry
19919	2022-11-03 20:52:28.109498	johnnycash
19920	2022-11-03 20:53:40.806439	PermianBasin
19921	2022-11-03 20:53:41.213489	EagleFordShale
19922	2022-11-03 20:54:38.639891	TYPO
19923	2022-11-03 21:09:34.550775	LionsPride
19924	2022-11-03 21:22:35.934494	TexMexNotSex
19925	2022-11-03 21:22:36.491187	Tripas
19926	2022-11-03 21:28:57.697837	StupidOrWhat
19927	2022-11-03 21:28:59.861277	WeAreFaithBased
19928	2022-11-03 21:29:30.548892	texasindependenceday
19929	2022-11-03 21:36:49.541293	TrumpGOP
19930	2022-11-03 21:38:22.235503	Conspiracytheory
16974	2022-10-20 03:32:38.553284	bikersfortrump
16975	2022-10-20 03:33:31.213894	killingit
16981	2022-10-20 03:39:30.975276	checkmarks
16985	2022-10-20 03:42:27.149053	CorruptToTheCore
16986	2022-10-20 03:42:56.489057	thefullenglishshow
16988	2022-10-20 03:47:33.810897	curruptedpoliticians
16989	2022-10-20 03:47:34.358173	CURRUPTDCCOURTS
16990	2022-10-20 03:48:50.28989	fullsend
16991	2022-10-20 03:48:51.352743	RonDeSantis2024
16992	2022-10-20 03:48:51.994249	funnyposts
16993	2022-10-20 03:48:52.247494	candace
16994	2022-10-20 03:48:52.969454	SeanHannity
16995	2022-10-20 03:48:54.224673	OneAmericaNews
16996	2022-10-20 03:48:54.922948	foxnewslive
17002	2022-10-20 03:48:58.400849	pulsechain
17003	2022-10-20 03:48:58.828448	timpool
17004	2022-10-20 03:48:59.284887	timcast
17012	2022-10-20 03:58:55.348741	IAmFree
17013	2022-10-20 04:01:10.46496	stolensovereignty
17015	2022-10-20 04:02:07.10245	MarkEsper
17016	2022-10-20 04:04:40.88653	DuPont
17017	2022-10-20 04:05:49.278799	MFSGA
17019	2022-10-20 04:07:20.387581	GiveMeLibertyorGiveMeDeath
17020	2022-10-20 04:08:21.705857	P63
17023	2022-10-20 04:10:37.142358	24hourfakenews
17027	2022-10-20 04:10:39.247692	werenotfree
17028	2022-10-20 04:18:14.401292	bestspeechevah
17029	2022-10-20 04:19:24.764587	FiveDollarsPerGallon
17030	2022-10-20 04:20:21.656325	DFox
17031	2022-10-20 04:21:33.999532	LiberalismIsACancer
17032	2022-10-20 04:22:19.386891	rkblues
17033	2022-10-20 04:23:02.230819	SeekJesus
17034	2022-10-20 04:23:02.746902	STAND
17035	2022-10-20 04:23:03.462678	AwakenFromTheMatrix
17036	2022-10-20 04:23:40.504809	RememberTheFive
17037	2022-10-20 04:24:59.516767	Jan6thShitShow
17038	2022-10-20 04:25:00.969552	truthislearned
17039	2022-10-20 04:26:11.136793	liarsandabusers
17040	2022-10-20 04:26:38.323026	monkeyseemonkeydo
17041	2022-10-20 04:27:51.338976	MakeAmericaStrongAgain
17042	2022-10-20 04:27:59.043128	survival
17043	2022-10-20 04:27:59.435896	selfsufficient
17044	2022-10-20 04:29:37.811922	RyanKelley
17045	2022-10-20 04:32:30.021343	veteranstories
17046	2022-10-20 04:46:54.231976	SD
17047	2022-10-20 04:46:54.761036	Noem
17048	2022-10-20 04:50:13.672711	crazyshit
17049	2022-10-20 04:54:18.808519	USAconvoy
17050	2022-10-20 04:59:38.416916	weneedjustice
17051	2022-10-20 05:00:15.961211	preserveyourdocuments
17052	2022-10-20 05:00:36.311879	soyboys
17053	2022-10-20 05:01:17.492305	dropitlikeitshot
17054	2022-10-20 05:03:20.996979	food_processing
17055	2022-10-20 05:03:21.41066	food_supply_chain
17056	2022-10-20 05:04:43.670365	droppingbombs
17057	2022-10-20 05:05:04.488767	patriotsawake
17058	2022-10-20 05:06:07.798116	thetruthislearneditsnevertold
17059	2022-10-20 05:06:08.252869	Qarmy
17060	2022-10-20 05:08:22.04141	JeremyHerrell
17061	2022-10-20 05:08:48.388656	Trumped
17062	2022-10-20 05:09:39.857102	Serbian
17063	2022-10-20 05:09:40.325452	HolographicUniverse
17064	2022-10-20 05:09:41.9811	Orange
17065	2022-10-20 05:09:42.588904	ElectricUniverse
17066	2022-10-20 05:09:43.106	StarForts
17067	2022-10-20 05:10:41.625153	DRESDEN
17068	2022-10-20 05:16:18.602846	Katrina
17069	2022-10-20 05:18:58.91705	SamePlayBook
17070	2022-10-20 05:23:09.996388	QueensMatter
17071	2022-10-20 05:23:10.508981	HouseOfOrange
17072	2022-10-20 05:23:18.16189	ClonesAmongUS
17073	2022-10-20 05:23:18.521219	Pensilvania
17074	2022-10-20 05:23:27.093275	liquidGold
17075	2022-10-20 05:23:27.576987	LNG
17076	2022-10-20 05:24:24.921168	Horsham
17077	2022-10-20 05:24:48.833092	poroshenko
17078	2022-10-20 05:26:59.873928	SalvadorRamos
17079	2022-10-20 05:27:18.060065	rico
17080	2022-10-20 05:29:44.005942	ColdDarkWinter
17081	2022-10-20 05:30:27.416889	JacksonHinkle
17082	2022-10-20 05:31:44.440956	IDontThinkTheyEverKnewWhatTheyWereDoing
17083	2022-10-20 05:32:47.226715	uraniumone
17084	2022-10-20 05:32:47.610056	Uranium
17085	2022-10-20 05:32:48.137199	HydrogenPower
17086	2022-10-20 05:32:48.637136	dioxides
17087	2022-10-20 05:33:25.297117	truthmonger
17088	2022-10-20 05:33:25.772962	truthmouth
17089	2022-10-20 05:33:26.280857	sec
17090	2022-10-20 05:33:27.108481	oratoroftruth
17091	2022-10-20 05:33:27.526048	truthtalksbswalks
17092	2022-10-20 05:33:29.321054	hydroelectric
17093	2022-10-20 05:33:42.649442	Fukushima
17094	2022-10-20 05:34:40.541045	backtothefuture
17095	2022-10-20 05:35:01.642296	projectpegasus
17096	2022-10-20 05:35:13.384643	Inittogether
17097	2022-10-20 05:35:12.652925	BowTies
17098	2022-10-20 05:35:20.604807	bicycle
17099	2022-10-20 05:35:21.016728	NEWS
17100	2022-10-20 05:35:21.041073	JFKJRLives
17101	2022-10-20 05:35:53.25323	paperclipNAZI
17102	2022-10-20 05:35:53.761885	bolshavic
17103	2022-10-20 05:36:01.336887	electionpeddling
17104	2022-10-20 05:36:03.496633	TrumpKnewEverything
17105	2022-10-20 05:36:26.469467	STARFORT
17106	2022-10-20 05:37:00.949832	gassprices
17107	2022-10-20 05:37:02.30897	corruptpoliticians
17108	2022-10-20 05:39:44.672874	sLOVEnia
17109	2022-10-20 05:39:45.355194	Dragons
17110	2022-10-20 05:42:35.25027	BibleHub
17111	2022-10-20 05:42:44.277686	AbortionIsMurder
17112	2022-10-20 05:42:52.285356	TheOmegaMan
17113	2022-10-20 05:42:52.818284	SpecialForces
17114	2022-10-20 05:42:53.368914	OlympicAirways
17115	2022-10-20 05:42:53.897344	1000TalentsPlan
17116	2022-10-20 05:43:17.193224	specialforces
17117	2022-10-20 05:43:17.821557	Vietnamwar
17118	2022-10-20 05:45:01.194187	Decertify2020Election
17119	2022-10-20 05:45:14.744872	ElonGate
17120	2022-10-20 05:45:15.206365	NotreDame
17121	2022-10-20 05:45:15.59289	ReLegion
17122	2022-10-20 05:45:16.061883	Cathedral
17123	2022-10-20 05:45:17.076908	Sprites
17124	2022-10-20 05:45:55.796954	FusionGPS
17125	2022-10-20 05:45:56.269036	TheHammer
17126	2022-10-20 05:45:56.904857	Sony
17127	2022-10-20 05:47:42.83263	timetravel
17128	2022-10-20 05:49:20.337091	MarineLePen
17129	2022-10-20 05:49:20.765928	EmmanuelMacron
17130	2022-10-20 05:50:41.660514	liberalismisamentaldisease
17131	2022-10-20 05:50:42.14926	nikolatesla
17132	2022-10-20 05:55:09.976691	theystoleyourvote
17133	2022-10-20 05:55:25.508779	SHOCKER
17134	2022-10-20 06:02:25.668512	metabiota
17135	2022-10-20 06:02:29.340699	viruses
17136	2022-10-20 06:02:29.036875	JustinBieber
17137	2022-10-20 06:02:30.073679	blackhats
17138	2022-10-20 06:02:30.390185	Rhodium
17145	2022-10-20 06:07:09.920457	heretostay
17146	2022-10-20 06:08:02.237056	thesolution
17147	2022-10-20 06:08:11.404468	endgame
17159	2022-10-20 06:14:34.777132	FollowTheNazis
19931	2022-11-03 21:43:27.118166	FaithInGod
19932	2022-11-03 21:45:59.832301	Zombiecrats
19933	2022-11-03 21:46:29.218854	TheDOJIsCorrupt
19934	2022-11-03 21:46:30.09694	TheSwampCriminals
21360	2022-11-07 17:30:15.766482	ingodwetrust
21361	2022-11-07 17:30:16.321589	takeourcoutryback
21362	2022-11-07 18:22:11.68479	wearenotthesame
21363	2022-11-07 18:55:23.76645	ear
21364	2022-11-07 18:55:24.502051	incline
21365	2022-11-07 18:55:25.257798	call
21366	2022-11-07 18:55:25.812911	long
21367	2022-11-07 22:11:57.973241	sideofbeef
21368	2022-11-07 22:24:45.177382	ignoranceisreal
21369	2022-11-07 23:03:31.229993	ONENATIONUNDERGOD
21370	2022-11-07 23:05:17.79297	TF1
21371	2022-11-08 00:12:40.816268	J6politicalprisoners
21372	2022-11-08 00:12:41.666101	dumbts7500capsule
21373	2022-11-08 00:13:16.913927	dumbTS7500rule
21374	2022-11-08 00:14:20.450785	XTEAM
21375	2022-11-08 00:56:47.345184	MinistryOfDefense
21376	2022-11-08 00:56:57.365158	ArrestWarrants
21377	2022-11-08 00:56:57.852876	MartialLaw
21378	2022-11-08 00:57:20.964964	JohnFetterneck
21379	2022-11-08 00:57:33.06592	SeditionFree
21380	2022-11-08 01:00:46.220776	ME1
21381	2022-11-08 01:06:32.657367	HellOnEarth
21382	2022-11-08 01:07:02.649959	PresidentialElection
21383	2022-11-08 01:14:04.310244	TrueBelievers
21384	2022-11-08 01:15:42.294488	TheLeft
21385	2022-11-08 01:22:35.5408	Bioterrorists
21386	2022-11-08 01:23:23.080606	PushedNarrative
21387	2022-11-08 01:33:32.293681	MurchMadness
21388	2022-11-08 01:35:01.980351	ScreenRecording
21389	2022-11-08 01:35:15.013673	NextVideo
21390	2022-11-08 01:40:59.972399	TONE
21391	2022-11-08 01:42:16.134043	SpecialAirMission
21392	2022-11-08 01:42:27.644562	ValleyForge
21393	2022-11-08 01:42:28.115679	RevolutionaryWar
21394	2022-11-08 01:42:28.470686	ReaganAirport
21395	2022-11-08 01:47:58.164994	Event201
21396	2022-11-08 01:48:07.356322	HandleTheMedia
21397	2022-11-08 01:49:08.452223	StormTweets
21398	2022-11-08 01:50:49.14481	NovemberSurprises
21399	2022-11-08 01:51:14.16155	OpenSource
21400	2022-11-08 01:55:16.293185	AlbertaPremier
21401	2022-11-08 01:55:24.429956	VaxxStatus
21402	2022-11-08 01:56:40.149399	PatrioticAmericans
21403	2022-11-08 02:09:59.963672	StopTheInvasion
21409	2022-11-08 02:17:03.058849	SorryNotSorry
21410	2022-11-08 02:22:40.045126	IllegitimateRegime
21411	2022-11-08 02:31:13.537483	ItsGonnaBeBiblical
21412	2022-11-08 02:34:11.408069	AndersonCooper
21413	2022-11-08 02:39:28.337274	CanadianDoctors
21414	2022-11-08 02:39:40.65678	CMA
21415	2022-11-08 02:40:50.380823	MikeAdams
21416	2022-11-08 02:42:12.610937	DanchenkoAcquittal
21417	2022-11-08 02:42:26.707229	ChurchCommittee
21418	2022-11-08 02:42:27.300739	IntelligenceCommunity
21419	2022-11-08 02:42:55.273017	Gangsters
21420	2022-11-08 02:43:06.496778	AmericanPeople
21421	2022-11-08 02:43:56.172876	godsavethechildren
21422	2022-11-08 03:45:21.497413	FLOTUSMAG
21423	2022-11-08 03:45:21.985546	FLOTUSMKT
21424	2022-11-08 04:52:05.338637	WheresTheClientList
21425	2022-11-08 04:56:02.23949	Militaryistheonlyway
21426	2022-11-08 05:09:40.440571	USConstitutionMatters
21427	2022-11-08 08:13:47.119638	MagaAgain
21428	2022-11-08 08:49:33.943652	ProtectYourAssets
21429	2022-11-08 09:07:31.995695	PAGov
21430	2022-11-08 13:05:02.40703	RiggedMACHINES
21431	2022-11-08 13:25:53.023085	opiumwars
21432	2022-11-08 13:25:53.688928	fetanylwar
21433	2022-11-08 13:28:09.195102	16yearplan
21434	2022-11-08 14:13:49.022892	Global
21435	2022-11-08 19:50:25.700566	KenoshaHatTrick
21436	2022-11-08 20:06:47.092898	newmexico
21437	2022-11-08 20:31:59.204467	BOYCOTTCAMPINGWORLD
21438	2022-11-08 21:03:47.452711	TTA
21439	2022-11-08 22:02:10.055598	CULT
21440	2022-11-08 22:04:59.611558	TN
21441	2022-11-08 22:11:15.0633	Ringo
21442	2022-11-08 22:11:28.852275	UGA
21443	2022-11-08 22:15:37.854521	nancysgayhusband
21444	2022-11-08 22:25:00.528021	Imperialism
21445	2022-11-08 22:25:01.015682	Ireland
21446	2022-11-08 22:25:01.507182	IrishRepublic
21447	2022-11-08 22:25:02.075177	IrishRepublican
21448	2022-11-08 22:25:02.527074	IrishRepublicanism
21449	2022-11-08 22:25:03.626951	Republicanism
21450	2022-11-08 22:25:04.367038	BritishOccupation
21451	2022-11-08 22:25:04.983045	OccupationOfIreland
21452	2022-11-08 22:25:05.484472	SixCounties
21453	2022-11-08 22:25:06.023539	FreeState
21454	2022-11-08 22:25:06.454972	IrishFreedom
21455	2022-11-08 22:25:07.032077	Saoirse
21456	2022-11-08 22:25:07.543407	Poblacht
21457	2022-11-08 22:25:07.960651	Poblachtach
21458	2022-11-08 22:25:08.459654	%C3%89ire
21459	2022-11-08 22:25:09.035272	Poblachtnah%C3%89ireann
21460	2022-11-08 22:25:09.483008	Poblachtach%C3%89ireannach
21461	2022-11-08 22:25:10.063316	%C3%89ireannach
21462	2022-11-08 22:25:10.511745	%C3%89ireannaigh
21463	2022-11-08 22:25:11.063319	IrishUnity
21464	2022-11-08 22:25:11.539151	Aontacht
21465	2022-11-08 22:25:12.023208	Aontaithe
21466	2022-11-08 22:25:13.503726	Ceannas
21467	2022-11-08 22:25:14.044959	IrelandForTheIrish
21468	2022-11-08 22:25:14.635897	%C3%89ireNua
21471	2022-11-08 22:27:29.18648	Block
21472	2022-11-08 22:27:30.051567	Mute
21473	2022-11-08 22:31:04.271128	Stalker
21474	2022-11-08 22:31:04.782267	Doxxer
21475	2022-11-08 22:31:41.552089	Likes
21476	2022-11-08 22:33:08.894973	blocktime
21477	2022-11-08 22:33:10.119164	Bitch
21481	2022-11-08 22:44:14.219818	Freak
21483	2022-11-08 22:52:00.436689	Cosmetics
21484	2022-11-08 22:52:01.115996	Revlon
21485	2022-11-08 22:52:01.717077	Bankruptcy
21486	2022-11-08 22:55:59.976825	Traitorous
21487	2022-11-08 22:56:00.722167	Sellout
21488	2022-11-08 23:01:55.48491	HarveyWeinstein
21489	2022-11-08 23:04:49.883905	rooseveltdalesandro
21490	2022-11-08 23:04:51.053972	mafia
21491	2022-11-08 23:04:51.724481	mob
21492	2022-11-08 23:08:33.761064	Robbery
21493	2022-11-08 23:10:47.700961	dumb
21494	2022-11-08 23:36:16.104913	VinceDooley
21495	2022-11-08 23:36:16.597012	HOF
21496	2022-11-08 23:47:07.793054	Embarrassing
21497	2022-11-09 00:19:28.28115	BasementDummy
17139	2022-10-20 06:03:21.733459	peterdaszak
17150	2022-10-20 06:08:57.101656	LyingLiberals
17154	2022-10-20 06:10:06.656956	timelines
17156	2022-10-20 06:11:11.664801	YOU
17162	2022-10-20 06:16:56.280547	Juneteeth
17164	2022-10-20 06:17:22.830839	thehealingshare
17165	2022-10-20 06:17:29.050089	StillYourPresident
19935	2022-11-03 21:49:09.8092	Hashtags
19936	2022-11-03 21:49:57.121687	WeAreReady
19937	2022-11-03 21:54:13.64096	AmadeoRossi
19938	2022-11-03 21:54:14.134394	FNFiveseveN
19939	2022-11-03 21:56:44.805039	RepublicanWomen
19940	2022-11-03 21:58:21.27815	HogKilling
19941	2022-11-03 22:01:59.293062	WINO
19942	2022-11-03 22:03:49.692969	Defimation
19943	2022-11-03 22:05:41.720548	FHB
19944	2022-11-03 22:05:42.250079	FTBA
19945	2022-11-03 22:08:07.946739	NYMets
19946	2022-11-03 22:09:20.855469	RottenApple
19947	2022-11-03 22:10:45.010305	WhoopiGoldberg
19948	2022-11-03 22:11:08.744979	TRIGGERING
19949	2022-11-03 22:21:46.072976	FrogFart
19950	2022-11-03 22:22:04.398306	whoopigoldbergisaracist
19951	2022-11-03 22:22:04.882677	contentofcharacter
19952	2022-11-03 22:22:05.426849	nospecialrights
19953	2022-11-03 22:25:31.628876	BOSSTRAINS
19954	2022-11-03 22:29:36.370938	FrogTurds
19955	2022-11-03 22:30:19.39227	VPN
19956	2022-11-03 22:30:19.983091	GoogleGoon
19957	2022-11-03 22:30:50.315626	GoggleGoon
19958	2022-11-03 22:31:14.043366	GoogleGoons
19959	2022-11-03 22:36:17.783196	JohnCornyn
19960	2022-11-03 22:36:31.146329	TexasSenator
19961	2022-11-03 22:38:19.745648	WAKEUPAMERICA
19962	2022-11-03 22:39:17.272162	MORONS
19963	2022-11-03 22:40:22.365053	RealRawNewsNut
19964	2022-11-03 22:40:47.893274	MORON
19965	2022-11-03 22:41:50.106957	Lake
19966	2022-11-03 22:44:01.794213	TyrranicalGovernment
19967	2022-11-03 22:44:44.560205	MassPsychosis
19968	2022-11-03 22:45:04.827237	EVILPelosi
19969	2022-11-03 22:45:05.404617	EvilDems
19970	2022-11-03 22:45:31.761915	EvilPelosi
19971	2022-11-03 22:45:41.016978	TwitterTurd
19972	2022-11-03 22:47:42.830107	ViragoTactical
19973	2022-11-03 22:48:25.841112	tejasvstyranny
19974	2022-11-03 22:49:24.490604	Hilarious
19975	2022-11-03 22:52:59.880979	DicksSportingGoods
19976	2022-11-03 22:54:45.337001	TEXASTRUTHALLIANCE
19977	2022-11-03 22:58:16.834127	Racists
19978	2022-11-03 23:05:03.571436	MAGAKING2
19979	2022-11-03 23:06:35.67316	BOSSYRAIN
19980	2022-11-03 23:12:12.557125	PATRIOTSUNITED
19981	2022-11-03 23:13:59.345012	LiberalLogicIgnorance
19982	2022-11-03 23:14:29.625123	Crazy
19983	2022-11-03 23:19:26.138667	REDALERT
19984	2022-11-03 23:20:28.515104	TruthTips
19985	2022-11-03 23:21:20.347634	TrutTips
19986	2022-11-03 23:22:14.882229	AGREED
19987	2022-11-03 23:22:27.85287	CrypticTruth
19988	2022-11-03 23:25:49.760642	SocialistMediaPlatform
19989	2022-11-03 23:26:47.408946	SunsetGrill
19990	2022-11-03 23:29:36.194687	NY
19991	2022-11-03 23:30:16.678975	Threads
19992	2022-11-03 23:32:22.057098	6thAmendment
19993	2022-11-03 23:32:47.766844	TruePatriots
19994	2022-11-03 23:33:05.132641	FathInGod
19995	2022-11-03 23:35:21.353607	BluesAssery
19996	2022-11-03 23:36:32.69865	Zombicrats
19997	2022-11-03 23:41:44.252672	Patiots
19998	2022-11-03 23:43:00.640729	DCSwampCreatures
19999	2022-11-03 23:43:01.409703	SWAMPDC
20000	2022-11-03 23:43:02.006156	ZOMBIECRATS
20001	2022-11-03 23:45:01.144558	ShiftySchiff
20002	2022-11-03 23:45:01.674513	DCSwampBarr
20003	2022-11-03 23:48:29.548608	WAKETHEFUCKUPAMERICA
20004	2022-11-03 23:50:15.478924	TinFoilHatsMorphingInto
20005	2022-11-03 23:53:12.12616	SWAMP
20006	2022-11-03 23:54:20.236698	PixeePatriotTrain
20007	2022-11-03 23:56:30.790885	Executioner
20008	2022-11-03 23:58:17.752713	GreatestHitsAlbum
20009	2022-11-04 00:06:51.848818	JACK
20010	2022-11-04 00:06:59.730452	PUPPETOFTHELEFT
20011	2022-11-04 00:10:07.144648	FukWads
20012	2022-11-04 00:10:41.048703	TheHeroWeNeed
20013	2022-11-04 00:13:02.861397	TinFoilHat
20014	2022-11-04 00:16:38.79312	RATIO
20015	2022-11-04 00:22:13.956552	TheWorm
20016	2022-11-04 00:23:24.039434	FNFiveSeven
20017	2022-11-04 00:24:36.234509	UnderSiege
20018	2022-11-04 00:24:48.160856	Zombiecrat
20019	2022-11-04 00:26:39.288917	DUMBASS
20020	2022-11-04 00:27:45.51357	DEM
20021	2022-11-04 00:29:43.184419	Ratio
20022	2022-11-04 00:30:37.327825	Newbies
20023	2022-11-04 00:31:08.012069	TexasLovesTrump
20024	2022-11-04 00:31:19.657521	Touchee
20025	2022-11-04 00:31:55.434477	GulfCoastOysters
20026	2022-11-04 00:32:56.230934	Ditto
20027	2022-11-04 00:33:48.808886	LiberalLogicLoonies
20028	2022-11-04 00:35:34.440516	LiberalLoonies
20029	2022-11-04 00:35:35.028254	Morons
20030	2022-11-04 00:36:12.452383	FakeTan
20031	2022-11-04 00:36:48.770465	PrideMonth2022
20032	2022-11-04 00:37:15.431816	PrideMonthPTSD
20033	2022-11-04 00:37:29.234891	McRib
20034	2022-11-04 00:37:58.336346	MrWizard
20035	2022-11-04 00:40:44.82705	BIGGESTRINOEVER
20036	2022-11-04 00:41:00.984583	KILLARY
20037	2022-11-04 00:42:08.469359	SarchoticTendencies
20038	2022-11-04 00:42:44.964817	moron
20039	2022-11-04 00:43:37.684681	BoycottFox
20040	2022-11-04 00:45:21.984383	MOTTO
20041	2022-11-04 00:46:18.350646	Message
20042	2022-11-04 00:46:18.817582	PrayForUvalde
20043	2022-11-04 00:46:19.249018	PRAYFORUSALL
20044	2022-11-04 00:49:44.300718	TheBitchFauci
20045	2022-11-04 00:56:08.414382	DJTJR
20046	2022-11-04 00:56:51.688741	MemorialDayWeekEnd
20047	2022-11-04 00:57:13.313166	DoppleGangers
20048	2022-11-04 00:57:37.189175	RussianCollusionHoax
20049	2022-11-04 00:58:21.700653	TruthPolice
20050	2022-11-04 00:58:22.252716	Threat
20051	2022-11-04 00:59:15.130938	TexasProud
20052	2022-11-04 00:59:15.620062	ImpeachBidenNow
20053	2022-11-04 00:59:47.523361	Sarcastic
20054	2022-11-04 01:00:44.269028	Choke
20055	2022-11-04 01:00:44.772819	WokeChoke
20056	2022-11-04 01:01:51.273906	IAFPB
20057	2022-11-04 01:01:58.721102	NoTwitterTrolls
20058	2022-11-04 01:01:59.220808	LibTardsRuinEveything
20059	2022-11-04 01:02:00.083891	TexasPatriots
20060	2022-11-04 01:02:20.003712	ManCard
20061	2022-11-04 01:03:15.828892	IAFBAP
20062	2022-11-04 01:03:37.396695	Sarchotic
20063	2022-11-04 01:04:15.496855	Aware
20064	2022-11-04 01:05:23.507147	IAFBP
20065	2022-11-04 01:05:49.552171	PrayForTheFamilies
20070	2022-11-04 01:09:06.667008	Hype
17140	2022-10-20 06:03:22.461051	LabLeak
17141	2022-10-20 06:04:06.361195	wearenolongerfree
17142	2022-10-20 06:04:06.850669	nowwhat
20066	2022-11-04 01:05:50.11093	RememberTheAlamo
20067	2022-11-04 01:06:13.713902	DueDiligence
20068	2022-11-04 01:08:44.283347	KISS
20069	2022-11-04 01:08:44.800822	KingsOfHype
20071	2022-11-04 01:11:16.929362	MoneyPox
20072	2022-11-04 01:11:43.507744	Bucees
20073	2022-11-04 01:11:59.477598	RaiseGasPrices
20074	2022-11-04 01:11:59.954559	Buc
20077	2022-11-04 01:13:31.736698	Manners
20084	2022-11-04 01:27:26.036699	Awesomeness
20087	2022-11-04 01:32:10.49397	BullShit
20088	2022-11-04 01:32:11.573894	FYMZ
20094	2022-11-04 01:34:29.680845	CensoringSucks
20095	2022-11-04 01:34:30.176309	NotRight
20102	2022-11-04 01:38:57.756852	DamnStraight
20112	2022-11-04 01:42:36.862968	LiberalLeftist
20113	2022-11-04 01:42:37.826314	RaceCard
21404	2022-11-08 02:10:31.100571	FJT
21405	2022-11-08 02:11:45.668144	NaturalRhythm
21406	2022-11-08 02:14:38.702427	JusticeSystem
21407	2022-11-08 02:16:02.843952	wakupalready
21408	2022-11-08 02:16:04.611948	VOTETED2022
21469	2022-11-08 22:25:15.319697	NeitherKingNorKaiser
21470	2022-11-08 22:25:15.854592	NotForLondonNorForRome
21478	2022-11-08 22:36:02.137067	Pathetic
21479	2022-11-08 22:37:39.575919	JosephGoebbels
21480	2022-11-08 22:37:53.055624	NAZI
21482	2022-11-08 22:45:36.847783	unacceptable
21498	2022-11-09 00:24:21.376635	PandererInChief
21499	2022-11-09 00:34:17.211565	lying
21500	2022-11-09 00:34:17.786142	freak
17143	2022-10-20 06:05:19.240527	KayneWest
17155	2022-10-20 06:10:32.796476	bondsforthewin
17158	2022-10-20 06:14:34.273703	followthewhiterabbit
17160	2022-10-20 06:15:06.709612	liquidgold
17161	2022-10-20 06:16:32.46344	identify
17167	2022-10-20 06:20:07.024382	MoonkeyPox
17175	2022-10-20 06:22:04.617885	oxygen
17182	2022-10-20 06:25:39.201354	d3ltastrqng
17183	2022-10-20 06:25:40.508282	qarmy
17185	2022-10-20 06:26:20.900596	SchlierenEffect
17196	2022-10-20 06:31:31.048605	ElonisTheWizzardofOz
17207	2022-10-20 06:39:25.336537	WipeTheFloor
20075	2022-11-04 01:13:02.965556	TexasLife
20078	2022-11-04 01:13:32.284668	BoutThatTime
20085	2022-11-04 01:31:00.468695	Negro
20086	2022-11-04 01:31:08.67271	UltraLiar
20089	2022-11-04 01:32:35.732651	SnowFlakes
20090	2022-11-04 01:32:51.055451	FakeChecking
20091	2022-11-04 01:32:51.828603	UltraLie
20092	2022-11-04 01:33:06.112921	Silenced
20093	2022-11-04 01:33:06.911248	Censoring
20098	2022-11-04 01:38:10.540734	Great
20099	2022-11-04 01:38:10.905279	Zobiecrats
21501	2022-11-09 00:34:51.752799	BLOCK
21502	2022-11-09 01:02:56.787895	BITCH
21503	2022-11-09 01:04:22.000713	repulsiveanddepraved
21504	2022-11-09 01:27:20.772712	Orchestrated
21505	2022-11-09 01:27:21.296634	Intentional
21506	2022-11-09 01:40:29.24947	Typical
21507	2022-11-09 07:13:25.444635	They
21508	2022-11-09 12:49:37.42343	bidenhasgottogo
21509	2022-11-09 12:51:04.439785	democratsaredumb
21510	2022-11-09 14:12:57.291637	bathrooms
21511	2022-11-09 14:22:00.265433	proudrepublican
21512	2022-11-09 14:59:00.904642	stopthegenocide
21513	2022-11-09 15:01:59.404531	FALLENVETERANS
21514	2022-11-09 15:04:32.469272	climate
21515	2022-11-09 18:32:17.173257	MonkeyPoxPlandemic2
21516	2022-11-09 19:26:14.298555	TRUMP2022
21517	2022-11-09 20:27:36.115606	MakeAmerica80sAgain
21518	2022-11-09 20:41:40.671223	NationalRelaxationDay
21519	2022-11-09 20:42:58.416532	FirstDayOfSummer
21520	2022-11-09 21:16:04.093932	LiveLocal
21521	2022-11-09 21:48:07.780687	SwamperSeifried
21522	2022-11-09 21:54:08.669145	WeAreAllinThisTogether
21523	2022-11-09 22:06:36.410597	SheriffStrategy
21524	2022-11-09 22:06:46.180694	10A
21525	2022-11-09 22:19:28.337345	DefundSin
21526	2022-11-09 22:23:22.646205	NewSponsor
21527	2022-11-09 23:00:48.660576	SaveArizona
21528	2022-11-09 23:03:16.103206	SmoothBrain
21529	2022-11-09 23:16:32.876921	Zuckerbergsucks
21530	2022-11-09 23:21:31.841081	AmericaLoveTRUMP
21531	2022-11-09 23:21:46.481394	AmericaLovesTrump
21532	2022-11-09 23:27:45.465184	silverlining
21533	2022-11-09 23:33:07.180805	MAGA3X
21534	2022-11-09 23:33:14.366814	RedpillRoadshow
21535	2022-11-10 02:17:18.77597	AZGOP
21536	2022-11-10 02:36:37.264298	SB1165
21537	2022-11-10 02:43:55.085215	WeDemandHonestElections
21538	2022-11-10 02:50:32.581049	StudentsForKari
21539	2022-11-10 02:50:42.695785	tennesseefootball
21540	2022-11-10 02:50:49.127989	georgiafootball
21541	2022-11-10 04:22:42.887131	WhatIsAJagoff
21542	2022-11-10 04:32:31.540599	doug4gov
21543	2022-11-10 04:42:26.240595	bullriding
21544	2022-11-10 04:53:13.592878	LD9
21545	2022-11-10 04:57:03.484681	deepseafishing
21546	2022-11-10 04:59:16.911861	FirstRespondersForKari
21547	2022-11-10 05:00:14.532621	BeerClubForMen
21548	2022-11-10 05:01:03.387963	AirQ
21549	2022-11-10 05:02:12.31665	BigTentEvent
21550	2022-11-10 05:03:19.752533	Flashpoint
21551	2022-11-10 05:03:40.670338	FlashpointAZ
21552	2022-11-10 05:06:24.311722	RightToKnow
21553	2022-11-10 05:14:47.806422	FouledUpFontes
21554	2022-11-10 05:16:51.579342	AZSchoolChoice
21555	2022-11-10 05:17:29.02848	HeartbeatBill
21556	2022-11-10 05:18:29.856248	DeclineToSign
21557	2022-11-10 05:21:00.510115	FullBlownMAGA
21558	2022-11-10 05:25:02.299852	TigerMom
21559	2022-11-10 05:26:04.173031	SweetGrandma
21560	2022-11-10 05:30:18.513134	WeLoveIt
21561	2022-11-10 05:35:13.142459	trumpsaid
21562	2022-11-10 05:39:40.485203	LD1
21563	2022-11-10 05:40:07.161276	criticalracetheory
21564	2022-11-10 05:45:19.592942	maralargo
21565	2022-11-10 05:58:11.530207	Fellowship
21566	2022-11-10 05:58:17.748768	PraiseMusic
21567	2022-11-10 06:02:28.307566	AZ02
21568	2022-11-10 06:07:25.527272	AR02
21569	2022-11-10 06:08:32.883438	NoBlueHelmets
21570	2022-11-10 06:20:29.293289	SweetGrandmas
21571	2022-11-10 06:28:05.130102	FortressAmerica
21572	2022-11-10 07:32:23.52172	BreitbartNewsDaily
21573	2022-11-10 07:45:40.910379	Marine
21574	2022-11-10 07:59:30.749099	DECLAS
21575	2022-11-10 08:06:33.617054	Dirty51
21576	2022-11-10 08:18:44.277741	FederalBureauofInsurrection
21577	2022-11-10 08:27:03.782163	Blackpill
21578	2022-11-10 10:13:12.78489	SomosAmericano
21579	2022-11-10 10:13:19.108724	SoyAmericano
21580	2022-11-10 10:43:15.309081	OKSen
21581	2022-11-10 11:32:04.957972	Bongino
21582	2022-11-10 14:05:20.641405	fakeinsurrection
21583	2022-11-10 14:49:01.393621	BattleBorn
21584	2022-11-10 14:51:26.105372	BasedApparel
21585	2022-11-10 14:57:09.319556	ReAwakenTour
21587	2022-11-10 15:23:09.839053	TruthSocia
21588	2022-11-10 15:35:23.458011	ThePlotAgainsttheKing
21589	2022-11-10 16:07:34.366843	winnig
21590	2022-11-10 16:15:26.605682	GeorgiaRunoff
21591	2022-11-10 16:15:32.598629	ArizonaElection
21593	2022-11-10 18:07:43.73334	GA10
21594	2022-11-10 18:10:10.342958	FeelTheVern
21595	2022-11-10 18:27:27.370507	Satoshi
21596	2022-11-10 18:38:18.617478	PedoHitIer
21597	2022-11-10 18:47:37.575424	Pennsylvanians
21598	2022-11-10 18:47:49.254774	Penn
21599	2022-11-10 19:09:27.834105	PaulPelosiSmollett
17144	2022-10-20 06:05:37.703374	Vrilly
17148	2022-10-20 06:08:12.457881	agenda2030
17149	2022-10-20 06:08:12.910174	globalreset
17151	2022-10-20 06:09:17.257496	Unionbusting
17152	2022-10-20 06:09:52.145681	JasonBourne
17153	2022-10-20 06:09:59.292735	SpanishFlu
17157	2022-10-20 06:14:26.556564	goosebumps
17163	2022-10-20 06:17:18.144861	thepedophiledisclosureproject
17166	2022-10-20 06:19:38.598902	freedomfortruth
17168	2022-10-20 06:20:19.763072	monkeypocks
17169	2022-10-20 06:20:20.220546	chattle
17170	2022-10-20 06:20:33.780856	borderinvasion
17171	2022-10-20 06:20:45.044793	smallpox
17172	2022-10-20 06:21:02.696182	TaxationNotRepresentation
17173	2022-10-20 06:21:09.011687	wormwood
17174	2022-10-20 06:22:04.077388	Hydrogen
17176	2022-10-20 06:23:08.608628	season
17177	2022-10-20 06:24:04.165823	Oxygen
17178	2022-10-20 06:24:04.561391	LiquidNaturalgas
17179	2022-10-20 06:24:13.149782	KariLak
17180	2022-10-20 06:24:50.204623	TradeDeficit
17181	2022-10-20 06:25:28.898848	FreeEnergy
17184	2022-10-20 06:26:10.61257	FauciisaJesuit
17186	2022-10-20 06:26:55.940715	EnergyWars
17187	2022-10-20 06:27:01.154982	ItsJustLogic
17188	2022-10-20 06:27:01.931135	HyperbaricChamber
17189	2022-10-20 06:27:23.573988	Siberia
17190	2022-10-20 06:28:10.375354	whataboutism
17191	2022-10-20 06:29:22.644666	BranchCovidianCult
17192	2022-10-20 06:30:29.324437	veil
17193	2022-10-20 06:30:58.260575	wizardsandwarlocks
17194	2022-10-20 06:30:58.716724	wizardofoz
17195	2022-10-20 06:31:22.576394	GoldTie
17197	2022-10-20 06:31:53.557165	TimesUp
17198	2022-10-20 06:34:49.389272	MindCraft
17199	2022-10-20 06:34:50.252856	leylines
17200	2022-10-20 06:34:50.794632	steel
17201	2022-10-20 06:34:51.312892	Gold
17202	2022-10-20 06:34:51.800354	Iron
17203	2022-10-20 06:34:52.312884	uranium
17204	2022-10-20 06:34:58.396552	MinisterofTruth
17205	2022-10-20 06:37:32.164529	BloodMoonEclipse
17206	2022-10-20 06:37:32.636611	GoldenDawn
17208	2022-10-20 06:39:47.260743	ComeysHammer
17209	2022-10-20 06:39:47.841029	targetedindividual
17210	2022-10-20 06:39:48.284505	Gangstalking
17211	2022-10-20 06:40:02.231294	BranchCovidians
17212	2022-10-20 06:42:22.409522	PersonalResponsibility
17213	2022-10-20 06:42:23.632215	Drug
17214	2022-10-20 06:42:24.129887	Rehab
17215	2022-10-20 06:42:24.528281	welfare
17216	2022-10-20 06:42:24.916405	DontVoteDemocrat
17217	2022-10-20 06:49:47.285971	ZacharyBrownForever25
17218	2022-10-20 06:54:29.517357	LiveforJesus
17219	2022-10-20 07:00:47.128992	GermanShepherd
17220	2022-10-20 07:23:27.3479	ARRESTS
17221	2022-10-20 07:26:23.40791	WWGOWGA
17222	2022-10-20 07:34:06.263791	LaraLogan
17223	2022-10-20 07:48:13.132155	RussiaRussiaRussia
17224	2022-10-20 07:52:33.891927	ConstitutionalTrain
17225	2022-10-20 08:01:34.52371	INJESUSNAMEAMEN
17226	2022-10-20 08:02:03.315799	GOATPOTUS
17227	2022-10-20 08:02:04.53601	MAGA2
17228	2022-10-20 08:02:05.044143	Correct
17229	2022-10-20 08:02:27.176391	kjv
17230	2022-10-20 08:02:54.960017	AlBore
17231	2022-10-20 08:07:28.51735	Groomercrats
17232	2022-10-20 08:07:28.991543	predators
17233	2022-10-20 08:07:30.26282	Groomerphobe
17234	2022-10-20 08:10:47.445918	BoycottMotts
17235	2022-10-20 08:15:44.111623	BOYCOTTFOXNEWS
17236	2022-10-20 08:15:44.560187	FOXSUCKS
17237	2022-10-20 08:27:24.454491	RuleOfLaw
17238	2022-10-20 08:27:39.381357	governmentcriminals
17239	2022-10-20 08:49:46.707997	StephenMiller
17240	2022-10-20 08:49:59.667931	FollowMeIfYouWantToLive
17241	2022-10-20 09:03:04.648882	protected
17242	2022-10-20 09:03:05.21629	ChristineBlaseyFord
17243	2022-10-20 09:03:05.967978	she
17244	2022-10-20 09:03:06.50607	DoubleStandards
17245	2022-10-20 09:03:07.201888	man
17246	2022-10-20 09:03:07.953826	alone
17247	2022-10-20 09:03:08.639349	joinmytrumptrain
17248	2022-10-20 09:03:09.792209	trumpappointed
17249	2022-10-20 09:07:04.418404	dropdisney
17250	2022-10-20 09:10:16.645701	snl
17251	2022-10-20 09:10:17.143552	Rare
17252	2022-10-20 09:37:56.920212	tinotales
17253	2022-10-20 09:37:57.375003	patriotdrive
17254	2022-10-20 09:42:27.706322	NaziDemocrats
17255	2022-10-20 09:42:28.573659	DOJGestapo
17256	2022-10-20 10:07:50.525478	RareEarths
17257	2022-10-20 10:07:51.052474	Environmental
17258	2022-10-20 10:13:38.996004	FreedomCaucus
17259	2022-10-20 10:35:05.808898	warningLabels
17260	2022-10-20 10:46:50.485416	HumanTraffickers
17261	2022-10-20 13:30:46.058476	carownervirus
17262	2022-10-20 13:30:46.783006	NotPutinPriceHike
17263	2022-10-20 13:35:04.526893	USAcommunity
17264	2022-10-20 13:38:13.906131	encourage
17265	2022-10-20 13:38:15.533066	World
17266	2022-10-20 13:38:17.85821	SocialismKills
17267	2022-10-20 13:38:21.604437	winner
17268	2022-10-20 15:20:20.654186	j24
17269	2022-10-20 15:32:37.48069	FreakShow
17270	2022-10-20 15:34:09.857443	CONSTITUTION
17271	2022-10-20 15:34:10.385212	RedFlag
17272	2022-10-20 15:37:30.021533	murderattempt
17273	2022-10-20 15:51:26.563423	GovDesantis
17274	2022-10-20 15:57:26.385376	inmagnaexcitatio
17275	2022-10-20 16:04:00.170036	groceries
17276	2022-10-20 16:10:10.849929	NotGonnaHappen
17277	2022-10-20 16:23:37.102422	Mongolia
17278	2022-10-20 16:30:10.990206	NationalWildlifeDay
17279	2022-10-20 16:30:40.789897	OwnedByCourtney
17280	2022-10-20 16:40:35.793864	Virus
17281	2022-10-20 16:41:40.241799	tritttruth
17282	2022-10-20 16:42:45.08997	kingofrockandroll
17283	2022-10-20 16:42:45.828698	elvisforever
17284	2022-10-20 16:43:10.741835	TrittTruth
17285	2022-10-20 16:49:07.555741	AmwricaFirst
17286	2022-10-20 16:49:37.398382	Jan6thHearings
17287	2022-10-20 16:49:38.357953	DemocratsdestroyingAmerica
17288	2022-10-20 16:55:15.893469	LovePresidentTrump
17289	2022-10-20 16:56:15.006902	FlushSchiff
17290	2022-10-20 16:57:02.191345	jeffbezos
17291	2022-10-20 16:57:02.753932	asshat
17292	2022-10-20 16:57:03.257782	boycottamazon
17293	2022-10-20 16:57:03.788296	chinaownsbiden
17294	2022-10-20 16:57:13.15959	aocick
17295	2022-10-20 16:57:13.597285	aoctrash
17296	2022-10-20 16:59:25.093194	TinaToon
17297	2022-10-20 17:00:38.825921	6thjanuary
17298	2022-10-20 17:11:16.18579	washedupRINO
17299	2022-10-20 17:11:54.246296	megamoron
17300	2022-10-20 17:11:54.945625	ultramoron
17301	2022-10-20 17:14:22.70996	crazybuttrue
17302	2022-10-20 17:26:36.385459	based
17303	2022-10-20 17:31:50.053446	GoodGuyWithAGun
17304	2022-10-20 17:39:20.253769	bidenburger
17305	2022-10-20 17:39:21.282648	devinnunez
17306	2022-10-20 17:48:04.085623	myLtGov
17307	2022-10-20 18:00:49.209746	truthteller
17308	2022-10-20 18:07:13.799884	SummerOfLove2022
17309	2022-10-20 18:15:01.405606	WarOnWomen
17310	2022-10-20 18:15:07.793472	SaveGirlsSports
17311	2022-10-20 18:34:15.546262	45theGOAT
17312	2022-10-20 18:53:00.509571	SnifferInChief
17313	2022-10-20 18:58:50.870003	WeMakeAmericaGreatAgain
17314	2022-10-20 19:01:27.801412	TheLeftIsCrazy
17315	2022-10-20 19:31:22.342421	MakeAmericaFlorida
17316	2022-10-20 19:34:51.47565	45GOAT
17317	2022-10-20 20:17:45.392234	NEONDEFENDER
17318	2022-10-20 20:18:43.769932	%F0%9D%99%BC%F0%9D%99%B0%F0%9D%99%B6%F0%9D%99%B0
17319	2022-10-20 21:38:59.011895	coaching
17320	2022-10-20 21:38:59.493293	lifequotes
17321	2022-10-20 21:38:59.968341	lifegoals
17322	2022-10-20 21:39:06.665674	winter
17323	2022-10-20 21:39:07.429919	animation
17324	2022-10-20 21:39:07.808542	classiccartoons
17325	2022-10-20 21:39:11.405621	selfhelp
17326	2022-10-20 21:39:13.382697	confidence
17327	2022-10-20 21:39:22.829062	foursigmaticcoffee
17328	2022-10-20 21:39:24.896537	mushrooms
17329	2022-10-20 21:39:25.308875	yummy
17330	2022-10-20 21:39:26.400179	coffeeaddict
17331	2022-10-20 21:39:27.569976	coffeebreak
17332	2022-10-20 21:39:28.034985	coffeeshorts
17333	2022-10-20 21:39:46.050846	fullmovie
17334	2022-10-20 21:39:46.580357	western
17335	2022-10-20 21:39:47.084467	cowboys
17336	2022-10-20 21:39:47.545438	westernmovies
17337	2022-10-20 21:39:53.775412	fundraiser
17338	2022-10-20 21:39:58.053168	finances
17339	2022-10-20 21:39:58.59795	financialsupport
17340	2022-10-20 21:40:26.036932	delivery
17341	2022-10-20 21:40:26.832503	howifeel
17342	2022-10-20 21:40:41.785653	oldcartoons
17343	2022-10-20 21:40:44.052484	nevertooold
17344	2022-10-20 21:41:14.80844	scarymovies
17345	2022-10-20 21:41:16.844629	creepymovies
17346	2022-10-20 21:41:17.364504	freemovies
17347	2022-10-20 21:41:18.172521	frightfest
17348	2022-10-20 21:41:23.348393	yummyfood
17349	2022-10-20 21:41:23.808783	bacon
17350	2022-10-20 21:41:25.232853	foodphotography
17351	2022-10-20 21:41:25.753802	foodvideo
17352	2022-10-20 21:41:26.486055	foodies
17353	2022-10-20 21:41:27.717702	delicious
17354	2022-10-20 21:41:32.334934	Merry
17355	2022-10-20 21:41:35.980204	MerryChristmass
17356	2022-10-20 21:41:36.73131	Chrismasiscomming
17357	2022-10-20 21:41:37.207523	christmas
17358	2022-10-20 21:41:37.716675	itsmerrychristmasnothappyholidays
17359	2022-10-20 21:41:43.796437	thiller
17360	2022-10-20 21:41:49.945804	oldmovies
17361	2022-10-20 21:41:50.453829	funmovies
17362	2022-10-20 21:41:51.676899	youtube
17363	2022-10-20 21:41:59.562909	META
17364	2022-10-20 21:42:06.95208	EWTTS
17365	2022-10-20 21:42:07.348333	EVERYTHINGWOKETURNSTOSHIT
17366	2022-10-20 21:42:13.565174	donations
17367	2022-10-20 21:42:15.826118	donate
17368	2022-10-20 21:42:31.980361	funnyshorts
17369	2022-10-20 21:42:33.602873	presidentbiden
17370	2022-10-20 21:42:41.038988	pirates
17371	2022-10-20 21:43:06.533372	fypage
17372	2022-10-20 21:43:06.976379	neanderthal
17373	2022-10-20 21:43:38.727902	FoodiesForever
17374	2022-10-20 21:44:23.353143	omg
17375	2022-10-20 21:44:23.885386	wth
17376	2022-10-20 21:44:24.31235	laughing
17377	2022-10-20 21:45:44.877776	zoo
17378	2022-10-20 21:45:45.396505	kansascityzoo
17379	2022-10-20 21:45:50.280397	toddlers
17380	2022-10-20 21:45:51.053173	KansasCity
17381	2022-10-20 21:45:55.669199	cave
17382	2022-10-20 21:45:57.872342	bridalcave
17383	2022-10-20 21:45:58.660794	familyfuntime
17384	2022-10-20 21:46:05.025521	dicktracy
17385	2022-10-20 21:46:25.924383	comedyduo
17386	2022-10-20 21:46:26.661609	actionmovies
17387	2022-10-20 21:46:27.084501	dramas
17388	2022-10-20 21:46:27.560977	dramamovies
17389	2022-10-20 21:46:28.219777	warmovie
17390	2022-10-20 21:46:28.665717	warzone
17391	2022-10-20 21:46:48.398521	avatar
17392	2022-10-20 21:46:51.84054	omgpage
17393	2022-10-20 21:46:52.284542	funnyvideo
17394	2022-10-20 21:47:09.404838	HorrorMovies
17395	2022-10-20 21:47:20.826775	cultclassic
17396	2022-10-20 21:47:26.940775	roadtobali
17397	2022-10-20 21:47:27.376645	bobhope
17398	2022-10-20 21:47:27.796075	bingcrosby
17399	2022-10-20 21:47:39.388718	Gspot
17400	2022-10-20 21:47:49.043047	thriller
17401	2022-10-20 21:47:57.719012	fullmovies
17402	2022-10-20 21:47:58.581665	DangerAhead
17403	2022-10-20 21:48:26.138733	TMobile
17404	2022-10-20 21:48:28.634055	speedtest
17405	2022-10-20 21:48:29.374587	impressed
17406	2022-10-20 21:48:29.844517	midband5g
17407	2022-10-20 21:48:34.733161	Viral
17408	2022-10-20 21:48:44.468587	creepykids
17409	2022-10-20 21:48:48.520532	Creepy
17410	2022-10-20 21:48:51.08856	creepykid
17411	2022-10-20 21:49:08.364531	funnymovies
17412	2022-10-20 21:49:12.625468	murdermystery
17413	2022-10-20 21:49:14.74272	oldmovie
17414	2022-10-20 21:49:28.408544	TropicalDepressionNine
17415	2022-10-20 21:49:29.214401	TropicalUpdate
17416	2022-10-20 21:49:37.952453	HAHAHA
17417	2022-10-20 21:49:48.349187	freedomfighters4ever
17418	2022-10-20 21:49:58.400308	patroit
17419	2022-10-20 21:50:17.55072	boatlife
17420	2022-10-20 21:50:18.064343	boating
17421	2022-10-20 21:50:24.160984	oldfilm
17422	2022-10-20 21:50:24.884395	silentmovies
17423	2022-10-20 21:50:34.527448	scifi
17424	2022-10-20 21:50:38.482383	movienight
17425	2022-10-20 21:50:48.292248	whattowatch
17426	2022-10-20 21:51:18.69293	oceanwaves
17427	2022-10-20 21:51:19.177722	oceansounds
17428	2022-10-20 21:51:20.517316	oceanlife
17429	2022-10-20 21:51:21.000954	oceanview
17430	2022-10-20 21:51:21.460254	youtubeshorts
17431	2022-10-20 21:51:21.947587	youtubechannel
17432	2022-10-20 21:51:22.424055	youtuber
17433	2022-10-20 21:51:23.290316	relaxation
17434	2022-10-20 21:51:23.764051	relaxing
17435	2022-10-20 21:51:37.336368	Subscribe
17436	2022-10-20 21:51:42.590731	HorrorCommunity
17437	2022-10-20 21:51:43.096397	HorrorFan
17438	2022-10-20 21:51:58.152433	random
17439	2022-10-20 21:51:58.540417	playlists
17440	2022-10-20 21:52:03.288309	westerns
17441	2022-10-20 21:52:06.061193	gunfighters
17442	2022-10-20 21:52:19.952636	syfy
17443	2022-10-20 21:52:27.724587	costello
17444	2022-10-20 21:52:28.276891	abbottandcostello
17446	2022-10-20 21:53:02.250111	horrors
17447	2022-10-20 21:53:05.942555	horrormovies
17448	2022-10-20 21:53:21.757102	musical
17449	2022-10-20 21:53:24.600724	WW2
17451	2022-10-20 21:53:33.59272	fullMovie
17452	2022-10-20 21:53:47.582614	horn
17453	2022-10-20 21:53:48.34192	funnyaf
17454	2022-10-20 21:53:49.338976	followtrain
17459	2022-10-20 21:54:30.80819	cookwithme
17460	2022-10-20 21:54:40.196421	YouTubeShorts
17461	2022-10-20 21:54:42.272628	YoutubeLivestream
17462	2022-10-20 21:54:42.74038	YouTubeLive
17463	2022-10-20 21:54:43.420923	Foodies
17464	2022-10-20 21:54:43.924971	FoodForThought
17465	2022-10-20 21:54:50.549567	stopthespam
17466	2022-10-20 21:54:58.786506	fire
17470	2022-10-20 21:55:04.424281	dontLaugh
17471	2022-10-20 21:55:04.905966	dontLaughchallenge
17472	2022-10-20 21:55:05.605775	hit
17478	2022-10-20 21:55:10.362159	genz
17479	2022-10-20 21:55:10.780039	geny
17480	2022-10-20 21:55:11.28909	suggested
17487	2022-10-20 21:55:35.856414	viralvideo
17490	2022-10-20 21:56:10.952379	Xbox
17491	2022-10-20 21:56:11.393688	PC
17492	2022-10-20 21:56:11.858441	Mac
17493	2022-10-20 21:56:18.120372	freedomflu
17502	2022-10-20 21:57:50.835516	AdultingAndStuff
17503	2022-10-20 21:57:54.440172	adultgaming
17504	2022-10-20 21:57:54.924743	Androidgames
17510	2022-10-20 22:00:24.964193	Gift
17511	2022-10-20 22:05:18.556214	veteransforamerica
17512	2022-10-20 22:05:19.270828	VeteransforTrump
17513	2022-10-20 22:06:29.409061	saveus
17514	2022-10-20 22:06:30.292266	savetheplanet
17515	2022-10-20 22:06:49.538126	lifestyle
17520	2022-10-20 22:07:40.348506	powertools
17521	2022-10-20 22:07:52.696976	NBCNews
17524	2022-10-20 22:08:00.640335	getyourlifeback
17525	2022-10-20 22:08:05.256386	Kratom
17526	2022-10-20 22:08:07.581002	Health
17527	2022-10-20 22:09:44.196496	WAKEUPWORLD
17528	2022-10-20 22:09:46.619548	wakethelions
17530	2022-10-20 22:10:00.338712	PatriotFront
17531	2022-10-20 22:10:01.096788	July4th1776
20076	2022-11-04 01:13:03.476851	FamilyFun
20079	2022-11-04 01:14:22.690057	DopeHead
20080	2022-11-04 01:15:32.396235	LoveIt
20081	2022-11-04 01:23:19.112895	MAGARallys2024
20082	2022-11-04 01:23:19.528393	TrumpLove
20083	2022-11-04 01:24:18.391323	Cure
20096	2022-11-04 01:36:49.569543	Jenga
20097	2022-11-04 01:37:57.843943	IlliterateMoron
20100	2022-11-04 01:38:25.896618	Hallelujah
20101	2022-11-04 01:38:38.216817	TheBidenAdministration
20103	2022-11-04 01:38:58.546295	SurvivingAbortionClown
20104	2022-11-04 01:38:59.032745	NaziBerg
20105	2022-11-04 01:38:59.528844	SuckABagOfDicks
20106	2022-11-04 01:41:16.550043	Booger
20107	2022-11-04 01:41:40.244219	BigRedPill
20108	2022-11-04 01:42:22.224429	Only2Genders
20109	2022-11-04 01:42:22.656875	MAGAKIng
20110	2022-11-04 01:42:23.147986	TrumpMAGA2024
20111	2022-11-04 01:42:23.637984	RedPillTime
20115	2022-11-04 01:43:18.54944	pix508
20119	2022-11-04 01:45:52.843222	Bold
20120	2022-11-04 01:45:53.286945	Kahoney
20121	2022-11-04 01:45:53.775467	Balls
20125	2022-11-04 01:48:09.773364	GoodMedicine
21586	2022-11-10 14:58:22.901269	2000Muled
21592	2022-11-10 16:16:43.969393	memerSaturday
17445	2022-10-20 21:52:49.259354	haha
17450	2022-10-20 21:53:29.144889	hororfilms
17455	2022-10-20 21:53:59.628334	unwind
17456	2022-10-20 21:54:14.652889	tea
17457	2022-10-20 21:54:24.524469	PhotoOfTheDay
17458	2022-10-20 21:54:24.991736	Moonlight
17467	2022-10-20 21:55:01.862975	foryou
17468	2022-10-20 21:55:02.672771	funnyAF
17469	2022-10-20 21:55:03.160295	fireaf
17473	2022-10-20 21:55:06.374297	hotAF
17474	2022-10-20 21:55:08.024698	foryourpage
17475	2022-10-20 21:55:08.644703	singalong
17476	2022-10-20 21:55:09.212483	sweet
17477	2022-10-20 21:55:09.924572	Millennials
17481	2022-10-20 21:55:12.324959	failarmy
17482	2022-10-20 21:55:13.484319	viralshit
17483	2022-10-20 21:55:13.988416	viralshorts
17484	2022-10-20 21:55:14.441608	viralshort
17485	2022-10-20 21:55:28.996344	diy
17486	2022-10-20 21:55:29.572115	tasty
17488	2022-10-20 21:55:50.812015	lazy
17489	2022-10-20 21:56:08.313032	Playstation
17494	2022-10-20 21:56:46.194613	FML
17495	2022-10-20 21:57:09.632002	RealAmericans
17496	2022-10-20 21:57:15.810194	Frontier
17497	2022-10-20 21:57:21.397865	travelpics
17498	2022-10-20 21:57:27.332408	patriotfollow
17499	2022-10-20 21:57:33.945121	subscribers
17500	2022-10-20 21:57:47.449173	flying
17501	2022-10-20 21:57:48.079185	LiveStream
17505	2022-10-20 21:57:55.389608	timekiller
17506	2022-10-20 21:57:58.876518	ClashRoyale
17507	2022-10-20 21:58:00.964298	ClashRoyalensfw
17508	2022-10-20 21:58:01.421831	gaming
17509	2022-10-20 21:58:01.920408	gamers
17516	2022-10-20 22:07:10.453893	sale
17517	2022-10-20 22:07:13.018091	birthdaywishes
17518	2022-10-20 22:07:13.42056	birthdayboy
17519	2022-10-20 22:07:18.464525	freedomFighters
17522	2022-10-20 22:07:57.676168	kratom
17523	2022-10-20 22:07:59.892726	Painrelief
17529	2022-10-20 22:09:57.91413	1776RestorationMovement
17532	2022-10-20 22:10:23.61981	July
17533	2022-10-20 22:10:38.740554	sesamestreet
17534	2022-10-20 22:14:18.998898	blackplague
17535	2022-10-20 22:14:21.325135	nevertested
17536	2022-10-20 22:14:25.500851	notsafeandeffective
17537	2022-10-20 22:14:27.804329	AmericanHeros
17538	2022-10-20 22:15:12.420638	physicalsilver
17539	2022-10-20 22:16:44.308511	ProtectThe2ND
17540	2022-10-20 22:17:09.020185	tgif
17541	2022-10-20 22:17:24.699887	mobster
17542	2022-10-20 22:17:27.356592	WheresJoe
17543	2022-10-20 22:17:29.154305	scream
17544	2022-10-20 22:17:30.72065	screammovie
17545	2022-10-20 22:17:37.220095	barbie_doll
17546	2022-10-20 22:17:39.496905	barbie
17547	2022-10-20 22:21:58.110503	Phoenix
17548	2022-10-20 22:22:21.896558	Trumpwon3
17549	2022-10-20 22:22:23.898564	RATPAC
17550	2022-10-20 22:22:24.352555	MAGAGANG
17551	2022-10-20 22:24:59.14411	NarcissisticPersonalityDisorder
17552	2022-10-20 22:27:16.064346	minds
17553	2022-10-20 22:32:30.396036	whatamidoing
17554	2022-10-20 22:32:34.158165	WhatFuelsYou
17555	2022-10-20 22:32:34.608106	WhatDoYouThink
17556	2022-10-20 22:32:35.315793	realloyalfans
17557	2022-10-20 22:32:53.367984	BeFree
17558	2022-10-20 22:33:15.495863	guncuties
17559	2022-10-20 22:33:45.669646	FJBLGBMAGA
17560	2022-10-20 22:33:57.017713	Shorts
17561	2022-10-20 22:34:20.261541	SolomonIslands
17562	2022-10-20 22:34:27.222395	woketobroke
17563	2022-10-20 22:34:30.453695	p47
17564	2022-10-20 22:37:13.883539	january
17565	2022-10-20 22:37:14.472891	jan6commission
17566	2022-10-20 22:37:14.950144	jan6th
17567	2022-10-20 22:38:02.066949	22to0
17568	2022-10-20 22:38:03.768937	UltraMagaCountry
17569	2022-10-20 22:38:11.896529	OPERATIONTAKEAMERICABACK
17570	2022-10-20 22:38:48.308942	johnny
17571	2022-10-20 22:42:01.616968	GaslightingUs
17572	2022-10-20 22:43:58.170982	VeteransUnite
17573	2022-10-20 22:43:58.695697	veteranslivesmater
17574	2022-10-20 22:43:59.124835	vlm
17575	2022-10-20 22:43:59.811392	Turn22to0
17576	2022-10-20 22:45:11.520864	gunsaregood
17577	2022-10-20 22:45:11.987648	WeThePeople1776
17578	2022-10-20 22:48:44.051666	willnotcomply
17579	2022-10-20 22:48:46.622807	nocompliance
17580	2022-10-20 22:49:17.883642	NovaMega
17581	2022-10-20 22:49:18.847607	At22
17582	2022-10-20 22:49:22.399603	Connectthedots
17583	2022-10-20 22:49:33.20492	Democratsarestupid
17584	2022-10-20 22:50:26.171404	FUBAR
17585	2022-10-20 22:50:33.608153	Rights
17586	2022-10-20 22:51:37.06047	TruthAtAllCosts
17587	2022-10-20 22:51:37.752147	TruthArmy
17588	2022-10-20 22:52:00.960413	SouthChinaSea
17589	2022-10-20 22:52:23.044884	feelings
17590	2022-10-20 22:52:24.192886	PatrioticParty
17591	2022-10-20 22:52:54.224981	FjBI
17592	2022-10-20 22:53:11.579774	releaseTheDocuments
17593	2022-10-20 22:53:17.117911	tealover
17594	2022-10-20 22:53:55.083916	lordgivemestrength
17595	2022-10-20 22:53:56.325394	transhavemorerightsthanwomen
17596	2022-10-20 22:54:02.647797	SundayMorningThoughts
17597	2022-10-20 22:54:18.60072	Heard
17598	2022-10-20 22:54:19.545722	AmberHeardIsALiar
17599	2022-10-20 22:54:20.014597	amberheardisapsychopath
17600	2022-10-20 22:54:57.464683	PatriotPride
17601	2022-10-20 22:55:41.507687	HowDeepTheSwamp
17602	2022-10-20 22:55:42.555766	SwampNeedsDraining
17603	2022-10-20 22:55:45.039546	StopTheIndoctrination
17604	2022-10-20 22:56:08.407907	madefromscratch
17605	2022-10-20 22:56:08.868638	giftideas
17606	2022-10-20 22:56:26.495541	ShoppingDay2022
17607	2022-10-20 22:56:26.963423	shopsmall
17608	2022-10-20 22:56:27.469821	shoppingonline
17609	2022-10-20 22:56:27.989328	shoppingaddict
17610	2022-10-20 22:56:28.975919	MakeAmericaFreeAgain
17611	2022-10-20 22:56:46.491535	lightning
17612	2022-10-20 22:56:47.789415	bigbrightlight
17613	2022-10-20 22:57:05.431684	notmyjunk
17614	2022-10-20 22:57:14.199679	ElectionIntegrityMatters
17615	2022-10-20 22:57:14.83918	dumbts7500caprule
17616	2022-10-20 22:57:43.154531	AMERICAN
17617	2022-10-20 22:59:15.345827	FixHealthCare
17618	2022-10-20 22:59:39.148064	Climatechangehoax
17619	2022-10-20 23:00:26.023297	TruthAlwaysWins
17620	2022-10-20 23:00:30.629714	retweet
17621	2022-10-20 23:00:40.820148	ultramagaking
17622	2022-10-20 23:01:31.677572	trutharmy
17623	2022-10-20 23:02:46.225296	easilyoffended
17624	2022-10-20 23:03:23.710731	coffelovers
17625	2022-10-20 23:03:24.062081	savelives
17626	2022-10-20 23:03:24.41889	drinkvoffeesavelives
17627	2022-10-20 23:03:47.715885	befree
17628	2022-10-20 23:03:50.363769	RAYEPPS
17629	2022-10-20 23:04:59.692678	patriotstrong
17633	2022-10-20 23:06:27.459737	readytomingle
17634	2022-10-20 23:06:27.914446	singlelife
17635	2022-10-20 23:06:28.375744	looking
20114	2022-11-04 01:42:55.750011	FTDNC
20116	2022-11-04 01:43:42.679334	TheMemeKing
20117	2022-11-04 01:45:38.233463	Creativity
20118	2022-11-04 01:45:38.636216	4Sho
20122	2022-11-04 01:46:47.988667	DCSwamp
20123	2022-11-04 01:47:29.485358	KingRINO
20124	2022-11-04 01:47:36.743243	CancerToTheGOP
20126	2022-11-04 01:51:11.163351	AttitudeAdjustment
20127	2022-11-04 01:52:35.585508	LibTurds
20128	2022-11-04 01:53:29.533184	Parkinson
20129	2022-11-04 01:53:30.04243	CrackPots
20130	2022-11-04 01:53:55.732927	Anxiety
20131	2022-11-04 01:54:21.424545	MarijuanaIsMedicine
20132	2022-11-04 01:54:22.29745	PainManagement
20133	2022-11-04 01:54:34.370937	FMZ
20134	2022-11-04 01:56:17.964492	TruDat
20135	2022-11-04 01:56:57.675715	Texan
20136	2022-11-04 01:59:16.808721	MonsterTrain0198
20137	2022-11-04 02:00:41.560975	DamnStaight
20138	2022-11-04 02:00:58.38923	TexasSizedCatfish
20139	2022-11-04 02:01:28.294773	BiggestRINOEver
20140	2022-11-04 02:02:32.963531	TrueTexasCatfish
20141	2022-11-04 02:04:05.464515	GoldStandardReturn
20142	2022-11-04 02:05:12.993391	PatriotLove
20143	2022-11-04 02:05:43.214074	Marketing
20144	2022-11-04 02:06:49.739258	SamHouston
20145	2022-11-04 02:06:50.179488	TheFatherOfTexas
20146	2022-11-04 02:06:50.594179	TheRepublicOfTexas
20147	2022-11-04 02:06:51.125181	ToyStoryRanch
20148	2022-11-04 02:06:51.760915	RosenbergTX
20149	2022-11-04 02:06:52.250927	RuralTexas
20150	2022-11-04 02:07:12.315922	Seriously
20151	2022-11-04 02:07:41.734085	GoodLuck
20152	2022-11-04 02:08:00.001132	ConservativeDemocrat
20153	2022-11-04 02:08:14.100599	CaliforniaMyTexas
20154	2022-11-04 02:08:30.522155	StopIt
20155	2022-11-04 02:09:10.663838	MoronAlert
20156	2022-11-04 02:09:20.400535	CompleteMoron
20157	2022-11-04 02:09:30.75042	HeeHeeHeeHee
20158	2022-11-04 02:10:19.85374	WorldPanic
20159	2022-11-04 02:10:29.258895	CleaningUpTheSwamp
20160	2022-11-04 02:10:45.56436	LiberalLogicIgnorant
20161	2022-11-04 02:11:22.081901	TheLoneStarState
20162	2022-11-04 02:11:43.358216	WarMongers
20163	2022-11-04 02:11:43.808465	TypicalAgenda
20164	2022-11-04 02:12:07.212542	Exactly
20165	2022-11-04 02:12:21.99216	Rxactly
20166	2022-11-04 02:12:57.705184	Lenny
20167	2022-11-04 02:13:22.98992	Agreed
20168	2022-11-04 02:13:38.664295	YourOpinion
20169	2022-11-04 02:13:48.873251	SocialMediaPlatformWithoutBias
20170	2022-11-04 02:13:49.604405	Rules
20171	2022-11-04 02:14:50.038535	SS
20172	2022-11-04 02:14:50.872659	KeepItSimpleStupid
20173	2022-11-04 02:15:10.925158	DumbingDown
20174	2022-11-04 02:15:21.297186	YourStairwayToHeaven
20175	2022-11-04 02:15:21.7341	GodIsKingNotElvis
20176	2022-11-04 02:15:22.196911	PraysTheLord
20177	2022-11-04 02:15:40.060524	StairwayToHeaven
20178	2022-11-04 02:15:58.681106	Elvis
20179	2022-11-04 02:16:12.963889	HoustonAstros
20180	2022-11-04 02:16:13.437566	RepublicOfTexas
20181	2022-11-04 02:16:14.599052	SanJacinto
20182	2022-11-04 02:16:15.118954	RuralTexasRules
20183	2022-11-04 02:16:15.58061	HillCountry
20184	2022-11-04 02:16:16.063716	BigBendNationakPark
20185	2022-11-04 02:16:16.828524	SpaceX
20186	2022-11-04 02:16:25.46189	Correction
20187	2022-11-04 02:16:36.497343	CleanDCSwamp
20188	2022-11-04 02:16:37.017565	Maneuver
20189	2022-11-04 02:16:37.456899	PatriotsInPoliticsWillShine
20190	2022-11-04 02:16:37.936884	2ndPOTUSToServeTwoTermsNonConsecutive
20191	2022-11-04 02:16:46.550282	Loston
20192	2022-11-04 02:17:08.862022	JFKMyGodDemocratsWhatHaveYouDoneToMyParty
20193	2022-11-04 02:17:09.871808	FJBGetHimOuttaTheWhitehouse
20194	2022-11-04 02:17:46.17509	Procrastinating
20195	2022-11-04 02:18:04.322103	SwampCreatures
20196	2022-11-04 02:18:47.517047	Capricorn
20197	2022-11-04 02:18:47.945882	Present
20198	2022-11-04 02:18:48.477196	Adoment
20199	2022-11-04 02:18:48.97347	HeadStrong
20200	2022-11-04 02:19:29.470074	TempleMosque
20201	2022-11-04 02:19:29.933136	Jerusalem
20202	2022-11-04 02:19:30.433219	UnitedArabEmirates
20203	2022-11-04 02:19:45.477279	Yep
20204	2022-11-04 02:20:21.126243	GreatHabits
20205	2022-11-04 02:20:45.521875	Priceless
20206	2022-11-04 02:21:02.634382	SatanHimself
20207	2022-11-04 02:21:03.267656	MortalForm
20208	2022-11-04 02:21:17.213028	InquiringMind
20209	2022-11-04 02:21:40.958963	TooMuchTellLieVision
20210	2022-11-04 02:21:55.991245	TooMuchTelLieVision
20211	2022-11-04 02:22:24.688191	Whack
20212	2022-11-04 02:22:25.259237	Track
20213	2022-11-04 02:22:25.769273	KeyStroke
20214	2022-11-04 02:22:27.285803	SafariIOS
20215	2022-11-04 02:22:27.936383	Period
20216	2022-11-04 02:23:58.640641	GreatWayToPutIt
20217	2022-11-04 02:23:59.064474	Believed
20218	2022-11-04 02:24:11.148485	Solid
20219	2022-11-04 02:24:12.142934	InDepth
20220	2022-11-04 02:24:12.905318	ByeForNow
20221	2022-11-04 02:24:34.78065	ProveIt
20222	2022-11-04 02:24:47.828604	Brothers
20223	2022-11-04 02:24:48.399215	Sisters
20224	2022-11-04 02:25:20.477151	LMFAO
20225	2022-11-04 02:25:47.174543	EveryoneIsSupposedToHaveAnOpinon
20226	2022-11-04 02:25:47.676604	LibertyAndFreedom
20227	2022-11-04 02:25:48.164717	ILoveMerica
20228	2022-11-04 02:25:48.694124	TalkinBout
20229	2022-11-04 02:26:25.769172	UnMaskedTexas
20230	2022-11-04 02:26:48.283532	UnderCover
20231	2022-11-04 02:26:48.794465	KeanuReeves
20232	2022-11-04 02:26:49.353679	PrivatePatriot
20233	2022-11-04 02:27:04.123142	FuckedUp
20234	2022-11-04 02:27:04.562162	Cool
20235	2022-11-04 02:27:17.293004	ConsiracyTheories
20236	2022-11-04 02:27:50.531544	EveryOne
20237	2022-11-04 02:28:11.01672	ScaryAssBitch
20238	2022-11-04 02:28:27.338466	StuckOnFakeBook
20239	2022-11-04 02:28:29.415992	SuppresionOfThe1stAmendment
20240	2022-11-04 02:29:15.845418	SickDay
20241	2022-11-04 02:29:25.850222	CigaretteBreak
20242	2022-11-04 02:29:26.516873	Ironically
20243	2022-11-04 02:29:27.088676	ReadyToQuitThoseCancerSticks
20244	2022-11-04 02:30:36.706599	Roger
20245	2022-11-04 02:31:24.348935	RedRocker
20246	2022-11-04 02:32:13.934602	Awsomeness
20247	2022-11-04 02:32:27.760959	Crickey
17630	2022-10-20 23:06:06.25614	FoxSucksToo
17632	2022-10-20 23:06:10.41794	MFGA
17636	2022-10-20 23:06:39.63274	Qpost521
17637	2022-10-20 23:06:40.228541	scareeventnecessary
17641	2022-10-20 23:08:07.33599	WakeTheLions
17644	2022-10-20 23:09:55.788417	ULTRAMAGACOUNTRY
17649	2022-10-20 23:12:25.238375	FOXHOLE
17653	2022-10-20 23:13:21.817715	murica
17655	2022-10-20 23:13:32.008252	WeAreStrongerTogether
17658	2022-10-20 23:13:51.190354	ImpeachTheBastards
20248	2022-11-04 02:32:58.957873	BJSBrewery
20249	2022-11-04 02:32:59.328472	PiranahPaleAle
20250	2022-11-04 02:32:59.877791	HappyHeavenlyMothersDay2022
20251	2022-11-04 02:33:00.742423	MarshaKayReiff
20252	2022-11-04 02:35:09.258599	AnkleBiters
20277	2022-11-04 02:46:21.743946	TwitterTrolls
20278	2022-11-04 02:47:33.114295	MoxyStar
20279	2022-11-04 02:47:33.686061	Battrain
20280	2022-11-04 02:47:34.134719	batgirl
20281	2022-11-04 02:48:14.904951	Awesomness
17631	2022-10-20 23:06:08.843765	GoodMorningUltraMagaCountry
17638	2022-10-20 23:07:34.587657	MarionMorrison
17639	2022-10-20 23:07:35.071978	TheDuke
17640	2022-10-20 23:08:01.708447	ultrasonicmagaforce
17642	2022-10-20 23:08:51.92801	USAPatriot
17643	2022-10-20 23:09:12.024291	InvasionAtOurBorder
17645	2022-10-20 23:10:11.229832	ultraMAGAcountry
17646	2022-10-20 23:11:19.844251	WeNeedGodInAmerica
17647	2022-10-20 23:11:46.153211	realPresident
17648	2022-10-20 23:12:17.222723	PelosiIsRacist
17650	2022-10-20 23:12:29.013902	things
17651	2022-10-20 23:12:37.205963	ulltrasonicmagaforce
17652	2022-10-20 23:12:53.523942	FightingBack
17654	2022-10-20 23:13:22.016174	fashion
17656	2022-10-20 23:13:34.936228	sass
17657	2022-10-20 23:13:35.718275	sassy
17659	2022-10-20 23:13:58.873334	followusa
17660	2022-10-20 23:14:22.804086	CriminalsForCriminals
17661	2022-10-20 23:14:23.476126	ExecutiveOrder
17662	2022-10-20 23:15:17.644352	AmzTruths
17663	2022-10-20 23:15:28.645098	BeReal
17664	2022-10-20 23:15:54.850008	drinkcoffeesavelives
17665	2022-10-20 23:17:16.932099	NewsBlast
17666	2022-10-20 23:18:10.535167	COCACOLA
17667	2022-10-20 23:18:10.988786	WOKECOKE
17668	2022-10-20 23:18:11.500178	COKE
17669	2022-10-20 23:18:12.020506	NAZICOKE
17670	2022-10-20 23:18:24.717092	BaconTime
17671	2022-10-20 23:18:25.248037	baconislife
17672	2022-10-20 23:18:25.99986	BetterWithBacon
17673	2022-10-20 23:18:30.890887	TheyWorshipSatan
17674	2022-10-20 23:18:35.654895	MAFA
17675	2022-10-20 23:18:49.260094	TruthMatters2022
17676	2022-10-20 23:19:20.874963	Madeyoulook
17677	2022-10-20 23:19:34.64419	LIBERALISM
17678	2022-10-20 23:20:48.09236	keywords
17679	2022-10-20 23:21:39.951881	trumptosaveamerica
17680	2022-10-20 23:22:14.148142	BIDENISDEMENTED
17681	2022-10-20 23:22:17.772185	GODBLESSOURMILITARY
17682	2022-10-20 23:22:19.404634	freecrackpipes
17683	2022-10-20 23:22:19.809503	realnews
17684	2022-10-20 23:22:20.1773	RUSSIA
17685	2022-10-20 23:22:21.040795	MEMES
17686	2022-10-20 23:22:21.439138	TRUTHMATTERS
17687	2022-10-20 23:22:21.89989	AFFREALNEWS
17688	2022-10-20 23:23:28.87623	Jynneos
17689	2022-10-20 23:23:29.329235	packageinsert
17690	2022-10-20 23:23:53.448894	JohnBrennan
17691	2022-10-20 23:23:54.792344	truthvirus
17692	2022-10-20 23:24:04.365472	FAITH
17693	2022-10-20 23:24:14.884489	Foxhole
17694	2022-10-20 23:25:19.588799	fjbmovement
17695	2022-10-20 23:25:36.497004	UFOs
17696	2022-10-20 23:25:59.47238	Shortages
17697	2022-10-20 23:26:10.325631	Segregation
17698	2022-10-20 23:26:10.752366	Protesters
17699	2022-10-20 23:27:09.179931	Leavethosekidsalone
17700	2022-10-20 23:27:29.00822	TrumpToSaveAmerica
17701	2022-10-20 23:29:21.263964	FitnessMotivation
17702	2022-10-20 23:29:21.818174	FitnessAddict
17703	2022-10-20 23:29:42.148053	herewegoagain
17704	2022-10-20 23:32:32.572915	ultramasculine
17705	2022-10-20 23:32:33.148214	ultramale
17706	2022-10-20 23:34:14.810912	SuicidePrevention
17707	2022-10-20 23:34:15.27884	SuicideAwareness
17708	2022-10-20 23:34:16.024968	veteransfortrump
17709	2022-10-20 23:34:16.735335	veteranslivesmatter
17710	2022-10-20 23:34:30.150856	mornings
17711	2022-10-20 23:34:43.470205	coffeelovers
17712	2022-10-20 23:34:43.945117	CoffeeTime
17713	2022-10-20 23:34:44.708865	gotcoffee
17714	2022-10-20 23:35:39.304591	ConspiracyTheories
17715	2022-10-20 23:36:10.361053	comical
17716	2022-10-20 23:37:00.14567	freedomfromfear
17717	2022-10-20 23:38:16.17317	shopping
17718	2022-10-20 23:40:19.121491	rangetime
17719	2022-10-20 23:40:58.672608	WeThePeopleAreKing
17720	2022-10-20 23:40:59.27338	1776again
17721	2022-10-20 23:40:59.986628	wethepeople1776
17722	2022-10-20 23:43:34.188853	UltraMaGaKing
17723	2022-10-20 23:44:20.204677	ArmedForces
17724	2022-10-20 23:45:23.376984	freebird
17725	2022-10-20 23:48:57.016447	teeshirtpalace
17726	2022-10-20 23:54:57.906681	faker
17727	2022-10-20 23:54:58.340468	hater
17728	2022-10-20 23:56:59.066886	mylife
17729	2022-10-20 23:56:59.47651	fyi
17730	2022-10-21 00:02:32.812905	shirts
17731	2022-10-21 00:02:33.200541	hats
17732	2022-10-21 00:02:33.7523	mugs
17733	2022-10-21 00:02:34.198671	sweatshirts
17734	2022-10-21 00:02:35.216024	patriotparty
17735	2022-10-21 00:06:47.876555	UtraMaga
17736	2022-10-21 00:06:58.622386	UltaMAGA
17737	2022-10-21 00:11:26.946402	PROGUN
17738	2022-10-21 00:11:27.36421	PROBACON
17739	2022-10-21 00:11:27.884408	StopTheCensorship
17740	2022-10-21 00:11:28.708333	ProAmerica
17741	2022-10-21 01:47:43.604626	epsteinsflightlogs
17742	2022-10-21 01:47:44.119873	releasethenames
17743	2022-10-21 01:47:44.525365	ReleaseEpsteinsClientList
17744	2022-10-21 02:00:24.210287	UNDERGROUNDTUNNELS
17745	2022-10-21 02:13:49.968577	flipflopfauci
17746	2022-10-21 02:18:16.220932	JoeIsSlow
17747	2022-10-21 02:19:58.189797	STOPFOLLOWINGFOX
17748	2022-10-21 02:27:03.465694	TwitterIsToxic
17749	2022-10-21 02:27:07.917175	StopFollowingFox
17750	2022-10-21 02:27:08.398344	DesantisIsAwesome
17751	2022-10-21 02:27:09.007301	AbortionsKill
17752	2022-10-21 02:27:09.544746	ETC
17753	2022-10-21 02:28:20.00981	abcnews
17754	2022-10-21 02:28:20.397701	votingintegrity
17755	2022-10-21 02:28:20.857897	interesting
20253	2022-11-04 02:35:37.152673	SammyHagar
20254	2022-11-04 02:35:59.60873	StandYourGround
20255	2022-11-04 02:36:00.557075	OuttaMyDeadColdHands
20256	2022-11-04 02:36:01.192874	TheHarleySat
20257	2022-11-04 02:36:48.46056	IPA
20258	2022-11-04 02:36:49.140575	BJSLounge
20259	2022-11-04 02:36:49.624049	PirahnaPaleAle
20260	2022-11-04 02:36:50.142561	TheBestIPAEver
20261	2022-11-04 02:38:32.950989	TrumpyBear
20262	2022-11-04 02:38:56.645912	Trudeau911
20263	2022-11-04 02:39:17.004592	Tudeau911
20264	2022-11-04 02:39:25.824967	BigAssGun
20265	2022-11-04 02:39:31.524476	BoxOfPills
20266	2022-11-04 02:39:32.058981	ForThePedoPerverts
20267	2022-11-04 02:39:32.663956	PunishmentForReOffending
20268	2022-11-04 02:39:33.265525	Y
20269	2022-11-04 02:40:00.743689	YourThoughts
20270	2022-11-04 02:40:59.668505	Reno911
20271	2022-11-04 02:42:36.428619	ShadowDisappear
20272	2022-11-04 02:43:23.574047	PatriotWoman
20273	2022-11-04 02:43:24.036582	WitchyPoo
20274	2022-11-04 02:43:36.24868	IQ
