id	timestamp	time_scraped	quoted_user	quoting_user	quoting_truth	quoted_truth_external_id
197	2022-07-22 09:43:00	2022-09-17 04:57:35.624255	125	131	16333	108688461672926241
181	2022-08-20 18:00:00	2022-09-17 03:49:16.168681	300	300	14949	108857444588213255
3492	2022-07-14 21:13:00	2022-10-13 02:18:43.045302	2106	8212	367606	108648254976307349
10	2022-09-12 22:40:00	2022-09-15 22:37:05.004004	933	27	1593	108790130246424349
10489	2022-11-11 00:00:00	2022-11-13 23:44:24.533708	134003	6657	763581	109324987069121051
12	2022-09-12 21:49:00	2022-09-15 22:37:11.148093	332880	27	1595	108914475519775379
13	2022-09-12 21:44:00	2022-09-15 22:37:15.940122	19128	27	1597	108142578943877091
14	2022-09-07 15:01:00	2022-09-15 22:38:02.945317	141244	27	1640	108958012681526355
15	2022-09-07 15:00:00	2022-09-15 22:38:04.150863	141244	27	1641	108957961490912871
16	2022-09-05 18:07:00	2022-09-15 22:38:24.991651	72276	27	1666	108947801408132096
17	2022-09-05 16:44:00	2022-09-15 22:38:29.114399	146645	27	1667	108947286772358568
18	2022-09-05 14:36:00	2022-09-15 22:38:30.357848	160844	27	1668	108947195513501714
19	2022-09-05 14:34:00	2022-09-15 22:38:31.180051	83382	27	1669	108947195977129969
25	2022-09-02 03:25:00	2022-09-15 22:39:15.173248	33683	27	1704	108805118355008763
26	2022-09-02 03:23:00	2022-09-15 22:39:16.028858	32004	27	1705	108812499214657687
27	2022-09-02 03:18:00	2022-09-15 22:39:16.726884	33681	27	1706	108800317645817826
28	2022-09-02 02:48:00	2022-09-15 22:39:18.238597	1144	27	1707	108286827879203740
29	2022-09-02 02:44:00	2022-09-15 22:39:19.552573	1144	27	1709	108813134703389859
31	2022-08-30 08:54:00	2022-09-15 22:40:25.864519	933	27	1753	108911673741832661
32	2022-08-30 08:52:00	2022-09-15 22:40:26.527682	251341	27	1754	108910248639337430
33	2022-08-30 08:49:00	2022-09-15 22:40:28.99284	10561	27	1756	108873432188074073
35	2022-08-30 08:39:00	2022-09-15 22:40:31.489389	32408	27	1758	108898832298072183
36	2022-08-30 08:29:00	2022-09-15 22:40:32.134371	32408	27	1759	108831937665190349
37	2022-08-30 08:26:00	2022-09-15 22:40:32.973701	357919	27	1760	108901249437499590
38	2022-08-30 08:23:00	2022-09-15 22:40:34.130009	10561	27	1761	108902919331413250
39	2022-08-30 08:22:00	2022-09-15 22:40:35.283292	20554	27	1762	108902964657006959
40	2022-08-30 08:18:00	2022-09-15 22:40:37.252264	64176	27	1764	108903177286366113
41	2022-08-30 08:16:00	2022-09-15 22:40:38.401722	47526	27	1765	108903267393829628
42	2022-08-30 08:05:00	2022-09-15 22:40:40.240296	201882	27	1766	108907185352935848
43	2022-08-30 08:02:00	2022-09-15 22:40:41.37171	201882	27	1767	108907212415131044
3496	2022-07-01 16:34:00	2022-10-13 02:21:39.650989	11010	8212	367726	108573914201208701
45	2022-08-30 07:49:00	2022-09-15 22:40:43.77703	13057	27	1769	108909387552468552
47	2022-08-30 07:32:00	2022-09-15 22:40:45.530326	246411	27	1771	108851812100759567
3497	2022-06-28 16:56:00	2022-10-13 02:22:43.601257	140	8212	367767	108557078549442756
3498	2022-06-27 16:08:00	2022-10-13 02:24:21.373338	2128	8212	367840	108550810303398468
56	2022-08-28 22:24:00	2022-09-15 22:41:02.48731	10561	27	1792	108896302993684083
186	2022-07-22 09:36:00	2022-09-17 03:50:02.691169	103	300	14984	108691252800796672
151	2022-09-08 09:45:00	2022-09-17 02:29:30.736886	697	91	13977	108917300216251092
190	2022-07-05 14:44:00	2022-09-17 03:50:12.880586	742	300	14996	108595386068481194
198	2022-07-08 23:47:00	2022-09-17 04:57:43.230142	620	131	16339	108613893388146332
608	2022-07-04 17:26:00	2022-09-19 12:08:00.607876	428	354	55517	108591155561818830
64	2022-08-21 18:58:00	2022-09-15 22:42:37.993048	3354	27	1881	108863135572626222
62	2022-08-21 19:17:00	2022-09-15 22:42:30.730215	948	27	1878	108854938278874245
63	2022-08-21 19:13:00	2022-09-15 22:42:35.241651	10907	27	1879	108859006498262662
458	2022-08-29 12:38:00	2022-09-18 13:37:50.955928	339	987	41786	108907139451911993
65	2022-08-13 22:47:00	2022-09-15 22:44:15.152595	2110	27	1978	108806003386329987
67	2022-08-13 22:30:00	2022-09-15 22:44:17.100002	12293	27	1980	108810879167030826
69	2022-08-13 17:57:00	2022-09-15 22:44:32.411876	2110	27	1984	108806003386329987
224	2022-08-10 14:35:00	2022-09-17 08:18:36.485857	712	390	20090	108799081144001457
71	2022-08-07 22:32:00	2022-09-15 22:45:00.249063	20420	27	2026	108784059135400576
72	2022-08-07 16:48:00	2022-09-15 22:45:02.73946	162	27	2029	108778533964382932
73	2022-08-05 02:05:00	2022-09-15 22:45:36.233306	32408	27	2052	108614799542369879
148	2022-07-17 10:12:00	2022-09-17 01:52:44.297738	439	439	12844	108663071158795941
8	2022-09-12 22:57:00	2022-09-15 22:37:00.425592	7642	27	1591	108986917776605497
21	2022-09-02 03:51:00	2022-09-15 22:39:10.478591	1168	27	1698	108918275512498172
3493	2022-07-14 12:56:00	2022-10-13 02:18:56.09743	312	8212	367615	108642825506205282
1518	2022-09-02 03:49:00	2022-09-27 08:33:34.179576	2151	2155	111400	108925167117387000
189	2022-07-05 14:49:00	2022-09-17 03:50:12.167666	911	300	14995	108594886951174630
3500	2022-06-25 08:11:00	2022-10-13 02:25:36.241236	1092	8212	367879	108537586407747022
24	2022-09-02 03:38:00	2022-09-15 22:39:12.644784	322	27	1701	108925030766373881
68	2022-08-13 18:09:00	2022-09-15 22:44:25.288975	161	27	1983	108810432337200138
191	2022-07-05 12:08:00	2022-09-17 03:50:13.549606	92	300	14997	108595328986126994
154	2022-08-09 11:45:00	2022-09-17 02:37:10.195827	496	464	14116	108793498653007424
66	2022-08-13 22:41:00	2022-09-15 22:44:16.209151	198	27	1979	108807398373593085
3495	2022-07-05 13:44:00	2022-10-13 02:20:55.242464	1118	8212	367695	108595704609417990
3499	2022-06-27 15:59:00	2022-10-13 02:24:27.201301	174	8212	367845	108550416807525540
792	2022-09-16 21:32:00	2022-09-23 07:40:53.304503	788	788	76318	109011143512417310
187	2022-07-12 10:38:00	2022-09-17 03:50:04.931929	2843	300	14988	108634849811505650
184	2022-07-26 21:42:00	2022-09-17 03:49:51.286363	546	300	14977	108709466334102041
188	2022-07-08 18:19:00	2022-09-17 03:50:09.428394	546	300	14992	108613965441774709
192	2022-08-18 08:40:00	2022-09-17 04:17:52.902619	217019	461	15294	108843499178766061
3977	2022-08-25 11:48:00	2022-10-14 13:39:46.969926	2151	8760	417467	108884119905749303
609	2022-06-19 08:13:00	2022-09-19 14:41:57.019599	362	791	64787	108501349572300339
89	2022-07-18 08:48:00	2022-09-15 22:47:56.885288	37414	27	2201	108664357185595423
90	2022-07-17 19:41:00	2022-09-15 22:47:59.011837	236652	27	2204	108645452208968453
210	2022-09-08 17:38:00	2022-09-17 07:11:28.614037	99443	645	19001	108960881629733228
10490	2022-10-16 00:00:00	2022-11-14 00:35:46.189743	34161	6657	763907	109178159096270944
3506	2022-06-23 12:58:00	2022-10-13 02:28:23.429393	2110	8212	367986	108527838216305046
104	2022-09-09 15:49:00	2022-09-16 00:52:54.109294	184	184	3713	108966655153436737
97	2022-06-14 23:36:00	2022-09-15 22:51:42.300407	128309	27	2464	108479359399368456
98	2022-06-14 23:34:00	2022-09-15 22:51:42.995996	2110	27	2465	108479285076138879
111	2022-09-02 12:12:00	2022-09-16 00:53:25.24746	174	184	3730	108929427395552056
208	2022-09-11 19:07:00	2022-09-17 07:08:54.538706	645	645	18868	108982251251099484
209	2022-09-09 07:07:00	2022-09-17 07:10:59.275886	645	645	18977	108965728694391616
212	2022-09-06 18:01:00	2022-09-17 07:11:53.661051	645	645	19033	108953645091816425
213	2022-09-01 12:31:00	2022-09-17 07:12:12.435448	645	645	19053	108918423674880347
214	2022-08-31 20:30:00	2022-09-17 07:12:19.32724	645	645	19059	108918423674880347
215	2022-08-31 06:19:00	2022-09-17 07:12:35.959272	645	645	19077	108914439453463344
216	2022-08-30 19:39:00	2022-09-17 07:13:01.987077	645	645	19095	108914439453463344
217	2022-08-30 08:46:00	2022-09-17 07:13:36.464991	645	645	19120	108911884848226001
222	2022-08-17 11:58:00	2022-09-17 08:18:19.361375	714	390	20055	108839019387370564
225	2022-08-02 13:56:00	2022-09-17 08:19:11.386081	825	390	20158	108754541529106948
8072	2022-07-21 02:19:00	2022-10-21 04:42:42.604913	11304	11304	576412	108683861447716372
182	2022-08-18 18:27:00	2022-09-17 03:49:20.57083	143	300	14953	108845393855689904
84	2022-07-29 07:08:00	2022-09-15 22:46:40.854137	7642	27	2125	108726931177758912
1906	2022-06-14 09:27:00	2022-09-29 04:16:43.976503	2843	4159	160888	108475734141827942
345	2022-07-01 23:49:00	2022-09-18 00:58:29.664962	827	827	35103	108568063053791350
232	2022-09-04 10:02:00	2022-09-17 10:04:20.171494	1336	365	22368	108940490951448214
1461	2022-09-26 12:09:00	2022-09-27 08:30:47.167822	974	2155	111245	109065466639286458
100	2022-06-10 21:12:00	2022-09-15 23:05:56.01668	105474	177	2770	108454240500218983
101	2022-08-09 11:09:00	2022-09-15 23:53:31.776326	238	237	3328	108793519292529487
102	2022-09-14 01:30:00	2022-09-16 00:52:26.956095	254	184	3710	108994095664858157
1902	2022-06-16 21:53:00	2022-09-29 04:16:12.063222	215	4159	160826	108489323009646654
108	2022-09-06 23:22:00	2022-09-16 00:53:13.128126	254	184	3722	108954193852034344
103	2022-09-14 01:26:00	2022-09-16 00:52:42.605557	256	184	3711	108992613643637554
1899	2022-07-06 11:09:00	2022-09-29 04:14:39.911963	37256	4159	160665	108600733749106064
114	2022-08-19 10:07:00	2022-09-16 00:53:50.096329	254	184	3746	108849881667070459
1900	2022-07-04 11:52:00	2022-09-29 04:14:58.483286	917	4159	160701	108585245681323676
116	2022-08-12 10:43:00	2022-09-16 00:54:13.637169	254	184	3752	108810403695608691
118	2022-08-09 20:48:00	2022-09-16 00:54:18.897608	254	184	3755	108795657266639146
119	2022-08-05 13:15:00	2022-09-16 00:54:24.332745	254	184	3758	108770665938646380
121	2022-07-29 10:35:00	2022-09-16 00:54:28.044626	254	184	3760	108731123099108822
122	2022-07-26 22:48:00	2022-09-16 00:54:35.33335	254	184	3763	108716390989143754
234	2022-08-30 09:30:00	2022-09-17 10:04:30.301874	2143	365	22384	108912063751610125
238	2022-08-26 08:03:00	2022-09-17 10:04:55.942023	2143	365	22418	108868568185139636
117	2022-08-12 02:00:00	2022-09-16 00:54:16.215076	358	184	3753	108808306071194549
237	2022-08-26 21:00:00	2022-09-17 10:04:51.009112	789	365	22411	108892124939873544
127	2022-06-24 10:54:00	2022-09-16 00:55:32.319425	254	184	3802	108532802846145847
128	2022-06-23 01:35:00	2022-09-16 00:55:39.591805	266	184	3803	108524326717178211
129	2022-06-22 01:44:00	2022-09-16 00:55:44.036283	254	184	3804	108518248598983247
1908	2022-06-10 18:28:00	2022-09-29 04:17:06.976809	7224	4159	160934	108453530416298053
610	2022-06-17 18:25:00	2022-09-19 14:41:58.356253	160	791	64789	108494878099153337
1463	2022-09-22 02:24:00	2022-09-27 08:31:11.165396	80	2155	111266	109040610017744180
137	2022-08-20 09:50:00	2022-09-16 02:26:38.676738	260	159	5864	108836027001513861
99	2022-06-14 11:36:00	2022-09-15 22:51:49.131126	26	27	2472	108374492136440897
107	2022-09-07 22:53:00	2022-09-16 00:53:10.466091	125	184	3720	108960509772592987
3501	2022-06-24 10:43:00	2022-10-13 02:26:50.58388	232	8212	367931	108532908465003302
110	2022-09-02 12:17:00	2022-09-16 00:53:23.651222	198	184	3729	108929401285280327
105	2022-09-08 23:40:00	2022-09-16 00:53:00.425062	198	184	3714	108964726028722493
239	2022-08-25 17:31:00	2022-09-17 10:04:59.315437	246	365	22425	108885635807726165
112	2022-08-26 20:05:00	2022-09-16 00:53:41.12992	174	184	3739	108890636438987651
1465	2022-09-22 02:15:00	2022-09-27 08:31:16.075667	2156	2155	111268	109039164901090443
1462	2022-09-23 11:26:00	2022-09-27 08:31:04.042662	2155	2155	111260	109040753479733075
120	2022-07-30 21:38:00	2022-09-16 00:54:26.634012	174	184	3759	108739225100639194
130	2022-06-18 13:53:00	2022-09-16 00:55:56.19733	174	184	3814	108494508130266721
882	2022-07-28 16:07:00	2022-09-23 07:48:30.048282	788	788	76652	108705466595668709
109	2022-09-02 21:01:00	2022-09-16 00:53:19.551658	84	184	3726	108930255355067606
218	2022-06-15 18:50:00	2022-09-17 07:14:25.064674	367	645	19168	108483892091766638
141	2022-09-02 13:29:00	2022-09-16 12:54:24.463036	174	232	6665	108928878620064688
142	2022-08-31 20:33:00	2022-09-16 14:53:19.364702	168770	232	6770	108920242228601843
10491	2022-09-22 00:00:00	2022-11-14 01:01:46.370895	2379	6657	764110	109038586678584388
1468	2022-09-21 18:28:00	2022-09-27 08:31:22.806228	931	2155	111275	109038639809781191
3503	2022-06-23 20:35:00	2022-10-13 02:27:28.789412	2106	8212	367955	108529610991902078
145	2022-08-18 18:52:00	2022-09-16 17:35:02.530591	103737	211	10724	108833838031019934
1809	2022-07-26 06:06:00	2022-09-27 18:22:18.970906	8183	2828	118589	108713055135094439
650	2022-08-07 16:32:00	2022-09-21 14:08:51.842103	439	469	67383	108783370542687094
3502	2022-06-24 10:41:00	2022-10-13 02:26:57.77774	144	8212	367935	108532938843599576
1469	2022-09-21 01:32:00	2022-09-27 08:31:24.704323	80	2155	111277	109034711502891591
220	2022-06-17 11:14:00	2022-09-17 07:57:40.228572	234	707	19823	108485154625673944
654	2022-08-03 09:39:00	2022-09-21 14:09:28.810503	279	469	67429	108754824314695459
1909	2022-08-31 19:04:00	2022-09-29 11:55:44.61749	410550	4214	168557	108919759611639793
152	2022-08-30 19:07:00	2022-09-17 02:30:06.60014	2122	91	13991	108914300168519199
194	2022-07-28 13:31:00	2022-09-17 04:54:10.266736	137	137	16219	108726127172547794
10492	2022-09-12 00:00:00	2022-11-14 01:15:55.962562	36405	6657	764244	108985259969289939
10493	2022-09-11 00:00:00	2022-11-14 01:20:59.285815	5430	6657	764296	108906894996047040
6	2022-09-15 07:52:00	2022-09-15 22:36:33.576894	27	27	1563	108994583638462704
4023	2022-08-12 10:23:00	2022-10-15 00:40:43.608525	27	9379	431426	108807820697397549
1467	2022-09-21 23:27:00	2022-09-27 08:31:20.98608	2156	2155	111273	109039914253250801
1912	2022-08-08 20:13:00	2022-09-29 11:58:46.514825	9048	4214	168795	108766025750585664
10494	2022-09-11 00:00:00	2022-11-14 01:22:25.913474	148149	6657	764312	108979931474731099
1473	2022-09-18 20:03:00	2022-09-27 08:31:40.618122	365	2155	111294	109022119516140692
611	2022-07-17 20:51:00	2022-09-19 16:34:06.703723	274	1243	65920	108664408118254232
1913	2022-08-08 19:40:00	2022-09-29 11:58:50.917956	215	4214	168803	108789740892405552
10495	2022-08-03 00:00:00	2022-11-14 01:53:45.517395	4327	6657	764515	108758779667255013
10496	2022-06-30 00:00:00	2022-11-14 02:13:36.952302	10561	6657	764637	108566907409714691
10497	2022-11-09 00:00:00	2022-11-14 03:19:46.420911	10269	13332	764930	109317459640859353
8080	2022-07-16 19:46:00	2022-10-21 04:48:19.579863	692	11304	576630	108579886735708411
167	2022-09-06 12:47:00	2022-09-17 03:06:21.902986	1209	416	14655	108952471764262457
10498	2022-11-09 00:00:00	2022-11-14 03:20:51.183943	198	13332	764938	109317228199485016
172	2022-09-02 12:27:00	2022-09-17 03:07:53.879648	2182	416	14722	108929727527918860
173	2022-09-01 12:00:00	2022-09-17 03:08:25.178033	272043	416	14748	108922605730729299
174	2022-09-01 11:30:00	2022-09-17 03:08:28.734395	10295	416	14751	108923789250499089
1915	2022-07-21 16:29:00	2022-09-29 12:00:45.6044	271	4214	169028	108687152324533954
155	2022-08-28 17:47:00	2022-09-17 02:46:58.597239	512	512	14208	108885293742006939
10499	2022-11-09 00:00:00	2022-11-14 03:23:58.104745	37355	13332	764969	109316815278212188
10500	2022-11-09 00:00:00	2022-11-14 03:25:11.066393	191	13332	764979	109314739622023233
661	2022-07-18 23:33:00	2022-09-21 14:10:39.559496	804	469	67502	108663816485744290
662	2022-07-18 23:32:00	2022-09-21 14:10:47.835031	1269	469	67503	108670376243328993
150	2022-09-14 15:44:00	2022-09-17 02:29:02.984052	485	91	13959	108998432177168906
168	2022-09-05 17:50:00	2022-09-17 03:06:37.751427	536	416	14668	108947887305438529
204	2022-07-02 07:20:00	2022-09-17 06:55:47.675792	340	316	18483	108575807556150545
1474	2022-09-18 18:37:00	2022-09-27 08:31:42.012626	110	2155	111295	109021724893975446
205	2022-07-01 23:41:00	2022-09-17 06:55:48.967377	129424	316	18484	108575062616832112
144	2022-08-23 12:12:00	2022-09-16 17:20:29.509352	1293	424	9985	108867910109786125
664	2022-07-17 13:34:00	2022-09-21 14:10:59.445376	1269	469	67518	108663858967667468
5245	2022-10-11 14:46:00	2022-10-16 15:05:53.234293	2151	4273	474991	109151057244197108
221	2022-08-18 23:09:00	2022-09-17 08:18:06.728796	712	390	20028	108847319352383029
665	2022-07-14 21:20:00	2022-09-21 14:11:37.006733	20120	469	67559	108648720733035569
5382	2022-09-02 17:28:00	2022-10-16 15:47:49.961019	2151	4273	476211	108930506041469005
668	2022-07-10 18:47:00	2022-09-21 14:12:39.797133	1001	469	67635	108624403718938630
669	2022-07-09 22:37:00	2022-09-21 14:12:49.695923	239570	469	67650	108620659615754009
138	2022-09-12 15:22:00	2022-09-16 12:54:09.152934	232	232	6649	108965479187430965
177	2022-08-27 09:26:00	2022-09-17 03:10:22.216741	908	416	14846	108894998285626987
648	2022-08-08 12:46:00	2022-09-21 14:08:44.989764	270	469	67376	108779039305879941
5581	2022-08-12 16:30:00	2022-10-16 16:45:01.816895	788	9630	477921	108811777353333806
1475	2022-09-17 15:10:00	2022-09-27 08:31:48.91666	274	2155	111301	109011450204205413
178	2022-08-25 18:20:00	2022-09-17 03:11:02.570554	215	416	14877	108885757598660873
176	2022-08-27 17:38:00	2022-09-17 03:10:11.558305	125	416	14837	108895831691033366
143	2022-06-10 18:45:00	2022-09-16 16:59:22.522487	406	387	9160	108449732367251406
163	2022-09-07 13:47:00	2022-09-17 03:06:04.729978	28	416	14641	108958366611475935
159	2022-09-12 20:00:00	2022-09-17 03:04:43.064645	974	416	14571	108987767498343795
162	2022-09-07 19:18:00	2022-09-17 03:06:01.229378	974	416	14638	108959467830135558
164	2022-09-06 17:22:00	2022-09-17 03:06:15.116499	974	416	14650	108953099594110457
201	2022-09-05 16:58:00	2022-09-17 06:52:58.018944	339	339	18257	108946891483104613
1916	2022-07-20 07:25:00	2022-09-29 12:00:56.509952	546	4214	169050	108561403570526294
241	2022-08-25 16:08:00	2022-09-17 10:05:07.157729	187667	365	22433	108885152752881028
246	2022-08-20 19:00:00	2022-09-17 10:06:34.537782	1154	365	22485	108857557961041876
249	2022-08-18 16:20:00	2022-09-17 10:06:42.927072	1493	365	22490	108844383935675606
250	2022-08-18 13:47:00	2022-09-17 10:06:49.013703	804	365	22491	108845119637673282
252	2022-08-16 22:15:00	2022-09-17 10:06:56.869279	1493	365	22496	108834327298968007
253	2022-08-14 20:13:00	2022-09-17 10:07:04.430504	804	365	22499	108823911479612716
254	2022-08-12 20:13:00	2022-09-17 10:07:14.811418	804	365	22503	108812518631553006
612	2022-09-13 01:15:00	2022-09-20 00:51:11.858151	1086	800	65990	108987576172219748
257	2022-08-06 16:32:00	2022-09-17 10:07:47.683695	225609	365	22519	108777580931653658
613	2022-09-06 01:40:00	2022-09-20 00:51:12.031499	785	800	65991	108946595546189573
255	2022-08-07 17:10:00	2022-09-17 10:07:32.440157	147	365	22512	108783631206735701
698	2022-06-14 23:07:00	2022-09-21 14:16:45.898448	83106	469	67930	108479171699220693
614	2022-08-09 06:04:00	2022-09-20 00:51:12.80043	195204	800	66000	108791375479828740
245	2022-08-21 12:04:00	2022-09-17 10:06:32.784638	2143	365	22483	108861208717299572
10603	2022-08-06 00:00:00	2022-12-09 07:27:29.250481	144	27	895838	108772927784096941
622	2022-07-16 18:07:00	2022-09-20 00:51:50.427336	25517	800	66027	108657778240374817
624	2022-06-22 22:45:00	2022-09-20 00:51:56.782781	98	800	66032	108523416261942381
3504	2022-06-23 17:08:00	2022-10-13 02:27:55.761406	1999	8212	367969	108528822430746595
627	2022-06-14 21:07:00	2022-09-20 00:51:57.089486	1246	800	66036	108477819775384154
629	2022-06-13 19:36:00	2022-09-20 00:51:57.340658	1000	800	66038	108471770240390818
240	2022-08-25 17:13:00	2022-09-17 10:05:01.282891	178	365	22428	108880352010238660
247	2022-08-20 18:01:00	2022-09-17 10:06:37.16637	781	365	22486	108857299186795607
248	2022-08-20 17:30:00	2022-09-17 10:06:38.31105	174	365	22487	108857225185123195
8077	2022-07-19 09:06:00	2022-10-21 04:44:27.320062	4949	11304	576487	108671341960396700
8081	2022-07-14 18:33:00	2022-10-21 04:49:20.283736	77873	11304	576663	108646454029812539
672	2022-06-29 19:27:00	2022-09-21 14:13:48.181427	124008	469	67726	108563345519465669
1810	2022-09-26 10:58:00	2022-09-27 18:25:51.895514	923	393	118654	109065214439112088
8422	2022-10-10 17:56:00	2022-10-23 12:53:17.883828	2151	12888	626457	109144808430490702
3693	2022-09-29 01:35:00	2022-10-13 13:21:50.11962	8417	8242	380145	109076495081056509
676	2022-06-21 16:25:00	2022-09-21 14:14:32.700913	99459	469	67784	108512791874254547
3707	2022-07-31 14:52:00	2022-10-13 13:24:49.046931	1344	8374	380427	108743458993515415
3712	2022-07-30 20:44:00	2022-10-13 13:26:14.43544	40463	8374	380511	108739040003032067
679	2022-06-17 13:49:00	2022-09-21 14:15:18.378866	17265	469	67833	108494069751385093
680	2022-06-17 13:47:00	2022-09-21 14:15:19.056111	99451	469	67834	108493810926502484
3717	2022-07-29 21:54:00	2022-10-13 13:27:30.863508	36036	8374	380615	108733732637664596
3726	2022-07-26 07:50:00	2022-10-13 13:30:48.38791	2102	8374	380863	108713111380314811
628	2022-06-14 14:48:00	2022-09-20 00:51:57.188631	536	800	66037	108475871338252242
3733	2022-07-23 18:20:00	2022-10-13 13:33:16.731606	1400	8374	381059	108643595603337839
3734	2022-07-23 18:19:00	2022-10-13 13:33:21.731946	9674	8374	381071	108698382569723009
687	2022-06-15 16:50:00	2022-09-21 14:15:59.737526	31301	469	67885	108483443583821218
3703	2022-07-31 21:55:00	2022-10-13 13:23:49.325354	416	8374	380340	108738361844822954
689	2022-06-15 12:31:00	2022-09-21 14:16:09.089821	842	469	67894	108482124373420929
691	2022-06-15 01:41:00	2022-09-21 14:16:19.059058	38224	469	67903	108479882331172978
692	2022-06-15 01:40:00	2022-09-21 14:16:19.896019	1273	469	67904	108479815028971843
693	2022-06-15 01:36:00	2022-09-21 14:16:24.528013	99453	469	67906	108479858527164021
694	2022-06-15 01:36:00	2022-09-21 14:16:25.112556	148299	469	67907	108479859871955700
695	2022-06-14 23:24:00	2022-09-21 14:16:35.328738	1274	469	67922	108479344804740409
696	2022-06-14 23:20:00	2022-09-21 14:16:40.432114	1086	469	67925	108477723554930738
10501	2022-11-09 00:00:00	2022-11-14 03:25:46.109714	13332	13332	764984	109314546723750951
700	2022-06-14 18:59:00	2022-09-21 14:17:05.727808	1098	469	67961	108478290522685166
2103	2022-07-18 00:00:00	2022-09-29 18:01:16.627049	1999	4248	180668	108655454911462019
2104	2022-07-15 19:24:00	2022-09-29 18:01:47.167823	5928	4248	180720	108653882741331578
2106	2022-07-14 11:06:00	2022-09-29 18:02:17.534219	4285	4248	180768	108645915176214650
703	2022-06-13 22:08:00	2022-09-21 14:17:23.081431	1028	469	67983	108473317281599068
202	2022-09-13 17:41:00	2022-09-17 06:54:30.248096	202	316	18389	108991401882183939
625	2022-06-22 19:12:00	2022-09-20 00:51:56.855596	390	800	66033	108521921511881071
8099	2022-07-07 18:24:00	2022-10-21 05:01:49.550624	14223	11304	577079	108608390616608630
8071	2022-07-21 02:26:00	2022-10-21 04:42:37.680141	11304	11304	576408	108683836980317675
685	2022-06-15 20:31:00	2022-09-21 14:15:51.521711	359	469	67876	108484323504915761
10510	2022-11-06 00:00:00	2022-11-14 03:42:47.137773	781	13332	765125	109299883495080078
688	2022-06-15 15:09:00	2022-09-21 14:16:01.561916	1243	469	67888	108482815655711711
620	2022-07-23 16:06:00	2022-09-20 00:51:38.19134	363	800	66019	108697186585013070
637	2022-08-16 20:27:00	2022-09-21 13:57:04.141055	1264	1264	66733	108810775849074269
623	2022-07-01 22:30:00	2022-09-20 00:51:56.590237	363	800	66031	108574428147351957
132	2022-08-22 17:59:00	2022-09-16 02:19:40.642631	326	155	5685	108867371756049227
618	2022-07-27 01:37:00	2022-09-20 00:51:37.420225	788	800	66013	108716717920237410
5939	2022-07-15 14:46:00	2022-10-16 18:47:12.593484	326	4273	480226	108652777086720060
615	2022-08-01 21:20:00	2022-09-20 00:51:37.138619	497	800	66010	108749642086923899
616	2022-07-29 15:57:00	2022-09-20 00:51:37.218863	497	800	66011	108728095076367284
617	2022-07-28 02:17:00	2022-09-20 00:51:37.284315	497	800	66012	108708874210524594
3728	2022-07-24 19:54:00	2022-10-13 13:31:54.509195	2135	8374	380948	108675622565641967
699	2022-06-14 22:32:00	2022-09-21 14:16:53.544874	367	469	67942	108471605505008741
243	2022-08-22 18:55:00	2022-09-17 10:05:36.208422	783	365	22472	108868700472784252
3505	2022-06-23 15:51:00	2022-10-13 02:28:01.965459	8419	8212	367973	108528461928225636
3744	2022-09-15 11:46:00	2022-10-13 13:37:46.835969	322	2095	381490	108999115820208896
10502	2022-11-09 00:00:00	2022-11-14 03:26:33.088847	13332	13332	764991	109312584572932806
264	2022-07-29 19:24:00	2022-09-17 10:08:24.718704	225610	365	22536	108733188291708957
631	2022-07-30 20:03:00	2022-09-20 03:56:31.977292	1193	206	66178	108737570837383386
268	2022-07-26 20:34:00	2022-09-17 10:08:47.297397	141581	365	22550	108716488674827598
3513	2022-06-14 15:48:00	2022-10-13 02:31:29.861	1999	8212	368095	108477518618319101
271	2022-07-24 13:43:00	2022-09-17 10:08:57.879024	1338	365	22559	108698512234740923
1369	2022-07-22 00:00:00	2022-09-26 21:42:12.112462	27	1037	102125	108689011241792566
274	2022-07-21 16:26:00	2022-09-17 10:09:33.308474	1074	365	22577	108685630152388416
3764	2022-07-20 07:22:00	2022-10-13 13:55:23.183505	27	8256	383007	108677593396833263
276	2022-07-20 16:36:00	2022-09-17 10:09:40.289586	25731	365	22579	108681579653329339
3735	2022-07-23 18:18:00	2022-10-13 13:33:23.948867	573	8374	381075	108698379662800351
279	2022-07-18 20:30:00	2022-09-17 10:09:55.384946	783	365	22588	108669065108797758
283	2022-07-11 17:08:00	2022-09-17 10:10:37.58014	7168	365	22612	108630684065578899
284	2022-07-11 14:40:00	2022-09-17 10:10:38.768936	79745	365	22613	108630119111527517
635	2022-06-15 19:33:00	2022-09-20 03:56:40.017391	728	206	66239	108483136239476423
277	2022-07-20 13:10:00	2022-09-17 10:09:45.31006	2352	365	22581	108680755032738336
261	2022-08-03 11:29:00	2022-09-17 10:08:12.866499	270	365	22532	108759604194598149
288	2022-07-08 22:37:00	2022-09-17 10:10:57.23107	2018	365	22628	108613965442061476
289	2022-07-08 17:50:00	2022-09-17 10:10:58.559849	2018	365	22630	108613925827700551
270	2022-07-24 14:28:00	2022-09-17 10:08:56.560201	2143	365	22557	108703698222599869
293	2022-07-07 18:34:00	2022-09-17 10:11:25.308859	79776	365	22641	108608434386753880
10483	2022-08-14 00:00:00	2022-11-11 05:10:46.785095	143	1848	754390	108822239009957288
299	2022-07-01 15:24:00	2022-09-17 10:12:06.321665	316	365	22669	108573549525795892
297	2022-07-03 16:14:00	2022-09-17 10:11:48.007166	728	365	22658	108585187760862944
298	2022-07-03 11:48:00	2022-09-17 10:11:52.038566	9390	365	22661	108580098706409337
10484	2022-06-25 00:00:00	2022-11-11 05:12:31.101354	6984	1848	754393	108541338296429318
273	2022-07-23 11:13:00	2022-09-17 10:09:21.651582	366	365	22568	108697288481667866
10273	2022-10-13 00:00:00	2022-11-05 22:20:34.922942	137	18552	729885	109161019695753286
10503	2022-09-11 00:00:00	2022-11-14 03:28:39.115088	416	19713	765010	108979502780906882
263	2022-07-31 18:02:00	2022-09-17 10:08:19.744902	147	365	22534	108744049368605947
282	2022-07-12 13:09:00	2022-09-17 10:10:27.130875	367	365	22607	108635466247185637
311	2022-06-09 12:45:00	2022-09-17 10:13:16.475276	79776	365	22717	108447599682703275
633	2022-06-30 19:20:00	2022-09-20 03:56:35.457845	326	206	66210	108567982610414832
10504	2022-11-09 00:00:00	2022-11-14 03:29:15.202085	1118	13332	765015	109314396846812994
634	2022-06-27 19:40:00	2022-09-20 03:56:35.739273	515	206	66212	108551083146535615
10505	2022-11-09 00:00:00	2022-11-14 03:29:31.748969	1115	13332	765019	109314415568780762
290	2022-07-08 17:38:00	2022-09-17 10:11:01.530425	274	365	22631	108613879129366125
316	2022-09-12 20:27:00	2022-09-18 00:19:46.698107	1204	827	34426	108988077455075530
319	2022-08-11 10:32:00	2022-09-18 00:24:26.137409	6985	827	34618	108804640044249952
320	2022-08-11 09:59:00	2022-09-18 00:24:41.773313	11136	827	34633	108802657874293424
321	2022-08-11 09:54:00	2022-09-18 00:24:48.147231	6985	827	34638	108804309671943097
322	2022-08-09 21:38:00	2022-09-18 00:25:52.115239	1608	827	34689	108795655361517668
323	2022-08-09 12:20:00	2022-09-18 00:26:39.339105	16642	827	34730	108793540480930814
324	2022-08-09 12:04:00	2022-09-18 00:26:48.574911	834	827	34735	108787060061377229
262	2022-08-02 15:58:00	2022-09-17 10:08:17.050119	788	365	22533	108754824348149573
267	2022-07-28 09:52:00	2022-09-17 10:08:40.985504	147	365	22546	108725265257519384
327	2022-08-08 20:57:00	2022-09-18 00:28:22.978265	123276	827	34768	108789808232058814
314	2022-07-25 22:57:00	2022-09-17 10:37:19.701011	781	147	22912	108710715064823297
93	2022-07-08 21:07:00	2022-09-15 22:49:27.549844	144	27	2302	108614434808707788
265	2022-07-29 10:35:00	2022-09-17 10:08:31.700772	246	365	22542	108731122555213508
258	2022-08-05 09:04:00	2022-09-17 10:07:54.831392	306	365	22522	108748389260126664
332	2022-08-08 07:58:00	2022-09-18 00:30:28.088578	134810	827	34846	108785277724484024
333	2022-08-08 07:57:00	2022-09-18 00:30:29.888694	134810	827	34847	108785283203360513
334	2022-08-08 07:56:00	2022-09-18 00:30:31.847507	134810	827	34848	108785316710262953
8088	2022-07-11 09:25:00	2022-10-21 04:53:46.760039	1205	11304	576806	108628924094868409
315	2022-09-13 09:53:00	2022-09-17 22:40:48.010965	416	403	33845	108991423880959607
771	2022-08-26 22:09:00	2022-09-23 04:40:55.918933	367	367	75983	108892343860364322
303	2022-06-26 15:46:00	2022-09-17 10:12:17.52321	246	365	22679	108529577545547998
489	2022-07-13 09:03:00	2022-09-18 13:41:17.590161	1844	987	41871	108448997710582457
490	2022-07-08 14:57:00	2022-09-18 13:41:24.754285	999	987	41874	108612771835263651
492	2022-06-30 09:01:00	2022-09-18 13:42:08.928281	4600	987	41893	108545059257310816
493	2022-06-29 04:58:00	2022-09-18 13:42:10.523314	999	987	41894	108559554416952387
3741	2022-09-16 23:35:00	2022-10-13 13:35:42.315438	174	2095	381290	109003788035700984
301	2022-06-30 19:04:00	2022-09-17 10:12:09.535636	174	365	22672	108568479871061365
306	2022-06-18 23:15:00	2022-09-17 10:12:37.68007	174	365	22693	108494508130266721
275	2022-07-21 12:20:00	2022-09-17 10:09:39.37058	174	365	22578	108686219611520926
286	2022-07-09 15:32:00	2022-09-17 10:10:51.852007	708	365	22624	108614175779814069
632	2022-07-28 14:49:00	2022-09-20 03:56:32.423593	322	206	66182	108725459977851397
310	2022-06-15 17:35:00	2022-09-17 10:12:57.507134	147	365	22702	108431020707621596
772	2022-08-26 21:17:00	2022-09-23 04:41:03.852633	367	367	75994	108892112601094232
335	2022-08-05 11:35:00	2022-09-18 00:30:46.973988	11140	827	34860	108764188856075588
376	2022-08-26 22:27:00	2022-09-18 05:13:12.357053	925	309	38179	108892399703734479
337	2022-07-23 15:36:00	2022-09-18 00:32:56.989089	20084	827	34948	108694156845450996
338	2022-07-19 19:48:00	2022-09-18 00:33:26.064159	1605	827	34962	108676669090747464
339	2022-07-14 21:00:00	2022-09-18 00:37:49.032343	400619	827	34991	108648298630588359
369	2022-07-06 13:19:00	2022-09-18 04:24:18.239787	308	303	37340	108601536943029764
8078	2022-07-18 10:19:00	2022-10-21 04:45:15.716088	2013	11304	576524	108646734622813499
3507	2022-06-22 16:40:00	2022-10-13 02:28:27.301464	1343	8212	367989	108523009785649373
10507	2022-11-07 00:00:00	2022-11-14 03:38:05.937284	199	13332	765088	109305965485927679
8082	2022-07-13 18:35:00	2022-10-21 04:50:10.55545	7354	11304	576694	108642302877063730
347	2022-06-30 15:26:00	2022-09-18 00:59:12.868343	19502	827	35134	108455622107164487
348	2022-06-21 16:09:00	2022-09-18 01:00:09.526986	23027	827	35161	108517213134278598
350	2022-06-19 22:09:00	2022-09-18 01:00:47.240823	220826	827	35177	108507335957422383
10509	2022-11-07 00:00:00	2022-11-14 03:41:31.729944	143761	13332	765115	109303132563698984
8086	2022-07-12 18:09:00	2022-10-21 04:52:38.475802	11858	11304	576776	108636296385134899
8087	2022-07-12 04:42:00	2022-10-21 04:52:45.87582	30031	11304	576779	108581028238663178
10511	2022-11-06 00:00:00	2022-11-14 03:43:27.79715	35872	13332	765131	109300309475560071
2105	2022-07-14 19:34:00	2022-09-29 18:02:07.919127	7970	4248	180752	108648276837498576
2109	2022-07-12 21:24:00	2022-09-29 18:03:09.186465	4285	4248	180849	108637400820264000
2112	2022-07-10 16:23:00	2022-09-29 18:05:22.98745	4285	4248	181076	108624649311975579
2114	2022-07-10 13:40:00	2022-09-29 18:05:48.82913	4292	4248	181102	108624251880959644
10519	2022-10-29 00:00:00	2022-11-14 04:07:48.058689	25299	13332	765361	109254868684073787
341	2022-07-07 12:23:00	2022-09-18 00:52:02.91594	279	827	35046	108606942523437948
397	2022-07-14 13:08:00	2022-09-18 05:19:37.834627	309	309	38292	107893899347799761
643	2022-09-12 23:26:00	2022-09-21 14:06:32.979574	20114	469	67217	108881454337510827
3510	2022-06-21 13:26:00	2022-10-13 02:30:16.289921	7934	8212	368047	108516483465276413
3512	2022-06-21 13:20:00	2022-10-13 02:30:28.437874	37422	8212	368053	108516486776918582
10521	2022-10-28 00:00:00	2022-11-14 04:11:11.577046	2124	13332	765389	109246845280079302
2111	2022-07-10 19:40:00	2022-09-29 18:05:01.021081	416	4248	181043	108624805041874482
3754	2022-07-07 09:01:00	2022-10-13 13:44:10.471741	2384	8374	382070	108603213140191109
647	2022-08-08 21:04:00	2022-09-21 14:08:38.770027	1269	469	67369	108790203086620320
10514	2022-11-06 00:00:00	2022-11-14 03:45:57.297196	1002	13332	765152	109297819028967028
3757	2022-09-02 21:35:00	2022-10-13 13:45:25.070028	5505	8242	382184	108931808970919000
349	2022-06-20 19:15:00	2022-09-18 01:00:16.829607	204	827	35164	108511634857425197
378	2022-08-22 22:36:00	2022-09-18 05:13:54.887733	925	309	38193	108869849567806339
395	2022-07-14 23:53:00	2022-09-18 05:19:27.190054	925	309	38290	108649312986243328
400	2022-06-26 23:20:00	2022-09-18 05:21:08.560585	925	309	38314	108547270392664824
10185	2022-08-08 00:00:00	2022-11-04 06:16:04.15791	340	8017	719808	108790720600689179
356	2022-08-23 09:42:00	2022-09-18 04:18:22.734688	143	303	37123	108872336986166507
644	2022-09-12 21:26:00	2022-09-21 14:06:43.424941	290	469	67229	108988254571482994
10506	2022-11-08 00:00:00	2022-11-14 03:34:21.944955	498	13332	765062	109306318079320049
10518	2022-10-29 00:00:00	2022-11-14 04:05:31.691683	781	13332	765342	109255122006170400
636	2022-06-14 13:44:00	2022-09-20 03:56:41.097113	1118	206	66245	107990398885531269
383	2022-08-01 13:26:00	2022-09-18 05:15:45.03815	174	309	38211	108741858356751142
370	2022-09-03 17:23:00	2022-09-18 05:11:47.580274	74049	309	38159	108935922706558262
371	2022-09-02 20:40:00	2022-09-18 05:12:01.115943	2562	309	38165	108931620620537605
372	2022-09-02 19:51:00	2022-09-18 05:12:04.647228	2404	309	38167	108931475129800587
373	2022-08-31 23:40:00	2022-09-18 05:12:55.254025	270531	309	38174	108920358522261367
374	2022-08-31 23:38:00	2022-09-18 05:12:56.639091	918	309	38175	108920618841294779
375	2022-08-31 23:31:00	2022-09-18 05:13:04.906439	151646	309	38176	108919784474528750
377	2022-08-26 18:59:00	2022-09-18 05:13:26.075575	921	309	38187	108891632259536266
379	2022-08-17 20:20:00	2022-09-18 05:14:13.064136	5885	309	38195	108838669513468092
380	2022-08-17 20:19:00	2022-09-18 05:14:16.525665	929	309	38196	108840793957215523
382	2022-08-05 15:38:00	2022-09-18 05:15:19.430726	918	309	38208	108771731509980163
384	2022-07-29 21:54:00	2022-09-18 05:16:05.873713	274076	309	38217	108733579734266255
385	2022-07-29 13:45:00	2022-09-18 05:16:24.308207	217942	309	38221	108720412766328594
386	2022-07-29 13:06:00	2022-09-18 05:16:25.497078	921	309	38222	108730127232256625
387	2022-07-29 13:04:00	2022-09-18 05:16:43.134343	917	309	38223	108730940969953602
388	2022-07-28 21:01:00	2022-09-18 05:16:53.589645	5310	309	38226	108722677798042256
389	2022-07-28 20:59:00	2022-09-18 05:16:57.367104	916	309	38228	108723003578949302
391	2022-07-22 22:11:00	2022-09-18 05:17:32.261335	918	309	38247	108694129959277070
392	2022-07-22 03:08:00	2022-09-18 05:18:02.661955	925	309	38257	108689723106781601
393	2022-07-19 21:48:00	2022-09-18 05:18:13.50946	925	309	38259	108677021443496754
390	2022-07-26 15:32:00	2022-09-18 05:17:00.499373	174	309	38229	108715233826861381
407	2022-08-23 07:29:00	2022-09-18 05:56:35.481544	222	953	38649	108869891398506685
774	2022-08-26 17:38:00	2022-09-23 04:41:17.158365	367	367	76011	108890904438799656
777	2022-08-26 08:29:00	2022-09-23 04:41:42.2966	367	367	76053	108889128706918173
399	2022-07-01 20:59:00	2022-09-18 05:20:49.45626	923	309	38308	108574535852356474
402	2022-06-12 21:56:00	2022-09-18 05:23:08.550234	924	309	38345	108467645094620725
403	2022-09-08 11:41:00	2022-09-18 05:56:02.090024	106536	953	38626	108958883875155517
404	2022-09-08 11:30:00	2022-09-18 05:56:03.640686	106536	953	38627	108961558545147475
405	2022-08-26 23:18:00	2022-09-18 05:56:13.809578	106536	953	38635	108892660580837004
408	2022-08-23 07:13:00	2022-09-18 05:56:36.476572	106536	953	38650	108870515347093773
409	2022-08-20 22:49:00	2022-09-18 05:56:40.749522	825	953	38653	108858547078458463
410	2022-08-11 09:57:00	2022-09-18 05:57:01.703019	106536	953	38666	108799450711652009
411	2022-08-09 15:11:00	2022-09-18 05:57:07.464689	79275	953	38670	108793060446582542
412	2022-08-08 09:24:00	2022-09-18 05:57:09.832276	106536	953	38671	108774388512918076
413	2022-08-08 09:18:00	2022-09-18 05:57:10.822569	106536	953	38672	108777115032680227
420	2022-07-08 17:05:00	2022-09-18 05:57:52.188837	2843	953	38697	108612883293930158
419	2022-07-11 07:56:00	2022-09-18 05:57:48.40364	271	953	38695	108626206302621505
3511	2022-06-21 13:23:00	2022-10-13 02:30:23.445142	7934	8212	368050	108516462189999768
470	2022-08-21 18:27:00	2022-09-18 13:38:48.026535	805	987	41813	108863186538562824
3516	2022-08-12 20:41:00	2022-10-13 03:51:17.585699	83871	8224	370509	108811142418663358
1812	2022-09-12 20:57:00	2022-09-27 19:02:26.362515	211	908	118779	108986302607319094
3517	2022-08-06 12:13:00	2022-10-13 03:51:31.593221	124330	8224	370517	108689078909312349
3515	2022-08-22 20:54:00	2022-10-13 03:50:26.589244	274	8224	370487	108869302400252717
1811	2022-09-17 10:02:00	2022-09-27 19:01:56.264594	184	908	118745	109010541624005866
10508	2022-11-07 00:00:00	2022-11-14 03:39:58.732298	1176	13332	765103	109303173683797819
475	2022-08-16 18:45:00	2022-09-18 13:39:22.287301	1997	987	41826	108834910260409049
10512	2022-11-06 00:00:00	2022-11-14 03:44:22.802888	711	13332	765139	109298043157883093
441	2022-06-10 14:20:00	2022-09-18 05:59:22.239809	416	953	38758	108453794934160160
442	2022-06-10 07:57:00	2022-09-18 05:59:23.91692	127669	953	38759	108452571388344939
414	2022-07-27 10:07:00	2022-09-18 05:57:17.98962	428	953	38678	108716005360552048
482	2022-08-14 12:26:00	2022-09-18 13:40:00.763026	536	987	41843	108819287763749902
446	2022-07-12 09:29:00	2022-09-18 08:11:33.33658	20692	971	40631	108627184728934068
447	2022-06-26 10:03:00	2022-09-18 08:13:38.170975	14928	971	40707	108487923557885515
23	2022-09-02 03:41:00	2022-09-15 22:39:11.93481	2151	27	1700	108925164757802271
3514	2022-08-09 10:04:00	2022-10-13 02:56:57.825954	742	8203	369050	108793225910060161
185	2022-07-26 12:40:00	2022-09-17 03:49:54.12705	160	300	14979	108714399365089087
305	2022-06-19 11:11:00	2022-09-17 10:12:36.231436	34	365	22692	108504719655966100
448	2022-09-14 21:06:00	2022-09-18 13:36:13.926691	19997	987	41747	108994130574984736
453	2022-09-03 08:21:00	2022-09-18 13:37:23.748113	16004	987	41776	108933909613920956
454	2022-09-01 23:44:00	2022-09-18 13:37:38.262307	992	987	41778	108891094058555242
455	2022-09-01 22:17:00	2022-09-18 13:37:44.114171	1011	987	41782	108926142480670684
456	2022-08-31 14:37:00	2022-09-18 13:37:47.036389	999	987	41783	108918905733661047
3519	2022-07-08 13:15:00	2022-10-13 03:52:38.377058	1092	8224	370543	108612013946817246
479	2022-08-15 20:15:00	2022-09-18 13:39:33.723029	322	987	41833	108828920745955925
459	2022-08-29 11:49:00	2022-09-18 13:37:51.924118	9180	987	41787	108881425721984934
460	2022-08-28 06:31:00	2022-09-18 13:37:57.797627	462	987	41791	108900020118242069
461	2022-08-27 07:51:00	2022-09-18 13:38:10.654917	2404	987	41798	108890876308104137
462	2022-08-27 04:52:00	2022-09-18 13:38:15.968228	999	987	41801	108893317987774004
463	2022-08-23 17:54:00	2022-09-18 13:38:21.410689	1013	987	41804	108867656805759479
465	2022-08-23 11:53:00	2022-09-18 13:38:33.592493	994	987	41808	108872758329728224
467	2022-08-23 11:37:00	2022-09-18 13:38:41.753182	271	987	41810	108872885023414132
468	2022-08-21 18:40:00	2022-09-18 13:38:43.70985	462	987	41811	108850710991585660
491	2022-06-30 13:46:00	2022-09-18 13:42:01.84184	358	987	41890	108567661598613616
471	2022-08-20 18:25:00	2022-09-18 13:38:49.673959	19445	987	41814	108811604697222421
472	2022-08-17 10:48:00	2022-09-18 13:39:08.54053	271	987	41820	108838759435226119
473	2022-08-17 09:52:00	2022-09-18 13:39:13.570954	994	987	41822	108838446279219371
474	2022-08-16 23:52:00	2022-09-18 13:39:18.401691	1292	987	41825	108834903303671702
477	2022-08-16 17:12:00	2022-09-18 13:39:28.149902	261	987	41829	108491328903256724
478	2022-08-16 17:01:00	2022-09-18 13:39:29.800711	261	987	41830	108819243839150418
480	2022-08-15 19:39:00	2022-09-18 13:39:37.165638	320792	987	41834	108828432739068360
444	2022-08-01 09:17:00	2022-09-18 08:09:35.386065	34	971	40565	108727202303363617
10515	2022-07-12 00:00:00	2022-11-14 03:53:55.981896	781	19713	765225	108636649699841839
484	2022-08-10 19:38:00	2022-09-18 13:40:17.808025	2408	987	41850	108794280291982854
485	2022-08-09 15:41:00	2022-09-18 13:40:43.201417	1009	987	41856	108793613350306741
486	2022-08-08 20:02:00	2022-09-18 13:41:00.210023	1009	987	41862	108789974261154829
3520	2022-06-27 09:46:00	2022-10-13 03:52:49.792972	125	8224	370551	108549369584403977
251	2022-08-16 22:22:00	2022-09-17 10:06:53.664222	365	365	22495	108835801555047313
415	2022-07-25 17:00:00	2022-09-18 05:57:19.804109	428	953	38679	108709837432512675
421	2022-07-06 15:53:00	2022-09-18 05:57:54.837833	428	953	38699	108602103478936883
8759	2022-08-15 06:38:00	2022-10-24 06:23:14.689962	2619	12956	639607	108826008131482399
417	2022-07-12 12:26:00	2022-09-18 05:57:37.355181	19984	953	38689	108625431997593464
422	2022-07-06 14:31:00	2022-09-18 05:57:57.800012	222	953	38701	108597575900705559
466	2022-08-23 11:41:00	2022-09-18 13:38:39.055488	147	987	41809	108872884132376191
430	2022-06-25 14:19:00	2022-09-18 05:58:28.977204	19444	953	38721	108539461888581202
336	2022-08-01 21:05:00	2022-09-18 00:31:47.084411	103	827	34898	108748567103542513
464	2022-08-23 17:53:00	2022-09-18 13:38:23.734637	9251	987	41805	108874339049228311
432	2022-06-24 21:01:00	2022-09-18 05:58:38.912024	1118	953	38728	108535308754477329
424	2022-07-01 12:04:00	2022-09-18 05:58:04.092787	390	953	38704	108568924389121633
278	2022-07-20 12:07:00	2022-09-17 10:09:49.775129	178	365	22582	108680043466164752
808	2022-08-25 15:07:00	2022-09-23 07:43:00.738235	367	788	76413	108884882721447895
450	2022-09-10 23:02:00	2022-09-18 13:36:44.962071	1014	987	41759	108890364868691849
488	2022-07-19 17:27:00	2022-09-18 13:41:14.406221	163	987	41869	108675991719662266
494	2022-06-28 12:24:00	2022-09-18 13:42:16.554861	1009	987	41898	108555512002763339
496	2022-06-12 03:04:00	2022-09-18 13:43:18.047069	999	987	41927	108463153062465683
508	2022-09-01 09:47:00	2022-09-18 22:48:47.981031	237	366	43024	108919355022270553
498	2022-07-29 20:09:00	2022-09-18 15:10:58.271433	225844	1029	42377	108730790636039701
500	2022-07-08 01:26:00	2022-09-18 15:11:22.919691	225844	1029	42396	108523976077078343
501	2022-06-22 21:59:00	2022-09-18 15:12:21.892966	225844	1029	42443	108523976077078343
527	2022-08-03 18:28:00	2022-09-19 02:36:01.115304	1112	1112	45795	108761267287514563
504	2022-06-10 01:10:00	2022-09-18 15:12:40.75171	191	1029	42455	108450684602977114
502	2022-06-18 02:08:00	2022-09-18 15:12:30.937344	1029	1029	42448	108482659024343861
10513	2022-07-24 00:00:00	2022-11-14 03:44:23.658527	1844	19713	765141	108676080601102249
3758	2022-08-01 07:38:00	2022-10-13 13:46:02.015451	199033	8256	382226	108745078352646571
529	2022-08-01 21:36:00	2022-09-19 02:36:18.80807	1112	1112	45814	108750149103695835
507	2022-07-02 22:06:00	2022-09-18 19:41:04.784946	408	415	42787	108325180190490557
123	2022-07-15 12:39:00	2022-09-16 00:54:49.998489	184	184	3773	108651771948488462
4105	2022-06-27 08:44:00	2022-10-15 02:50:21.473038	9561	9367	432822	108546957821485681
10516	2022-11-03 00:00:00	2022-11-14 03:53:59.132809	326875	13332	765226	109283223676977327
509	2022-08-22 10:34:00	2022-09-18 22:49:19.37646	792	366	43061	108834862724028332
10523	2022-10-28 00:00:00	2022-11-14 04:12:33.998274	81	13332	765403	109246721183154854
511	2022-08-09 11:10:00	2022-09-18 22:49:47.549509	238	366	43098	108793519292529487
10524	2022-06-12 00:00:00	2022-11-14 04:17:39.985691	148662	19713	765440	108465173658235379
513	2022-07-26 21:44:00	2022-09-18 22:50:35.817028	1377	366	43165	108716279555371913
514	2022-07-23 15:38:00	2022-09-18 22:50:53.117092	1377	366	43185	108698336944214673
515	2022-07-22 13:10:00	2022-09-18 22:51:13.699557	127108	366	43209	107836969952989839
1919	2022-09-22 12:56:00	2022-09-29 12:07:29.422962	673	4237	169489	109037811467160057
519	2022-06-21 21:48:00	2022-09-18 22:54:37.476301	1291	366	43527	108518024487028105
520	2022-06-15 17:14:00	2022-09-18 22:55:17.060956	825	366	43586	108483537102082653
524	2022-06-09 16:03:00	2022-09-18 22:55:47.036214	1227	366	43624	108449297935857215
526	2022-08-05 11:59:00	2022-09-19 02:35:55.292304	1115	1112	45786	108771065411742582
532	2022-06-30 11:54:00	2022-09-19 02:36:52.882312	1112	1112	45851	108567167548868732
528	2022-08-02 19:02:00	2022-09-19 02:36:11.615656	1116	1112	45809	108754484106010756
533	2022-06-26 15:28:00	2022-09-19 02:37:22.057198	1112	1112	45877	108544324841107355
530	2022-07-29 18:34:00	2022-09-19 02:36:30.15737	221397	1112	45829	108732494971585634
538	2022-06-23 18:00:00	2022-09-19 02:38:53.4163	1112	1112	45968	108529023071034915
542	2022-06-23 14:39:00	2022-09-19 02:39:06.782153	1112	1112	45979	108528188124597296
537	2022-06-24 12:52:00	2022-09-19 02:38:05.392175	17189	1112	45920	108533483016255319
535	2022-06-24 16:49:00	2022-09-19 02:37:47.360257	308	1112	45904	108534410786351828
505	2022-07-17 13:47:00	2022-09-18 19:40:51.224815	415	415	42770	107973766052302514
497	2022-07-24 16:46:00	2022-09-18 14:31:26.806411	246	440	42321	108703468952295471
10520	2022-10-28 00:00:00	2022-11-14 04:10:54.983396	13332	13332	765387	109246753020987769
4106	2022-06-25 20:43:00	2022-10-15 02:50:30.298328	8404	9367	432828	108524377187008058
4109	2022-06-24 06:46:00	2022-10-15 02:50:39.837539	5236	9367	432834	108531912380387832
457	2022-08-31 14:35:00	2022-09-18 13:37:47.896857	987	987	41784	108918920091639209
229	2022-09-07 18:39:00	2022-09-17 10:03:42.052648	365	365	22320	108959517479982294
541	2022-06-23 16:13:00	2022-09-19 02:39:03.326443	322	1112	45976	108528601802907079
495	2022-06-23 17:06:00	2022-09-18 13:42:42.143183	1118	987	41911	108528666669012016
3759	2022-09-09 20:35:00	2022-10-13 13:48:57.940435	340	2095	382484	108971208668032301
124	2022-07-08 10:29:00	2022-09-16 00:55:05.463639	184	184	3782	108609402342259891
125	2022-07-04 23:47:00	2022-09-16 00:55:10.256911	184	184	3784	108592444184124607
1725	2022-07-10 18:22:00	2022-09-27 08:44:33.605344	178	2155	111941	108625296764952161
540	2022-06-23 16:34:00	2022-09-19 02:39:01.771957	1211	1112	45975	108528641090878294
259	2022-08-03 20:49:00	2022-09-17 10:08:05.706804	440	365	22528	108761654396466138
499	2022-07-09 12:49:00	2022-09-18 15:11:18.705823	143	1029	42393	108616602232578265
4108	2022-06-24 11:48:00	2022-10-15 02:50:35.66945	166	9367	432831	108528689870990896
550	2022-06-21 21:26:00	2022-09-19 02:40:12.035413	20728	1112	46047	108518513547812354
1378	2022-09-21 21:09:00	2022-09-27 04:07:22.03633	23	232	105988	109039344932880586
522	2022-06-09 19:25:00	2022-09-18 22:55:29.461328	1082	366	43609	108450049090501659
523	2022-06-09 16:14:00	2022-09-18 22:55:41.648418	508	366	43618	108409587776822060
1466	2022-09-22 01:45:00	2022-09-27 08:31:17.931043	80	2155	111270	109040452636568581
517	2022-07-08 13:59:00	2022-09-18 22:52:24.658122	781	366	43317	108609216506424003
525	2022-08-08 17:15:00	2022-09-19 02:35:42.308365	1118	1112	45772	108789270962705441
4107	2022-06-25 13:00:00	2022-10-15 02:50:34.667289	110	9367	432830	108538038331368733
1730	2022-07-08 20:48:00	2022-09-27 08:44:43.042956	178	2155	111950	108614613994686201
1750	2022-07-02 02:01:00	2022-09-27 08:46:45.210743	178	2155	112018	108576091792227433
1379	2022-09-21 13:58:00	2022-09-27 04:07:23.483581	215	232	105991	109037427950676251
481	2022-08-14 19:46:00	2022-09-18 13:39:40.415828	987	987	41836	108823750605082193
516	2022-07-08 14:11:00	2022-09-18 22:52:21.640694	823	366	43310	108613063186923650
1376	2022-09-26 14:47:00	2022-09-27 04:07:17.389238	255266	185	105979	109066154772019538
554	2022-08-10 12:34:00	2022-09-19 03:39:40.13733	606	290	48111	108799397404718785
555	2022-08-10 20:13:00	2022-09-19 04:12:50.800178	27856	1148	49026	108794235160684641
557	2022-08-10 14:38:00	2022-09-19 04:12:56.443823	167547	1148	49030	108799277781206766
560	2022-07-19 22:53:00	2022-09-19 04:14:46.235429	8178	1148	49143	108677310946373054
539	2022-06-23 16:54:00	2022-09-19 02:38:59.452151	1112	1112	45973	108256289500483004
562	2022-06-21 22:21:00	2022-09-19 04:18:31.515464	1148	1148	49384	108517796926340587
563	2022-06-12 13:36:00	2022-09-19 04:19:28.112078	8392	1148	49447	108465058161818504
565	2022-06-10 11:11:00	2022-09-19 04:19:46.846414	1151	1148	49466	108451147840879829
568	2022-07-28 18:57:00	2022-09-19 05:41:41.16667	40210	413	52862	108727414109282518
3522	2022-06-17 15:36:00	2022-10-13 04:28:48.525428	1989	8287	371026	108494441056750396
570	2022-07-24 18:27:00	2022-09-19 05:41:52.01282	229852	413	52882	108703597790860301
571	2022-07-17 07:12:00	2022-09-19 05:42:12.748687	443765	413	52909	108660461655892154
582	2022-06-27 15:40:00	2022-09-19 05:47:54.264595	515	206	53226	108551083146535615
573	2022-07-10 15:47:00	2022-09-19 05:42:32.948832	202904	413	52924	108624737136326946
1382	2022-09-23 22:32:00	2022-09-27 04:07:42.273601	62	185	106031	109050804855428449
1395	2022-09-17 18:39:00	2022-09-27 04:10:19.088858	62	185	106257	109016112034080968
1380	2022-09-19 17:00:00	2022-09-27 04:07:30.017136	76828	232	106007	109026835142263234
587	2022-07-09 19:50:00	2022-09-19 10:26:20.24063	147	199	53408	108620000670899303
579	2022-07-30 16:03:00	2022-09-19 05:47:25.616953	1193	206	53198	108737570837383386
583	2022-07-27 09:24:00	2022-09-19 09:23:56.5592	1194	559	53239	108719308736432259
1818	2022-08-31 15:56:00	2022-09-27 19:04:11.823315	1408	908	118871	108918726884043218
3760	2022-08-30 17:42:00	2022-10-13 13:49:00.53227	12584	8242	382487	108913756333764741
561	2022-07-07 09:06:00	2022-09-19 04:17:24.772476	536	1148	49322	108601689449568071
589	2022-07-07 02:20:00	2022-09-19 10:26:24.519171	784	199	53411	108602937364234369
592	2022-07-06 23:32:00	2022-09-19 10:26:34.765938	340502	199	53414	108598363574011982
593	2022-07-06 23:26:00	2022-09-19 10:26:36.400197	344127	199	53415	108598348430388834
594	2022-07-06 15:17:00	2022-09-19 10:26:37.549451	1199	199	53416	108601818917857026
595	2022-07-06 14:09:00	2022-09-19 10:26:38.184581	187824	199	53417	108598816921667756
596	2022-07-06 14:04:00	2022-09-19 10:26:41.948187	784	199	53418	108598618849587651
1813	2022-09-08 11:53:00	2022-09-27 19:02:47.258815	974	908	118803	108963436520528148
598	2022-07-06 13:57:00	2022-09-19 10:26:47.3581	13985	199	53420	108598331241971184
601	2022-07-05 15:29:00	2022-09-19 10:26:54.227929	1199	199	53424	108595922285280616
602	2022-07-04 15:03:00	2022-09-19 10:26:56.463412	1199	199	53426	108580523687657595
604	2022-07-03 13:00:00	2022-09-19 10:27:03.849109	1200	199	53431	108584222702406556
3761	2022-10-06 18:46:00	2022-10-13 13:49:59.351256	2198	8244	382573	109123661233836457
1819	2022-08-28 14:02:00	2022-09-27 19:04:57.132407	1154	908	118926	108901172695935061
5540	2022-08-19 05:25:00	2022-10-16 16:32:05.669058	2619	4273	477660	108848792363799768
1391	2022-08-04 21:58:00	2022-09-27 04:09:19.882113	140	232	106197	108767694452342684
566	2022-09-13 17:44:00	2022-09-19 05:39:48.435979	274	413	52546	108993208176743992
1815	2022-09-07 20:17:00	2022-09-27 19:03:07.929451	731	908	118814	108959411891475899
10525	2022-10-27 00:00:00	2022-11-14 04:21:11.373432	13332	13332	765466	109240757335502836
578	2022-08-08 02:16:00	2022-09-19 05:47:07.955023	143	206	53184	108785688792166498
1396	2022-09-17 16:22:00	2022-09-27 04:10:22.689251	229623	185	106261	109015600272020637
1822	2022-08-27 19:32:00	2022-09-27 19:05:07.120701	928	908	118935	108896854710994506
1823	2022-08-26 21:54:00	2022-09-27 19:05:27.619258	2837	908	118949	108892322931121642
1405	2022-07-07 23:11:00	2022-09-27 04:12:19.380934	140	232	106392	108609504721585935
581	2022-06-30 15:20:00	2022-09-19 05:47:52.48623	326	206	53224	108567982610414832
10528	2022-10-24 00:00:00	2022-11-14 04:31:40.372724	13332	13332	765557	109224105193175784
567	2022-08-01 19:44:00	2022-09-19 05:41:30.579995	413	413	52844	108743522667315058
558	2022-07-25 22:47:00	2022-09-19 04:14:11.510272	497	1148	49109	108705444011967543
588	2022-07-07 02:23:00	2022-09-19 10:26:22.141508	1082	199	53410	108603616300794952
597	2022-07-06 13:58:00	2022-09-19 10:26:44.535835	1082	199	53419	108598367947981555
10529	2022-10-24 00:00:00	2022-11-14 04:32:10.928835	359	13332	765561	109223404075292138
1515	2022-09-04 15:51:00	2022-09-27 08:33:24.534522	80	2155	111389	108941854100102723
1516	2022-09-04 15:33:00	2022-09-27 08:33:25.254369	80	2155	111390	108941743999377782
1384	2022-08-30 22:22:00	2022-09-27 04:07:57.985315	781	232	106057	108915005308853676
569	2022-07-26 09:31:00	2022-09-19 05:41:50.152472	413	413	52877	108663183851435675
576	2022-06-24 13:54:00	2022-09-19 05:43:16.636109	316	413	52967	108529389997639921
603	2022-07-03 20:57:00	2022-09-19 10:26:59.732063	1118	199	53428	108579681172712977
10527	2022-10-24 00:00:00	2022-11-14 04:29:24.181042	1118	13332	765538	109224245498940478
605	2022-07-02 22:15:00	2022-09-19 10:27:08.598853	174	199	53433	108574394400552834
1386	2022-08-17 11:09:00	2022-09-27 04:08:11.786516	174	232	106090	108838724670718895
1401	2022-07-19 12:44:00	2022-09-27 04:10:51.766482	174	232	106308	108674973984907332
556	2022-08-10 14:49:00	2022-09-19 04:12:54.957091	1611	1148	49029	108799973753947397
564	2022-06-11 10:36:00	2022-09-19 04:19:42.205596	322	1148	49461	108454503848734568
575	2022-06-27 10:17:00	2022-09-19 05:43:10.787992	2843	413	52960	108549815513566603
1814	2022-09-08 11:39:00	2022-09-27 19:02:48.949375	2843	908	118805	108962486454592015
586	2022-07-22 12:48:00	2022-09-19 10:26:01.032228	306	199	53395	108690964579358238
1397	2022-09-16 20:35:00	2022-09-27 04:10:36.180258	185	185	106285	107888525252559327
1404	2022-07-13 17:14:00	2022-09-27 04:12:01.80991	805	232	106356	108641534002818648
1831	2022-08-10 21:13:00	2022-09-27 19:08:56.754934	306	908	119163	108801258788251144
1824	2022-08-26 21:07:00	2022-09-27 19:05:28.99524	2837	908	118950	108892136257310756
1825	2022-08-22 14:48:00	2022-09-27 19:06:24.551114	7995	908	119002	108861557635273132
1826	2022-08-20 12:18:00	2022-09-27 19:06:43.311212	2013	908	119024	107995376156065348
1827	2022-08-18 10:01:00	2022-09-27 19:07:10.034102	130560	908	119053	108844218454056529
1829	2022-08-16 22:10:00	2022-09-27 19:07:29.160935	928	908	119075	108830604919264749
1444	2022-08-11 21:27:00	2022-09-27 04:24:08.411067	1472	185	107273	108807053604894015
10526	2022-10-27 00:00:00	2022-11-14 04:21:24.261922	825	13332	765468	109240871136490777
1839	2022-07-29 12:03:00	2022-09-27 19:11:01.827198	1590	908	119307	108726002147943267
1383	2022-09-23 18:50:00	2022-09-27 04:07:54.135715	379122	185	106051	109050155094289873
1388	2022-08-12 23:17:00	2022-09-27 04:08:28.383972	100384	232	106110	108813378069008243
1389	2022-08-12 10:13:00	2022-09-27 04:09:03.282347	70857	232	106162	108805716104991454
1392	2022-07-31 12:44:00	2022-09-27 04:09:26.092482	1338	232	106212	108734058705203263
1394	2022-09-19 17:00:00	2022-09-27 04:09:59.095936	76828	185	106237	109026835142263234
1402	2022-07-16 14:23:00	2022-09-27 04:11:34.161124	25731	232	106345	108658104501561539
1409	2022-06-16 19:06:00	2022-09-27 04:12:49.557032	210680	232	106445	108488837578429864
1411	2022-06-08 19:01:00	2022-09-27 04:13:08.733492	4048	232	106468	108443794828522048
1412	2022-06-08 14:38:00	2022-09-27 04:13:13.573293	162593	232	106474	108443143579052893
1413	2022-06-08 14:32:00	2022-09-27 04:13:14.744131	4048	232	106475	108434314545300691
1414	2022-06-08 14:04:00	2022-09-27 04:13:18.72034	181265	232	106480	108443170201177157
1448	2022-08-09 10:48:00	2022-09-27 04:25:14.22768	166	185	107344	108791911247338348
1850	2022-07-07 09:22:00	2022-09-27 19:15:11.171514	166	908	119569	108605089619055279
1419	2022-09-13 08:45:00	2022-09-27 04:13:51.582895	64511	185	106547	108991157472057243
1415	2022-06-08 13:39:00	2022-09-27 04:13:21.391953	232	232	106484	108397413245150514
1410	2022-06-14 19:08:00	2022-09-27 04:12:53.125003	232	232	106452	107859849625488054
1828	2022-08-17 08:22:00	2022-09-27 19:07:27.37359	143	908	119073	108836623353774509
1846	2022-07-13 20:56:00	2022-09-27 19:13:51.608949	928	908	119497	108638682872677303
1431	2022-08-30 12:09:00	2022-09-27 04:16:46.671384	10279	185	106899	108912624163720610
1433	2022-08-29 18:46:00	2022-09-27 04:16:59.652222	11192	185	106921	108908190381028689
10542	2022-10-09 00:00:00	2022-11-14 05:04:32.387643	215	13332	765735	109138914713335028
3523	2022-10-01 22:42:00	2022-10-13 05:26:48.92649	199	8282	371674	109096364823615519
1830	2022-08-14 12:03:00	2022-09-27 19:08:03.100885	143	908	119096	108821576625606389
1435	2022-08-26 10:00:00	2022-09-27 04:18:46.652586	70756	185	107022	108889491480088049
1853	2022-06-28 14:39:00	2022-09-27 19:16:05.861475	59065	908	119629	108529979974322734
1437	2022-08-23 12:21:00	2022-09-27 04:21:43.822829	1130	185	107162	108872909330618755
1438	2022-08-22 21:13:00	2022-09-27 04:22:08.707454	783	185	107193	108868700472784252
1439	2022-08-22 21:08:00	2022-09-27 04:22:18.683833	2126	185	107194	108869490758228432
1860	2022-06-16 19:02:00	2022-09-27 19:17:52.06424	2837	908	119749	108487929699918905
10541	2022-10-12 00:00:00	2022-11-14 05:02:41.064573	1118	13332	765727	109155677072824747
1854	2022-06-25 10:56:00	2022-09-27 19:16:29.965959	199	908	119655	108536460485249717
10540	2022-10-12 00:00:00	2022-11-14 05:01:55.536544	218	13332	765723	109156144323320110
1833	2022-08-08 21:24:00	2022-09-27 19:09:38.215196	416	908	119213	108790162105099375
1422	2022-09-03 17:08:00	2022-09-27 04:15:01.414659	80	185	106685	108936510172958925
2107	2022-07-13 23:19:00	2022-09-29 18:02:21.150084	399122	4248	180774	108633626702370510
2108	2022-07-13 15:48:00	2022-09-29 18:02:28.759281	75083	4248	180788	108624413759116857
2113	2022-07-10 16:19:00	2022-09-29 18:05:24.516477	9112	4248	181077	108624656661407675
10532	2022-10-22 00:00:00	2022-11-14 04:36:34.62483	497	13332	765588	109215356179309292
1845	2022-07-15 17:23:00	2022-09-27 19:13:34.014026	911	908	119477	108652397939679204
1723	2022-07-11 16:58:00	2022-09-27 08:43:51.373601	80	2155	111929	108630702160778157
1726	2022-07-10 16:04:00	2022-09-27 08:44:34.260043	80	2155	111942	108624760213848265
1842	2022-07-22 11:59:00	2022-09-27 19:12:11.772067	731	908	119386	108685875369199573
1835	2022-08-06 12:00:00	2022-09-27 19:09:59.627118	144	908	119239	108773393614761258
1399	2022-09-16 18:58:00	2022-09-27 04:10:41.227024	185	185	106296	108998579929550456
1398	2022-09-16 20:20:00	2022-09-27 04:10:37.139373	185	185	106287	109002644496979250
1393	2022-09-20 14:28:00	2022-09-27 04:09:40.975949	185	185	106225	108991223917186844
1429	2022-08-31 09:39:00	2022-09-27 04:16:24.872991	185	185	106856	108914925464442739
1443	2022-08-13 14:14:00	2022-09-27 04:23:18.877312	2129	185	107258	108814775162889309
1445	2022-08-11 20:10:00	2022-09-27 04:24:12.226349	140024	185	107278	108806527265553681
1446	2022-08-11 18:22:00	2022-09-27 04:24:13.501968	140024	185	107279	108806527265553681
1442	2022-08-13 21:48:00	2022-09-27 04:23:14.616306	365	185	107253	108818172311327284
1421	2022-09-04 17:44:00	2022-09-27 04:14:48.012051	1118	185	106658	108941317401893150
1441	2022-08-20 18:28:00	2022-09-27 04:22:34.406427	174	185	107213	108855448986245844
1852	2022-07-01 09:09:00	2022-09-27 19:15:50.748159	178	908	119612	108567521192576120
1834	2022-08-08 19:11:00	2022-09-27 19:09:44.796483	215	908	119223	108789775873051704
1841	2022-07-23 11:20:00	2022-09-27 19:12:04.849593	416	908	119378	108696592022433998
1855	2022-06-21 13:17:00	2022-09-27 19:17:09.029603	279	908	119699	108516578715586346
584	2022-08-20 13:35:00	2022-09-19 10:25:18.710456	199	199	53367	108855889995801017
10533	2022-10-21 00:00:00	2022-11-14 04:38:25.297422	19743	13332	765596	108878750929689120
5541	2022-08-19 05:17:00	2022-10-16 16:32:11.341049	1613	4273	477662	108846200367815369
3528	2022-10-09 11:51:00	2022-10-13 05:52:20.59397	1608	8295	372007	109139097105562653
10534	2022-10-20 00:00:00	2022-11-14 04:42:48.800619	466	13332	765623	109197972451991653
10535	2022-10-19 00:00:00	2022-11-14 04:47:37.967617	825	13332	765651	109192977303898738
4110	2022-06-20 08:36:00	2022-10-15 02:50:54.038035	2588	9367	432844	108508415904111774
720	2022-06-15 16:08:00	2022-09-22 13:13:28.234961	357	1293	70521	108477664514155119
731	2022-08-26 16:34:00	2022-09-23 04:36:00.419567	1059	1059	75330	108036725934061337
3766	2022-09-06 15:08:00	2022-10-13 13:56:42.463345	174	2095	383095	108948158119438798
10536	2022-10-15 00:00:00	2022-11-14 04:49:47.531361	1112	13332	765665	109175874749150278
1407	2022-06-26 09:26:00	2022-09-27 04:12:33.738344	31116	232	106420	108543989316338836
10537	2022-10-13 00:00:00	2022-11-14 04:52:48.728579	825	13332	765681	109161992061090524
1416	2022-09-13 21:42:00	2022-09-27 04:13:36.713918	1115	185	106512	108994147782444439
1418	2022-09-12 22:53:00	2022-09-27 04:13:41.399353	296230	185	106523	108986975415193159
10539	2022-10-12 00:00:00	2022-11-14 04:55:13.260655	178	13332	765692	109158679349471747
710	2022-06-30 10:37:00	2022-09-22 04:22:29.944732	825	296	68941	108566898860907986
711	2022-09-10 18:11:00	2022-09-22 05:28:53.011378	1291	376	69076	108732333254054100
712	2022-08-11 17:28:00	2022-09-22 05:29:03.312938	1292	376	69083	108806261462065357
1420	2022-09-05 05:27:00	2022-09-27 04:14:39.028946	31510	185	106639	108943352277238857
1859	2022-06-17 10:16:00	2022-09-27 19:17:43.219348	234	908	119739	108485154625673944
10538	2022-10-13 00:00:00	2022-11-14 04:53:57.820937	13332	13332	765687	109159054072589152
718	2022-09-21 17:45:00	2022-09-22 08:57:59.154779	140	201	70090	109033558106213795
423	2022-07-02 18:27:00	2022-09-18 05:57:59.394942	428	953	38703	108580057494579370
426	2022-06-28 15:55:00	2022-09-18 05:58:13.344342	428	953	38711	108556719042853894
427	2022-06-27 20:22:00	2022-09-18 05:58:19.2009	428	953	38715	108552216412459357
428	2022-06-27 13:19:00	2022-09-18 05:58:20.992145	428	953	38716	108550548996561102
433	2022-06-24 18:36:00	2022-09-18 05:58:40.857627	428	953	38729	108518725063323826
434	2022-06-24 18:33:00	2022-09-18 05:58:42.357009	428	953	38730	108534816746670443
435	2022-06-21 19:10:00	2022-09-18 05:59:00.827046	428	953	38744	108517970163574820
1483	2022-09-13 21:58:00	2022-09-27 08:32:04.360736	326	2155	111317	108993166767622601
729	2022-09-19 22:09:00	2022-09-23 04:35:36.90275	367	367	75263	108631464090857207
1425	2022-09-02 13:33:00	2022-09-27 04:15:27.614823	5503	185	106741	108917512661807472
1426	2022-09-02 12:22:00	2022-09-27 04:15:35.771874	10361	185	106759	108929685609793641
723	2022-09-22 09:13:00	2022-09-23 04:34:53.742617	493	367	75129	109042163493489348
1406	2022-07-07 22:16:00	2022-09-27 04:12:22.672399	365	232	106399	108609284860969714
1486	2022-09-13 11:58:00	2022-09-27 08:32:09.757289	708	2155	111323	108991868499755194
750	2022-09-01 21:37:00	2022-09-23 04:38:29.162868	215	367	75772	108926164079142108
10602	2022-10-16 00:00:00	2022-12-09 07:05:31.787273	27	27	895444	109181215134966170
743	2022-09-12 19:49:00	2022-09-23 04:37:25.844235	143	367	75620	108821576625606389
714	2022-09-19 01:02:00	2022-09-22 05:49:49.006302	105	200	69283	109021174474852992
719	2022-07-25 19:21:00	2022-09-22 13:13:20.322992	428	1293	70508	108709837432512675
3524	2022-09-27 15:27:00	2022-10-13 05:27:06.049605	211	8282	371680	109071866465541110
722	2022-09-22 16:16:00	2022-09-23 04:34:48.834267	104902	367	75121	109043838886951127
725	2022-09-21 10:49:00	2022-09-23 04:35:01.75216	99453	367	75149	109033694028653070
726	2022-09-20 08:42:00	2022-09-23 04:35:26.2982	229470	367	75237	109030664668127434
727	2022-09-20 07:54:00	2022-09-23 04:35:28.761045	229610	367	75243	109030060994306437
730	2022-09-18 23:42:00	2022-09-23 04:35:48.533962	2097	367	75307	109021281678670803
741	2022-09-13 14:56:00	2022-09-23 04:37:10.417003	496	367	75569	108992579271826886
733	2022-08-14 01:53:00	2022-09-23 04:36:23.408278	9894	1059	75396	108812720378331225
734	2022-09-14 19:26:00	2022-09-23 04:36:26.917848	178545	367	75406	108999095958345244
735	2022-09-20 02:00:00	2022-09-23 04:36:34.137804	1145	1317	75434	108908597114616333
736	2022-09-20 01:54:00	2022-09-23 04:36:37.473907	20427	1317	75444	109029127765519696
737	2022-09-14 17:29:00	2022-09-23 04:36:42.249267	92749	367	75458	108998836769078440
738	2022-09-13 22:44:00	2022-09-23 04:36:53.93584	271	367	75502	108994459223497216
740	2022-09-13 18:49:00	2022-09-23 04:37:02.979422	96450	367	75538	108993510361834170
754	2022-08-31 12:06:00	2022-09-23 04:39:17.483982	491	367	75856	108913490047796825
1423	2022-09-02 22:24:00	2022-09-27 04:15:06.752686	185	185	106695	108931688038389669
1489	2022-09-11 22:15:00	2022-09-27 08:32:19.15432	1565	2155	111330	108982960894558375
728	2022-09-19 22:13:00	2022-09-23 04:35:30.141285	492	367	75249	109027444259319651
1424	2022-09-02 22:16:00	2022-09-27 04:15:08.840395	80	185	106700	108931693359209868
745	2022-09-02 13:36:00	2022-09-23 04:38:04.3154	218346	367	75713	108930015966650342
746	2022-09-02 13:33:00	2022-09-23 04:38:04.965012	5503	367	75714	108917512661807472
1858	2022-06-18 10:13:00	2022-09-27 19:17:38.531131	198	908	119733	108498853059473740
748	2022-09-01 22:51:00	2022-09-23 04:38:25.824743	789	367	75764	108926531315488491
1857	2022-06-18 15:19:00	2022-09-27 19:17:20.934927	908	908	119712	108499324306364432
751	2022-08-20 14:07:00	2022-09-23 04:38:39.631623	2804	1317	75799	108854204283272870
752	2022-09-01 12:45:00	2022-09-23 04:39:01.620235	96515	367	75837	108924146190231450
753	2022-08-31 18:31:00	2022-09-23 04:39:11.285968	1336	367	75847	108918699040914024
713	2022-07-14 23:53:00	2022-09-22 05:29:12.316447	741	376	69088	108649254276826686
715	2022-09-15 15:08:00	2022-09-22 05:50:10.670729	200	200	69298	108999394619063945
760	2022-08-30 20:04:00	2022-09-23 04:39:51.13808	1085	367	75896	108914556420428942
3525	2022-08-20 16:04:00	2022-10-13 05:28:31.758059	4520	8282	371717	108856977977264575
1926	2022-07-14 21:29:00	2022-09-29 12:42:14.621584	12503	4238	170352	108648210184489212
762	2022-08-29 19:51:00	2022-09-23 04:40:09.997601	19749	367	75919	108908822721410801
764	2022-08-29 17:48:00	2022-09-23 04:40:17.557061	537	367	75927	108907856211135499
766	2022-08-28 21:49:00	2022-09-23 04:40:29.645785	273908	367	75947	108903594575799635
767	2022-08-28 16:22:00	2022-09-23 04:40:40.053842	94640	367	75961	108902350360776682
768	2022-08-28 16:16:00	2022-09-23 04:40:42.623597	90792	367	75965	108902322710698287
5542	2022-08-18 16:28:00	2022-10-16 16:32:28.785002	1333	4273	477672	108845452579965121
1499	2022-09-08 22:52:00	2022-09-27 08:32:42.248297	80	2155	111353	108966131013761602
775	2022-08-26 12:25:00	2022-09-23 04:41:20.682461	20761	367	76017	108890097105431691
776	2022-08-26 10:49:00	2022-09-23 04:41:21.927069	681	367	76019	108889684910333322
10472	2022-10-01 00:00:00	2022-11-10 16:16:33.199033	27	730	752440	109090791947736659
3662	2022-09-15 07:20:00	2022-10-13 13:12:40.967335	27	8256	379252	109000157653810326
3526	2022-10-12 08:33:00	2022-10-13 05:51:47.436387	138	8295	372001	109151270449799178
1430	2022-08-30 13:03:00	2022-09-27 04:16:43.288978	185	185	106891	108911732074022629
3083	2022-09-04 12:21:00	2022-10-09 09:05:30.810951	27	7785	336897	108941022640542918
798	2022-09-09 11:26:00	2022-09-23 07:41:51.583241	1118	788	76360	108969087895970153
10547	2022-08-30 00:00:00	2022-11-14 06:09:22.533497	13332	13332	766021	108915110115351656
782	2022-08-23 22:03:00	2022-09-23 04:42:58.798789	1341	367	76148	108800494006377731
784	2022-08-23 19:27:00	2022-09-23 04:43:21.996843	96450	367	76178	108874775071432939
785	2022-08-23 12:21:00	2022-09-23 04:43:52.416301	1130	367	76219	108872909330618755
786	2022-08-23 01:14:00	2022-09-23 04:44:00.827682	9392	367	76231	108868821718832704
787	2022-08-22 19:43:00	2022-09-23 04:44:32.122944	783	367	76243	108868700472784252
800	2022-09-08 14:01:00	2022-09-23 07:42:01.838646	515	788	76368	108964081888521933
790	2022-08-21 22:56:00	2022-09-23 04:45:00.262901	350598	367	76268	108798943569773507
828	2022-08-11 13:48:00	2022-09-23 07:44:59.410742	366	788	76507	108805484703500548
799	2022-09-08 16:50:00	2022-09-23 07:41:52.848555	13332	788	76361	108911585388134924
739	2022-09-13 21:50:00	2022-09-23 04:36:59.644317	367	367	75524	108994168751488526
1929	2022-07-11 19:38:00	2022-09-29 12:42:18.915128	279	4238	170356	108631141534099595
10545	2022-08-31 00:00:00	2022-11-14 06:06:06.029418	146	13332	766000	108918068131219831
3530	2022-09-07 18:54:00	2022-10-13 05:54:29.022081	26	8295	372039	108956947096279112
1493	2022-09-10 23:56:00	2022-09-27 08:32:28.229424	2161	2155	111338	108977696416538483
1497	2022-09-10 00:00:00	2022-09-27 08:32:37.199573	13241	2155	111348	108972018591582859
8097	2022-07-08 23:21:00	2022-10-21 04:59:15.817176	144	11304	576988	108614963650726249
1500	2022-09-08 19:50:00	2022-09-27 08:32:42.982821	79776	2155	111354	108965218274838716
149	2022-07-14 16:01:00	2022-09-17 02:18:07.659595	27	116	13794	108647350940945943
807	2022-08-30 20:46:00	2022-09-23 07:42:40.489612	274	788	76395	108914095428786104
805	2022-09-06 16:08:00	2022-09-23 07:42:29.976973	496	788	76387	108948694240327365
1504	2022-09-07 23:26:00	2022-09-27 08:32:51.347956	80	2155	111362	108960642311248852
1434	2022-08-27 17:50:00	2022-09-27 04:18:24.026365	185	185	106994	108897030240778792
794	2022-09-09 17:22:00	2022-09-23 07:41:42.995567	6630	788	76356	108970533404225873
795	2022-09-09 15:19:00	2022-09-23 07:41:44.141975	27561	788	76357	108968618781870159
796	2022-09-09 11:37:00	2022-09-23 07:41:45.093572	594	788	76358	108969163187158475
797	2022-09-09 11:33:00	2022-09-23 07:41:46.89466	594	788	76359	108968953828428930
801	2022-09-08 11:09:00	2022-09-23 07:42:02.549949	1359	788	76369	108933456240286161
802	2022-09-07 07:52:00	2022-09-23 07:42:15.947262	2099	788	76379	108956975171492819
1436	2022-08-24 15:35:00	2022-09-27 04:21:08.118237	185	185	107117	108879467524804558
1440	2022-08-22 16:15:00	2022-09-27 04:22:20.511233	185	185	107196	108868333072114531
804	2022-09-06 17:26:00	2022-09-23 07:42:21.304435	1118	788	76383	108953478061922406
811	2022-08-23 11:34:00	2022-09-23 07:43:08.073736	1130	788	76421	108872909330618755
813	2022-08-22 21:02:00	2022-09-23 07:43:14.702934	22834	788	76427	108869471267021943
814	2022-08-22 18:28:00	2022-09-23 07:43:17.127856	783	788	76429	108868700472784252
818	2022-08-19 14:18:00	2022-09-23 07:43:37.32905	1118	788	76438	108850310415600004
817	2022-08-20 17:13:00	2022-09-23 07:43:35.405591	146433	788	76436	108857107570625229
819	2022-08-19 14:18:00	2022-09-23 07:43:38.729389	1118	788	76439	108850311576791980
829	2022-08-11 06:17:00	2022-09-23 07:45:06.931343	1118	788	76513	108801505617334229
822	2022-08-15 10:10:00	2022-09-23 07:44:14.678956	1363	788	76472	108827273182038213
823	2022-08-13 10:55:00	2022-09-23 07:44:28.495122	602	788	76483	108816136955306968
824	2022-08-12 23:17:00	2022-09-23 07:44:34.560802	1343	788	76485	108813118506754658
825	2022-08-12 19:24:00	2022-09-23 07:44:39.029679	1384	788	76489	108810324615472574
826	2022-08-12 16:36:00	2022-09-23 07:44:46.105229	8249	788	76497	108811770756883854
827	2022-08-12 06:24:00	2022-09-23 07:44:52.292171	48429	788	76501	108807905229506916
1506	2022-09-07 20:55:00	2022-09-27 08:32:53.071201	174	2155	111364	108959849213057154
1496	2022-09-10 20:51:00	2022-09-27 08:32:32.884284	270	2155	111344	108976888193115360
803	2022-09-06 21:10:00	2022-09-23 07:42:18.384021	788	788	76381	108952980948953793
815	2022-08-22 14:46:00	2022-09-23 07:43:28.767278	274	788	76430	108867237165688412
783	2022-08-23 21:58:00	2022-09-23 04:43:03.865481	536	367	76151	108875358305340060
1494	2022-09-10 22:34:00	2022-09-27 08:32:29.627356	974	2155	111340	108977428471425977
1495	2022-09-10 21:50:00	2022-09-27 08:32:31.436274	974	2155	111342	108977246793548454
830	2022-08-10 22:23:00	2022-09-23 07:45:11.415591	901	788	76516	108801579563968426
833	2022-08-09 14:45:00	2022-09-23 07:45:28.204407	1367	788	76533	108793223889718950
834	2022-08-09 13:57:00	2022-09-23 07:45:32.397091	1368	788	76535	108793925050330504
1517	2022-09-02 22:24:00	2022-09-27 08:33:31.744608	781	2155	111397	108932081102150161
10546	2022-08-31 00:00:00	2022-11-14 06:07:36.440939	5391	13332	766010	108913938210452219
838	2022-08-08 01:45:00	2022-09-23 07:45:46.195011	711	788	76545	108785656817307386
48	2022-08-30 01:46:00	2022-09-15 22:40:50.709645	27	27	1776	108906909057160138
841	2022-08-05 20:12:00	2022-09-23 07:46:13.149314	1369	788	76561	108767911910458447
842	2022-08-05 17:05:00	2022-09-23 07:46:17.972148	1370	788	76562	108591740770756618
908	2022-07-11 21:33:00	2022-09-23 07:52:00.952311	34	788	76795	108630901980158256
845	2022-08-04 20:44:00	2022-09-23 07:46:31.85836	25867	788	76569	108766899971975712
846	2022-08-04 14:12:00	2022-09-23 07:46:35.902986	20767	788	76572	108765776116601800
847	2022-08-04 14:03:00	2022-09-23 07:46:40.28597	48510	788	76573	108765912280110103
3536	2022-08-17 10:14:00	2022-10-13 07:14:17.750392	2198	8311	372719	108838434428746562
850	2022-08-03 19:56:00	2022-09-23 07:46:53.661095	925	788	76583	108761583442658988
851	2022-08-03 19:54:00	2022-09-23 07:46:55.480612	82989	788	76585	108761483968593416
852	2022-08-03 19:07:00	2022-09-23 07:46:59.107371	916	788	76588	108761438101537130
853	2022-08-03 18:27:00	2022-09-23 07:47:03.895613	20767	788	76591	108761287636030325
3538	2022-08-16 19:04:00	2022-10-13 07:14:38.076768	273	8311	372727	108834710180729527
856	2022-08-03 14:01:00	2022-09-23 07:47:12.400815	3946	788	76598	108760247531850706
857	2022-08-03 14:01:00	2022-09-23 07:47:13.556683	95892	788	76599	108760242667840978
858	2022-08-03 13:21:00	2022-09-23 07:47:14.696324	782	788	76600	108760087024204787
859	2022-08-03 12:41:00	2022-09-23 07:47:16.62896	782	788	76602	108759763433540906
860	2022-08-03 12:36:00	2022-09-23 07:47:18.255081	84940	788	76603	108759911350335146
861	2022-08-03 10:03:00	2022-09-23 07:47:21.053562	140	788	76605	108759240526252169
1512	2022-09-06 22:56:00	2022-09-27 08:33:02.947772	174	2155	111374	108954819608197592
865	2022-08-03 07:26:00	2022-09-23 07:47:29.154103	837	788	76612	108756231596612499
867	2022-08-02 22:05:00	2022-09-23 07:47:33.424286	803	788	76614	108756412194877926
871	2022-08-02 18:50:00	2022-09-23 07:47:45.005173	1130	788	76622	108755720192033097
1521	2022-09-02 01:49:00	2022-09-27 08:33:44.052788	781	2155	111407	108927222533060797
873	2022-08-02 18:45:00	2022-09-23 07:47:47.347945	87153	788	76624	108755604530270385
3102	2022-08-24 09:53:00	2022-10-09 09:07:16.66104	27	7785	337001	108875639119073616
844	2022-08-04 20:48:00	2022-09-23 07:46:30.595212	363	788	76568	108767001377258247
855	2022-08-03 15:01:00	2022-09-23 07:47:08.953573	166	788	76594	108757916735581375
10550	2022-08-26 00:00:00	2022-11-14 06:34:16.190441	147	13332	766141	108890017680553337
880	2022-07-29 14:55:00	2022-09-23 07:48:17.536474	5661	788	76649	108574386638985871
883	2022-07-28 13:53:00	2022-09-23 07:48:32.238553	1375	788	76654	108725526005074154
884	2022-07-28 11:29:00	2022-09-23 07:48:38.760816	1376	788	76656	108496135941014072
885	2022-07-28 08:18:00	2022-09-23 07:48:43.506224	1613	788	76658	108722485141744288
886	2022-07-28 08:15:00	2022-09-23 07:48:45.188366	7321	788	76659	108724907306375494
3000	2022-08-12 13:32:00	2022-10-09 03:53:33.447275	27	7630	329586	108810923690666871
10554	2022-08-09 00:00:00	2022-11-14 07:28:32.011297	1262	13332	766466	108793670853933078
10381	2022-08-11 00:00:00	2022-11-07 22:58:43.939522	27	9416	740850	108805118545294178
890	2022-07-25 22:05:00	2022-09-23 07:49:16.382041	1379	788	76679	108711144929514830
1509	2022-09-07 00:00:00	2022-09-27 08:32:56.224634	1221	2155	111368	108951581736638175
1862	2022-06-12 20:58:00	2022-09-27 19:18:25.972047	515	908	119787	108466297234921933
894	2022-07-23 15:55:00	2022-09-23 07:49:44.433303	140	788	76696	108697764493478340
895	2022-07-23 15:39:00	2022-09-23 07:49:45.738828	1377	788	76697	108698336944214673
866	2022-08-02 22:10:00	2022-09-23 07:47:32.03555	2893	788	76613	108756402774997995
897	2022-07-23 12:05:00	2022-09-23 07:49:57.076936	923	788	76703	108697466140988872
898	2022-07-23 12:01:00	2022-09-23 07:49:58.940429	800	788	76704	108697471503994316
899	2022-07-23 11:41:00	2022-09-23 07:50:05.947642	1381	788	76706	108697390190989193
1513	2022-09-06 18:44:00	2022-09-27 08:33:06.761302	365	2155	111377	108953873745513389
902	2022-07-19 23:46:00	2022-09-23 07:50:37.103283	1383	788	76727	108677246029715471
1508	2022-09-07 01:17:00	2022-09-27 08:32:54.467823	80	2155	111366	108955392177779032
904	2022-07-18 15:24:00	2022-09-23 07:50:52.999441	1384	788	76741	108669022153249438
905	2022-07-14 07:58:00	2022-09-23 07:51:21.277666	2182	788	76761	108645571868786320
906	2022-07-14 07:56:00	2022-09-23 07:51:23.355813	19690	788	76764	108645555052597784
10557	2022-08-04 00:00:00	2022-11-14 07:56:28.621065	260	13332	766644	108767878783225442
1863	2022-06-10 16:35:00	2022-09-27 19:18:47.203375	697	908	119812	108454466627753938
10549	2022-08-27 00:00:00	2022-11-14 06:32:12.580703	13332	13332	766127	108863127245170161
1510	2022-09-07 00:00:00	2022-09-27 08:32:57.168489	146645	2155	111369	108954696521643121
10551	2022-08-25 00:00:00	2022-11-14 06:48:39.46994	13332	13332	766224	108886741908863215
876	2022-08-02 15:54:00	2022-09-23 07:47:55.555811	497	788	76630	108754225970435526
862	2022-08-03 10:02:00	2022-09-23 07:47:21.728529	185	788	76606	108759084386617124
1514	2022-09-06 17:58:00	2022-09-27 08:33:15.071387	80	2155	111378	108953674083608492
1511	2022-09-06 23:56:00	2022-09-27 08:32:58.371129	2175	2155	111370	108955075400971512
896	2022-07-23 12:17:00	2022-09-23 07:49:55.838236	23	788	76702	108697421516306112
1520	2022-09-02 02:23:00	2022-09-27 08:33:38.358413	2161	2155	111404	108927364680381879
832	2022-08-09 15:49:00	2022-09-23 07:45:27.261034	367	788	76532	108794585586773525
831	2022-08-10 16:22:00	2022-09-23 07:45:15.165683	493	788	76520	108341760327515085
840	2022-08-06 14:59:00	2022-09-23 07:46:05.537468	493	788	76559	108776413861656387
891	2022-07-24 21:55:00	2022-09-23 07:49:29.169836	246	788	76685	108703468952295471
3532	2022-08-29 03:07:00	2022-10-13 07:13:17.909797	274	8311	372687	108902511419591868
900	2022-07-22 08:33:00	2022-09-23 07:50:16.388954	125	788	76710	108690846989526438
835	2022-08-09 08:18:00	2022-09-23 07:45:38.78697	105	788	76538	108792515668368495
913	2022-07-05 13:12:00	2022-09-23 07:52:27.406587	917	788	76821	108595826161400772
965	2022-06-18 21:32:00	2022-09-23 17:38:55.078596	357	375	83161	108500919507385578
915	2022-06-29 12:54:00	2022-09-23 07:52:45.951281	1386	788	76838	108558443149030602
917	2022-06-28 15:22:00	2022-09-23 07:53:09.214746	1844	788	76854	108547592986477795
686	2022-06-15 17:03:00	2022-09-21 14:15:56.56461	469	469	67881	108483424314021310
924	2022-06-21 07:25:00	2022-09-23 08:12:12.196097	116	788	76921	108488740254313607
816	2022-08-20 17:31:00	2022-09-23 07:43:33.452414	279	788	76434	108856646154338763
929	2022-09-12 10:18:00	2022-09-23 13:54:05.458959	125	222	79356	108985768763648173
964	2022-06-22 20:57:00	2022-09-23 17:38:46.820098	354	375	83156	108523063468805935
927	2022-06-20 23:05:00	2022-09-23 08:12:28.791629	1844	788	76928	108513188559983767
928	2022-06-20 23:02:00	2022-09-23 08:12:30.954015	2197	788	76929	108511168831671955
930	2022-08-31 01:58:00	2022-09-23 13:55:13.59938	127767	222	79459	108915935756214804
932	2022-08-22 10:07:00	2022-09-23 13:56:10.450938	274	222	79560	108862841266307159
10553	2022-08-23 00:00:00	2022-11-14 07:01:14.525344	1074	13332	766303	108873033278299575
939	2022-08-02 12:54:00	2022-09-23 13:58:12.094931	21533	222	79715	108749882008216721
940	2022-08-02 12:54:00	2022-09-23 13:58:13.036781	21533	222	79716	108737348339286154
942	2022-07-23 13:14:00	2022-09-23 13:59:29.407633	2350	222	79781	108459819836608506
943	2022-07-23 13:11:00	2022-09-23 13:59:30.13728	2350	222	79782	108692937085043928
1525	2022-09-01 15:37:00	2022-09-27 08:34:23.820215	80	2155	111416	108924800387691483
944	2022-07-17 17:24:00	2022-09-23 14:00:20.542358	733	222	79822	108659634390970236
5543	2022-08-18 15:51:00	2022-10-16 16:32:47.336895	416	4273	477679	108845157794438114
8101	2022-07-07 11:39:00	2022-10-21 05:07:07.145001	1608	11304	577256	108606643978499533
10555	2022-08-07 00:00:00	2022-11-14 07:46:18.365214	13332	13332	766580	108784942084514922
1522	2022-09-02 01:39:00	2022-09-27 08:33:45.19077	2160	2155	111408	108926934686341428
953	2022-07-06 19:21:00	2022-09-23 14:03:15.122048	19499	222	79973	108602282457100676
954	2022-06-30 12:26:00	2022-09-23 14:04:10.872812	140	222	80024	108567120154486812
3537	2022-08-16 23:29:00	2022-10-13 07:14:33.276843	2191	8311	372726	108834168587284260
3539	2022-08-15 23:38:00	2022-10-13 07:14:46.82964	46449	8311	372731	108830223880145982
1527	2022-08-31 16:09:00	2022-09-27 08:34:28.680341	697	2155	111421	108919264103476680
1524	2022-09-01 15:43:00	2022-09-27 08:34:22.254523	110	2155	111414	108924851051478462
1528	2022-08-31 11:44:00	2022-09-27 08:34:33.692141	974	2155	111426	108918132364266809
947	2022-07-07 04:31:00	2022-09-23 14:02:58.132794	22	222	79959	108573683222509309
959	2022-08-09 21:38:00	2022-09-23 15:20:22.734507	1479	270	81739	108795751784759020
960	2022-08-05 14:58:00	2022-09-23 15:20:52.858646	789	270	81751	108771170687391506
962	2022-06-21 08:29:00	2022-09-23 15:25:15.921662	1119	270	81904	108515277643038010
955	2022-06-30 12:24:00	2022-09-23 14:04:12.851685	390	222	80025	108567294398433989
86	2022-07-22 17:14:00	2022-09-15 22:47:30.369105	27	27	2164	108692030781046097
1118	2022-08-07 16:10:00	2022-09-26 19:23:18.95818	27	1868	94996	108782590592287127
936	2022-08-02 12:57:00	2022-09-23 13:58:08.064152	742	222	79712	108754293819905243
1618	2022-08-07 16:10:00	2022-09-27 08:39:15.573989	27	2155	111689	108782590592287127
8100	2022-07-07 14:28:00	2022-10-21 05:03:37.02777	11304	11304	577141	108607439277112954
920	2022-06-27 14:11:00	2022-09-23 07:53:23.361369	363	788	76866	108550765917085794
931	2022-08-22 10:18:00	2022-09-23 13:56:09.671619	28	222	79558	108856614751025350
843	2022-08-05 05:30:00	2022-09-23 07:46:27.017979	27	788	76566	108768148223575735
77	2022-07-31 08:42:00	2022-09-15 22:46:25.414705	27	27	2105	108731190332757267
1101	2022-07-31 08:42:00	2022-09-26 19:01:08.300755	27	200	94243	108731190332757267
6577	2022-07-22 06:15:00	2022-10-18 19:23:59.702432	27	10804	523872	108689011241792566
963	2022-07-30 08:50:00	2022-09-23 16:53:22.816128	11109	1502	82911	108733765731685169
966	2022-07-27 23:11:00	2022-09-23 17:39:33.024858	7075	1516	83194	107915192645006803
146	2022-09-16 14:08:00	2022-09-17 01:42:09.754948	27	439	12413	109009299566785023
1832	2022-08-09 20:15:00	2022-09-27 19:09:17.324169	908	908	119187	108790716627244066
967	2022-09-10 19:39:00	2022-09-25 23:59:37.835053	1154	1549	85421	108971442386134467
968	2022-09-09 23:24:00	2022-09-25 23:59:40.241387	1634	1549	85423	108970831600438528
969	2022-09-09 23:23:00	2022-09-25 23:59:41.548807	1634	1549	85424	108970832136295268
970	2022-09-06 22:16:00	2022-09-25 23:59:50.754391	2804	1549	85434	108954681583923650
971	2022-09-01 12:19:00	2022-09-26 00:01:09.193034	10246	1549	85522	108913574989699857
973	2022-08-24 12:25:00	2022-09-26 00:02:28.284816	1556	1549	85608	108877959347222695
974	2022-08-19 13:27:00	2022-09-26 00:03:26.799503	1570	1549	85666	108845139542725344
1844	2022-07-18 10:51:00	2022-09-27 19:13:07.450967	908	908	119449	108668719446139834
1851	2022-07-01 15:54:00	2022-09-27 19:15:45.257424	908	908	119606	108439246504745165
10556	2022-08-07 00:00:00	2022-11-14 07:48:25.753255	144	13332	766593	108777114029825924
972	2022-08-30 23:23:00	2022-09-26 00:01:24.812214	1118	1549	85539	108915325595668614
961	2022-07-29 19:20:00	2022-09-23 15:21:27.054539	174	270	81767	108732961774313657
923	2022-06-21 08:50:00	2022-09-23 08:12:03.674088	788	788	76918	108513702957128062
1928	2022-07-11 19:43:00	2022-09-29 12:42:17.873429	7168	4238	170355	108630684065578899
1930	2022-06-26 15:15:00	2022-09-29 12:42:26.372257	323	4238	170362	108545305066737650
933	2022-08-22 10:03:00	2022-09-23 13:56:11.163993	274	222	79562	108863440288295527
1934	2022-06-12 21:21:00	2022-09-29 12:43:02.43503	6927	4238	170387	108458810593791984
934	2022-08-22 09:57:00	2022-09-23 13:56:12.103409	274	222	79563	108866779592810315
1531	2022-08-30 21:59:00	2022-09-27 08:34:37.600375	1154	2155	111430	108914994184587665
1532	2022-08-30 21:57:00	2022-09-27 08:34:38.252303	1154	2155	111431	108914994184587665
1529	2022-08-31 03:53:00	2022-09-27 08:34:35.369976	2155	2155	111428	108915059515319020
976	2022-08-14 09:20:00	2022-09-26 00:04:11.987278	68151	1549	85718	108821422191043339
978	2022-08-08 12:51:00	2022-09-26 00:05:12.186042	1556	1549	85751	108787034261095055
979	2022-08-02 23:09:00	2022-09-26 00:05:43.964124	728	1549	85786	108743540899541199
980	2022-08-02 11:06:00	2022-09-26 00:05:47.082946	1556	1549	85791	108753112109593681
3540	2022-08-15 23:14:00	2022-10-13 07:14:48.216867	46449	8311	372732	108830223880145982
985	2022-07-20 23:43:00	2022-09-26 00:06:51.404903	6167	1549	85863	108681474479219239
6985	2022-07-20 06:32:00	2022-10-19 12:00:48.365946	27	10925	533281	108677482903743198
6986	2022-07-19 23:09:00	2022-10-19 12:01:01.093699	27	10925	533285	108677421183428176
988	2022-07-18 13:39:00	2022-09-26 00:07:07.178829	5430	1549	85882	108669540007799316
990	2022-07-14 23:01:00	2022-09-26 00:07:39.550311	7007	1549	85916	108644058953351741
991	2022-07-14 22:44:00	2022-09-26 00:07:46.504302	1453	1549	85920	108647519381389028
992	2022-07-14 20:10:00	2022-09-26 00:07:52.565115	1570	1549	85924	108647616051745269
993	2022-07-14 09:03:00	2022-09-26 00:07:58.413203	923	1549	85932	108645817313955499
994	2022-07-12 23:24:00	2022-09-26 00:08:06.515244	923	1549	85944	108634503691737404
995	2022-07-12 19:29:00	2022-09-26 00:08:08.194099	1573	1549	85945	108635095919990795
996	2022-07-11 10:55:00	2022-09-26 00:08:16.371274	1573	1549	85956	108629261355197919
997	2022-07-10 21:39:00	2022-09-26 00:08:20.247598	32219	1549	85960	108626009268589208
998	2022-07-10 15:45:00	2022-09-26 00:08:23.262978	401340	1549	85964	108624131779486147
999	2022-07-06 20:41:00	2022-09-26 00:08:53.751011	1562	1549	86001	108602072333192829
1000	2022-07-06 18:40:00	2022-09-26 00:08:54.377875	1573	1549	86002	108584996023659652
1001	2022-07-06 08:44:00	2022-09-26 00:09:00.733276	1556	1549	86010	108599904190114000
1002	2022-07-05 23:27:00	2022-09-26 00:09:03.550048	151244	1549	86014	108597671853463914
1003	2022-07-05 21:58:00	2022-09-26 00:09:12.880858	2588	1549	86018	108594904247690448
1004	2022-07-04 09:44:00	2022-09-26 00:09:25.431643	5236	1549	86032	108584506755648461
1022	2022-06-27 14:55:00	2022-09-26 00:11:19.447363	185	1549	86120	108550929056969683
1007	2022-07-02 23:32:00	2022-09-26 00:09:40.615949	1001	1549	86049	108578898183544180
1008	2022-07-02 12:15:00	2022-09-26 00:09:43.456424	1575	1549	86053	108567820701888613
1009	2022-07-02 11:42:00	2022-09-26 00:09:44.095026	1017	1549	86054	108568610993515229
1010	2022-07-01 18:16:00	2022-09-26 00:09:54.5679	738	1549	86064	108573956184164602
1011	2022-07-01 11:51:00	2022-09-26 00:09:58.080526	1593	1549	86068	108572012362104720
1012	2022-07-01 11:36:00	2022-09-26 00:10:00.050741	1593	1549	86069	108572683298017502
1013	2022-07-01 09:04:00	2022-09-26 00:10:03.362562	1593	1549	86072	108572012362104720
1014	2022-07-01 08:14:00	2022-09-26 00:10:18.340865	1593	1549	86077	108572012362104720
1015	2022-06-30 08:40:00	2022-09-26 00:10:25.077156	1556	1549	86079	108566274165585807
1016	2022-06-29 19:50:00	2022-09-26 00:10:43.051919	1578	1549	86088	108563414862319261
1017	2022-06-29 12:56:00	2022-09-26 00:10:53.78652	843	1549	86094	108561789561689176
1018	2022-06-29 12:53:00	2022-09-26 00:10:55.811344	843	1549	86095	108561789561689176
1020	2022-06-28 19:34:00	2022-09-26 00:11:06.661027	5430	1549	86105	108300506438197780
1023	2022-06-27 14:52:00	2022-09-26 00:11:20.109643	345	1549	86121	108550368367550934
1025	2022-06-25 23:43:00	2022-09-26 00:11:48.861903	67990	1549	86147	108541697404885282
1026	2022-06-24 23:19:00	2022-09-26 00:11:59.223155	738	1549	86161	108533591187619421
1029	2022-06-23 11:29:00	2022-09-26 00:12:07.904016	1556	1549	86173	108526809410758549
1030	2022-06-23 09:12:00	2022-09-26 00:12:08.544643	3706	1549	86174	108526940929244773
1031	2022-06-22 10:59:00	2022-09-26 00:12:13.089185	1556	1549	86179	108521178232420540
1034	2022-06-20 15:40:00	2022-09-26 00:12:27.358373	190526	1549	86198	108511408803215165
1035	2022-06-20 15:17:00	2022-09-26 00:12:35.782901	1556	1549	86199	108509685347322367
1036	2022-06-19 17:22:00	2022-09-26 00:12:43.352208	5343	1549	86207	108506223285048616
1037	2022-06-19 16:42:00	2022-09-26 00:12:45.06255	1574	1549	86209	108506032844355124
903	2022-07-19 22:58:00	2022-09-23 07:50:45.357083	27	788	76732	108677421183428176
1039	2022-06-19 13:21:00	2022-09-26 00:12:49.672661	176965	1549	86213	108470266271048441
1040	2022-06-19 11:30:00	2022-09-26 00:12:51.001262	7951	1549	86214	108504343636344315
1041	2022-06-19 11:28:00	2022-09-26 00:12:52.09301	923	1549	86215	108504122073479655
1042	2022-06-19 11:24:00	2022-09-26 00:12:53.990982	35990	1549	86216	108504783126653911
1043	2022-06-18 20:09:00	2022-09-26 00:13:08.405911	1568	1549	86236	108501223404125131
977	2022-08-10 09:49:00	2022-09-26 00:04:28.108459	1118	1549	85735	108798855931072202
983	2022-07-29 22:07:00	2022-09-26 00:06:13.956035	1118	1549	85821	108733834854732528
1027	2022-06-24 10:39:00	2022-09-26 00:12:00.468242	416	1549	86163	108532948490805777
1050	2022-06-16 11:35:00	2022-09-26 00:13:54.763452	1556	1549	86283	108487429269645101
3181	2022-07-14 13:08:00	2022-10-09 09:13:10.241575	27	7785	337521	108643627835350443
1052	2022-06-15 19:45:00	2022-09-26 00:13:58.42822	1567	1549	86287	108483976544906019
1053	2022-06-15 11:37:00	2022-09-26 00:13:59.633578	1556	1549	86289	108481291593575693
1054	2022-06-15 09:27:00	2022-09-26 00:14:00.938385	32219	1549	86291	108481667157617631
1055	2022-06-15 09:04:00	2022-09-26 00:14:02.263374	1001	1549	86293	108479415606148349
22	2022-09-02 03:50:00	2022-09-15 22:39:11.202736	1168	27	1699	108923661085487151
1933	2022-06-12 21:23:00	2022-09-29 12:42:59.53083	2311	4238	170386	108466232731676096
975	2022-08-16 23:23:00	2022-09-26 00:03:37.564842	1317	1549	85679	108834935364440403
1024	2022-06-25 23:57:00	2022-09-26 00:11:46.761126	199	1549	86144	108541266335245561
1033	2022-06-20 23:18:00	2022-09-26 00:12:24.577634	781	1549	86195	108484191684515136
981	2022-08-01 11:27:00	2022-09-26 00:06:00.786165	7642	1549	85807	108748231867839639
984	2022-07-22 23:34:00	2022-09-26 00:06:47.284592	731	1549	85858	108693765822600660
989	2022-07-17 22:27:00	2022-09-26 00:07:14.661584	731	1549	85890	108665791279411409
986	2022-07-19 22:28:00	2022-09-26 00:06:59.842365	731	1549	85873	108677203103568859
1049	2022-06-16 20:26:00	2022-09-26 00:13:43.520345	144	1549	86275	108489455859705508
1046	2022-06-17 10:55:00	2022-09-26 00:13:27.888818	185	1549	86262	108490887146045048
1032	2022-06-21 11:54:00	2022-09-26 00:12:17.372011	473	1549	86186	108515365542762267
1006	2022-07-03 16:01:00	2022-09-26 00:09:35.678858	322	1549	86043	108581199426448424
1056	2022-06-15 08:24:00	2022-09-26 00:14:04.464428	7434	1549	86295	108481368414503853
1057	2022-06-14 23:02:00	2022-09-26 00:14:10.845457	4403	1549	86302	108479177145559542
1481	2022-09-15 17:44:00	2022-09-27 08:31:59.637508	160	2155	111312	109004373406486455
1059	2022-06-14 17:30:00	2022-09-26 00:14:17.505055	2019	1549	86309	108477002134339117
1060	2022-06-14 11:36:00	2022-09-26 00:14:20.772693	1570	1549	86312	108476091281455690
1063	2022-06-11 22:29:00	2022-09-26 00:14:48.343775	16683	1549	86339	108460328438282387
1064	2022-06-11 11:31:00	2022-09-26 00:14:51.134596	377844	1549	86343	108459480532528175
1065	2022-06-11 10:49:00	2022-09-26 00:14:54.259729	1586	1549	86347	108459387171772086
452	2022-09-03 08:24:00	2022-09-18 13:37:18.549952	27	987	41774	108934229127770082
1068	2022-06-10 16:15:00	2022-09-26 00:15:19.144802	1448	1549	86377	108452914267002760
1069	2022-06-10 15:30:00	2022-09-26 00:15:23.938272	1593	1549	86380	108447980390449588
1070	2022-06-10 14:33:00	2022-09-26 00:15:29.930679	1556	1549	86388	108453144744954569
1071	2022-06-10 10:34:00	2022-09-26 00:15:34.251803	7461	1549	86393	108453647953108154
1072	2022-06-10 10:24:00	2022-09-26 00:15:36.006831	7461	1549	86395	108453626796481846
1074	2022-06-10 10:02:00	2022-09-26 00:15:39.561642	140	1549	86400	108453451047406455
1075	2022-06-10 09:27:00	2022-09-26 00:15:44.202624	140	1549	86406	108453371811465017
1076	2022-06-10 09:24:00	2022-09-26 00:15:48.396243	86665	1549	86407	108447601945374042
126	2022-07-02 14:22:00	2022-09-16 00:55:15.849631	184	184	3788	108573859173118546
1073	2022-06-10 10:10:00	2022-09-26 00:15:38.318317	416	1549	86398	108453449818057324
3541	2022-08-15 23:04:00	2022-10-13 07:14:54.765571	2191	8311	372734	108812334605061826
1085	2022-08-29 20:14:00	2022-09-26 02:24:08.336381	825	114	92484	108908918084032959
1087	2022-08-29 08:29:00	2022-09-26 02:24:12.453973	370675	114	92489	108906146780489958
949	2022-07-06 19:36:00	2022-09-23 14:03:08.031771	279	222	79967	108602185612060066
1115	2022-08-21 15:16:00	2022-09-26 19:23:01.729962	322	1868	94967	108862320819021988
2115	2022-07-09 13:55:00	2022-09-29 18:06:35.079032	4292	4248	181175	108618644390990830
1538	2022-08-27 23:14:00	2022-09-27 08:35:02.609163	781	2155	111455	108897990949322885
438	2022-06-21 10:45:00	2022-09-18 05:59:09.241931	234	953	38748	108512035346233181
3542	2022-08-15 22:57:00	2022-10-13 07:15:04.121681	2191	8311	372735	108829356404714398
3544	2022-08-15 22:51:00	2022-10-13 07:15:13.521042	2191	8311	372737	108829728839000634
1111	2022-08-24 00:00:00	2022-09-26 19:22:43.384645	9411	1868	94939	108875656095423688
1094	2022-07-09 13:51:00	2022-09-26 02:33:54.733856	1872	1869	93162	108239744711697484
1078	2022-09-23 19:52:00	2022-09-26 02:23:29.344199	152	114	92438	109050397291387272
1124	2022-07-27 19:00:00	2022-09-26 19:23:51.329745	34	1868	95045	108721267047481323
1537	2022-08-28 00:00:00	2022-09-27 08:35:01.174049	234	2155	111454	108829036233896689
1083	2022-09-13 21:40:00	2022-09-26 02:23:44.791057	1118	114	92458	108993956518039510
8104	2022-07-05 16:48:00	2022-10-21 05:08:18.974902	11304	11304	577307	108596697428102056
1077	2022-09-03 22:16:00	2022-09-26 02:23:18.919049	174	259	92431	108936986811498280
1066	2022-06-11 08:37:00	2022-09-26 00:15:06.149807	781	1549	86362	108456601093803390
1098	2022-08-03 20:04:00	2022-09-26 18:09:31.498649	440	246	94015	108761654396466138
9063	2022-07-13 13:45:00	2022-10-26 17:47:28.861239	27	12967	672272	108641027989794333
1534	2022-08-29 00:00:00	2022-09-27 08:34:46.22815	1445	2155	111439	108904169661527472
2116	2022-07-09 12:21:00	2022-09-29 18:06:56.256258	9112	4248	181192	108618260552061005
1102	2022-09-12 21:04:00	2022-09-26 19:21:41.678569	9411	1868	94851	108970354756010248
1535	2022-08-28 15:39:00	2022-09-27 08:34:57.430986	825	2155	111450	108888903573521409
1536	2022-08-28 01:57:00	2022-09-27 08:34:59.112739	2161	2155	111452	108898414353164544
1105	2022-09-04 10:14:00	2022-09-26 19:22:04.73208	9411	1868	94884	108875656095423688
1106	2022-09-02 08:34:00	2022-09-26 19:22:19.866254	10299	1868	94905	108900314041433926
1107	2022-09-06 21:51:00	2022-09-26 19:22:20.704083	9411	1868	94907	108937606982162314
1108	2022-08-29 08:04:00	2022-09-26 19:22:28.056401	9411	1868	94918	108556244823990328
1112	2022-08-29 21:48:00	2022-09-26 19:22:44.435242	9411	1868	94941	108879874131163955
1113	2022-08-23 08:05:00	2022-09-26 19:22:54.759646	7091	1868	94957	108869826758735702
1114	2022-08-21 19:13:00	2022-09-26 19:22:59.315511	10907	1868	94964	108859006498262662
1116	2022-08-10 12:28:00	2022-09-26 19:23:13.43735	537	1868	94986	108799447514147265
1117	2022-08-08 00:00:00	2022-09-26 19:23:18.527607	64340	1868	94995	108724880436405721
1119	2022-08-07 08:36:00	2022-09-26 19:23:19.962746	140	1868	94999	108781332120681338
1120	2022-08-03 22:12:00	2022-09-26 19:23:34.576009	1999	1868	95019	108685384683539935
1121	2022-07-31 14:51:00	2022-09-26 19:23:35.669475	738	1868	95021	108732787173529707
1123	2022-07-30 21:53:00	2022-09-26 19:23:45.261732	9411	1868	95035	108739398593647995
1067	2022-06-10 23:49:00	2022-09-26 00:15:12.074202	300	1549	86369	108456369659384762
1541	2022-08-27 01:41:00	2022-09-27 08:35:17.375332	18765	2155	111470	108892964025224572
368	2022-07-08 01:06:00	2022-09-18 04:24:02.194884	27	303	37330	108609898741678524
1048	2022-06-16 20:42:00	2022-09-26 00:13:40.778397	1549	1549	86273	108489581444601604
2117	2022-07-09 12:14:00	2022-09-29 18:06:58.47689	4292	4248	181194	108617411261304148
6649	2022-07-08 03:50:00	2022-10-18 19:34:27.966531	27	10804	523976	108609898741678524
937	2022-08-02 12:57:00	2022-09-23 13:58:08.755444	259	222	79713	108753504241990047
1061	2022-06-14 11:15:00	2022-09-26 00:14:24.364235	731	1549	86317	108473091709506590
294	2022-07-07 11:34:00	2022-09-17 10:11:28.469421	365	365	22643	108606743189868808
1099	2022-07-26 12:45:00	2022-09-26 18:09:33.836933	1372	246	94019	108714438309342193
1096	2022-08-16 10:42:00	2022-09-26 18:09:12.233105	814	246	94001	108787253774680638
307	2022-06-18 22:41:00	2022-09-17 10:12:39.556479	365	365	22694	108323368610664934
1533	2022-08-30 13:22:00	2022-09-27 08:34:41.276981	174	2155	111434	108912930563430817
1935	2022-06-11 21:38:00	2022-09-29 12:43:04.82404	222	4238	170389	108461268414231565
260	2022-08-03 11:54:00	2022-09-17 10:08:08.913625	160	365	22531	108755221931811564
559	2022-07-20 14:09:00	2022-09-19 04:14:41.43372	160	1148	49140	108680923536247898
1126	2022-07-13 20:25:00	2022-09-26 19:24:14.923246	11170	1868	95088	108097680746658647
1131	2022-06-27 17:31:00	2022-09-26 19:25:26.538917	1343	1868	95307	108551480202867503
1132	2022-06-23 16:52:00	2022-09-26 19:25:33.291685	95994	1868	95319	108528729019492951
1134	2022-06-26 08:38:00	2022-09-26 19:25:50.184713	5236	1868	95356	108542608171745449
1135	2022-06-25 01:41:00	2022-09-26 19:26:03.713503	1844	1868	95384	108536411918837041
1139	2022-06-20 21:42:00	2022-09-26 19:26:35.326832	11109	1868	95458	108512308984019895
1866	2022-06-11 09:58:00	2022-09-28 03:04:16.446032	416	2872	122921	108459019289915499
1141	2022-06-16 21:19:00	2022-09-26 19:26:55.207787	8253	1868	95529	108488924866404636
1127	2022-09-20 00:00:00	2022-09-26 19:24:19.377702	805	1855	95098	109025747652254526
1145	2022-06-12 14:37:00	2022-09-26 19:27:10.665379	1999	1868	95588	108465936410795969
6031	2022-07-04 12:37:00	2022-10-16 19:17:17.753446	27	4273	480718	108589983651966035
1572	2022-08-16 21:35:00	2022-09-27 08:37:19.257603	708	2155	111566	108835043911863137
1581	2022-08-15 14:41:00	2022-09-27 08:37:44.470914	781	2155	111596	108828254446617384
1558	2022-08-21 10:31:00	2022-09-27 08:36:07.921799	697	2155	111526	108861314938893326
3545	2022-08-15 22:49:00	2022-10-13 07:15:17.553062	10221	8311	372738	108829970899129223
5544	2022-08-18 15:43:00	2022-10-16 16:32:51.916943	435989	4273	477681	108845575164835569
1817	2022-09-04 12:59:00	2022-09-27 19:03:54.546153	27	908	118850	108937917143704583
1548	2022-08-25 00:00:00	2022-09-27 08:35:32.871139	343	2155	111488	108881399224851523
8116	2022-06-28 20:04:00	2022-10-21 05:13:15.731533	1343	11304	577494	108556324815493773
1130	2022-06-29 20:12:00	2022-09-26 19:25:04.008642	174	1868	95254	108562663573865627
1546	2022-08-26 13:37:00	2022-09-27 08:35:26.105098	2161	2155	111481	108890382182985826
1547	2022-08-26 03:14:00	2022-09-27 08:35:28.027171	2161	2155	111483	108887144540511533
6122	2022-06-22 16:31:00	2022-10-16 19:42:40.705166	27	4273	481282	108521532911183591
6663	2022-07-01 02:57:00	2022-10-18 19:36:28.599006	27	10804	523992	108567396952771187
1563	2022-08-19 23:21:00	2022-09-27 08:36:23.774218	174	2155	111542	108852593103428395
1551	2022-08-24 20:46:00	2022-09-27 08:35:39.537708	1154	2155	111495	108880729268223581
8122	2022-06-24 21:22:00	2022-10-21 05:15:45.035586	5686	11304	577588	108534686474066230
1557	2022-08-22 23:38:00	2022-09-27 08:35:55.60582	1154	2155	111513	108867861095225924
8113	2022-06-30 01:22:00	2022-10-21 05:11:59.544622	27	11304	577448	108564005137799265
1588	2022-08-12 22:27:00	2022-09-27 08:38:04.74403	174	2155	111616	108813166793790959
1560	2022-08-20 19:10:00	2022-09-27 08:36:10.342347	8467	2155	111529	108856818347358297
1562	2022-08-20 00:00:00	2022-09-27 08:36:20.924404	254	2155	111540	108852397046850305
1125	2022-07-27 10:17:00	2022-09-26 19:23:52.626672	279	1868	95047	108719705943791275
1881	2022-06-22 15:35:00	2022-09-28 20:06:30.784324	27	4105	149568	108518752055030138
552	2022-06-21 13:06:00	2022-09-19 02:40:39.713163	27	1112	46078	108513145736567220
1569	2022-08-17 01:42:00	2022-09-27 08:37:13.888143	1493	2155	111560	108726297646017697
2167	2022-06-16 22:58:00	2022-09-29 18:30:29.529124	143	4248	182541	108490502806235484
8109	2022-07-02 12:06:00	2022-10-21 05:10:15.291962	11304	11304	577376	108576798878929250
1574	2022-08-16 02:13:00	2022-09-27 08:37:31.333275	2161	2155	111580	108828789773497776
1575	2022-08-16 01:55:00	2022-09-27 08:37:33.031909	65774	2155	111582	108829966238209994
8760	2022-08-14 19:54:00	2022-10-24 06:24:16.593661	32408	12956	639624	108819359405990891
8762	2022-08-14 09:11:00	2022-10-24 06:24:32.585382	12400	12956	639629	108806058953210949
4044	2022-06-22 11:17:00	2022-10-15 00:42:25.851073	27	9379	431503	108513010651245430
8084	2022-07-13 07:04:00	2022-10-21 04:51:50.202988	27	11304	576754	108636748962589913
7528	2022-06-21 10:47:00	2022-10-19 15:19:04.302032	27	10825	540110	108513010651245430
1545	2022-08-26 14:46:00	2022-09-27 08:35:24.181405	326	2155	111478	108890641802312802
6166	2022-06-14 11:13:00	2022-10-16 19:57:19.257503	27	4273	481990	108476394206482031
10522	2022-06-16 00:00:00	2022-11-14 04:12:23.205102	27	19713	765401	108487677442737461
1585	2022-08-15 01:21:00	2022-09-27 08:37:48.974275	2161	2155	111601	108824994076761345
1586	2022-08-14 20:13:00	2022-09-27 08:37:49.650738	804	2155	111602	108823911479612716
3462	2022-06-15 10:59:00	2022-10-13 00:25:27.712601	27	8194	365546	108481931448897405
1571	2022-08-16 21:42:00	2022-09-27 08:37:18.562889	974	2155	111565	108835630766777942
1137	2022-06-22 00:00:00	2022-09-26 19:26:13.324689	538	1868	95409	108519114877473645
1129	2022-07-02 19:30:00	2022-09-26 19:24:53.396158	80	1868	95220	108577582636759864
1543	2022-08-26 15:44:00	2022-09-27 08:35:20.240891	80	2155	111473	108890841743802149
1544	2022-08-26 15:34:00	2022-09-27 08:35:22.131409	80	2155	111475	108890826040629878
1552	2022-08-24 18:34:00	2022-09-27 08:35:41.808629	80	2155	111497	108880213613005052
1553	2022-08-24 16:25:00	2022-09-27 08:35:44.542772	80	2155	111501	108879710162370784
1554	2022-08-24 16:18:00	2022-09-27 08:35:45.410611	80	2155	111502	108879662990454667
1555	2022-08-23 17:09:00	2022-09-27 08:35:50.815081	80	2155	111508	108874216945980735
1561	2022-08-20 16:12:00	2022-09-27 08:36:14.49968	80	2155	111533	108857001814577778
1940	2022-06-15 06:55:00	2022-09-29 14:00:45.605939	22782	3134	174119	108481110494548774
1943	2022-06-12 12:32:00	2022-09-29 14:02:23.322857	15082	3134	174174	108465453046949464
1945	2022-06-11 07:11:00	2022-09-29 14:03:09.508027	12227	3134	174208	108424992999732462
1584	2022-08-15 12:52:00	2022-09-27 08:37:48.297872	80	2155	111600	108827888376674435
2118	2022-07-09 11:00:00	2022-09-29 18:07:16.518341	9112	4248	181213	108615618850990509
2119	2022-07-08 19:42:00	2022-09-29 18:08:06.673172	4303	4248	181248	108613965561779043
2120	2022-07-08 18:51:00	2022-09-29 18:08:07.786983	53250	4248	181249	108614129235102698
1590	2022-08-12 21:29:00	2022-09-27 08:38:06.091333	125	2155	111618	108812723562199867
2166	2022-06-17 10:41:00	2022-09-29 18:30:14.41411	4292	4248	182524	108493266369384101
2168	2022-06-16 20:47:00	2022-09-29 18:30:40.670051	2200	4248	182551	108489957284382978
1128	2022-09-12 22:57:00	2022-09-26 19:24:34.147419	7642	1855	95152	108986917776605497
1143	2022-06-13 19:16:00	2022-09-26 19:27:07.43179	733	1868	95572	108450458027625126
1136	2022-06-23 16:37:00	2022-09-26 19:26:11.880073	1343	1868	95404	108528674221133727
1144	2022-06-13 17:33:00	2022-09-26 19:27:09.547561	2019	1868	95582	108466958024109078
1147	2022-06-10 21:31:00	2022-09-26 19:27:40.629877	57958	1868	95661	108455632796032375
1152	2022-09-24 23:29:00	2022-09-26 19:51:08.737539	270	805	98138	109050308777301658
1153	2022-09-24 23:41:00	2022-09-26 19:51:10.447383	55320	805	98141	109056331722233750
1154	2022-09-24 19:32:00	2022-09-26 19:51:22.377146	1194	805	98156	109047719779354441
1155	2022-09-24 14:59:00	2022-09-26 19:51:51.751342	19773	805	98196	109049814712001284
1156	2022-09-24 12:34:00	2022-09-26 19:52:02.150798	81	805	98218	109054332371383450
1175	2022-09-20 08:09:00	2022-09-26 19:56:34.081317	1168	805	98857	109026074442553837
8110	2022-06-30 17:48:00	2022-10-21 05:10:41.064245	103	11304	577393	108567755793121230
1159	2022-09-23 16:56:00	2022-09-26 19:52:42.679338	462	805	98312	109033156414776110
1162	2022-09-23 01:55:00	2022-09-26 19:52:55.648128	10561	805	98348	109044949683510442
3546	2022-08-15 22:47:00	2022-10-13 07:15:19.793028	271	8311	372739	108830019418287856
1133	2022-06-26 20:07:00	2022-09-26 19:25:43.671407	18615	1868	95339	108546008643745847
20	2022-09-04 19:28:00	2022-09-15 22:38:37.771166	27	27	1676	108941658758194539
3549	2022-08-15 21:33:00	2022-10-13 07:15:32.919703	10561	8311	372745	108829334048248129
1867	2022-09-24 13:53:00	2022-09-28 05:54:21.828094	948	2924	127619	108854938278874245
1679	2022-07-18 19:35:00	2022-09-27 08:42:32.279399	365	2155	111846	108670954789027362
1186	2022-09-18 08:05:00	2022-09-26 19:59:20.918073	416	805	99241	109018999938964256
1177	2022-09-20 08:11:00	2022-09-26 19:57:04.419962	1405	805	98924	109030653340233584
1178	2022-09-20 03:05:00	2022-09-26 19:57:20.296187	140	805	98960	109027659111882683
1179	2022-09-20 02:34:00	2022-09-26 19:57:25.361195	140	805	98965	109027659111882683
8115	2022-06-29 11:31:00	2022-10-21 05:12:46.10341	27	11304	577475	108558171792858831
3768	2022-09-27 21:02:00	2022-10-13 13:57:27.595451	51320	8244	383147	109073307949337072
1593	2022-08-12 14:08:00	2022-09-27 08:38:12.400303	19983	2155	111625	108811139531803116
1937	2022-07-17 13:54:00	2022-09-29 13:56:33.799001	105	3134	174032	108662629812620017
1875	2022-08-09 10:52:00	2022-09-28 20:05:59.534101	27	4105	149549	108790947668067601
1190	2022-09-17 18:43:00	2022-09-26 19:59:48.675664	825	805	99315	109016148468781154
1173	2022-09-20 21:38:00	2022-09-26 19:56:07.699155	28	805	98789	109033437400532787
1193	2022-09-17 09:13:00	2022-09-26 20:01:12.490372	72725	805	99470	109013850913732448
1198	2022-09-16 19:28:00	2022-09-26 20:01:35.557637	160	805	99480	109004451964104335
1195	2022-09-16 19:31:00	2022-09-26 20:01:33.1253	10561	805	99477	109009720425561837
1196	2022-09-16 19:33:00	2022-09-26 20:01:33.939614	10561	805	99478	109009726910039457
1199	2022-09-16 19:44:00	2022-09-26 20:01:36.01552	8870	805	99481	109010697050089132
1200	2022-09-16 19:53:00	2022-09-26 20:01:37.204071	20554	805	99482	109009872487540708
1187	2022-09-18 09:04:00	2022-09-26 19:59:33.1664	340	805	99272	109010446499092054
1202	2022-09-16 18:31:00	2022-09-26 20:01:41.301547	263	805	99488	109010445827255326
1167	2022-09-22 08:56:00	2022-09-26 19:54:41.423719	143	805	98611	109042101002809404
1595	2022-08-11 16:34:00	2022-09-27 08:38:17.954034	1115	2155	111631	108806022640243302
1176	2022-09-20 13:30:00	2022-09-26 19:56:42.598466	1118	805	98874	109031875452588507
3543	2022-08-15 22:54:00	2022-10-13 07:15:11.665338	27	8311	372736	108829313961259150
1871	2022-08-06 21:57:00	2022-09-28 05:55:55.849411	2450	2924	127650	108779063887679654
1680	2022-07-18 16:37:00	2022-09-27 08:42:34.270781	92	2155	111847	108669617528737268
1872	2022-07-12 16:33:00	2022-09-28 05:58:10.557684	7959	2924	127653	108042047155092977
1870	2022-09-22 07:03:00	2022-09-28 05:54:30.303013	2924	2924	127623	109039441524045052
1146	2022-06-12 19:44:00	2022-09-26 19:27:20.818317	290	1868	95619	108459293604136120
1212	2022-09-13 17:57:00	2022-09-26 20:05:51.849332	5914	805	99675	108993264842737508
1888	2022-08-20 20:47:00	2022-09-29 03:11:52.832623	27	4156	158202	108851434398080194
1216	2022-09-12 22:40:00	2022-09-26 20:07:04.314528	933	805	99731	108790130246424349
280	2022-07-14 17:39:00	2022-09-17 10:10:16.686095	27	365	22596	108647350940945943
1218	2022-09-05 11:45:00	2022-09-26 20:07:08.419177	8387	805	99736	108946236238296347
1215	2022-09-13 14:14:00	2022-09-26 20:06:22.082996	7642	805	99698	108964892743477525
10531	2022-10-23 00:00:00	2022-11-14 04:35:23.174208	27	13332	765580	109218316107361239
51	2022-08-29 02:09:00	2022-09-15 22:40:56.236604	27	27	1785	108896166585759652
1189	2022-09-17 22:26:00	2022-09-26 19:59:43.552795	28	805	99301	109016844975230354
1939	2022-06-15 22:00:00	2022-09-29 14:00:23.628481	2222	3134	174103	108483475925595404
2122	2022-07-08 10:30:00	2022-09-29 18:08:48.392267	272087	4248	181292	108612140013775293
2123	2022-07-07 14:20:00	2022-09-29 18:09:57.028245	4285	4248	181369	108607435865082873
2124	2022-07-07 01:46:00	2022-09-29 18:10:36.746608	28924	4248	181402	108604395082220077
2125	2022-07-07 01:35:00	2022-09-29 18:10:38.756775	4439	4248	181404	108601474014003916
2126	2022-07-07 01:30:00	2022-09-29 18:10:40.922112	39624	4248	181405	108604407318327973
1197	2022-09-16 19:36:00	2022-09-26 20:01:35.030814	7630	805	99479	107898862714922539
1594	2022-08-11 19:55:00	2022-09-27 08:38:16.454506	80	2155	111629	108806930470390648
1598	2022-08-11 14:52:00	2022-09-27 08:38:25.178046	80	2155	111640	108805746536356901
1678	2022-07-18 21:04:00	2022-09-27 08:42:31.613922	80	2155	111845	108671305509194505
1148	2022-06-08 21:34:00	2022-09-26 19:27:50.134872	174	1868	95686	108444771091310433
1150	2022-09-25 22:10:00	2022-09-26 19:50:04.336591	174	805	98038	109052968152186097
1163	2022-09-23 06:39:00	2022-09-26 19:53:12.230437	174	805	98385	108934529109328831
1168	2022-09-21 23:55:00	2022-09-26 19:54:54.932502	174	805	98647	109039881583597465
1171	2022-09-20 14:16:00	2022-09-26 19:56:06.577353	174	805	98785	108934529109328831
1183	2022-09-19 14:06:00	2022-09-26 19:57:38.595768	174	805	98998	108885277770513214
1676	2022-07-20 14:10:00	2022-09-27 08:42:26.870842	708	2155	111840	108681004397762124
1166	2022-09-22 08:50:00	2022-09-26 19:54:39.004787	178	805	98602	108936437939589211
1223	2022-09-12 21:44:00	2022-09-26 20:07:22.292653	19128	805	99752	108142578943877091
1224	2022-09-12 21:49:00	2022-09-26 20:07:24.640611	332880	805	99754	108914475519775379
3547	2022-08-15 22:41:00	2022-10-13 07:15:21.916853	271	8311	372740	108830027551428629
1252	2022-09-03 18:42:00	2022-09-26 20:23:44.719837	143	805	100281	108936868107763004
287	2022-07-09 09:44:00	2022-09-17 10:10:55.270287	2143	365	22626	108617674740317843
296	2022-07-04 09:39:00	2022-09-17 10:11:42.87305	2143	365	22655	108586728648971208
1296	2022-08-30 08:46:00	2022-09-26 20:34:45.000116	7642	805	100677	108881030248125042
300	2022-06-30 19:05:00	2022-09-17 10:12:08.314452	2143	365	22671	108568039303906525
1233	2022-09-07 22:31:00	2022-09-26 20:14:43.179478	10953	805	100062	108960410849025096
302	2022-06-29 15:07:00	2022-09-17 10:12:13.120561	2143	365	22675	108562258828395554
304	2022-06-25 13:12:00	2022-09-17 10:12:19.207958	2143	365	22680	108538846841942647
1266	2022-09-02 03:38:00	2022-09-26 20:27:45.483707	322	805	100391	108925030766373881
1236	2022-09-07 15:00:00	2022-09-26 20:16:03.434531	141244	805	100083	108957961490912871
1237	2022-09-07 15:01:00	2022-09-26 20:16:03.846365	141244	805	100084	108958012681526355
1241	2022-09-05 16:44:00	2022-09-26 20:20:36.043329	146645	805	100206	108947286772358568
1242	2022-09-05 18:07:00	2022-09-26 20:20:37.050779	72276	805	100207	108947801408132096
1869	2022-09-22 20:33:00	2022-09-28 05:54:26.852768	2577	2924	127622	109042067996709720
1244	2022-09-05 14:36:00	2022-09-26 20:20:54.936524	160844	805	100214	108947195513501714
1245	2022-09-05 16:13:00	2022-09-26 20:20:58.687518	140	805	100217	108934384038032594
1259	2022-09-02 16:48:00	2022-09-26 20:25:48.94453	416	805	100343	108930069411200964
8165	2022-08-16 23:34:00	2022-10-21 05:43:14.43611	306	11313	578468	108836047486808818
1602	2022-08-11 01:01:00	2022-09-27 08:38:34.453284	215	2155	111648	108802334087723106
1254	2022-09-03 07:46:00	2022-09-26 20:24:42.168716	25728	805	100306	108934298025239142
1599	2022-08-11 02:09:00	2022-09-27 08:38:28.062207	2161	2155	111644	108802716051430936
1600	2022-08-11 01:53:00	2022-09-27 08:38:32.106494	2161	2155	111645	108802622052428959
1258	2022-09-02 10:44:00	2022-09-26 20:25:48.503501	184	805	100342	108926337123561332
1604	2022-08-11 00:00:00	2022-09-27 08:38:36.368639	697	2155	111650	108802074919905357
1261	2022-09-02 02:44:00	2022-09-26 20:27:36.374593	1144	805	100381	108813134703389859
1262	2022-09-02 02:48:00	2022-09-26 20:27:38.427935	1144	805	100383	108286827879203740
1263	2022-09-02 03:18:00	2022-09-26 20:27:39.793451	33681	805	100384	108800317645817826
1264	2022-09-02 03:23:00	2022-09-26 20:27:41.065921	32004	805	100385	108812499214657687
1265	2022-09-02 03:25:00	2022-09-26 20:27:42.031115	33683	805	100386	108805118355008763
1941	2022-06-14 07:51:00	2022-09-29 14:01:00.098013	2210	3134	174129	108474441869908949
3548	2022-08-15 22:28:00	2022-10-13 07:15:24.916662	825	8311	372742	108830078253826398
8114	2022-06-29 11:34:00	2022-10-21 05:12:41.791833	27	11304	577471	108558171792858831
1240	2022-09-05 12:17:00	2022-09-26 20:20:35.353334	340	805	100205	108942217489537786
1271	2022-09-01 17:38:00	2022-09-26 20:28:44.922976	271	805	100433	108925304647618218
1272	2022-08-31 12:36:00	2022-09-26 20:29:10.068934	1115	805	100455	108918432407810712
8119	2022-06-25 12:03:00	2022-10-21 05:14:26.376435	27	11304	577543	108533658828450303
3529	2022-09-24 18:11:00	2022-10-13 05:53:26.554836	27	8295	372024	109055642164163509
1282	2022-08-30 16:24:00	2022-09-26 20:33:06.806931	1405	805	100601	108913674684907297
1942	2022-06-14 07:09:00	2022-09-29 14:01:11.977017	13241	3134	174136	108473490131075997
1284	2022-08-30 07:32:00	2022-09-26 20:34:02.171989	246411	805	100640	108851812100759567
1286	2022-08-30 07:49:00	2022-09-26 20:34:08.331431	13057	805	100646	108909387552468552
1287	2022-08-30 08:02:00	2022-09-26 20:34:13.033561	201882	805	100650	108907212415131044
1288	2022-08-30 08:05:00	2022-09-26 20:34:16.382809	201882	805	100653	108907185352935848
1289	2022-08-30 08:16:00	2022-09-26 20:34:19.061903	47526	805	100656	108903267393829628
1290	2022-08-30 08:18:00	2022-09-26 20:34:19.486082	64176	805	100657	108903177286366113
1291	2022-08-30 08:22:00	2022-09-26 20:34:20.16515	20554	805	100659	108902964657006959
1292	2022-08-30 08:23:00	2022-09-26 20:34:21.356719	10561	805	100660	108902919331413250
1293	2022-08-30 08:26:00	2022-09-26 20:34:24.403091	357919	805	100663	108901249437499590
1294	2022-08-30 08:29:00	2022-09-26 20:34:24.852007	32408	805	100664	108831937665190349
1295	2022-08-30 08:39:00	2022-09-26 20:34:35.286974	32408	805	100670	108898832298072183
1297	2022-08-30 08:49:00	2022-09-26 20:34:48.168219	10561	805	100681	108873432188074073
1298	2022-08-30 08:52:00	2022-09-26 20:34:52.054243	251341	805	100683	108910248639337430
1299	2022-08-30 08:54:00	2022-09-26 20:34:54.297887	933	805	100684	108911673741832661
1277	2022-08-30 21:25:00	2022-09-26 20:31:42.690301	1118	805	100557	108914788643282501
1303	2022-08-27 15:27:00	2022-09-26 20:35:29.477825	12826	805	100706	108896443681882247
1247	2022-09-04 19:26:00	2022-09-26 20:21:33.93328	781	805	100239	108941468840094332
1938	2022-07-13 07:07:00	2022-09-29 13:56:48.550001	498	3134	174040	108591785058061689
1944	2022-06-11 23:05:00	2022-09-29 14:02:57.242453	3134	3134	174199	108462276704230768
2128	2022-07-06 21:54:00	2022-09-29 18:11:07.28136	19084	4248	181435	108603530589484265
1300	2022-08-30 07:52:00	2022-09-26 20:34:57.996498	7642	805	100688	108907322292639079
1601	2022-08-11 01:12:00	2022-09-27 08:38:33.787143	781	2155	111647	108800635171505894
1276	2022-08-31 07:27:00	2022-09-26 20:30:24.533185	781	805	100509	108909102667304929
1281	2022-08-30 22:22:00	2022-09-26 20:31:58.939639	781	805	100569	108915005308853676
1238	2022-09-05 17:50:00	2022-09-26 20:20:00.027638	536	805	100188	108947887305438529
1225	2022-09-12 03:34:00	2022-09-26 20:07:58.302977	174	805	99782	108934529109328831
1232	2022-09-08 08:23:00	2022-09-26 20:13:39.420868	174	805	100044	108934529109328831
1249	2022-09-04 09:15:00	2022-09-26 20:22:33.097603	174	805	100252	108934529109328831
1603	2022-08-11 00:00:00	2022-09-27 08:38:35.169187	174	2155	111649	108801989146943491
1274	2022-08-31 17:10:00	2022-09-26 20:29:44.433782	265	805	100477	108919029345930196
1229	2022-09-06 15:22:00	2022-09-26 20:12:16.740475	974	805	99986	108951592404818599
1333	2022-08-22 22:53:00	2022-09-26 20:49:42.810997	274	805	101175	108869302400252717
1174	2022-09-20 19:57:00	2022-09-26 19:56:20.174692	805	805	98820	109032934682428295
1308	2022-08-29 12:51:00	2022-09-26 20:37:27.722312	7642	805	100776	108907006697873616
1192	2022-09-17 08:16:00	2022-09-26 20:01:12.048283	805	805	99469	109013661739360534
1203	2022-09-16 08:19:00	2022-09-26 20:01:52.437972	805	805	99502	109004711717881526
1323	2022-08-26 08:17:00	2022-09-26 20:43:55.849599	367	805	100990	108889096362477437
1338	2022-08-21 18:58:00	2022-09-26 20:52:08.431259	3354	805	101260	108863135572626222
1335	2022-08-22 22:26:00	2022-09-26 20:50:00.826268	520	805	101183	108731365887821860
1315	2022-08-28 16:28:00	2022-09-26 20:38:59.636998	43894	805	100820	108902381281547320
1316	2022-08-28 13:22:00	2022-09-26 20:39:15.518533	2013	805	100835	108895704562074304
1305	2022-08-28 19:29:00	2022-09-26 20:36:22.535853	1862	805	100740	108902814236678194
1606	2022-08-09 20:48:00	2022-09-27 08:38:44.992699	254	2155	111659	108795657266639146
1325	2022-08-25 21:08:00	2022-09-26 20:44:30.949655	19773	805	101008	108885234800215651
1873	2022-06-10 16:40:00	2022-09-28 13:20:24.905065	275772	4064	143793	108455104465550841
1321	2022-08-26 10:37:00	2022-09-26 20:43:33.191297	174	805	100974	108889160163044488
1329	2022-08-24 17:14:00	2022-09-26 20:45:54.955256	20084	805	101079	108879399452719935
1330	2022-08-24 21:35:00	2022-09-26 20:46:07.276937	2014	805	101091	108844892261808310
1331	2022-08-24 18:58:00	2022-09-26 20:47:17.332995	125479	805	101103	108879799479168499
1336	2022-08-21 11:25:00	2022-09-26 20:50:56.039558	7995	805	101214	108783643748361202
1345	2022-08-21 13:54:00	2022-09-26 20:54:14.776413	1862	805	101329	108862099000631324
1339	2022-08-21 19:13:00	2022-09-26 20:52:14.693698	10907	805	101264	108859006498262662
1340	2022-08-21 19:17:00	2022-09-26 20:52:15.769014	948	805	101265	108854938278874245
1341	2022-08-22 00:00:00	2022-09-26 20:52:25.013649	1115	805	101271	108864432329990600
1332	2022-08-23 17:57:00	2022-09-26 20:48:21.526092	781	805	101126	108872734564464907
1362	2022-08-13 22:41:00	2022-09-26 21:06:49.454783	198	805	101785	108807398373593085
10434	2022-08-12 00:00:00	2022-11-10 11:08:05.981135	27	2071	751001	108807820697397549
1346	2022-08-20 17:48:00	2022-09-26 20:54:51.742039	5914	805	101349	108857286941788120
1347	2022-08-20 15:50:00	2022-09-26 20:55:01.620567	2015	805	101363	108856926649416448
1348	2022-08-20 00:00:00	2022-09-26 20:55:47.533497	254	805	101379	108852397046850305
1349	2022-08-19 22:05:00	2022-09-26 20:56:36.619882	1154	805	101415	108852724801242091
1947	2022-08-16 22:35:00	2022-09-29 15:15:15.397008	4252	4252	174442	108835860753745989
1607	2022-08-09 20:39:00	2022-09-27 08:38:46.662568	273	2155	111660	108795779470955382
1354	2022-08-16 23:27:00	2022-09-26 21:00:49.090176	36787	805	101573	108835854887405077
1608	2022-08-09 01:28:00	2022-09-27 08:38:55.265258	92742	2155	111667	108791248295059623
1356	2022-08-14 23:02:00	2022-09-26 21:04:36.694295	86666	805	101692	108823849344037359
1358	2022-08-14 17:58:00	2022-09-26 21:05:35.918102	9094	805	101726	108823234011150727
1359	2022-08-14 12:47:00	2022-09-26 21:06:19.274729	2120	805	101757	108822185176801518
2129	2022-07-05 16:19:00	2022-09-29 18:12:46.997718	7855	4248	181537	108596529698882595
1361	2022-08-13 22:30:00	2022-09-26 21:06:46.16084	12293	805	101780	108810879167030826
1363	2022-08-13 22:47:00	2022-09-26 21:06:50.600879	2110	805	101786	108806003386329987
281	2022-07-13 20:49:00	2022-09-17 10:10:18.215636	365	365	22598	108641986730939587
1344	2022-08-21 19:11:00	2022-09-26 20:52:50.24278	174	805	101287	108855666558592743
8120	2022-06-25 12:02:00	2022-10-21 05:14:33.002208	27	11304	577548	108530082209372852
78	2022-07-31 08:36:00	2022-09-15 22:46:26.018968	27	27	2106	108733527254461091
8121	2022-06-25 11:47:00	2022-10-21 05:14:40.872691	27	11304	577552	108533658828450303
8126	2022-06-23 18:40:00	2022-10-21 05:16:51.244896	27	11304	577633	108528342681053939
8135	2022-09-26 17:16:00	2022-10-21 05:26:13.672525	27	11313	577913	109065190772412675
8138	2022-06-19 10:25:00	2022-10-21 05:27:20.72017	27	11304	577957	108504243028500551
8098	2022-07-08 09:37:00	2022-10-21 04:59:46.488089	27	11304	577010	108611616022302760
1317	2022-08-27 10:36:00	2022-09-26 20:41:22.612693	28	805	100895	108895331599003966
3551	2022-07-03 09:50:00	2022-10-13 07:45:28.120107	163	8337	373267	108583673517858140
1613	2022-08-08 23:53:00	2022-09-27 08:39:01.077849	21649	2155	111675	108790247968131461
2130	2022-07-04 00:00:00	2022-09-29 18:12:57.221455	4303	4248	181548	108587203994379345
2131	2022-07-04 00:00:00	2022-09-29 18:13:03.319384	40147	4248	181555	108587066167014169
1204	2022-09-15 18:24:00	2022-09-26 20:02:44.757533	805	805	99535	109004711717881526
1350	2022-08-19 08:56:00	2022-09-26 20:57:50.79128	290	805	101462	108764508389744709
1610	2022-08-09 01:00:00	2022-09-27 08:38:57.277388	80	2155	111670	108791039931653398
1612	2022-08-09 00:00:00	2022-09-27 08:38:58.628931	80	2155	111672	108791039931653398
1609	2022-08-09 01:16:00	2022-09-27 08:38:56.593354	80	2155	111669	108791016370098373
285	2022-07-09 17:14:00	2022-09-17 10:10:44.236927	365	365	22620	108619447356352439
1342	2022-08-20 18:28:00	2022-09-26 20:52:27.819061	174	805	101273	108855448986245844
1605	2022-08-10 14:12:00	2022-09-27 08:38:42.349202	708	2155	111657	108799919131101541
1357	2022-08-15 09:46:00	2022-09-26 21:04:41.728244	279	805	101695	108827094940365555
1326	2022-08-25 08:21:00	2022-09-26 20:45:24.459113	125	805	101052	108883193064676787
8153	2022-06-16 09:26:00	2022-10-21 05:33:38.707475	222	11304	578207	108425752918634878
1364	2022-09-02 13:04:00	2022-09-26 21:37:01.730413	1226	1226	101897	108929759159305088
8117	2022-06-26 15:09:00	2022-10-21 05:13:46.29171	74590	11304	577517	108545324177316593
1366	2022-08-21 19:13:00	2022-09-26 21:41:49.692684	10907	1037	102095	108859006498262662
1454	2022-06-18 11:32:00	2022-09-27 07:19:03.75169	234	2150	109575	108495176353913340
2176	2022-06-13 21:30:00	2022-09-29 18:33:01.694339	2103	4248	182613	108472847454272404
8131	2022-06-20 16:41:00	2022-10-21 05:20:13.335663	2195	11304	577767	108509639862813719
8133	2022-06-20 10:39:00	2022-10-21 05:24:01.661502	2319	11304	577849	108507915455185586
3531	2022-08-29 22:23:00	2022-10-13 07:13:13.692333	27	8311	372684	108906909057160138
8118	2022-06-26 09:08:00	2022-10-21 05:13:54.89069	27	11304	577521	108541349486493111
2182	2022-06-10 14:39:00	2022-09-29 18:34:23.549062	313	4248	182697	108454439503315738
8150	2022-09-03 12:50:00	2022-10-21 05:31:23.471934	416	11313	578108	108935493234037657
2173	2022-06-15 22:04:00	2022-09-29 18:32:17.753253	340	4248	182585	108483565336295979
8151	2022-06-17 18:03:00	2022-10-21 05:32:21.165886	300	11304	578141	108493097368501885
8140	2022-06-18 22:12:00	2022-10-21 05:27:42.435721	90	11304	577975	108499483877213479
1367	2022-08-08 21:27:00	2022-09-26 21:41:58.986534	125	1037	102111	108790289380704429
2134	2022-07-03 12:00:00	2022-09-29 18:13:52.863461	143	4248	181612	108583899378530021
1955	2022-09-26 03:33:00	2022-09-29 17:20:33.041873	10658	4248	177401	109057638667612863
1957	2022-09-24 20:59:00	2022-09-29 17:20:47.37216	252638	4248	177428	109055383391342083
1959	2022-09-24 03:34:00	2022-09-29 17:20:54.163086	201254	4248	177440	109049622438329687
1962	2022-09-21 17:09:00	2022-09-29 17:21:07.981167	4280	4248	177467	109038224980035421
1966	2022-09-20 05:46:00	2022-09-29 17:21:52.438993	227474	4248	177542	109029846372253042
1973	2022-09-18 07:12:00	2022-09-29 17:27:00.402694	4292	4248	177913	109019044144351408
1975	2022-09-18 03:21:00	2022-09-29 17:29:37.730382	131017	4248	178080	109017979966731086
1932	2022-06-14 21:45:00	2022-09-29 12:42:49.07991	1304	4238	170380	108477766086927836
2132	2022-07-04 00:00:00	2022-09-29 18:13:04.081864	2625	4248	181556	108587068156865105
2133	2022-07-03 21:36:00	2022-09-29 18:13:29.142439	29384	4248	181585	108586163092816689
2135	2022-07-03 09:38:00	2022-09-29 18:14:04.201687	2412	4248	181624	108583409156449265
2136	2022-07-02 21:44:00	2022-09-29 18:14:15.996715	55316	4248	181636	108578659713223617
2169	2022-06-16 19:17:00	2022-09-29 18:31:51.098251	5672	4248	182559	108489427565622865
2170	2022-06-16 18:08:00	2022-09-29 18:32:03.459094	17726	4248	182571	108489396202251999
2171	2022-06-16 14:14:00	2022-09-29 18:32:05.853196	8467	4248	182574	108488157875629178
2172	2022-06-16 11:10:00	2022-09-29 18:32:08.849836	682	4248	182577	108487766213252998
1044	2022-06-18 17:50:00	2022-09-26 00:13:16.57327	199	1549	86248	108493990282542224
2175	2022-06-14 10:21:00	2022-09-29 18:32:51.69339	8464	4248	182608	108476234010457243
2177	2022-06-13 18:46:00	2022-09-29 18:33:04.852361	46518	4248	182615	108472064134584181
2179	2022-06-12 03:15:00	2022-09-29 18:33:42.699495	7691	4248	182651	108463206586679902
2180	2022-06-10 21:06:00	2022-09-29 18:34:15.312993	15519	4248	182688	108455713947253622
2181	2022-06-10 21:04:00	2022-09-29 18:34:16.142339	23567	4248	182689	108455280951517480
2183	2022-06-09 19:34:00	2022-09-29 18:35:26.567509	56617	4248	182753	108449954213493958
2184	2022-06-09 19:14:00	2022-09-29 18:35:31.346236	29860	4248	182758	108448392091871577
2185	2022-06-09 18:49:00	2022-09-29 18:35:38.563083	17856	4248	182765	108449781150414026
2186	2022-06-09 18:24:00	2022-09-29 18:35:41.644547	1998	4248	182768	108052615840512674
2077	2022-08-04 14:17:00	2022-09-29 17:55:50.67212	4248	4248	180181	108765964487289118
2091	2022-07-27 18:22:00	2022-09-29 17:58:45.599014	4248	4248	180437	108721629414906924
2093	2022-07-27 13:15:00	2022-09-29 17:58:59.070044	4248	4248	180452	108719336428036284
2144	2022-06-28 14:41:00	2022-09-29 18:19:33.832552	4248	4248	181939	108556111235066503
1614	2022-08-08 22:46:00	2022-09-27 08:39:01.793953	2161	2155	111676	108790585683525268
2094	2022-07-27 08:41:00	2022-09-29 17:59:04.268216	4248	4248	180460	108719336428036284
2145	2022-06-28 14:38:00	2022-09-29 18:19:37.075064	4248	4248	181940	108556410664813259
2148	2022-06-26 11:46:00	2022-09-29 18:21:06.382447	4248	4248	182017	108542375570776834
1045	2022-06-18 17:47:00	2022-09-26 00:13:17.688143	199	1549	86249	108496504104969935
1771	2022-06-21 00:00:00	2022-09-27 08:48:27.551855	27	2155	112097	108513145736567220
1774	2022-06-19 01:52:00	2022-09-27 08:48:37.79127	27	2155	112109	108501869776465111
1142	2022-07-17 19:37:00	2022-09-26 19:26:55.249108	27	1855	95530	108645450025280547
8155	2022-06-15 16:33:00	2022-10-21 05:34:44.659451	98128	11304	578252	108483372611740820
8156	2022-06-14 22:35:00	2022-10-21 05:35:32.067287	7849	11304	578291	108042839762245615
8163	2022-06-13 13:34:00	2022-10-21 05:38:24.035622	728	11304	578377	108468032354979451
1948	2022-09-28 02:57:00	2022-09-29 17:14:37.986326	2953	4248	176995	109072022081822158
1368	2022-08-04 10:22:00	2022-09-26 21:42:02.904699	1037	1037	102114	108765048835997623
8096	2022-07-08 23:34:00	2022-10-21 04:59:12.032055	27	11304	576984	108614716476681663
8134	2022-10-06 08:52:00	2022-10-21 05:25:21.264054	974	11313	577887	109121382996905404
8154	2022-08-26 10:29:00	2022-10-21 05:34:20.058347	974	11313	578235	108889163904971913
1256	2022-09-02 20:21:00	2022-09-26 20:25:39.936163	805	805	100335	108931601688825538
1353	2022-08-17 22:00:00	2022-09-26 20:59:52.194227	805	805	101537	108841193040875757
3552	2022-08-23 16:24:00	2022-10-13 07:46:02.517525	2195	8334	373295	108873149344187073
2386	2022-09-14 00:00:00	2022-10-01 03:59:07.634671	2095	306	204563	108992962999362934
1621	2022-08-06 01:16:00	2022-09-27 08:39:23.841815	805	2155	111694	108774214224813412
1457	2022-09-20 08:09:00	2022-09-27 07:58:02.245799	1168	2151	109792	109026074442553837
1161	2022-09-22 21:11:00	2022-09-26 19:52:53.05464	27	805	98341	109043524865438732
1619	2022-08-07 16:09:00	2022-09-27 08:39:17.020906	365	2155	111690	108783305829275174
8157	2022-06-14 22:30:00	2022-10-21 05:35:39.405842	9674	11304	578294	108476280325914246
8169	2022-08-08 21:01:00	2022-10-21 05:53:49.497413	92276	11313	578673	108782825024932597
8170	2022-08-08 20:55:00	2022-10-21 05:54:00.111413	8937	11313	578677	108789849654605569
1658	2022-07-24 13:18:00	2022-09-27 08:41:41.157196	19444	2155	111799	108703402064868234
2387	2022-09-02 13:54:00	2022-10-01 03:59:18.294512	2095	306	204573	108929204428502447
1620	2022-08-06 23:45:00	2022-09-27 08:39:19.531511	365	2155	111692	108779334249607690
1019	2022-06-29 09:16:00	2022-09-26 00:11:04.833476	27	1549	86102	108560765739978522
1668	2022-07-21 23:32:00	2022-09-27 08:42:02.702447	294	2155	111820	107923272784154662
1662	2022-07-22 19:35:00	2022-09-27 08:41:50.324946	306	2155	111808	108693571897887736
1877	2022-07-15 00:00:00	2022-09-28 20:06:04.807222	5430	4105	149553	108544022138136652
1630	2022-08-02 17:54:00	2022-09-27 08:39:47.020143	781	2155	111716	108755298846421933
1878	2022-07-15 00:00:00	2022-09-28 20:06:06.079956	17095	4105	149554	108649499482043154
1651	2022-07-26 09:48:00	2022-09-27 08:40:52.658152	781	2155	111786	108713755632021904
1654	2022-07-26 01:13:00	2022-09-27 08:41:01.428775	781	2155	111791	108710096257541111
1656	2022-07-26 01:06:00	2022-09-27 08:41:36.054691	781	2155	111793	108711886576242896
1632	2022-08-02 14:47:00	2022-09-27 08:39:49.876526	58771	2155	111719	108754763028580316
1633	2022-08-02 14:45:00	2022-09-27 08:39:50.569417	1092	2155	111720	108754716484543051
1671	2022-07-21 18:58:00	2022-09-27 08:42:15.955967	781	2155	111831	108687189673385011
1635	2022-07-31 02:29:00	2022-09-27 08:40:08.764465	2161	2155	111741	108740524320804870
1675	2022-07-20 16:18:00	2022-09-27 08:42:25.774325	781	2155	111839	108681502513062610
1455	2022-06-18 10:49:00	2022-09-27 07:19:05.064823	697	2150	109576	108498804157134320
1638	2022-07-30 00:00:00	2022-09-27 08:40:23.794276	2161	2155	111757	108734363737644570
1631	2022-08-02 16:08:00	2022-09-27 08:39:48.12955	697	2155	111717	108755067871610677
1645	2022-07-27 20:45:00	2022-09-27 08:40:34.687401	57449	2155	111770	108722192702285731
1647	2022-07-27 02:30:00	2022-09-27 08:40:40.837797	2161	2155	111776	108716718250762183
1648	2022-07-26 22:48:00	2022-09-27 08:40:42.611625	254	2155	111778	108716390989143754
95	2022-07-08 07:59:00	2022-09-15 22:49:39.835958	27	27	2314	108602031509359408
919	2022-06-28 10:07:00	2022-09-23 07:53:15.782867	27	788	76859	108553428963985154
2430	2022-08-10 10:46:00	2022-10-01 14:36:34.603435	27	4865	220699	108798953373375449
3569	2022-07-11 22:06:00	2022-10-13 10:29:44.195854	27	8376	375234	108631841524263640
5732	2022-07-29 21:06:00	2022-10-16 17:51:34.321884	27	4273	479148	108730328033540949
1661	2022-07-23 15:53:00	2022-09-27 08:41:46.381692	1092	2155	111804	108698397493416815
7204	2022-08-05 01:54:00	2022-10-19 14:05:54.770059	27	10825	536122	108767053935855034
1663	2022-07-22 09:29:00	2022-09-27 08:41:53.707658	1092	2155	111810	108691156888095772
1667	2022-07-21 23:39:00	2022-09-27 08:42:01.522916	2161	2155	111819	108688899295907392
6767	2022-07-19 05:24:00	2022-10-18 20:18:47.647786	27	10846	525138	108664301833637811
1672	2022-07-21 16:26:00	2022-09-27 08:42:17.555517	1074	2155	111832	108685630152388416
4954	2022-06-11 07:59:00	2022-10-15 12:14:56.791475	27	9321	450501	108458709618144432
5026	2022-08-24 14:14:00	2022-10-16 04:23:40.596831	27	7585	466604	108879079107167431
5029	2022-08-22 19:09:00	2022-10-16 04:23:47.126037	27	7585	466612	108868764754051195
10089	2022-09-11 00:00:00	2022-11-04 04:59:12.320471	27	16733	719095	108982114737811576
8159	2022-08-23 11:30:00	2022-10-21 05:36:10.824007	974	11313	578308	108872676484855408
1615	2022-08-08 22:41:00	2022-09-27 08:39:03.827335	974	2155	111677	108790583743416595
1951	2022-09-28 00:00:00	2022-09-29 17:14:46.7326	64126	4248	177011	109073357892876779
1952	2022-09-27 16:22:00	2022-09-29 17:14:53.122589	4285	4248	177021	109072155284742355
1949	2022-09-28 01:14:00	2022-09-29 17:14:40.97989	1118	4248	177000	109071816817287722
1961	2022-09-21 17:11:00	2022-09-29 17:21:07.052416	7959	4248	177464	109038429455056072
1963	2022-09-21 12:37:00	2022-09-29 17:21:25.264009	34783	4248	177492	109037323911814560
1623	2022-08-04 18:41:00	2022-09-27 08:39:30.29095	974	2155	111700	108766930034305508
1674	2022-07-21 12:20:00	2022-09-27 08:42:22.567854	174	2155	111835	108686219611520926
1880	2022-07-08 13:33:00	2022-09-28 20:06:24.729951	416	4105	149562	108612566093109779
1617	2022-08-08 17:25:00	2022-09-27 08:39:05.747228	80	2155	111680	108789313301521303
1624	2022-08-04 18:39:00	2022-09-27 08:39:31.299494	80	2155	111701	108766967235070371
1640	2022-07-29 20:11:00	2022-09-27 08:40:26.852472	80	2155	111761	108733347327608919
1644	2022-07-27 21:55:00	2022-09-27 08:40:33.030891	80	2155	111769	108722455292367408
1646	2022-07-27 13:58:00	2022-09-27 08:40:40.167371	80	2155	111775	108710926477423128
1622	2022-08-05 23:36:00	2022-09-27 08:39:26.937075	80	2155	111696	108773773905065840
1634	2022-08-02 11:04:00	2022-09-27 08:39:55.975523	80	2155	111726	108753868926292391
1637	2022-07-31 01:02:00	2022-09-27 08:40:13.323357	80	2155	111747	108740075020366581
1958	2022-09-24 03:58:00	2022-09-29 17:20:50.387462	143	4248	177433	109051488713546110
1684	2022-07-17 01:50:00	2022-09-27 08:42:41.188383	101	2155	111855	108656948038595593
5559	2022-08-17 10:26:00	2022-10-16 16:37:49.378955	125	4273	477793	108838661785657703
1718	2022-07-12 00:00:00	2022-09-27 08:43:45.156696	805	2155	111923	108631794042463981
1691	2022-07-15 04:10:00	2022-09-27 08:42:56.712813	42868	2155	111873	108650334011396689
1693	2022-07-15 02:36:00	2022-09-27 08:43:02.049711	9315	2155	111879	108649904951657604
1694	2022-07-15 01:59:00	2022-09-27 08:43:02.728548	165247	2155	111880	108649822828823547
1742	2022-07-06 23:24:00	2022-09-27 08:45:04.602998	19983	2155	111972	108601330184928261
1699	2022-07-14 00:00:00	2022-09-27 08:43:09.883431	184	2155	111888	108643809328905307
1700	2022-07-13 20:54:00	2022-09-27 08:43:11.846898	31741	2155	111891	108642915857487536
1701	2022-07-13 20:47:00	2022-09-27 08:43:13.166103	31741	2155	111893	108642928139356579
1702	2022-07-13 20:39:00	2022-09-27 08:43:14.476133	94734	2155	111895	108642900923034307
1306	2022-08-29 11:43:00	2022-09-26 20:36:22.959684	27	805	100741	108901360646288078
1964	2022-09-21 10:00:00	2022-09-29 17:21:27.43822	34	4248	177496	109034094648683361
1692	2022-07-15 04:02:00	2022-09-27 08:42:57.421304	781	2155	111874	108636382074075601
1755	2022-06-29 20:01:00	2022-09-27 08:46:56.915914	781	2155	112030	108563414489234626
1745	2022-07-04 19:37:00	2022-09-27 08:45:12.327031	559	2155	111980	108589451585998533
1709	2022-07-13 15:54:00	2022-09-27 08:43:25.412141	1998	2155	111907	108641193988419719
1710	2022-07-13 01:57:00	2022-09-27 08:43:29.388575	30563	2155	111910	108635984301359704
1711	2022-07-13 01:24:00	2022-09-27 08:43:30.095332	462	2155	111911	108636720416787288
1712	2022-07-13 01:03:00	2022-09-27 08:43:31.413675	13051	2155	111912	108635060489902571
1713	2022-07-13 00:00:00	2022-09-27 08:43:32.519081	13051	2155	111913	108617637316313760
3553	2022-08-05 07:22:00	2022-10-13 07:46:55.165843	2619	8334	373345	108769813711475369
1735	2022-07-08 02:15:00	2022-09-27 08:44:53.109679	102	2155	111959	108609369666795579
1731	2022-07-08 19:00:00	2022-09-27 08:44:43.969479	708	2155	111951	108614176827927263
8160	2022-08-21 12:48:00	2022-10-21 05:37:07.995466	416	11313	578348	108861637002014060
1737	2022-07-07 01:49:00	2022-09-27 08:44:57.292278	326	2155	111965	108600878849928363
1721	2022-07-11 17:08:00	2022-09-27 08:43:49.118886	7168	2155	111926	108630684065578899
1722	2022-07-11 17:09:00	2022-09-27 08:43:50.076264	1882	2155	111927	108630546749194276
1879	2022-07-11 00:00:00	2022-09-28 20:06:23.97793	27	4105	149561	108625226594185657
5286	2022-09-15 06:01:00	2022-10-16 15:18:27.288709	27	4273	475394	108998119364121548
5865	2022-07-20 06:33:00	2022-10-16 18:28:11.375443	27	4273	479949	108674503868114391
1727	2022-07-09 18:25:00	2022-09-27 08:44:35.919043	1092	2155	111944	108619654722450264
1923	2022-09-22 12:44:00	2022-09-29 12:07:33.724242	27	4237	169497	109043039814515090
1734	2022-07-08 10:29:00	2022-09-27 08:44:50.478048	184	2155	111957	108609402342259891
1758	2022-06-28 01:31:00	2022-09-27 08:47:14.36352	27	2155	112049	108553253125605626
9032	2022-06-24 00:00:00	2022-10-26 08:26:05.727641	27	13173	666312	108530082209372852
8141	2022-06-18 15:48:00	2022-10-21 05:28:16.774735	27	11304	577999	108498267504170119
1746	2022-07-03 23:27:00	2022-09-27 08:45:49.544268	51116	2155	111986	108580995997240141
8147	2022-09-12 16:25:00	2022-10-21 05:29:44.235345	27	11313	578059	108986752094824256
4697	2022-07-22 10:21:00	2022-10-15 05:53:07.349312	27	9365	439912	108664306663323533
1715	2022-07-12 19:57:00	2022-09-27 08:43:36.869062	281	2155	111916	108637075712873664
10100	2022-09-25 00:00:00	2022-11-04 05:04:14.492389	27	8017	719148	109052362543183221
1752	2022-06-30 00:00:00	2022-09-27 08:46:53.185421	46760	2155	112026	107842916016291490
1753	2022-06-30 00:00:00	2022-09-27 08:46:54.267895	2161	2155	112027	108564422524621502
1754	2022-06-29 21:19:00	2022-09-27 08:46:55.39577	10343	2155	112028	108563523953556546
3533	2022-08-29 02:29:00	2022-10-13 07:13:23.428931	27	8311	372691	108889936539452878
1936	2022-08-08 19:34:00	2022-09-29 13:55:38.398497	27	3134	174001	108789700493889917
1728	2022-07-09 16:53:00	2022-09-27 08:44:41.670147	2843	2155	111948	108614537455172573
1760	2022-06-26 02:04:00	2022-09-27 08:47:29.347181	993	2155	112065	108421792170221278
1956	2022-09-25 23:48:00	2022-09-29 17:20:39.548866	215	4248	177414	109062499884327253
1884	2022-08-13 09:48:00	2022-09-28 22:29:44.449804	1000	4112	151810	108810818419166627
1953	2022-09-27 15:27:00	2022-09-29 17:20:00.633931	4285	4248	177348	109071195794885780
1954	2022-09-26 22:00:00	2022-09-29 17:20:27.289727	66338	4248	177390	109067876964486006
1969	2022-09-19 23:25:00	2022-09-29 17:22:13.586304	27539	4248	177579	109028525403908856
1970	2022-09-19 22:36:00	2022-09-29 17:22:16.423654	4285	4248	177584	109027780323797496
1974	2022-09-18 05:20:00	2022-09-29 17:27:23.31773	72568	4248	177963	109018591411534295
1976	2022-09-18 03:17:00	2022-09-29 17:31:48.870579	23204	4248	178253	109018101696328753
1977	2022-09-18 03:07:00	2022-09-29 17:31:49.661292	57964	4248	178255	109017932225154016
1978	2022-09-15 20:08:00	2022-09-29 17:37:40.488269	4287	4248	178641	109004973171319395
1744	2022-07-06 17:35:00	2022-09-27 08:45:07.175893	234	2155	111975	108552516905392552
1748	2022-07-03 01:50:00	2022-09-27 08:46:28.756935	2170	2155	111994	108581826527216648
1681	2022-07-17 21:07:00	2022-09-27 08:42:35.771024	80	2155	111848	108665596041492222
1686	2022-07-16 21:39:00	2022-09-27 08:42:43.103447	80	2155	111858	108660114655220765
1687	2022-07-16 20:53:00	2022-09-27 08:42:43.774921	80	2155	111859	108659941416563324
1689	2022-07-15 22:00:00	2022-09-27 08:42:50.199549	80	2155	111866	108654518890548771
1697	2022-07-14 16:42:00	2022-09-27 08:43:07.31328	80	2155	111885	108647622173074697
1761	2022-06-26 01:12:00	2022-09-27 08:47:30.738784	51116	2155	112066	108540117216153292
1765	2022-06-23 01:57:00	2022-09-27 08:48:16.955722	184	2155	112085	108525161166508640
1767	2022-06-23 01:28:00	2022-09-27 08:48:18.76274	2176	2155	112087	108522487005807021
1769	2022-06-21 18:29:00	2022-09-27 08:48:21.443765	80	2155	112090	108517782081029797
8158	2022-08-23 11:34:00	2022-10-21 05:36:02.1038	825	11313	578304	108872899476350227
1781	2022-06-11 01:14:00	2022-09-27 08:49:25.913026	315	2155	112155	108426851441665409
1777	2022-06-16 02:02:00	2022-09-27 08:48:52.373974	23567	2155	112124	108479887199162982
1763	2022-06-23 20:59:00	2022-09-27 08:48:06.969285	232	2155	112071	108529636300150895
1464	2022-09-22 02:18:00	2022-09-27 08:31:12.023602	2155	2155	111267	109039928717669555
1530	2022-08-30 22:11:00	2022-09-27 08:34:36.926639	2155	2155	111429	108914015661553032
1683	2022-07-17 01:58:00	2022-09-27 08:42:39.880561	2155	2155	111853	108661115224922032
1770	2022-06-20 23:48:00	2022-09-27 08:48:26.88695	2155	2155	112096	108513269017566109
1768	2022-06-21 18:34:00	2022-09-27 08:48:19.701298	697	2155	112088	108517086079200192
1886	2022-07-15 21:03:00	2022-09-28 22:33:38.494903	11010	4112	152142	108653060166942999
1965	2022-09-20 18:34:00	2022-09-29 17:21:38.734571	31580	4248	177516	109032375475978640
1971	2022-09-18 15:38:00	2022-09-29 17:24:32.849383	72568	4248	177719	109021006501485276
1981	2022-09-15 15:11:00	2022-09-29 17:38:14.189275	137656	4248	178698	109003954359104626
1982	2022-09-15 14:55:00	2022-09-29 17:38:17.64308	8465	4248	178704	109003273404711974
1984	2022-09-13 01:06:00	2022-09-29 17:38:33.250192	2948	4248	178730	108988833339214862
1985	2022-09-12 19:23:00	2022-09-29 17:38:37.748531	1508	4248	178735	108987450756951644
1986	2022-09-11 12:07:00	2022-09-29 17:41:12.303633	4285	4248	178818	108979929891578668
1990	2022-09-06 01:13:00	2022-09-29 17:41:31.674044	1333	4248	178846	108949094283011282
1991	2022-09-04 14:44:00	2022-09-29 17:41:41.97622	70090	4248	178863	108941480002198926
1992	2022-09-03 14:34:00	2022-09-29 17:41:54.453595	70090	4248	178885	108935465461915655
1993	2022-09-03 12:12:00	2022-09-29 17:41:58.595438	36108	4248	178893	108935340471681656
1998	2022-08-27 10:48:00	2022-09-29 17:44:04.655186	4285	4248	179074	108895035848187914
2004	2022-08-20 23:59:00	2022-09-29 17:46:10.035636	4290	4248	179257	108858835572074958
2011	2022-08-19 22:36:00	2022-09-29 17:48:02.310266	4290	4248	179461	108852841214168607
2016	2022-08-19 20:34:00	2022-09-29 17:48:26.995125	4287	4248	179509	108852382237537631
2017	2022-08-19 20:21:00	2022-09-29 17:48:28.16022	2412	4248	179511	108852334439233269
2019	2022-08-19 19:58:00	2022-09-29 17:48:33.581802	2412	4248	179521	108852225412616406
2021	2022-08-19 19:25:00	2022-09-29 17:48:37.099335	278740	4248	179526	108852107469401128
2024	2022-08-19 16:52:00	2022-09-29 17:48:44.781586	125620	4248	179538	108851479160809694
2028	2022-08-18 14:38:00	2022-09-29 17:49:44.028922	70090	4248	179641	108845264091599181
2031	2022-08-18 13:31:00	2022-09-29 17:49:52.188729	70090	4248	179656	108845061695716764
2032	2022-08-18 13:07:00	2022-09-29 17:49:54.649037	70090	4248	179660	108844954855011980
2035	2022-08-17 11:25:00	2022-09-29 17:50:57.541662	4309	4248	179746	108838778034398053
2038	2022-08-15 20:45:00	2022-09-29 17:51:23.379986	4290	4248	179789	108829592327832667
2040	2022-08-15 18:40:00	2022-09-29 17:51:35.117918	134939	4248	179807	108829263853473195
2041	2022-08-15 16:16:00	2022-09-29 17:51:41.173369	6499	4248	179818	108828689483458595
2042	2022-08-15 15:16:00	2022-09-29 17:51:49.553864	4293	4248	179834	108828481548805207
2047	2022-08-15 12:46:00	2022-09-29 17:52:14.934253	2412	4248	179885	108827866070527829
2049	2022-08-15 12:38:00	2022-09-29 17:52:17.401449	2412	4248	179890	108827840049030145
2050	2022-08-15 12:36:00	2022-09-29 17:52:19.080714	4026	4248	179893	108827803302166510
2051	2022-08-15 12:07:00	2022-09-29 17:52:23.460353	278875	4248	179902	108827627835925388
2052	2022-08-15 11:33:00	2022-09-29 17:52:26.267217	4293	4248	179907	108827593024188404
2054	2022-08-13 22:22:00	2022-09-29 17:52:35.566787	4296	4248	179923	108818284064528351
2056	2022-08-11 23:55:00	2022-09-29 17:52:42.525211	4290	4248	179935	108784178913027322
2057	2022-08-11 23:49:00	2022-09-29 17:52:47.823265	4290	4248	179940	108789989404369261
2060	2022-08-08 12:34:00	2022-09-29 17:53:23.229986	63936	4248	179990	108788203226351850
2061	2022-08-08 10:52:00	2022-09-29 17:53:29.607315	4285	4248	179999	108787799907550130
2063	2022-08-06 14:50:00	2022-09-29 17:53:51.607464	232942	4248	180036	108777393785446095
2065	2022-08-05 21:05:00	2022-09-29 17:54:00.141784	4285	4248	180051	108773133530991460
2070	2022-08-05 18:32:00	2022-09-29 17:55:13.451065	4285	4248	180124	108772571018621389
2073	2022-08-04 16:16:00	2022-09-29 17:55:34.508558	52712	4248	180158	108766410089478820
2074	2022-08-04 16:05:00	2022-09-29 17:55:35.595323	4290	4248	180159	108766381232472425
1776	2022-06-16 18:24:00	2022-09-27 08:48:50.183406	234	2155	112121	108485154625673944
2080	2022-08-04 12:58:00	2022-09-29 17:56:12.706283	4290	4248	180208	108749103941764942
2087	2022-08-03 17:12:00	2022-09-29 17:56:33.198342	76892	4248	180241	108760974676338041
2088	2022-08-02 21:47:00	2022-09-29 17:56:41.667683	4285	4248	180257	108756323442805400
2089	2022-08-01 22:36:00	2022-09-29 17:57:09.553257	165636	4248	180298	108750933116735488
2389	2022-08-28 15:29:00	2022-10-01 03:59:25.493786	2095	306	204579	108900890277252700
1764	2022-06-23 11:33:00	2022-09-27 08:48:14.573358	697	2155	112082	108527476386470641
1772	2022-06-20 23:11:00	2022-09-27 08:48:28.693971	80	2155	112098	108512871094066970
1773	2022-06-19 02:55:00	2022-09-27 08:48:36.683111	80	2155	112108	108502780716936172
3554	2022-07-05 17:39:00	2022-10-13 07:51:39.76099	198	8307	373558	108596836193503140
1887	2022-06-24 12:29:00	2022-09-28 22:35:24.076994	731	4112	152291	108533341475257572
1782	2022-06-09 14:48:00	2022-09-27 08:49:32.224661	326	2155	112163	108448994407467626
1762	2022-06-24 14:15:00	2022-09-27 08:48:05.651266	974	2155	112069	108533768796316406
1766	2022-06-23 01:37:00	2022-09-27 08:48:18.0663	974	2155	112086	108524762808411051
2059	2022-08-09 00:00:00	2022-09-29 17:53:20.452934	339	4248	179984	108790446546994699
1946	2022-06-11 07:04:00	2022-09-29 14:03:11.245617	27	3134	174209	108453011225436250
1980	2022-09-15 15:17:00	2022-09-29 17:38:12.749474	9085	4248	178696	109004009887885717
1983	2022-09-15 14:45:00	2022-09-29 17:38:19.876593	11018	4248	178708	108976965113393182
195	2022-07-14 16:31:00	2022-09-17 04:54:24.635185	27	137	16231	108647350940945943
1988	2022-09-08 11:29:00	2022-09-29 17:41:26.660401	27208	4248	178838	108963391432907797
1989	2022-09-08 10:40:00	2022-09-29 17:41:29.640542	4285	4248	178843	108961992661003392
1994	2022-09-02 21:06:00	2022-09-29 17:42:03.223496	14062	4248	178900	108931568453860154
1995	2022-09-01 12:11:00	2022-09-29 17:42:54.760987	242639	4248	178960	108923981223474587
1996	2022-08-27 15:07:00	2022-09-29 17:43:39.407191	2412	4248	179035	108896273152871053
1997	2022-08-27 12:33:00	2022-09-29 17:43:49.425163	64489	4248	179051	108895783323470920
1999	2022-08-27 10:42:00	2022-09-29 17:44:06.075771	4296	4248	179076	108892966558634746
3555	2022-09-14 20:34:00	2022-10-13 09:09:21.078334	3872	8364	374643	108999515186131119
2001	2022-08-26 09:56:00	2022-09-29 17:44:18.816391	2412	4248	179099	108827235957495041
2002	2022-08-21 23:16:00	2022-09-29 17:45:15.551106	4293	4248	179185	108864058538162504
2005	2022-08-20 23:51:00	2022-09-29 17:46:11.66561	4290	4248	179261	108858822589359751
2006	2022-08-20 16:56:00	2022-09-29 17:47:00.662958	2412	4248	179348	108857186945681519
2007	2022-08-20 14:10:00	2022-09-29 17:47:14.06949	14759	4248	179374	108856530781286191
2008	2022-08-20 13:40:00	2022-09-29 17:47:20.28681	42855	4248	179387	108856402022437884
2009	2022-08-20 12:55:00	2022-09-29 17:47:28.250137	374040	4248	179405	108856216697619509
2010	2022-08-20 12:30:00	2022-09-29 17:47:36.887006	40367	4248	179422	108856095965749022
2012	2022-08-19 22:11:00	2022-09-29 17:48:11.039871	4295	4248	179478	108852707945504910
2013	2022-08-19 21:57:00	2022-09-29 17:48:14.556554	63785	4248	179485	108852693262490468
2014	2022-08-19 21:46:00	2022-09-29 17:48:17.206381	64489	4248	179490	108852668433162981
2015	2022-08-19 21:35:00	2022-09-29 17:48:20.686793	65436	4248	179497	108852588295308534
2018	2022-08-19 20:09:00	2022-09-29 17:48:32.813503	72568	4248	179520	108852279900388520
2020	2022-08-19 19:48:00	2022-09-29 17:48:36.015774	251120	4248	179525	108852172749917550
2022	2022-08-19 19:23:00	2022-09-29 17:48:38.005142	177600	4248	179527	108852038519081703
2023	2022-08-19 19:22:00	2022-09-29 17:48:38.869736	278740	4248	179529	108852069696919467
2025	2022-08-19 12:25:00	2022-09-29 17:49:00.883819	177600	4248	179567	108850435838021698
2029	2022-08-18 14:31:00	2022-09-29 17:49:47.190179	2412	4248	179647	108845144280014373
2030	2022-08-18 13:33:00	2022-09-29 17:49:51.367543	2412	4248	179654	108845064916689428
2033	2022-08-18 12:44:00	2022-09-29 17:49:58.34683	4285	4248	179667	108844867322994698
2034	2022-08-18 11:44:00	2022-09-29 17:50:16.501085	4290	4248	179685	108844420281663668
2036	2022-08-17 09:54:00	2022-09-29 17:51:04.293728	4309	4248	179755	108837148926590973
2037	2022-08-15 20:47:00	2022-09-29 17:51:22.5613	2412	4248	179787	108829487314670802
2039	2022-08-15 18:54:00	2022-09-29 17:51:31.81806	134939	4248	179801	108829326114430679
2044	2022-08-15 13:51:00	2022-09-29 17:52:08.359401	18993	4248	179870	108828061787961098
2045	2022-08-15 12:50:00	2022-09-29 17:52:12.568741	18993	4248	179879	108827910926391241
2046	2022-08-15 12:49:00	2022-09-29 17:52:13.320248	4293	4248	179881	108827906262516970
2048	2022-08-15 12:40:00	2022-09-29 17:52:16.58325	70090	4248	179888	108827817361831832
2053	2022-08-14 14:38:00	2022-09-29 17:52:31.770906	4296	4248	179917	108821987817121232
2055	2022-08-13 00:00:00	2022-09-29 17:52:39.091333	2412	4248	179929	108813554099304162
2058	2022-08-09 19:27:00	2022-09-29 17:53:14.567577	4285	4248	179975	108795483826517096
2062	2022-08-08 10:07:00	2022-09-29 17:53:36.159859	4285	4248	180007	108784111495766154
2064	2022-08-06 14:24:00	2022-09-29 17:53:54.395385	4285	4248	180041	108775518301083365
2066	2022-08-05 21:01:00	2022-09-29 17:54:00.97963	19339	4248	180052	108773169842512513
2067	2022-08-05 19:20:00	2022-09-29 17:54:08.215483	2198	4248	180065	108771825679335026
2068	2022-08-05 19:15:00	2022-09-29 17:55:02.667931	7025	4248	180109	108772708015480373
2069	2022-08-05 19:10:00	2022-09-29 17:55:06.920554	4285	4248	180114	108772743843382885
2071	2022-08-04 22:19:00	2022-09-29 17:55:20.882668	4290	4248	180135	108767840224115111
2072	2022-08-04 16:43:00	2022-09-29 17:55:29.445307	4292	4248	180151	108766492533476020
2075	2022-08-04 16:02:00	2022-09-29 17:55:37.392156	4285	4248	180162	108766372214980075
2076	2022-08-04 15:55:00	2022-09-29 17:55:40.232552	4293	4248	180168	108766334098783257
5546	2022-08-18 14:30:00	2022-10-16 16:33:22.902809	230750	4273	477692	108845284014531666
8665	2022-09-26 21:12:00	2022-10-24 05:21:42.720247	27	12956	638399	109067111721107956
2078	2022-08-04 13:34:00	2022-09-29 17:55:55.971899	4290	4248	180190	108759520895801735
2079	2022-08-04 12:59:00	2022-09-29 17:56:06.548417	4290	4248	180202	108745735344247134
2081	2022-08-04 12:48:00	2022-09-29 17:56:14.356248	4290	4248	180211	108751471979877713
2082	2022-08-04 12:43:00	2022-09-29 17:56:15.23689	4290	4248	180213	108751506344735409
2083	2022-08-04 12:40:00	2022-09-29 17:56:17.988261	4290	4248	180217	108759520895801735
2084	2022-08-04 12:37:00	2022-09-29 17:56:18.875607	4290	4248	180219	108763554227632640
2085	2022-08-03 22:47:00	2022-09-29 17:56:24.745264	68455	4248	180228	108761506768084294
2086	2022-08-03 22:34:00	2022-09-29 17:56:27.988004	4285	4248	180234	108760849973442439
2090	2022-07-31 00:00:00	2022-09-29 17:57:28.350064	4292	4248	180329	108738677828060006
3557	2022-08-16 22:55:00	2022-10-13 09:10:11.666869	4460	8364	374672	108835571080100161
10399	2022-08-04 00:00:00	2022-11-07 23:58:40.573003	27	9416	741167	108762462000372343
2098	2022-07-21 16:59:00	2022-09-29 17:59:48.788258	4285	4248	180527	108687095478183098
2099	2022-07-21 16:55:00	2022-09-29 17:59:49.553052	4285	4248	180528	108687309988763956
2102	2022-07-20 16:32:00	2022-09-29 18:00:23.987836	5505	4248	180585	108679632568985369
2138	2022-07-01 02:29:00	2022-09-29 18:15:41.082025	7850	4248	181717	108570645654736866
2139	2022-06-30 18:11:00	2022-09-29 18:16:22.401625	6527	4248	181757	108568578220311712
2140	2022-06-30 15:28:00	2022-09-29 18:16:43.118454	4304	4248	181779	108568006393846159
2141	2022-06-30 14:09:00	2022-09-29 18:16:46.256946	2379	4248	181781	108567339211247006
2142	2022-06-28 23:51:00	2022-09-29 18:18:14.56945	8871	4248	181862	108558496958680137
2143	2022-06-28 17:08:00	2022-09-29 18:19:07.29641	2949	4248	181923	108557032830866171
2000	2022-08-26 14:20:00	2022-09-29 17:44:12.243712	4248	4248	179089	108889806774555871
1979	2022-09-15 15:25:00	2022-09-29 17:38:11.539837	159	4248	178694	109003677288350243
2137	2022-07-01 02:56:00	2022-09-29 18:15:38.645228	206	4248	181714	108570126753940222
2100	2022-07-20 21:48:00	2022-09-29 18:00:02.273914	416	4248	180550	108682748164567801
2147	2022-06-26 13:39:00	2022-09-29 18:20:44.024419	232	4248	182006	108543999889942388
1907	2022-06-12 17:15:00	2022-09-29 04:16:55.586363	2843	4159	160913	108465124950854116
1890	2022-06-25 00:00:00	2022-09-29 04:02:38.259094	6218	4155	159877	108432058879863206
1896	2022-06-10 17:04:00	2022-09-29 04:05:56.040786	27	4155	160066	108453011225436250
1892	2022-06-24 14:51:00	2022-09-29 04:02:45.352973	6980	4155	159885	108533841489150460
1893	2022-06-14 11:57:00	2022-09-29 04:04:00.626323	917	4155	159960	108474051397334348
1894	2022-06-13 16:10:00	2022-09-29 04:04:18.541555	842	4155	159979	108459779988178957
1895	2022-06-10 21:47:00	2022-09-29 04:05:52.029116	1844	4155	160062	108449011004991168
2165	2022-06-17 11:33:00	2022-09-29 18:30:08.055938	2843	4248	182518	108493447334186212
3561	2022-08-08 19:58:00	2022-10-13 09:10:47.780316	27	8364	374695	108789700493889917
2092	2022-07-27 18:20:00	2022-09-29 17:58:48.710368	4285	4248	180440	108721535433382593
3560	2022-08-09 15:40:00	2022-10-13 09:10:36.045963	9566	8364	374687	108794517497232123
2095	2022-07-23 23:19:00	2022-09-29 17:59:27.708935	4285	4248	180491	108698997142287920
2096	2022-07-22 18:27:00	2022-09-29 17:59:31.067674	23204	4248	180497	108693334344912495
2101	2022-07-20 20:07:00	2022-09-29 18:00:06.404941	4290	4248	180556	108681877225653761
2146	2022-06-28 13:03:00	2022-09-29 18:19:46.584677	2509	4248	181949	108556153679152850
1799	2022-07-30 18:59:00	2022-09-27 10:30:29.397415	416	2174	113568	108738165203873697
2149	2022-06-25 20:24:00	2022-09-29 18:21:34.525807	19326	4248	182020	108540891035649193
2151	2022-06-25 11:45:00	2022-09-29 18:21:40.367202	8249	4248	182026	108538836881640529
2152	2022-06-25 11:31:00	2022-09-29 18:21:42.368132	22884	4248	182028	108538754262471062
2153	2022-06-24 13:43:00	2022-09-29 18:22:21.360685	2412	4248	182072	108533657668496513
2155	2022-06-24 11:20:00	2022-09-29 18:22:43.223969	2412	4248	182096	108532061836747663
1785	2022-07-15 14:44:00	2022-09-27 09:14:18.319388	2176	1285	113003	108652069758264934
2156	2022-06-24 00:00:00	2022-09-29 18:22:59.638234	3929	4248	182111	108528273671603002
2157	2022-06-23 19:45:00	2022-09-29 18:23:25.45404	70349	4248	182139	108529326741882436
1797	2022-08-08 19:52:00	2022-09-27 10:30:10.498894	174	2174	113559	108789833184331803
1903	2022-06-16 21:34:00	2022-09-29 04:16:15.09234	222	4159	160833	108489425049342334
2162	2022-06-19 18:59:00	2022-09-29 18:28:32.842472	222	4248	182428	108505784319503265
1791	2022-08-06 19:11:00	2022-09-27 10:25:49.451781	1844	2173	113374	108778292530026796
53	2022-08-28 22:46:00	2022-09-15 22:40:57.516626	27	27	1787	108880935875773578
1793	2022-06-19 12:43:00	2022-09-27 10:27:23.453538	2322	2173	113456	108500387444438922
1794	2022-06-14 23:02:00	2022-09-27 10:28:57.953708	825	2173	113500	108479211764983250
1795	2022-06-13 17:03:00	2022-09-27 10:29:35.679886	11580	2173	113529	108472157363693925
2154	2022-06-24 12:19:00	2022-09-29 18:22:36.562059	143	4248	182088	108532868528399551
2158	2022-06-23 14:11:00	2022-09-29 18:23:54.620621	70865	4248	182169	108528087183879767
2159	2022-06-23 10:06:00	2022-09-29 18:24:24.746531	70151	4248	182193	108526014630643383
1784	2022-08-09 22:04:00	2022-09-27 09:13:39.119475	83	1285	112966	108794074342140672
2160	2022-06-23 09:29:00	2022-09-29 18:24:28.065696	4316	4248	182197	108526275469809921
1889	2022-07-14 02:52:00	2022-09-29 04:00:54.512254	234	4155	159771	108485154625673944
1807	2022-07-13 13:26:00	2022-09-27 16:51:20.038585	292197	2715	116852	108638528392927836
1798	2022-08-02 12:55:00	2022-09-27 10:30:17.532203	90	2174	113565	108731524497228142
1789	2022-08-20 20:59:00	2022-09-27 10:25:21.490864	143	2173	113348	108857621080904743
1796	2022-06-10 11:10:00	2022-09-27 10:29:50.044598	105	2173	113541	108453713103745103
1783	2022-08-10 16:33:00	2022-09-27 09:13:34.677681	1285	1285	112962	108800470354789646
1786	2022-06-30 14:03:00	2022-09-27 09:15:01.63799	1285	1285	113041	108567605256135980
1100	2022-06-23 21:48:00	2022-09-26 18:09:50.898696	160	246	94036	108529924584975276
1901	2022-07-03 15:20:00	2022-09-29 04:15:04.366373	274	4159	160708	108584992844331767
3562	2022-08-06 16:18:00	2022-10-13 09:11:08.126404	974	8364	374708	108777206891543902
1802	2022-06-25 10:19:00	2022-09-27 15:16:12.190521	279	2714	115625	108534294746739950
2161	2022-06-21 01:50:00	2022-09-29 18:25:23.99277	9325	4248	182259	108513845353091458
2163	2022-06-18 13:52:00	2022-09-29 18:29:54.502392	3244	4248	182506	108499718081072616
1803	2022-06-25 10:16:00	2022-09-27 15:16:13.384429	279	2714	115627	108535245712328157
52	2022-08-29 02:08:00	2022-09-15 22:40:56.868244	27	27	1786	108896251785772444
57	2022-08-27 01:58:00	2022-09-15 22:41:30.631066	27	27	1817	108790947668067601
1800	2022-06-09 21:48:00	2022-09-27 10:39:47.255447	416	2174	113963	108447700844388010
2150	2022-06-25 12:48:00	2022-09-29 18:21:37.796123	1862	4248	182023	108539092097962363
914	2022-07-04 18:43:00	2022-09-23 07:52:29.103066	27	788	76822	108590270359671641
918	2022-06-28 14:18:00	2022-09-23 07:53:10.453294	27	788	76855	108555959605665375
1801	2022-06-25 10:21:00	2022-09-27 15:16:11.338836	80	2714	115623	108535154597130763
1792	2022-07-16 08:08:00	2022-09-27 10:26:30.569122	781	2173	113411	108654590972162343
1891	2022-06-25 00:00:00	2022-09-29 04:02:39.486644	781	4155	159878	108533502897903437
1788	2022-06-17 11:54:00	2022-09-27 09:15:43.232084	1285	1285	113080	108493606715798896
1904	2022-06-15 17:24:00	2022-09-29 04:16:30.106902	125	4159	160861	108483292262567815
10435	2022-08-01 00:00:00	2022-11-10 11:09:29.735234	27	2071	751012	108740640834325129
10458	2022-10-16 00:00:00	2022-11-10 15:20:17.693671	27	174	752139	109177903368464493
10473	2022-08-20 00:00:00	2022-11-10 17:34:36.785518	27	223	752522	108840917563399656
1847	2022-07-13 09:12:00	2022-09-27 19:14:12.544581	27	908	119505	108636743295734643
607	2022-08-19 16:06:00	2022-09-19 10:29:49.332814	27	358	53587	108851152750240258
8103	2022-07-06 08:53:00	2022-10-21 05:07:53.731773	27	11304	577288	108597778602903191
3534	2022-08-29 01:32:00	2022-10-13 07:13:39.156685	27	8311	372700	108901360646288078
1079	2022-08-22 11:53:00	2022-09-26 02:23:30.363476	27	259	92439	108863397581219905
1864	2022-09-25 16:08:00	2022-09-28 02:53:43.896735	27	2876	122839	109060599161173309
1882	2022-06-10 22:01:00	2022-09-28 20:06:32.401715	27	4105	149570	108452904072535369
1883	2022-06-10 22:00:00	2022-09-28 20:06:33.271085	27	4105	149571	108452917635051765
1950	2022-09-28 00:00:00	2022-09-29 17:14:45.444937	27	4248	177008	109073931309952814
1698	2022-07-14 16:14:00	2022-09-27 08:43:08.220226	27	2155	111886	108647350940945943
156	2022-09-01 18:46:00	2022-09-17 03:01:49.41325	27	519	14465	108914846092979214
235	2022-08-29 14:37:00	2022-09-17 10:04:33.972175	27	365	22391	108903785258791754
3558	2022-08-10 12:37:00	2022-10-13 09:10:29.888743	27	8364	374683	108790947668067601
1372	2022-08-09 13:22:00	2022-09-27 02:44:44.3319	27	146	102920	108790947668067601
199	2022-07-08 09:26:00	2022-09-17 04:57:45.084682	27	131	16340	108611232793988005
1109	2022-09-04 19:28:00	2022-09-26 19:22:31.490158	27	1868	94922	108941658758194539
226	2022-07-08 12:19:00	2022-09-17 08:20:10.256185	27	390	20319	108611232793988005
230	2022-09-06 11:45:00	2022-09-17 10:04:09.448733	27	365	22348	108952218794170664
9122	2022-09-02 00:00:00	2022-10-27 06:23:22.074078	27	12056	677263	108926847473622319
58	2022-08-26 08:59:00	2022-09-15 22:41:39.702464	27	27	1826	108790947668067601
54	2022-08-28 22:40:00	2022-09-15 22:40:58.644119	27	27	1788	108883707707614939
59	2022-08-24 18:43:00	2022-09-15 22:41:44.665651	27	27	1834	108880258609252724
61	2022-08-21 19:53:00	2022-09-15 22:42:28.77116	27	27	1877	108863261630690485
70	2022-08-10 06:41:00	2022-09-15 22:44:51.927309	27	27	2012	108789700493889917
76	2022-07-31 08:55:00	2022-09-15 22:46:24.51996	27	27	2104	108730895847184204
75	2022-07-31 09:04:00	2022-09-15 22:46:23.689994	27	27	2103	108730813188866088
80	2022-07-29 07:48:00	2022-09-15 22:46:34.43308	27	27	2118	108714862696779812
79	2022-07-29 07:54:00	2022-09-15 22:46:33.079627	27	27	2116	108714812300111407
806	2022-09-03 11:34:00	2022-09-23 07:42:35.700672	27	788	76391	108934229127770082
1550	2022-08-24 21:40:00	2022-09-27 08:35:37.936776	27	2155	111494	108880935048414304
1579	2022-08-15 18:52:00	2022-09-27 08:37:40.51414	27	2155	111591	108829315787155150
1158	2022-09-23 14:29:00	2022-09-26 19:52:26.675521	27	805	98272	109042955621999875
1227	2022-09-12 12:35:00	2022-09-26 20:08:06.097297	27	805	99791	108986166966592328
1239	2022-09-05 17:31:00	2022-09-26 20:20:16.724741	27	805	100196	108946954108157242
133	2022-08-15 13:55:00	2022-09-16 02:19:46.273481	27	155	5691	108828041518355960
171	2022-09-03 10:25:00	2022-09-17 03:07:39.495518	27	416	14710	108934482246541798
193	2022-08-09 09:41:00	2022-09-17 04:53:51.155109	27	137	16207	108790947668067601
206	2022-06-28 09:34:00	2022-09-17 06:55:55.798667	27	316	18489	108553428963985154
353	2022-09-10 11:30:00	2022-09-18 04:16:42.797528	27	303	37061	108971494752105395
354	2022-09-02 01:57:00	2022-09-18 04:17:26.498057	27	303	37087	108926847473622319
357	2022-08-14 11:25:00	2022-09-18 04:19:14.436892	27	303	37156	108821201066287577
396	2022-07-14 16:55:00	2022-09-18 05:19:36.65314	27	309	38291	108647350940945943
487	2022-08-08 19:14:00	2022-09-18 13:41:01.544951	27	987	41863	108789700493889917
652	2022-08-06 15:25:00	2022-09-21 14:08:57.584207	27	469	67389	108777261971952725
656	2022-07-25 15:45:00	2022-09-21 14:09:53.732607	27	469	67457	108709665031742543
4032	2022-07-31 22:49:00	2022-10-15 00:41:20.699285	27	9379	431453	108742093722670660
4033	2022-07-31 22:46:00	2022-10-15 00:41:22.769315	27	9379	431455	108742189401812078
4035	2022-07-25 22:58:00	2022-10-15 00:41:28.659795	27	9379	431460	108703581738041067
2679	2022-09-23 11:59:00	2022-10-08 16:34:31.839539	27	5526	308191	109048384699760470
1207	2022-09-15 07:52:00	2022-09-26 20:03:41.978327	27	805	99575	108994583638462704
1283	2022-08-30 01:46:00	2022-09-26 20:33:45.492368	27	805	100625	108906909057160138
2607	2022-08-29 12:41:00	2022-10-07 17:27:07.437504	27	6560	283793	108906909057160138
2296	2022-08-17 17:58:00	2022-09-29 23:15:09.978569	27	4646	190028	108836131033357071
1666	2022-07-21 23:49:00	2022-09-27 08:42:00.553253	27	2155	111818	108688940119073443
1743	2022-07-06 18:55:00	2022-09-27 08:45:06.426951	27	2155	111974	108600791368823038
922	2022-06-21 22:27:00	2022-09-23 08:11:53.132522	27	788	76911	108518752055030138
667	2022-07-14 11:31:00	2022-09-21 14:11:46.499182	27	469	67569	108646372167943051
503	2022-06-10 01:12:00	2022-09-18 15:12:39.787233	27	1029	42454	108447741996543436
1089	2022-08-12 14:28:00	2022-09-26 02:24:33.719397	27	114	92516	108790947668067601
1182	2022-09-19 18:09:00	2022-09-26 19:57:34.926559	27	805	98988	109027146043797122
1191	2022-09-17 07:57:00	2022-09-26 20:01:06.121133	27	805	99458	108982118697416075
1194	2022-09-16 19:16:00	2022-09-26 20:01:31.979707	27	805	99476	108999052780090146
1201	2022-09-17 07:47:00	2022-09-26 20:01:38.24314	27	805	99484	108998134048303012
1219	2022-09-08 16:52:00	2022-09-26 20:07:11.365853	27	805	99739	108964722386484609
1273	2022-08-31 20:08:00	2022-09-26 20:29:10.778028	27	805	100456	108920083960364824
1322	2022-08-26 08:59:00	2022-09-26 20:43:35.198508	27	805	100976	108790947668067601
1343	2022-08-21 19:53:00	2022-09-26 20:52:40.10537	27	805	101280	108863261630690485
1351	2022-08-17 21:37:00	2022-09-26 20:58:53.726794	27	805	101507	108840459246343661
1352	2022-08-18 01:16:00	2022-09-26 20:59:44.576804	27	805	101532	108841454133872259
1665	2022-07-22 00:00:00	2022-09-27 08:41:56.031936	27	2155	111813	108689194787620302
1670	2022-07-21 20:45:00	2022-09-27 08:42:11.434957	27	2155	111828	108688198276344250
1804	2022-09-16 14:31:00	2022-09-27 16:13:44.218655	27	2716	115648	109009299566785023
2241	2022-07-18 21:26:00	2022-09-29 20:58:19.538438	27	4333	187214	108671198385846264
2289	2022-08-27 11:51:00	2022-09-29 23:14:59.015117	27	4646	190009	108885084271450262
2290	2022-08-27 11:50:00	2022-09-29 23:15:00.628348	27	4646	190012	108883707707614939
2291	2022-08-27 11:49:00	2022-09-29 23:15:02.455842	27	4646	190015	108889268204922391
2310	2022-08-16 18:14:00	2022-09-29 23:15:28.963934	27	4646	190063	108834682732438295
8161	2022-08-20 22:23:00	2022-10-21 05:37:22.983328	27	11313	578354	108858312481973600
8162	2022-08-20 14:34:00	2022-10-21 05:37:38.763579	27	11313	578361	108856483561503879
2395	2022-07-27 10:15:00	2022-10-01 04:00:57.623978	27	306	204656	108718885930226957
2396	2022-07-26 20:36:00	2022-10-01 04:00:59.974097	27	306	204658	108716477807909219
2401	2022-08-08 19:19:00	2022-10-01 05:07:30.077245	27	4736	205401	108789700493889917
2408	2022-07-15 16:46:00	2022-10-01 06:28:29.479813	27	4745	208603	108647350940945943
4323	2022-09-12 13:41:00	2022-10-15 05:11:49.737101	27	9365	437405	108948071458149558
2453	2022-08-09 17:56:00	2022-10-01 14:59:57.133591	27	4877	222430	108794900307383057
4129	2022-08-11 18:37:00	2022-10-15 04:45:52.795423	27	1371	435738	108806472083186644
4131	2022-08-08 19:00:00	2022-10-15 04:47:39.180649	27	1371	435836	108789700493889917
4145	2022-10-13 11:19:00	2022-10-15 04:54:43.364529	27	9365	436238	109158356360189311
1327	2022-08-24 14:13:00	2022-09-26 20:45:40.68539	27	805	101069	108879199938007093
1328	2022-08-24 18:43:00	2022-09-26 20:45:44.999632	27	805	101072	108880258609252724
4180	2022-10-11 12:06:00	2022-10-15 04:56:13.746379	27	9365	436347	109145001231282844
4187	2022-10-08 12:40:00	2022-10-15 04:56:59.582354	27	9365	436391	109133355325858082
3801	2022-07-31 09:30:00	2022-10-13 19:58:31.007236	27	8415	393490	108742189401812078
3841	2022-09-02 10:35:00	2022-10-13 21:57:17.075239	27	8539	396998	108926463096277736
2615	2022-08-15 20:56:00	2022-10-07 23:16:29.071891	27	6564	289252	108829527076618253
2616	2022-08-15 20:50:00	2022-10-07 23:16:32.406332	27	6564	289254	108828093911483469
2617	2022-08-15 20:39:00	2022-10-07 23:16:39.982363	27	6564	289258	108829315787155150
2637	2022-06-21 09:50:00	2022-10-07 23:23:31.010129	27	6564	289489	108515323515240869
2653	2022-10-02 22:04:00	2022-10-08 16:30:13.880626	27	5526	308101	109100916029893718
2661	2022-09-29 15:24:00	2022-10-08 16:30:40.775136	27	5526	308120	109082934237386927
2669	2022-09-28 00:00:00	2022-10-08 16:33:58.93811	27	5526	308154	109074013015127407
2681	2022-09-21 13:57:00	2022-10-08 16:34:49.780999	27	5526	308212	109037004563369936
2773	2022-07-08 21:43:00	2022-10-08 17:16:35.737398	27	1772	311117	108614694747978502
3579	2022-10-01 17:36:00	2022-10-13 12:54:06.270401	27	8374	377320	109094745574428052
3840	2022-09-16 19:12:00	2022-10-13 21:57:12.515321	27	8418	396996	109009299566785023
3867	2022-08-07 17:32:00	2022-10-13 22:15:42.837261	27	8539	397721	108783512711024097
2899	2022-09-03 11:43:00	2022-10-09 03:31:20.779653	27	7630	327801	108934229127770082
3869	2022-09-01 13:56:00	2022-10-13 22:17:37.065711	27	8418	397784	108924392103314855
2919	2022-08-30 15:07:00	2022-10-09 03:36:48.333091	27	7630	328240	108911950499339153
2922	2022-08-30 07:36:00	2022-10-09 03:38:26.051438	27	7630	328368	108911601191627576
2933	2022-08-26 18:25:00	2022-10-09 03:40:23.276081	27	7630	328531	108891449843705881
2935	2022-08-26 13:59:00	2022-10-09 03:40:43.499813	27	7630	328559	108889937422516504
2960	2022-08-20 18:44:00	2022-10-09 03:45:28.474701	27	7630	328959	108856502094437542
2966	2022-08-19 15:40:00	2022-10-09 03:46:30.751846	27	7630	329036	108850968824872181
2971	2022-08-17 14:24:00	2022-10-09 03:48:04.243377	27	7630	329161	108839599081718101
2978	2022-08-15 19:19:00	2022-10-09 03:50:46.547141	27	7630	329361	108829318699613535
2982	2022-08-15 13:29:00	2022-10-09 03:51:09.051452	27	7630	329390	108828041518355960
3021	2022-08-10 10:03:00	2022-10-09 03:59:02.264273	27	7630	330011	108798808853903154
2970	2022-08-17 18:08:00	2022-10-09 03:47:56.669697	27	7630	329151	108840459246343661
2987	2022-08-14 09:25:00	2022-10-09 03:51:31.849979	27	7630	329423	108821123925056887
3002	2022-08-11 18:33:00	2022-10-09 03:54:02.789329	27	7630	329625	108806534472018877
3022	2022-08-10 08:40:00	2022-10-09 03:59:17.157214	27	7630	330032	108798611892907735
3025	2022-08-10 07:46:00	2022-10-09 03:59:24.213427	27	7630	330038	108798155317268165
4208	2022-10-04 15:31:00	2022-10-15 04:58:34.474059	27	9365	436494	109111148940066938
3609	2022-10-08 20:31:00	2022-10-13 12:58:50.053979	27	8256	377818	109129086280132612
3050	2022-09-19 18:48:00	2022-10-09 08:55:32.126007	27	166	336474	109010772315676670
3054	2022-10-02 19:11:00	2022-10-09 09:03:02.661547	27	7785	336723	109100916029893718
8181	2022-06-29 10:20:00	2022-10-21 06:23:04.551345	27	11313	579379	108560820433360720
3091	2022-09-01 22:34:00	2022-10-09 09:06:20.836052	27	7785	336942	108924392103314855
3105	2022-10-09 03:05:00	2022-10-09 09:07:35.697019	27	6551	337016	109136693561312811
3107	2022-08-20 10:16:00	2022-10-09 09:07:42.530325	27	7785	337025	108851592077264437
3108	2022-08-20 10:15:00	2022-10-09 09:07:43.865018	27	7785	337027	108851644178332256
3111	2022-10-08 15:45:00	2022-10-09 09:07:54.187301	27	6551	337040	109134279474193797
3112	2022-10-08 12:44:00	2022-10-09 09:07:58.025655	27	6551	337046	109133355325858082
3121	2022-08-16 17:39:00	2022-10-09 09:08:16.365839	27	7785	337075	108834682732438295
3124	2022-08-16 12:28:00	2022-10-09 09:08:28.00552	27	7785	337094	108830529259405266
3154	2022-08-08 16:23:00	2022-10-09 09:10:33.764027	27	7785	337265	108785337111462407
4111	2022-06-18 18:31:00	2022-10-15 02:51:02.802888	27	9367	432848	108499767164660467
3201	2022-06-18 12:29:00	2022-10-09 09:15:13.375707	27	7785	337737	108496495955044179
3214	2022-06-10 10:34:00	2022-10-09 09:16:15.293808	27	7785	337852	108452904072535369
3215	2022-06-10 10:32:00	2022-10-09 09:16:17.313504	27	7785	337853	108453040437157746
3890	2022-07-12 19:49:00	2022-10-14 00:21:36.332115	27	8615	399892	108636711438176830
3891	2022-08-30 00:00:00	2022-10-14 00:28:36.933175	27	8600	400113	108903626915945048
5597	2022-08-14 06:13:00	2022-10-16 16:53:06.8497	27	4273	478042	108818940359033207
2606	2022-08-30 06:16:00	2022-10-07 17:27:06.591069	27	6560	283792	108910239289415166
1898	2022-07-19 16:31:00	2022-09-29 04:13:59.037081	498	4159	160593	108675887626112832
1897	2022-07-30 16:02:00	2022-09-29 04:13:40.564135	174	4159	160564	108737381102396620
2187	2022-09-26 19:50:00	2022-09-29 19:50:04.009674	1476	4333	185540	109042562181774244
2188	2022-09-25 18:03:00	2022-09-29 19:52:03.359673	2197	4333	185672	109060858592109307
2190	2022-09-24 12:54:00	2022-09-29 20:03:27.446403	4338	4333	185752	109054033105374900
2191	2022-09-20 17:45:00	2022-09-29 20:04:26.134476	2577	4333	185779	109025365470717381
2192	2022-09-20 11:45:00	2022-09-29 20:06:43.899152	2577	4333	185784	109031468993426949
2193	2022-09-20 11:27:00	2022-09-29 20:06:48.301732	4345	4333	185786	109026220357502539
2194	2022-09-17 11:02:00	2022-09-29 20:07:55.781405	4380	4333	185797	109014338219285352
2195	2022-09-14 15:08:00	2022-09-29 20:11:44.221795	2577	4333	185810	108994306707158218
2196	2022-09-09 15:13:00	2022-09-29 20:14:52.738786	323	4333	185835	108969509217112780
2197	2022-09-07 17:10:00	2022-09-29 20:14:59.751776	2379	4333	185838	108958674775656624
2199	2022-09-04 23:02:00	2022-09-29 20:15:44.660507	917	4333	185842	108940778153127086
2189	2022-09-24 17:36:00	2022-09-29 20:03:16.027187	27	4333	185746	109055464271742323
2203	2022-08-28 17:09:00	2022-09-29 20:30:02.964584	4338	4333	186321	108901780430255439
2204	2022-07-08 11:29:00	2022-09-29 20:30:47.402898	2650	4392	186363	108612406515491317
2206	2022-08-28 10:46:00	2022-09-29 20:31:20.213288	1000	4333	186397	108900975735319255
2207	2022-08-27 22:43:00	2022-09-29 20:32:37.501436	11366	4333	186460	108890028382027514
2208	2022-08-27 11:10:00	2022-09-29 20:32:41.305352	323	4333	186465	108893063811120211
2240	2022-07-19 22:14:00	2022-09-29 20:58:05.747473	322	4333	187200	108676295386371851
2210	2022-08-24 10:16:00	2022-09-29 20:33:45.938258	7855	4333	186535	108878095371527241
2211	2022-08-22 08:22:00	2022-09-29 20:34:00.284816	19768	4333	186552	108849742522918651
2212	2022-08-19 09:54:00	2022-09-29 20:36:34.174721	2197	4333	186692	108849778908509955
2213	2022-08-18 17:03:00	2022-09-29 20:36:43.051006	34	4333	186705	108845512775234835
2216	2022-08-14 12:56:00	2022-09-29 20:38:03.403997	1000	4333	186789	108822194290956928
2217	2022-08-10 11:43:00	2022-09-29 20:38:13.440218	4338	4333	186809	108796594026148193
2220	2022-08-04 21:56:00	2022-09-29 20:41:43.37261	1000	4333	186883	108767657725942629
2221	2022-08-04 19:43:00	2022-09-29 20:41:44.645025	1000	4333	186885	108767117331748654
2222	2022-08-04 16:30:00	2022-09-29 20:42:16.692633	1448	4333	186891	108766343000970411
2223	2022-08-02 14:09:00	2022-09-29 20:43:16.607961	37344	4333	186916	108754610843099972
2224	2022-08-02 10:31:00	2022-09-29 20:43:17.399375	2197	4333	186917	108751217585679836
2225	2022-07-29 15:03:00	2022-09-29 20:51:18.782371	9040	4333	186970	108731742617575456
2214	2022-08-16 21:47:00	2022-09-29 20:37:04.636862	2843	4333	186735	108835625047492185
2227	2022-07-28 15:15:00	2022-09-29 20:51:58.203397	922	4333	186993	108726444234019537
2228	2022-07-25 13:43:00	2022-09-29 20:52:43.590454	2588	4333	187009	108707732444584288
2229	2022-07-25 13:30:00	2022-09-29 20:52:46.16095	1000	4333	187012	108708923001574624
2230	2022-07-25 12:11:00	2022-09-29 20:52:47.476381	1589	4333	187013	108708040525469144
3563	2022-08-06 15:44:00	2022-10-13 09:11:09.503445	4688	8364	374709	108776551696663866
2232	2022-07-24 23:43:00	2022-09-29 20:56:55.272513	209972	4333	187163	108705898549289305
2198	2022-09-05 15:46:00	2022-09-29 20:15:04.575001	695	4333	185841	108937544482649299
2234	2022-07-24 14:55:00	2022-09-29 20:57:08.788209	1000	4333	187168	108703575332106947
2201	2022-08-31 17:44:00	2022-09-29 20:24:42.135693	198	4333	186189	108918380293328378
2236	2022-07-21 19:27:00	2022-09-29 20:57:48.416041	948	4333	187190	108685628652029578
2237	2022-07-21 15:55:00	2022-09-29 20:57:52.812411	18005	4333	187192	108687043649474534
2238	2022-07-20 23:31:00	2022-09-29 20:57:54.951383	1000	4333	187194	108683050047182868
2239	2022-07-20 11:18:00	2022-09-29 20:57:57.996603	1448	4333	187196	108675101569479753
2205	2022-07-08 10:14:00	2022-09-29 20:30:49.240168	27	4392	186364	108611616022302760
2242	2022-07-17 09:44:00	2022-09-29 20:58:43.078512	4338	4333	187224	108652313999069352
2244	2022-07-16 16:55:00	2022-09-29 20:59:27.123015	10470	4333	187232	108657495351846803
2245	2022-07-16 10:20:00	2022-09-29 20:59:35.766923	2210	4333	187239	108657446910402567
2246	2022-07-14 17:23:00	2022-09-29 21:01:55.452592	209972	4333	187248	108646850919007395
2247	2022-07-14 12:01:00	2022-09-29 21:02:01.492577	52908	4333	187254	108262741127922339
2248	2022-07-14 11:33:00	2022-09-29 21:02:02.36447	19690	4333	187255	108645555052597784
2250	2022-07-13 19:44:00	2022-09-29 21:02:10.638052	1000	4333	187263	108642518885162088
2251	2022-07-13 13:42:00	2022-09-29 21:02:22.631599	5136	4333	187273	108641176827528462
2253	2022-07-07 18:08:00	2022-09-29 21:02:58.381515	4338	4333	187299	108608077668598635
2254	2022-07-06 21:33:00	2022-09-29 21:03:05.675194	2318	4333	187306	108600059694529606
2255	2022-07-06 19:19:00	2022-09-29 21:03:11.445058	4338	4333	187309	108602924074477638
2256	2022-07-06 08:34:00	2022-09-29 21:03:20.37044	1000	4333	187317	108596417792196851
2249	2022-07-14 11:00:00	2022-09-29 21:02:04.143825	274	4333	187257	108645959083617743
2258	2022-07-05 23:19:00	2022-09-29 21:03:35.720496	948	4333	187321	108475736827607386
2259	2022-07-04 10:05:00	2022-09-29 21:03:49.290319	730	4333	187334	108589387531652239
2260	2022-07-03 22:30:00	2022-09-29 21:03:52.466137	50499	4333	187337	108586707471284144
2261	2022-07-02 11:23:00	2022-09-29 21:03:57.413085	2402	4333	187343	108577811414460281
2219	2022-08-05 18:06:00	2022-09-29 20:41:36.236027	410	4333	186880	108764881760807335
2264	2022-06-28 05:58:00	2022-09-29 21:04:21.513606	133906	4333	187365	108549931309553572
2266	2022-06-16 15:12:00	2022-09-29 21:05:14.046485	1608	4333	187419	108488728020881489
2257	2022-07-05 23:51:00	2022-09-29 21:03:34.215476	6609	4333	187319	108591892300460061
2202	2022-08-08 22:42:00	2022-09-29 20:29:33.537607	143	4392	186288	108789913956362789
3151	2022-07-15 13:23:00	2022-10-09 09:10:28.443454	27	166	337258	108652466720211869
3155	2022-08-07 19:04:00	2022-10-09 09:10:36.528787	27	7785	337269	108784058560530425
2233	2022-07-24 17:31:00	2022-09-29 20:57:03.410434	33	4333	187166	108702680640545577
2243	2022-07-16 19:18:00	2022-09-29 20:59:11.568154	1345	4333	187230	108657306710228122
2267	2022-06-14 15:05:00	2022-09-29 21:05:22.616501	144	4333	187428	108399360607463740
2265	2022-06-26 20:52:00	2022-09-29 21:04:29.493634	322	4333	187372	108546623922910915
2200	2022-09-01 11:27:00	2022-09-29 20:21:50.457374	974	4333	186057	108923276182228009
2252	2022-07-08 09:43:00	2022-09-29 21:02:56.310062	695	4333	187297	108612009042821598
2262	2022-07-02 11:15:00	2022-09-29 21:03:59.079521	974	4333	187344	108578353904157489
2231	2022-07-25 08:40:00	2022-09-29 20:56:44.321688	4333	4333	187158	108705915476117010
2263	2022-06-30 20:50:00	2022-09-29 21:04:08.184713	4333	4333	187350	108567978130968605
2268	2022-08-05 17:41:00	2022-09-29 21:35:54.896503	63780	4627	187549	108772332729120336
2269	2022-09-16 07:57:00	2022-09-29 21:47:38.142696	2382	4629	187809	109007856615792237
2288	2022-08-27 11:52:00	2022-09-29 23:14:56.951319	1118	4646	190006	108895188415943220
2273	2022-06-24 11:12:00	2022-09-29 21:54:47.681462	738	4626	188402	108533082442615426
2275	2022-06-24 11:09:00	2022-09-29 21:54:54.679397	8545	4626	188412	108533078071452857
2276	2022-06-23 12:25:00	2022-09-29 21:55:07.509597	2028	4626	188436	108527709427954849
2277	2022-06-15 20:53:00	2022-09-29 21:55:23.313829	27673	4626	188474	108484410467840059
2278	2022-06-15 20:47:00	2022-09-29 21:55:24.879729	26364	4626	188477	108484370600392477
2279	2022-06-15 20:44:00	2022-09-29 21:55:26.361985	58515	4626	188480	108484370773872796
2280	2022-06-19 05:21:00	2022-09-29 21:57:04.335401	2338	4629	188640	108490337079315218
2281	2022-09-13 20:36:00	2022-09-29 23:14:42.195912	1590	4646	189985	108993949191032974
2283	2022-08-27 12:39:00	2022-09-29 23:14:44.157815	27635	4646	189989	108890027981846355
2284	2022-08-27 12:37:00	2022-09-29 23:14:45.398484	2198	4646	189991	108895664205996407
2285	2022-08-27 12:29:00	2022-09-29 23:14:46.681269	305723	4646	189993	108895735139975025
2286	2022-08-27 12:23:00	2022-09-29 23:14:47.918677	2839	4646	189996	108892435758029663
2287	2022-08-27 12:20:00	2022-09-29 23:14:50.113252	2839	4646	190000	108892435758029663
2292	2022-08-27 11:16:00	2022-09-29 23:15:03.827382	7903	4646	190017	108887345802021493
2293	2022-08-26 00:00:00	2022-09-29 23:15:04.867497	5065	4646	190020	108887208478172092
2294	2022-08-22 23:02:00	2022-09-29 23:15:06.911734	13797	4646	190022	108869938826875800
2295	2022-08-17 18:01:00	2022-09-29 23:15:08.972345	14496	4646	190025	108840404814914804
2298	2022-08-17 17:54:00	2022-09-29 23:15:12.516086	173295	4646	190033	108834321029534708
2314	2022-07-11 20:56:00	2022-09-29 23:15:36.685297	4411	4646	190076	108625615230632697
2300	2022-08-17 17:45:00	2022-09-29 23:15:15.970058	45837	4646	190039	108840366966954247
2301	2022-08-17 17:44:00	2022-09-29 23:15:17.703324	183936	4646	190043	108835904014267943
2302	2022-08-16 22:39:00	2022-09-29 23:15:19.144793	5136	4646	190044	108835771334365838
2304	2022-08-16 21:49:00	2022-09-29 23:15:21.695783	879	4646	190048	108834923219578376
2306	2022-08-16 21:44:00	2022-09-29 23:15:24.635744	5136	4646	190054	108833228106401411
2307	2022-08-16 21:42:00	2022-09-29 23:15:25.857899	5136	4646	190057	108835621574403243
3046	2022-08-08 20:13:00	2022-10-09 04:02:45.446118	27	7630	330277	108785369898477290
3071	2022-09-19 17:32:00	2022-10-09 09:04:15.643342	27	7785	336812	109027174635258276
2330	2022-06-30 12:16:00	2022-09-29 23:15:59.494544	105	4646	190113	108566684204999525
2324	2022-06-30 12:44:00	2022-09-29 23:15:49.757793	152	4646	190098	108567213562568574
2312	2022-08-16 18:06:00	2022-09-29 23:15:31.565168	5136	4646	190066	108794796887878610
2303	2022-08-16 21:51:00	2022-09-29 23:15:20.409583	339	4646	190046	108833605912200585
2315	2022-06-30 14:29:00	2022-09-29 23:15:39.045952	29396	4646	190081	108567430336435025
3566	2022-07-20 20:59:00	2022-10-13 09:12:25.985724	339689	8364	374767	108682596473168509
3565	2022-07-24 14:50:00	2022-10-13 09:12:19.471681	1408	8364	374762	108703789444851239
2274	2022-06-24 11:11:00	2022-09-29 21:54:48.932395	198	4626	188403	108533083508527907
2321	2022-06-30 13:05:00	2022-09-29 23:15:46.638407	215	4646	190093	108567207706885733
2326	2022-06-30 12:39:00	2022-09-29 23:15:53.994672	2406	4646	190103	108567244128242608
2327	2022-06-30 12:38:00	2022-09-29 23:15:55.529697	49084	4646	190105	108567240518634512
2328	2022-06-30 12:37:00	2022-09-29 23:15:56.653735	144	4646	190108	108566958714842388
2329	2022-06-30 12:17:00	2022-09-29 23:15:57.824019	17466	4646	190109	108567223087015845
2331	2022-06-30 12:14:00	2022-09-29 23:16:00.860911	11988	4646	190114	108566893100494714
2333	2022-06-30 12:04:00	2022-09-29 23:16:04.168377	7632	4646	190121	108199409815736197
2334	2022-06-27 10:00:00	2022-09-29 23:16:05.5528	8950	4646	190123	108549687177817001
2337	2022-06-14 22:13:00	2022-09-29 23:16:10.954186	2204	4646	190134	108477244174954204
2336	2022-06-17 13:06:00	2022-09-29 23:16:08.65765	4646	4646	190129	108479009053175679
2340	2022-09-01 11:32:00	2022-09-29 23:23:05.020592	14799	4650	190642	108923857988107753
2341	2022-08-21 22:54:00	2022-09-29 23:28:33.698043	5236	4650	190851	108862315766971134
2342	2022-08-14 12:39:00	2022-09-29 23:29:32.053243	537	4650	190888	108821782038479767
2343	2022-08-02 22:16:00	2022-09-29 23:31:32.326465	1374	4650	190957	108756444959563869
2345	2022-06-30 16:13:00	2022-09-29 23:37:03.139455	2837	4650	191110	108568241756610047
1925	2022-09-03 07:38:00	2022-09-29 12:08:02.204983	4661	4237	169540	108934237283639024
2299	2022-08-17 17:53:00	2022-09-29 23:15:14.168181	7630	4646	190036	108840397292580331
2320	2022-06-30 13:14:00	2022-09-29 23:15:44.666309	322	4646	190090	108567165274707620
2318	2022-06-30 13:20:00	2022-09-29 23:15:42.682187	340	4646	190087	108567155451105147
3074	2022-09-11 16:19:00	2022-10-09 09:04:44.293036	27	7785	336853	108981442897696710
2282	2022-09-09 00:00:00	2022-09-29 23:14:43.105442	326	4646	189987	108963872597644466
3075	2022-09-11 16:19:00	2022-10-09 09:04:46.047165	27	7785	336855	108981573106440386
3036	2022-08-09 06:45:00	2022-10-09 04:01:59.979512	27	7630	330219	108790947668067601
2305	2022-08-16 21:47:00	2022-09-29 23:15:22.97335	1118	4646	190051	108834786030451391
2332	2022-06-30 12:13:00	2022-09-29 23:16:03.083737	222	4646	190118	108566710585291916
2335	2022-06-27 09:58:00	2022-09-29 23:16:07.397848	163	4646	190126	108549695597182328
2344	2022-07-13 18:49:00	2022-09-29 23:34:17.84394	322	4650	191042	108642291491046861
2319	2022-06-30 13:15:00	2022-09-29 23:15:43.619143	163	4646	190088	108567154540037099
2347	2022-09-29 22:28:00	2022-09-30 21:09:21.346017	8871	4695	191941	109084183843837676
3567	2022-07-19 20:42:00	2022-10-13 09:12:33.410397	9411	8364	374771	108597297134334029
2349	2022-09-24 17:55:00	2022-09-30 21:09:37.58588	1000	4695	191948	109055586066766123
2350	2022-09-24 12:43:00	2022-09-30 21:09:44.025043	10854	4695	191955	109052884703041970
2348	2022-09-29 07:41:00	2022-09-30 21:09:25.687461	4695	4695	191942	109081501928781917
2352	2022-09-30 11:03:00	2022-09-30 22:26:13.556601	2111	4707	192147	109087816703530036
2354	2022-09-28 15:15:00	2022-09-30 22:26:33.678143	37699	4707	192167	109077616582391471
2355	2022-09-27 21:54:00	2022-09-30 22:26:35.958294	26294	4707	192170	109073523991628386
2356	2022-09-27 07:52:00	2022-09-30 22:26:37.724729	2782	4707	192172	109070121529803528
2357	2022-09-16 10:00:00	2022-09-30 22:27:18.781319	2421	4707	192192	109008419273483000
2358	2022-09-15 09:08:00	2022-09-30 22:28:54.273944	48060	4707	192197	109002509405222195
2360	2022-09-04 07:30:00	2022-09-30 22:29:23.116428	11984	4707	192220	108939892507466745
2361	2022-08-22 06:03:00	2022-09-30 22:29:56.484578	5236	4707	192251	108865871258619121
2362	2022-08-16 16:02:00	2022-09-30 22:30:11.176031	8787	4707	192260	108834329231350326
2363	2022-08-16 10:38:00	2022-09-30 22:30:21.147553	10658	4707	192270	108833016402574357
2365	2022-08-16 07:39:00	2022-09-30 22:30:26.473478	4927	4707	192275	108829621416725523
2398	2022-07-15 17:23:00	2022-10-01 04:02:04.644121	147	306	204711	108642329819631453
2367	2022-08-15 04:55:00	2022-09-30 22:30:31.763938	1613	4707	192279	108822249020208831
2368	2022-08-10 19:01:00	2022-09-30 22:30:46.659426	22362	4707	192290	108800048544523292
2371	2022-08-06 08:44:00	2022-09-30 22:31:20.409876	10854	4707	192325	108775953877136449
2372	2022-08-04 06:06:00	2022-09-30 22:31:31.391627	2519	4707	192335	108762930556137892
2373	2022-06-27 13:02:00	2022-09-30 22:32:24.433727	323	4707	192393	108550078518772587
2375	2022-06-16 21:27:00	2022-09-30 22:32:58.880797	45520	4707	192420	108490203476035385
2376	2022-06-16 07:16:00	2022-09-30 22:33:02.890447	28998	4707	192424	108486660743129481
2377	2022-07-03 04:26:00	2022-10-01 00:52:47.217491	57931	4705	197737	108558903565043664
2378	2022-08-17 06:49:00	2022-10-01 02:22:43.292485	825	4698	201731	108836330400605000
2402	2022-06-25 00:00:00	2022-10-01 05:08:10.106188	143	4736	205464	108536088333915610
2380	2022-08-05 07:13:00	2022-10-01 02:24:30.364981	2619	4698	201815	108769736097394126
2381	2022-06-22 17:54:00	2022-10-01 02:34:33.038582	2436	4698	202300	108522924536609646
2382	2022-06-22 17:54:00	2022-10-01 02:34:36.059149	2210	4698	202301	108523340788331220
2383	2022-06-16 21:43:00	2022-10-01 02:39:34.432851	2197	4698	202363	108489015938129004
2384	2022-09-27 20:43:00	2022-10-01 03:58:37.644977	366371	306	204541	109073215845320664
5547	2022-08-18 14:18:00	2022-10-16 16:33:28.362843	2112	4273	477694	108844248090526908
2388	2022-08-31 17:48:00	2022-10-01 03:59:20.417874	854	306	204575	108919456173170400
5557	2022-08-17 18:16:00	2022-10-16 16:37:15.088885	24491	4273	477781	108840483212464435
5561	2022-08-17 06:43:00	2022-10-16 16:38:13.151887	162048	4273	477799	108837666165716662
2409	2022-06-24 22:32:00	2022-10-01 06:29:37.577847	2843	4745	208648	108534165569759459
1164	2022-09-23 06:11:00	2022-09-26 19:53:19.567265	306	805	98407	109021950871096607
2369	2022-08-10 18:58:00	2022-09-30 22:30:47.597433	103	4707	192291	108800622978576572
5545	2022-08-18 15:25:00	2022-10-16 16:33:07.641031	4273	4273	477685	108845298042586598
2346	2022-09-29 23:03:00	2022-09-30 21:09:16.841113	27	4695	191938	109074021311022825
2390	2022-08-26 09:01:00	2022-10-01 03:59:26.360194	27	306	204580	108889268204922391
3159	2022-08-04 18:15:00	2022-10-09 09:10:57.99549	27	7785	337305	108766037974923413
2413	2022-08-22 10:28:00	2022-10-01 09:31:31.256893	105	4697	213287	108866610650751095
2359	2022-09-14 16:31:00	2022-09-30 22:28:58.987891	34	4707	192201	108998181792781516
2403	2022-08-12 14:46:00	2022-10-01 05:27:21.243196	17848	4746	207249	108811354051473575
2404	2022-07-22 16:09:00	2022-10-01 05:27:25.450053	537	4746	207255	108692695011629213
2405	2022-09-30 16:36:00	2022-10-01 06:25:27.826591	15688	4745	208368	109089042167566457
2406	2022-09-22 08:04:00	2022-10-01 06:26:00.402962	7959	4745	208410	109039614595930797
2407	2022-07-18 03:40:00	2022-10-01 06:28:24.551066	31649	4745	208595	108665970823105769
2400	2022-08-14 18:54:00	2022-10-01 04:23:33.006941	326	4739	204839	108810525670468143
3161	2022-08-04 10:25:00	2022-10-09 09:10:59.512304	27	7785	337309	108760970584681485
2411	2022-09-05 21:10:00	2022-10-01 09:26:49.767574	16459	4697	213068	108948759807721992
2412	2022-08-23 09:01:00	2022-10-01 09:30:56.687289	19019	4697	213259	108872301415225132
2414	2022-08-07 18:01:00	2022-10-01 09:35:04.495345	918	4697	213476	108783669733277057
2415	2022-07-31 20:58:00	2022-10-01 09:36:21.068823	62166	4697	213545	108744880240533789
2416	2022-07-21 00:00:00	2022-10-01 09:38:02.60382	1634	4697	213633	108683334961443805
2419	2022-06-14 17:09:00	2022-10-01 09:50:36.665794	143	4697	214102	108472281326823725
2392	2022-08-08 16:40:00	2022-10-01 04:00:06.433642	1997	306	204614	108777682096644909
2391	2022-08-10 16:48:00	2022-10-01 03:59:57.70372	279	306	204607	108800418232258693
2351	2022-09-24 12:43:00	2022-09-30 21:09:46.795175	7630	4695	191957	109009730899528258
2370	2022-08-09 06:53:00	2022-09-30 22:30:59.005074	911	4707	192303	108791264259639695
2421	2022-09-22 10:41:00	2022-10-01 14:32:02.84097	279	4869	220414	109042471257313152
2397	2022-07-22 18:57:00	2022-10-01 04:01:21.4579	206	306	204674	108692525733009493
3264	2022-08-13 19:42:00	2022-10-09 09:26:43.749302	27	6551	338933	108816711533849876
2410	2022-09-05 22:06:00	2022-10-01 09:26:43.572481	781	4697	213063	108875782679740537
2353	2022-09-29 07:22:00	2022-09-30 22:26:26.239961	1118	4707	192160	109081386174345819
2385	2022-09-21 19:04:00	2022-10-01 03:58:49.80895	174	306	204551	109038681174037289
2364	2022-08-16 10:22:00	2022-09-30 22:30:25.312232	378	4707	192274	108822224925060094
2374	2022-06-25 06:34:00	2022-09-30 22:32:34.52959	781	4707	192401	108536142264000150
2423	2022-09-17 21:56:00	2022-10-01 14:34:54.547569	174	4869	220556	109015870941689416
2417	2022-07-07 11:07:00	2022-10-01 09:43:58.726437	322	4697	213753	108603191346020065
2418	2022-07-07 11:06:00	2022-10-01 09:44:00.951567	322	4697	213755	108602593670201099
1660	2022-07-23 16:01:00	2022-09-27 08:41:45.255063	306	2155	111803	108698278512503650
958	2022-06-24 14:58:00	2022-09-23 14:05:40.678083	306	222	80105	108483723094377802
2424	2022-09-17 21:42:00	2022-10-01 14:34:56.181193	298131	4869	220558	109016357034294157
2432	2022-08-07 06:44:00	2022-10-01 14:37:31.775608	1613	4865	220783	108780264363246545
2444	2022-09-02 19:49:00	2022-10-01 14:56:45.866123	416	4877	222178	108928955067287269
3556	2022-08-25 13:05:00	2022-10-13 09:09:39.705082	8364	8364	374656	108873467239122159
2442	2022-07-16 10:15:00	2022-10-01 14:54:57.00642	2843	4869	222055	108653402649083842
2445	2022-08-24 16:53:00	2022-10-01 14:56:54.858363	10791	4877	222190	108879830219818917
2447	2022-08-15 17:14:00	2022-10-01 14:57:05.553087	2191	4877	222204	108805429305434953
2449	2022-07-14 10:05:00	2022-10-01 14:57:17.697064	9780	4869	222221	108646004063808444
2452	2022-07-14 09:06:00	2022-10-01 14:57:49.041745	16592	4869	222257	108645768291441328
2460	2022-07-12 17:13:00	2022-10-01 15:01:29.68055	242203	4877	222567	108612689357683158
2464	2022-06-11 17:28:00	2022-10-01 15:01:58.563221	2305	4877	222626	108459177099743250
2439	2022-07-18 07:21:00	2022-10-01 14:49:22.878908	4869	4869	221707	108667920233421768
2441	2022-07-16 15:49:00	2022-10-01 14:54:14.387573	4869	4869	221995	108658548467488996
2428	2022-09-17 09:48:00	2022-10-01 14:35:24.871414	805	4869	220593	109013918398282787
2393	2022-07-28 18:04:00	2022-10-01 04:00:47.000983	2095	306	204649	108725966969916742
2399	2022-07-03 19:33:00	2022-10-01 04:02:40.490114	2095	306	204738	108584182066605395
3689	2022-09-25 09:44:00	2022-10-13 13:19:28.853699	2095	2095	379937	109059317245196596
4115	2022-06-12 14:33:00	2022-10-15 02:51:37.439087	2843	9367	432870	108465799103822866
4112	2022-06-13 12:30:00	2022-10-15 02:51:29.357279	2520	9367	432866	108414572141783942
4113	2022-06-12 14:37:00	2022-10-15 02:51:34.511132	5391	9367	432868	108465902430247530
4114	2022-06-12 14:34:00	2022-10-15 02:51:35.324819	2506	9367	432869	108465568413509911
4116	2022-06-12 07:36:00	2022-10-15 02:51:40.913884	98192	9367	432873	108453264280328804
4117	2022-06-11 12:23:00	2022-10-15 02:51:45.144811	41084	9367	432876	108459725369975011
5548	2022-08-18 14:13:00	2022-10-16 16:33:34.732961	1608	4273	477696	108845213914264010
4246	2022-09-25 09:09:00	2022-10-15 05:03:54.167676	177265	9365	436823	109059181495635400
5551	2022-08-18 12:43:00	2022-10-16 16:33:57.381212	6777	4273	477705	108844851259620873
4249	2022-07-23 00:00:00	2022-10-15 05:04:01.35343	1338	1371	436833	108694338634449148
4251	2022-09-23 17:38:00	2022-10-15 05:04:17.307672	271	9365	436854	109049521620194569
4253	2022-09-23 09:28:00	2022-10-15 05:04:56.396958	9487	9365	436904	109043335645323290
4254	2022-09-23 08:26:00	2022-10-15 05:04:58.939867	54005	9365	436908	109047684973726952
5558	2022-08-17 11:51:00	2022-10-16 16:37:44.757355	8387	4273	477791	108817947378483913
4258	2022-09-21 09:27:00	2022-10-15 05:05:56.326627	2109	9365	436976	109036524124207100
4260	2022-09-20 19:55:00	2022-10-15 05:06:06.192959	21239	9365	436988	109033312300261601
4265	2022-09-20 14:14:00	2022-10-15 05:06:19.041243	140	9365	437008	109031937697219206
4266	2022-09-20 14:10:00	2022-10-15 05:06:21.497009	2569	9365	437011	109029188445841980
4267	2022-09-20 14:09:00	2022-10-15 05:06:23.243382	2578	9365	437012	109031288753377056
4268	2022-09-20 14:04:00	2022-10-15 05:06:26.076582	10788	9365	437013	108999579651387392
4269	2022-09-20 09:06:00	2022-10-15 05:06:37.148845	148138	9365	437021	109028637955613566
4272	2022-09-19 10:45:00	2022-10-15 05:06:55.764876	2191	9365	437045	109025400738790453
4274	2022-09-19 10:09:00	2022-10-15 05:07:12.261362	2519	9365	437064	109024616447263654
4276	2022-09-18 12:26:00	2022-10-15 05:07:34.397021	271	9365	437089	109020321459759586
4283	2022-09-17 12:16:00	2022-10-15 05:08:04.805404	2519	9365	437124	109013576761768185
4284	2022-09-17 12:06:00	2022-10-15 05:08:14.430843	30860	9365	437135	109010184186773246
5563	2022-08-17 00:00:00	2022-10-16 16:38:44.69459	7267	4273	477809	108836351177848353
5567	2022-08-16 23:11:00	2022-10-16 16:39:47.120887	28469	4273	477825	108836008302586991
4292	2022-09-16 20:48:00	2022-10-15 05:08:47.760964	4635	9365	437181	108999905022269017
4293	2022-09-16 20:41:00	2022-10-15 05:08:49.197492	4635	9365	437184	109009892831635308
4294	2022-09-16 20:34:00	2022-10-15 05:08:50.385096	4635	9365	437185	109009499502996652
4299	2022-09-16 08:48:00	2022-10-15 05:09:13.147188	21098	9365	437214	109008147265185766
8761	2022-06-14 09:05:00	2022-10-24 06:24:22.381406	825	12933	639625	108475751403316548
4305	2022-09-15 14:37:00	2022-10-15 05:09:46.149237	2379	9365	437262	109003496759473399
4308	2022-09-15 09:34:00	2022-10-15 05:10:01.542794	134730	9365	437279	109002419202839012
5571	2022-08-16 22:27:00	2022-10-16 16:40:49.757101	326	4273	477842	108835671367019423
4313	2022-09-13 19:09:00	2022-10-15 05:10:47.333291	2191	9365	437330	108988242522228618
4314	2022-09-13 19:06:00	2022-10-15 05:10:52.738902	2280	9365	437334	108988197984310242
4315	2022-09-13 19:03:00	2022-10-15 05:10:56.499805	2382	9365	437338	108988174226200023
4317	2022-09-13 18:57:00	2022-10-15 05:11:03.059242	14141	9365	437345	108993552763116225
4318	2022-09-13 15:58:00	2022-10-15 05:11:08.982142	2013	9365	437352	108987061777021469
4319	2022-09-12 19:30:00	2022-10-15 05:11:34.205015	9893	9365	437384	108088843146870582
4320	2022-09-12 19:29:00	2022-10-15 05:11:37.50366	4411	9365	437388	108987649884079855
3266	2022-08-20 11:03:00	2022-10-09 09:27:11.47828	27	937	338972	108840917563399656
3749	2022-08-09 13:26:00	2022-10-13 13:39:13.235656	27	8256	381620	108789700493889917
4271	2022-09-19 11:49:00	2022-10-15 05:06:53.301098	274	9365	437041	109025342204650107
4015	2022-08-08 19:01:00	2022-10-14 23:06:59.376122	27	9376	430816	108789700493889917
4329	2022-09-12 11:31:00	2022-10-15 05:12:05.501275	271	9365	437425	108985883254727341
4330	2022-09-12 11:30:00	2022-10-15 05:12:07.577509	35712	9365	437428	108985892735882784
2436	2022-08-10 19:38:00	2022-10-01 14:42:23.750388	900	4869	221206	108797633092143198
2437	2022-08-10 19:37:00	2022-10-01 14:42:24.831535	900	4869	221208	108797930844354987
4325	2022-09-12 11:42:00	2022-10-15 05:11:59.544924	222	9365	437417	108985864362142528
3568	2022-07-08 21:08:00	2022-10-13 09:12:54.640791	322	8364	374786	108612488962892957
4321	2022-09-12 13:56:00	2022-10-15 05:11:46.032963	274	9365	437399	108985984181340431
4322	2022-09-12 13:50:00	2022-10-15 05:11:47.332909	274	9365	437401	108986106296740116
4328	2022-09-12 11:33:00	2022-10-15 05:12:04.335657	274	9365	437424	108985868938938098
4259	2022-09-20 20:31:00	2022-10-15 05:06:03.761075	279	9365	436985	109033252943415279
4327	2022-09-12 11:35:00	2022-10-15 05:12:03.021051	326	9365	437421	108985866501521296
2448	2022-07-14 10:25:00	2022-10-01 14:57:10.115062	974	4869	222211	108646039228244470
2425	2022-09-02 12:40:00	2022-10-01 14:34:57.538712	9084	4865	220559	108929307570520513
2426	2022-09-01 08:29:00	2022-10-01 14:34:59.312073	1176	4865	220562	108923134266640013
2427	2022-09-01 08:20:00	2022-10-01 14:35:06.122933	32408	4865	220566	108920529985760444
2429	2022-08-31 19:21:00	2022-10-01 14:35:46.336517	35581	4865	220625	108920040924112765
2433	2022-09-01 21:29:00	2022-10-01 14:39:25.641615	55800	4869	220959	108926202214673334
2438	2022-07-18 14:30:00	2022-10-01 14:47:19.81911	2418	4869	221611	108665903277670826
2446	2022-08-18 04:42:00	2022-10-01 14:56:59.122688	40828	4877	222196	108842898597256112
2451	2022-07-14 09:09:00	2022-10-01 14:57:47.34199	2263	4869	222255	108645736373535384
2471	2022-07-07 17:06:00	2022-10-01 15:16:07.778654	146	4869	224228	108607990648216772
2454	2022-07-28 17:26:00	2022-10-01 15:00:07.484324	5379	4877	222441	108727077275817663
2455	2022-07-20 20:06:00	2022-10-01 15:00:25.570521	17505	4877	222466	108682385393438487
2456	2022-07-19 16:47:00	2022-10-01 15:00:32.992155	2405	4877	222477	108675961804796679
2457	2022-07-19 16:46:00	2022-10-01 15:00:35.086448	20873	4877	222480	108577834972753640
2458	2022-07-12 18:58:00	2022-10-01 15:00:50.141836	922	4877	222504	108636155577585475
2459	2022-07-12 17:15:00	2022-10-01 15:01:25.315695	38102	4877	222557	108636395325497157
2461	2022-06-29 18:06:00	2022-10-01 15:01:43.143897	6551	4877	222597	108558346666158628
2462	2022-06-17 18:09:00	2022-10-01 15:01:50.21526	4097	4877	222613	108495081583012320
2463	2022-06-14 15:46:00	2022-10-01 15:01:53.375019	15798	4877	222616	108314824842147177
2465	2022-07-11 16:04:00	2022-10-01 15:04:13.79815	271	4869	222870	108630452905280457
2466	2022-07-09 05:48:00	2022-10-01 15:12:16.902955	9190	4869	223750	108616674880147113
2467	2022-07-08 18:57:00	2022-10-01 15:12:52.100679	5651	4869	223823	108613652177480392
2468	2022-08-30 11:51:00	2022-10-01 15:14:35.022216	2013	4881	224061	108911983340894125
2469	2022-07-08 07:59:00	2022-10-01 15:15:17.11238	380265	4869	224132	108611188452787862
2495	2022-09-07 21:59:00	2022-10-04 01:18:37.720797	8763	5333	240424	108958330556447426
2472	2022-07-06 07:36:00	2022-10-01 15:20:39.904922	223307	4869	224741	108599921805078089
2473	2022-07-03 08:41:00	2022-10-01 15:24:48.949705	53671	4869	225222	108580864717259769
2475	2022-06-27 17:24:00	2022-10-01 15:32:37.931346	271	4869	226157	108551416695167820
2476	2022-06-27 17:06:00	2022-10-01 15:32:42.417991	1092	4869	226167	108551248088874268
2477	2022-06-26 16:39:00	2022-10-01 15:36:07.328169	20479	4869	226512	108544124009703962
2478	2022-06-26 16:21:00	2022-10-01 15:36:16.099371	4459	4869	226528	108545535882164595
2479	2022-06-25 13:24:00	2022-10-01 15:39:28.791162	4542	4869	226822	108539020733011004
2482	2022-06-24 11:35:00	2022-10-01 15:42:51.594819	33332	4869	227128	108533156125612234
2483	2022-06-23 09:39:00	2022-10-01 15:46:27.698723	2972	4869	227468	108523676714633487
2420	2022-09-27 13:31:00	2022-10-01 14:29:54.245096	4869	4869	220312	109071541744453919
2434	2022-08-11 19:06:00	2022-10-01 14:42:09.125211	4869	4869	221183	108806521059001502
2470	2022-07-07 18:27:00	2022-10-01 15:15:46.337367	4869	4869	224192	108608390047227296
2485	2022-07-07 00:00:00	2022-10-01 17:33:10.065786	398443	5053	232934	108602098157084914
2486	2022-09-30 18:53:00	2022-10-03 02:19:36.918558	1343	5068	234223	109088385280695838
2487	2022-10-03 00:00:00	2022-10-03 16:18:06.272739	26317	5192	239742	109100967156274478
2481	2022-06-24 13:41:00	2022-10-01 15:41:55.260151	232	4869	227046	108532831868203533
2488	2022-10-03 18:43:00	2022-10-04 01:11:46.159176	271	5334	240180	109106738980956235
2489	2022-10-03 18:27:00	2022-10-04 01:11:53.385903	1343	5334	240183	109106659216487281
5549	2022-08-18 14:10:00	2022-10-16 16:33:42.460979	10095	4273	477699	108845210059559720
2491	2022-10-03 07:10:00	2022-10-04 01:16:39.881313	87153	5334	240242	109102304616249743
2493	2022-09-15 01:10:00	2022-10-04 01:18:06.128959	1613	5333	240364	108999873349058594
2494	2022-09-08 17:17:00	2022-10-04 01:18:26.016673	157314	5333	240406	108964811768958249
2496	2022-10-02 15:46:00	2022-10-04 01:18:42.020289	140	5334	240434	109095466441184806
2497	2022-08-31 18:23:00	2022-10-04 01:18:55.686547	3240	5333	240452	108919806362034103
2499	2022-08-26 13:05:00	2022-10-04 01:19:09.97679	8545	5333	240475	108890067800519521
2500	2022-08-25 18:10:00	2022-10-04 01:19:12.978068	339590	5333	240478	108885701273941601
2501	2022-08-24 13:32:00	2022-10-04 01:19:18.061931	16343	5333	240485	108879010822246564
2502	2022-08-11 17:52:00	2022-10-04 01:20:00.653255	10099	5333	240534	108806428167497772
2504	2022-08-08 21:03:00	2022-10-04 01:20:25.908898	2114	5333	240557	108785565668077973
2505	2022-08-06 13:47:00	2022-10-04 01:20:37.09766	93816	5333	240566	108777080882072768
2507	2022-06-30 15:19:00	2022-10-04 01:21:09.774346	1629	5333	240595	108566454818403207
2508	2022-06-21 07:26:00	2022-10-04 01:21:32.744376	2179	5333	240604	108512347049548750
2509	2022-10-02 18:13:00	2022-10-05 21:34:34.170359	220802	5462	241510	109100954112141027
2510	2022-09-29 01:14:00	2022-10-05 21:34:58.217052	4280	5462	241518	109077607020712819
2511	2022-09-26 11:42:00	2022-10-05 21:35:04.959189	4348	5462	241519	109032222574716770
2512	2022-09-26 11:31:00	2022-10-05 21:35:09.417137	11179	5462	241520	109065400861946646
2513	2022-09-16 00:00:00	2022-10-05 21:35:36.277032	54033	5462	241530	109006145386308382
2515	2022-09-04 23:45:00	2022-10-05 21:36:12.128136	63227	5462	241541	108306596775322784
2516	2022-09-04 23:44:00	2022-10-05 21:36:14.926901	123173	5462	241542	108943096319723219
2498	2022-08-26 16:23:00	2022-10-04 01:19:08.258356	731	5333	240471	108891021204479440
2435	2022-08-10 19:40:00	2022-10-01 14:42:21.961085	900	4869	221203	108793188474297766
343	2022-07-05 17:17:00	2022-09-18 00:57:26.169022	33	827	35069	108595949893045524
2503	2022-08-10 16:45:00	2022-10-04 01:20:07.118401	781	5333	240539	108800081026762121
2431	2022-09-10 15:56:00	2022-10-01 14:37:05.913116	1118	4869	220740	108975830877278229
2450	2022-07-14 09:36:00	2022-10-01 14:57:40.1222	274	4869	222245	108645883601272658
2480	2022-06-24 20:53:00	2022-10-01 15:40:13.424873	279	4869	226888	108534775217016368
1047	2022-06-17 09:29:00	2022-09-26 00:13:28.519298	33	1549	86263	108483979556951791
2474	2022-07-02 19:13:00	2022-10-01 15:25:21.083904	974	4869	225276	108579695990782626
2518	2022-08-14 13:25:00	2022-10-05 21:36:35.265166	32408	5462	241551	108819377212648724
3570	2022-07-10 23:01:00	2022-10-13 10:29:54.789829	1269	8376	375240	108625741625222867
3772	2022-07-07 18:30:00	2022-10-13 14:13:49.864252	5052	8256	384197	108603459671587647
3773	2022-07-07 11:42:00	2022-10-13 14:15:08.520133	2379	8256	384277	108601768293755292
3777	2022-07-03 21:03:00	2022-10-13 14:19:48.821495	7198	8256	384526	108586369916956320
4118	2022-10-13 20:16:00	2022-10-15 04:05:43.916907	140	1371	434111	109162226515240026
4119	2022-10-13 06:47:00	2022-10-15 04:06:43.002659	140	1371	434138	109155994390746288
2519	2022-08-08 20:17:00	2022-10-05 21:36:43.533857	198	5462	241555	108790020544086664
4121	2022-10-11 13:00:00	2022-10-15 04:08:38.690532	140	1371	434193	109150547146185882
4122	2022-09-24 08:09:00	2022-10-15 04:24:53.680979	2008	1371	434682	109053102584848451
4123	2022-09-23 07:14:00	2022-10-15 04:27:00.146363	2113	1371	434752	109044490154903940
5550	2022-08-18 14:09:00	2022-10-16 16:33:47.440927	2384	4273	477702	108844851530927230
4128	2022-08-22 11:16:00	2022-10-15 04:39:58.136091	2107	1371	435425	108867175231413747
4163	2022-10-12 09:26:00	2022-10-15 04:55:33.201421	908	9365	436299	109150603350185272
5556	2022-08-17 19:18:00	2022-10-16 16:36:59.133062	42970	4273	477775	108840762091007608
4133	2022-08-03 08:44:00	2022-10-15 04:52:06.924696	1373	1371	436069	108758991778377667
4137	2022-10-14 12:46:00	2022-10-15 04:54:05.65312	231606	9365	436189	109166969789914108
4138	2022-10-14 12:44:00	2022-10-15 04:54:09.813476	4458	9365	436194	109167351424836057
4139	2022-10-14 12:39:00	2022-10-15 04:54:13.889288	2319	9365	436199	109167345562513561
4140	2022-10-14 12:36:00	2022-10-15 04:54:16.629133	11214	9365	436202	109167144408968670
4136	2022-10-14 12:51:00	2022-10-15 04:53:55.972496	274	9365	436177	109167191384574707
4144	2022-10-13 13:23:00	2022-10-15 04:54:41.086823	9478	9365	436236	109161179622729117
4148	2022-10-12 19:14:00	2022-10-15 04:54:50.073855	274	9365	436249	109157362270627703
4146	2022-10-13 08:32:00	2022-10-15 04:54:47.034514	5343	9365	436245	109160972465167523
4151	2022-10-12 18:32:00	2022-10-15 04:54:57.481301	4225	9365	436256	109157656397712596
4165	2022-07-29 08:42:00	2022-10-15 04:55:35.225947	367	1371	436302	108730674777646573
5578	2022-08-16 05:55:00	2022-10-16 16:43:30.876914	12529	4273	477891	108831822953900434
3770	2022-07-09 10:19:00	2022-10-13 14:11:35.412389	27	8256	384053	108614285332894983
4156	2022-10-12 13:15:00	2022-10-15 04:55:21.948934	271	9365	436282	109155804445243305
4124	2022-09-20 09:51:00	2022-10-15 04:29:09.926918	27	1371	434827	109031043885568544
4130	2022-08-08 21:24:00	2022-10-15 04:47:33.372703	199	1371	435830	108790277044468655
4159	2022-07-29 09:02:00	2022-10-15 04:55:25.040576	2113	1371	436287	108730755304166904
4160	2022-10-12 13:03:00	2022-10-15 04:55:26.081168	386	9365	436288	109155897999247164
4161	2022-10-12 11:18:00	2022-10-15 04:55:30.145348	6518	9365	436295	109155916714282652
4174	2022-10-11 17:54:00	2022-10-15 04:55:56.56345	326	9365	436324	109151322369033272
4166	2022-10-12 09:19:00	2022-10-15 04:55:35.733416	8947	9365	436303	109155444637212155
4167	2022-10-12 09:16:00	2022-10-15 04:55:36.76503	98	9365	436305	109155452189623748
4168	2022-10-12 09:07:00	2022-10-15 04:55:38.604949	54110	9365	436307	109152506823411398
4169	2022-10-12 06:45:00	2022-10-15 04:55:43.886779	25012	9365	436311	109116703493093588
4170	2022-10-11 19:38:00	2022-10-15 04:55:46.53707	911	9365	436313	109151436062515555
4134	2022-10-14 12:59:00	2022-10-15 04:53:53.699023	143	9365	436173	109167484276991477
4175	2022-10-11 16:39:00	2022-10-15 04:55:57.641111	146	9365	436326	109151456368790887
4176	2022-07-29 07:55:00	2022-10-15 04:55:59.964544	2112	1371	436329	108730364497848776
4177	2022-10-11 16:28:00	2022-10-15 04:56:02.769289	271	9365	436332	109150117824922032
4179	2022-10-11 12:53:00	2022-10-15 04:56:07.388535	45098	9365	436339	109150475275210109
4142	2022-10-13 16:00:00	2022-10-15 04:54:32.809419	742	9365	436224	109162428523211366
4182	2022-10-09 14:23:00	2022-10-15 04:56:38.421136	7953	9365	436366	109138858442278352
4183	2022-10-09 14:09:00	2022-10-15 04:56:42.64037	87070	9365	436369	109139646510572046
4184	2022-07-29 07:07:00	2022-10-15 04:56:45.812717	1092	1371	436374	108730306906482326
4185	2022-07-29 07:06:00	2022-10-15 04:56:47.140683	64222	1371	436375	108730295595273800
4186	2022-10-09 13:19:00	2022-10-15 04:56:49.04928	10253	9365	436377	109139449599764940
4149	2022-10-12 19:11:00	2022-10-15 04:54:51.581918	742	9365	436251	109157425555375606
4188	2022-10-08 12:39:00	2022-10-15 04:57:02.083825	13705	9365	436393	109132920393885713
4189	2022-10-08 11:46:00	2022-10-15 04:57:08.25569	400161	9365	436400	109133399636490255
1387	2022-09-23 08:27:00	2022-09-27 04:08:15.862881	1371	185	106097	109047501349210519
4143	2022-10-13 14:05:00	2022-10-15 04:54:38.903484	9365	9365	436233	109162249521602449
4153	2022-10-12 14:57:00	2022-10-15 04:55:17.168389	9365	9365	436274	109156429819657686
4164	2022-07-29 08:43:00	2022-10-15 04:55:33.948131	536	1371	436300	108730593948569187
4125	2022-09-09 15:22:00	2022-10-15 04:33:00.852634	1118	1371	435033	108969941406979082
8166	2022-08-13 11:23:00	2022-10-21 05:46:41.447337	27	11313	578539	108811279834566814
4022	2022-08-20 08:08:00	2022-10-15 00:40:38.440375	27	9379	431422	108851644178332256
4172	2022-10-11 17:57:00	2022-10-15 04:55:54.408969	322	9365	436321	109151264629154887
4025	2022-08-08 19:54:00	2022-10-15 00:41:03.693144	27	9379	431439	108789700493889917
4031	2022-08-01 00:00:00	2022-10-15 00:41:17.737571	27	9379	431450	108742109593134672
10044	2022-09-30 00:00:00	2022-11-04 04:17:45.430954	27	16733	718675	109089475312302955
4048	2022-06-13 22:00:00	2022-10-15 00:42:47.980308	27	9379	431519	108469860787607968
4120	2022-10-12 10:37:00	2022-10-15 04:07:52.051911	174	1371	434173	109155746891545292
4154	2022-10-12 14:54:00	2022-10-15 04:55:19.470734	265	9365	436278	109156392783225537
4173	2022-10-11 17:56:00	2022-10-15 04:55:55.586386	322	9365	436323	109151265269131930
4150	2022-10-12 19:00:00	2022-10-15 04:54:53.401782	274	9365	436253	109157633499605835
4178	2022-10-11 13:00:00	2022-10-15 04:56:06.236784	274	9365	436337	109150416198448475
4135	2022-10-14 12:57:00	2022-10-15 04:53:54.822093	125	9365	436175	109167524492951041
4147	2022-10-12 19:16:00	2022-10-15 04:54:48.99447	125	9365	436247	109157359079313520
4127	2022-09-01 15:55:00	2022-10-15 04:35:20.025703	974	1371	435163	108924519290122906
2520	2022-07-30 12:26:00	2022-10-05 21:37:28.879156	6175	5462	241573	108737182034004288
2522	2022-07-20 13:44:00	2022-10-05 21:38:09.077419	39489	5462	241587	108674461147034052
3577	2022-10-08 20:35:00	2022-10-13 12:53:25.448692	842	8374	377243	109134633150175222
3582	2022-09-29 19:48:00	2022-10-13 12:54:19.998407	13531	8374	377348	109084140108234706
3604	2022-09-21 06:09:00	2022-10-13 12:56:59.315215	825	8374	377614	109035730256968077
3621	2022-09-02 18:17:00	2022-10-13 13:02:32.694723	27	8374	378150	108926847473622319
3608	2022-10-10 14:44:00	2022-10-13 12:58:19.74955	2478	8256	377759	109145220148293052
3611	2022-09-08 07:48:00	2022-10-13 12:59:04.20287	12400	8374	377844	108962410250199314
3623	2022-09-02 18:12:00	2022-10-13 13:02:43.526846	3281	8374	378159	108928325885561675
3774	2022-07-05 17:05:00	2022-10-13 14:16:47.099451	12227	8256	384372	108471396205939433
3775	2022-08-26 12:09:00	2022-10-13 14:19:04.723221	2195	8244	384486	108889509053588823
3776	2022-07-03 21:04:00	2022-10-13 14:19:43.999638	728	8256	384522	108586370064198650
3780	2022-07-08 11:41:00	2022-10-13 14:47:28.455151	2197	8244	386012	108612308312925620
3781	2022-07-04 09:34:00	2022-10-13 14:50:57.847035	13057	8244	386203	108589324642627388
3783	2022-06-13 16:48:00	2022-10-13 14:55:44.283137	1540	8256	386461	108472125873603221
3786	2022-06-30 07:37:00	2022-10-13 15:02:12.503441	5236	8242	386732	108564594860895533
3788	2022-06-10 15:25:00	2022-10-13 15:03:42.623674	22619	8256	386798	108454782799004086
3790	2022-06-18 18:32:00	2022-10-13 15:25:59.055142	844	8242	387631	108499347115964930
3791	2022-06-18 14:56:00	2022-10-13 15:28:36.267388	2578	8242	387714	108499636160527274
3792	2022-09-25 03:43:00	2022-10-13 19:03:49.094903	13052	2183	392224	109057221765621232
3793	2022-08-14 16:59:00	2022-10-13 19:50:32.21893	11018	8415	393143	108817953319511354
3794	2022-08-12 01:48:00	2022-10-13 19:51:16.083913	4279	8415	393165	108806109539982679
3795	2022-08-10 20:20:00	2022-10-13 19:52:14.84498	13828	8415	393197	108704083717145526
3796	2022-08-10 15:57:00	2022-10-13 19:52:57.225562	140	8415	393225	108800319814109391
3816	2022-10-06 08:07:00	2022-10-13 21:35:34.695318	2122	8539	396184	109117841710894012
3798	2022-08-09 00:00:00	2022-10-13 19:54:14.446983	24367	8415	393281	108790969403315506
3799	2022-08-08 12:15:00	2022-10-13 19:56:05.139606	2204	8415	393365	108787177466381887
3800	2022-07-31 10:10:00	2022-10-13 19:58:18.763432	85	8415	393479	108515870831566737
3779	2022-06-29 07:32:00	2022-10-13 14:26:11.185079	34	8256	384882	108558213222336641
3629	2022-09-01 08:31:00	2022-10-13 13:04:28.287616	515	8374	378315	108923009080512697
3803	2022-07-23 09:58:00	2022-10-13 19:59:58.712792	7827	8415	393568	108653157043237004
3804	2022-07-21 16:17:00	2022-10-13 20:00:32.728546	4300	8415	393588	108687150196913869
3805	2022-07-21 15:58:00	2022-10-13 20:00:39.875539	18218	8415	393593	108687088123052529
3806	2022-07-21 13:54:00	2022-10-13 20:00:49.515433	62488	8415	393601	108686594963724890
3807	2022-07-03 15:16:00	2022-10-13 20:04:27.751336	2019	8415	393751	108542016478641738
3808	2022-07-02 19:14:00	2022-10-13 20:04:40.212059	29033	8415	393755	108578502663844186
3809	2022-07-01 19:25:00	2022-10-13 20:04:44.008061	17681	8415	393756	108574569149411586
3810	2022-06-29 16:22:00	2022-10-13 20:05:34.839352	323	8415	393782	108561590348392839
3811	2022-06-25 19:45:00	2022-10-13 20:05:57.566611	203107	8415	393795	108539481367009376
3585	2022-09-25 18:22:00	2022-10-13 12:54:53.943675	143	8374	377413	109061351710629248
3813	2022-06-25 18:16:00	2022-10-13 20:06:17.767539	2305	8415	393805	108538897311881974
2801	2022-06-17 18:32:00	2022-10-08 23:57:50.578554	2183	7144	322950	108495017435985223
3785	2022-07-02 00:00:00	2022-10-13 14:59:40.579066	8242	8242	386642	108565498975648798
3814	2022-10-11 20:15:00	2022-10-13 21:33:54.691808	19009	8539	396062	109152400091829408
3815	2022-10-13 10:20:00	2022-10-13 21:34:43.764541	129364	8432	396115	109152449321520572
3817	2022-10-12 19:40:00	2022-10-13 21:36:00.627619	8583	8418	396219	109156083135156036
3818	2022-10-09 08:00:00	2022-10-13 21:36:11.781448	3872	8432	396230	109138191603161660
3820	2022-10-05 09:02:00	2022-10-13 21:36:15.92661	72558	8539	396235	109115781678992211
3821	2022-10-03 10:48:00	2022-10-13 21:37:31.373404	14435	8432	396330	109104358903082860
3822	2022-10-06 18:03:00	2022-10-13 21:39:49.395826	8583	8418	396482	109123544148287050
3823	2022-10-06 14:09:00	2022-10-13 21:39:55.547927	8583	8418	396485	109122207712382400
3824	2022-09-23 06:41:00	2022-10-13 21:40:26.897318	62249	8432	396503	109047265444932306
3827	2022-09-24 17:05:00	2022-10-13 21:42:13.248893	4301	8539	396575	109054373404683514
3828	2022-09-17 07:45:00	2022-10-13 21:43:06.182884	13035	8432	396604	109013504311968950
3830	2022-09-15 06:43:00	2022-10-13 21:44:44.91873	1928	8432	396669	109001980534779191
3832	2022-09-18 11:30:00	2022-10-13 21:45:20.916008	4542	8539	396687	109019979446052726
3833	2022-09-18 11:20:00	2022-10-13 21:45:28.078806	8387	8539	396692	109001632057221440
3834	2022-09-23 21:15:00	2022-10-13 21:47:41.833136	2019	8418	396774	109050729427316885
8167	2022-08-10 11:48:00	2022-10-21 05:52:05.003358	27	11313	578635	108798808853903154
3837	2022-09-10 12:15:00	2022-10-13 21:48:43.880802	14062	8539	396812	108970983818317128
3838	2022-09-09 22:11:00	2022-10-13 21:49:44.860968	2210	8539	396836	108970412546856464
3782	2022-06-14 20:46:00	2022-10-13 14:52:31.83371	26	8256	386293	108407582598757332
3842	2022-09-15 17:32:00	2022-10-13 21:57:46.751248	4886	8418	397016	109004534580937055
3843	2022-09-15 16:59:00	2022-10-13 21:58:18.599557	18326	8418	397030	109004419253374914
3844	2022-08-31 17:51:00	2022-10-13 21:59:14.683497	4228	8539	397059	108919682494564643
3846	2022-08-11 07:39:00	2022-10-13 21:59:29.832823	25382	8432	397069	108804029897640262
3847	2022-09-14 11:58:00	2022-10-13 21:59:48.678828	137669	8418	397083	108991098657848942
3836	2022-09-13 12:45:00	2022-10-13 21:47:49.069856	103	8539	396782	108992064673713927
3789	2022-06-19 15:17:00	2022-10-13 15:24:38.104001	116	8242	387586	108488740254313607
3778	2022-07-31 10:21:00	2022-10-13 14:22:11.747467	198	8242	384654	108741418503558898
3835	2022-09-13 12:57:00	2022-10-13 21:47:44.706123	664	8539	396777	108991933206309050
3784	2022-06-13 07:12:00	2022-10-13 14:58:31.87945	416	8256	386592	108453485140069196
4049	2022-10-07 18:30:00	2022-10-15 02:34:37.013579	27	9367	432395	109128029008045773
3571	2022-10-13 00:00:00	2022-10-13 12:52:49.331861	1118	8374	377175	109158685676398063
3607	2022-09-15 19:45:00	2022-10-13 12:58:09.967872	174	8374	377739	109003468941706527
3787	2022-06-30 07:27:00	2022-10-13 15:02:30.25131	222	8242	386746	108563471332271042
2521	2022-07-20 13:47:00	2022-10-05 21:38:02.973409	121583	5462	241586	108680447402546365
2523	2022-10-03 23:03:00	2022-10-05 22:30:57.997866	6873	5467	241945	109107750828769383
2524	2022-10-03 17:40:00	2022-10-05 22:30:59.518871	19964	5467	241946	109085161005670405
2527	2022-10-01 10:42:00	2022-10-05 22:31:04.514233	241118	5467	241949	109093476078112018
2528	2022-10-01 10:06:00	2022-10-05 22:31:05.571548	5700	5467	241950	109093386595582306
2530	2022-09-27 22:32:00	2022-10-05 22:31:07.183874	7959	5467	241952	109073378131349662
2531	2022-09-27 13:04:00	2022-10-05 22:31:08.862491	295949	5467	241953	109071449556739805
2533	2022-09-27 12:59:00	2022-10-05 22:31:10.645528	68273	5467	241955	109071407709839909
577	2022-06-24 09:58:00	2022-09-19 05:43:20.352006	413	413	52970	108522739295882262
2536	2022-09-27 11:41:00	2022-10-05 22:31:14.801397	1333	5467	241958	109061449411692388
2537	2022-09-26 16:42:00	2022-10-05 22:31:15.629178	22538	5467	241959	109066640557875791
2538	2022-09-26 11:57:00	2022-10-05 22:31:16.501389	13125	5467	241960	109059212316148788
2539	2022-09-25 18:12:00	2022-10-05 22:31:18.104171	2197	5467	241961	109061191283664065
2540	2022-09-25 18:07:00	2022-10-05 22:31:20.522771	45384	5467	241962	109061312296637453
2541	2022-09-25 18:05:00	2022-10-05 22:31:21.376661	4458	5467	241963	109060954978642360
2542	2022-09-25 17:52:00	2022-10-05 22:31:24.579514	72385	5467	241964	109061242828210419
2543	2022-06-10 20:28:00	2022-10-06 00:39:11.412798	9994	2376	245262	108455974856363806
2544	2022-09-01 19:32:00	2022-10-06 01:27:04.650206	216309	5469	247452	108896305148375457
2545	2022-08-24 20:44:00	2022-10-06 01:32:56.744038	8259	5469	247675	108850354326088780
3572	2022-10-13 00:00:00	2022-10-13 12:52:51.630606	20548	8374	377178	109157634498649995
2547	2022-08-24 19:56:00	2022-10-06 01:33:45.979995	2454	5469	247685	108834937922993375
3575	2022-10-09 18:51:00	2022-10-13 12:53:14.844504	2189	8374	377222	109140752494933199
2532	2022-09-27 13:03:00	2022-10-05 22:31:09.768948	340	5467	241954	109071352739863378
2534	2022-09-27 12:07:00	2022-10-05 22:31:11.51643	143	5467	241956	109070908896513761
2551	2022-08-18 23:35:00	2022-10-06 01:42:03.872733	5739	5469	247996	108845118293040488
2552	2022-08-13 16:24:00	2022-10-06 01:50:18.375326	5661	5469	248315	108558578610253426
2553	2022-08-13 16:16:00	2022-10-06 01:50:33.621238	2295	5469	248317	108816973741490816
2546	2022-08-24 20:06:00	2022-10-06 01:33:21.340523	5469	5469	247682	108860276779088784
2548	2022-08-21 06:00:00	2022-10-06 01:38:37.136937	5469	5469	247885	108852869273582362
2549	2022-08-19 00:00:00	2022-10-06 01:41:25.539348	5469	5469	247986	108847643685200992
2550	2022-08-18 23:41:00	2022-10-06 01:41:58.711019	5469	5469	247993	108847441961217507
2554	2022-06-30 07:48:00	2022-10-06 06:46:53.80834	10394	2788	249451	108557199150014001
2529	2022-09-30 07:00:00	2022-10-05 22:31:06.391252	485	5467	241951	109066455597192805
2559	2022-09-14 05:23:00	2022-10-06 11:42:59.233598	27	5881	263732	108994575631471182
2555	2022-06-18 09:45:00	2022-10-06 07:00:07.673581	2788	2788	249566	108498466994152944
2556	2022-06-16 18:03:00	2022-10-06 07:00:46.090268	2788	2788	249584	108489399056495031
2557	2022-06-14 06:56:00	2022-10-06 07:52:23.751623	5807	5807	251871	108468392081759714
2558	2022-06-26 17:49:00	2022-10-06 09:21:07.022439	23618	1700	258731	108545943573977633
2560	2022-09-16 19:27:00	2022-10-07 05:56:28.58928	4299	6130	267023	109004798449176685
2561	2022-09-10 08:12:00	2022-10-07 05:56:57.417614	29260	6130	267085	108973980013475755
2562	2022-08-23 09:01:00	2022-10-07 05:59:51.599029	12195	6130	267487	108850286459857231
2563	2022-07-18 08:25:00	2022-10-07 06:01:53.895507	25516	6130	267740	108665632682874711
2566	2022-06-15 07:18:00	2022-10-07 06:03:38.437534	26	6130	267970	108442227963342560
2573	2022-09-22 15:08:00	2022-10-07 06:47:42.536736	27	1432	270273	109043524865438732
2567	2022-07-09 12:55:00	2022-10-07 06:04:31.428734	5136	6126	268084	108618401423265389
4067	2022-08-27 04:01:00	2022-10-15 02:41:44.163325	27	9367	432544	108889937422516504
2569	2022-08-29 02:29:00	2022-10-07 06:44:59.520055	11018	6161	270120	108893167079064067
2570	2022-08-28 14:44:00	2022-10-07 06:45:06.921447	271	6161	270122	108901107182887067
2572	2022-06-15 20:30:00	2022-10-07 06:45:44.858421	1590	6161	270156	108450081783514272
2574	2022-09-14 17:18:00	2022-10-07 06:50:45.073046	2404	1432	270446	108998755412726742
2525	2022-10-01 13:18:00	2022-10-05 22:31:02.297882	974	5467	241947	109083851359743652
2576	2022-08-22 08:18:00	2022-10-07 06:56:07.72403	301	1432	270699	108866477176064806
2577	2022-08-17 08:03:00	2022-10-07 06:56:15.803524	301	1432	270702	108838109143028254
2578	2022-08-16 21:06:00	2022-10-07 06:56:19.296251	301	1432	270704	108835480998135658
2580	2022-08-12 08:04:00	2022-10-07 06:56:40.42624	301	1432	270708	108809804131858853
2581	2022-08-08 08:16:00	2022-10-07 06:57:00.541086	301	1432	270712	108787200946150418
2582	2022-08-05 08:04:00	2022-10-07 06:57:03.561251	301	1432	270713	108770163093816483
2583	2022-08-03 08:47:00	2022-10-07 06:57:11.76995	301	1432	270718	108758864322797450
2584	2022-08-01 08:06:00	2022-10-07 06:57:16.734567	301	1432	270721	108747526095182756
2585	2022-07-29 08:00:00	2022-10-07 06:57:18.711892	301	1432	270722	108730427419755680
2586	2022-10-04 10:41:00	2022-10-07 07:00:00.993382	33675	1666	270815	109110516726266656
2587	2022-09-21 02:07:00	2022-10-07 07:00:13.106517	30603	1666	270822	109034704785181162
2588	2022-09-13 01:50:00	2022-10-07 07:00:26.174788	4037	1666	270835	108958236207432291
2589	2022-09-12 00:00:00	2022-10-07 07:00:29.206722	2109	1666	270838	108983357911146348
2590	2022-08-24 02:15:00	2022-10-07 07:00:54.907882	323	1666	270862	108869717247027586
2591	2022-08-18 21:23:00	2022-10-07 07:01:20.574106	13467	1666	270875	108846900352171189
2592	2022-08-15 00:00:00	2022-10-07 07:01:29.650815	10095	1666	270880	108824963454469563
2594	2022-07-13 00:00:00	2022-10-07 07:03:14.958464	7199	1666	270979	108638031173719814
2595	2022-07-05 01:47:00	2022-10-07 07:03:34.032857	689	1666	271003	108591243262563604
2596	2022-07-02 02:19:00	2022-10-07 07:03:43.151991	2189	1666	271011	108567702520916134
2597	2022-06-27 00:00:00	2022-10-07 07:06:14.858333	2697	1666	271120	108547337808933836
2598	2022-06-23 02:01:00	2022-10-07 07:06:22.238935	3929	1666	271132	108524996426325353
2575	2022-09-06 12:47:00	2022-10-07 06:53:22.076097	1432	1432	270617	108572683235586130
2599	2022-09-17 14:22:00	2022-10-07 08:23:20.249517	102999	6157	272296	109015114258197725
2600	2022-07-27 06:26:00	2022-10-07 08:30:17.12057	1000	6157	272627	108717635735674406
2593	2022-08-14 02:02:00	2022-10-07 07:01:36.832669	538	1666	270883	108819699467226007
2526	2022-10-01 11:34:00	2022-10-05 22:31:03.558926	974	5467	241948	109093446819799993
2602	2022-07-20 11:42:00	2022-10-07 08:32:12.773595	1000	6157	272673	108680422177558777
3573	2022-10-11 10:54:00	2022-10-13 12:52:58.086796	836	2095	377190	109150203316250797
2604	2022-07-13 15:38:00	2022-10-07 08:32:53.067806	9084	6157	272703	108641548190309035
2605	2022-07-12 23:36:00	2022-10-07 08:33:09.344989	2099	6157	272715	108628785921712392
2603	2022-07-19 15:04:00	2022-10-07 08:32:22.155453	6157	6157	272680	108675202704520302
2610	2022-09-02 20:37:00	2022-10-07 23:16:09.081805	232	6564	289240	108931423962109770
3574	2022-10-11 10:06:00	2022-10-13 12:53:03.460105	306	2095	377199	109149937365151308
2608	2022-08-28 16:26:00	2022-10-07 17:27:08.321012	90792	6560	283794	108901552891662061
2609	2022-09-24 13:19:00	2022-10-07 23:15:54.669992	108513	6564	289234	109054477588014401
2613	2022-08-23 21:28:00	2022-10-07 23:16:21.115962	271	6564	289247	108875060925015430
2614	2022-08-15 21:06:00	2022-10-07 23:16:24.150468	2013	6564	289249	107995376156065348
2667	2022-09-28 19:47:00	2022-10-08 16:30:59.178724	33	5526	308134	109077026508971894
2618	2022-08-15 20:23:00	2022-10-07 23:16:41.2151	45908	6564	289259	108829686974184801
2619	2022-08-09 18:55:00	2022-10-07 23:18:19.154843	56182	6564	289314	108790420175683554
2620	2022-08-09 12:39:00	2022-10-07 23:18:26.113961	90465	6564	289319	108793846872245563
2624	2022-08-08 18:52:00	2022-10-07 23:20:18.45677	13370	6564	289387	108789680896454839
2625	2022-08-07 22:42:00	2022-10-07 23:21:06.467185	56992	6564	289409	108782469228092270
2626	2022-08-07 08:22:00	2022-10-07 23:21:34.436366	19997	6564	289428	108205204491408214
2627	2022-08-06 23:35:00	2022-10-07 23:21:45.637373	2436	6564	289433	108768391781242861
2628	2022-08-06 23:28:00	2022-10-07 23:21:48.866518	323	6564	289434	108771575833259243
2629	2022-08-06 22:59:00	2022-10-07 23:21:53.455325	323	6564	289435	108778107734893525
2630	2022-08-06 22:11:00	2022-10-07 23:21:56.389313	323	6564	289436	108777191945150304
2631	2022-08-05 01:08:00	2022-10-07 23:22:01.966485	4688	6564	289438	108761084503311018
2632	2022-08-05 00:00:00	2022-10-07 23:22:11.064831	2280	6564	289443	108760185775666011
2633	2022-08-05 00:00:00	2022-10-07 23:22:13.12321	1988	6564	289444	108767268464049315
2636	2022-06-21 09:55:00	2022-10-07 23:23:29.663291	92940	6564	289488	108515786311830476
2634	2022-08-05 00:00:00	2022-10-07 23:22:17.256124	34	6564	289446	108764713920112386
2638	2022-09-18 07:21:00	2022-10-08 01:27:40.847491	683	6559	291691	109018630048018646
2639	2022-07-19 20:30:00	2022-10-08 10:45:17.454505	1844	6555	295892	108676080601102249
2640	2022-06-29 19:00:00	2022-10-08 10:45:55.115421	1000	6555	295900	108562764404977032
2641	2022-06-29 18:57:00	2022-10-08 10:45:56.084278	1000	6555	295901	108563060071793511
2644	2022-06-16 10:40:00	2022-10-08 10:46:39.465314	1001	6555	295918	108487598395156185
2680	2022-09-23 10:52:00	2022-10-08 16:34:34.613003	559	5526	308195	109019471439327986
2646	2022-07-22 14:42:00	2022-10-08 15:27:38.959867	60683	6719	306293	108692435154303075
2647	2022-10-05 19:08:00	2022-10-08 16:29:46.700904	140	5526	308085	109116777790527736
2649	2022-10-05 18:31:00	2022-10-08 16:29:49.647819	7461	5526	308087	109116587222557775
2650	2022-10-05 17:53:00	2022-10-08 16:29:51.432019	9401	5526	308088	109117144487664743
2651	2022-10-05 17:09:00	2022-10-08 16:29:55.528769	4205	5526	308089	109099347721475209
2643	2022-06-16 21:16:00	2022-10-08 10:46:34.46185	234	6555	295914	108485154625673944
2654	2022-10-02 11:47:00	2022-10-08 16:30:17.631782	2577	5526	308105	109099231215191794
2655	2022-09-30 12:18:00	2022-10-08 16:30:25.35655	2013	5526	308111	109088078053816476
2656	2022-09-30 11:06:00	2022-10-08 16:30:28.721473	5505	5526	308112	109061027902746602
2657	2022-09-30 10:49:00	2022-10-08 16:30:31.367237	60542	5526	308114	109081977929020128
2658	2022-09-29 23:29:00	2022-10-08 16:30:32.981802	323	5526	308115	109084948275663589
2659	2022-09-29 19:28:00	2022-10-08 16:30:35.670855	1204	5526	308116	109084265923489547
2660	2022-09-29 17:58:00	2022-10-08 16:30:37.525975	271	5526	308117	109083754778623020
2663	2022-09-29 12:21:00	2022-10-08 16:30:46.441066	5008	5526	308125	109082596311238509
2664	2022-09-29 08:48:00	2022-10-08 16:30:51.859941	5721	5526	308129	109081762615972150
2665	2022-09-29 08:47:00	2022-10-08 16:30:53.364039	37743	5526	308130	109081763782364441
2666	2022-09-28 23:02:00	2022-10-08 16:30:56.805973	2379	5526	308133	109079240464449408
2668	2022-09-28 19:36:00	2022-10-08 16:33:48.331489	35310	5526	308140	109078651640141954
2670	2022-09-27 22:52:00	2022-10-08 16:34:03.698441	14257	5526	308159	109073744698410206
2671	2022-09-27 22:40:00	2022-10-08 16:34:07.209993	14257	5526	308162	109073687164661491
2672	2022-09-25 14:19:00	2022-10-08 16:34:11.259924	1000	5526	308165	109025129581912143
2673	2022-09-25 14:15:00	2022-10-08 16:34:12.151581	8467	5526	308166	109056537455828469
2611	2022-08-24 17:58:00	2022-10-07 23:16:15.968118	416	6564	289244	108878359170479224
2601	2022-07-21 08:27:00	2022-10-07 08:31:03.126946	27	6157	272662	108685115915257787
2677	2022-09-23 12:18:00	2022-10-08 16:34:28.198327	264265	5526	308186	109022361117399280
2678	2022-09-23 12:12:00	2022-10-08 16:34:29.226636	1303	5526	308188	108932691042495210
3067	2022-09-22 11:07:00	2022-10-09 09:03:59.292865	27	7785	336792	109039785020138109
2674	2022-09-24 19:22:00	2022-10-08 16:34:13.262665	33	5526	308168	109042039118737703
3903	2022-07-19 10:36:00	2022-10-14 01:03:25.446229	27	8575	401290	108674503868114391
2612	2022-08-24 17:57:00	2022-10-07 23:16:19.69209	211	6564	289246	108880016391056899
2648	2022-10-05 19:06:00	2022-10-08 16:29:48.326504	340	5526	308086	109117945296044529
3894	2022-07-02 11:16:00	2022-10-14 00:51:32.278405	27	8608	400739	108578395744117170
4073	2022-08-10 06:55:00	2022-10-15 02:45:26.022497	27	9367	432643	108794988674585741
3643	2022-08-31 12:47:00	2022-10-13 13:09:54.915137	27	8374	378927	108914046892336162
2642	2022-06-29 15:10:00	2022-10-08 10:45:58.179034	443	6555	295903	108561065739715320
2623	2022-08-08 20:37:00	2022-10-07 23:19:56.817681	731	6564	289374	108790102392237661
2622	2022-08-08 20:43:00	2022-10-07 23:19:48.23697	322	6564	289369	108790006648956583
2635	2022-08-04 21:55:00	2022-10-07 23:22:19.614559	322	6564	289447	108765457761533093
2682	2022-09-20 23:00:00	2022-10-08 16:34:57.044618	37649	5526	308218	109034158490412869
2688	2022-09-16 09:24:00	2022-10-08 16:35:18.710389	323	5526	308231	109003213418724242
2689	2022-09-15 23:00:00	2022-10-08 16:35:27.643696	428333	5526	308236	109004095362758463
2693	2022-09-08 07:38:00	2022-10-08 16:35:54.706002	2450	5526	308258	108962581955763361
2696	2022-09-04 00:00:00	2022-10-08 16:36:17.315473	9566	5526	308268	108938244162977392
4346	2022-09-08 11:11:00	2022-10-15 05:13:41.486383	1208	9365	437547	108963324881353955
2702	2022-09-01 16:51:00	2022-10-08 16:36:49.791905	135084	5526	308291	108924753943165619
2703	2022-09-01 07:49:00	2022-10-08 16:36:56.896081	9029	5526	308299	108898418619071613
2704	2022-08-31 13:30:00	2022-10-08 16:37:02.446046	9084	5526	308303	108913834211625212
2708	2022-08-25 13:40:00	2022-10-08 16:37:19.79237	2179	5526	308317	108884602378251580
2712	2022-08-17 10:11:00	2022-10-08 16:37:46.919585	323	5526	308338	108835848106966708
2730	2022-06-30 16:54:00	2022-10-08 16:42:55.123273	26915	5526	308545	108568406112637988
2741	2022-06-16 22:24:00	2022-10-08 16:51:48.988505	5769	1673	309261	108490373133956863
2743	2022-06-16 21:09:00	2022-10-08 16:51:53.098149	21142	1673	309265	108489294497480181
2747	2022-06-15 16:25:00	2022-10-08 16:52:14.431329	12658	1673	309310	108483341003724417
2754	2022-06-12 18:42:00	2022-10-08 16:52:37.951042	7321	1673	309345	108364851291816215
2755	2022-06-12 17:12:00	2022-10-08 16:52:39.160552	2391	1673	309347	108466544799405890
2756	2022-06-12 15:12:00	2022-10-08 16:52:40.594907	22657	1673	309349	108465676186615919
2760	2022-06-11 21:13:00	2022-10-08 16:52:44.761935	5646	1673	309357	108461821049403507
4358	2022-09-05 11:50:00	2022-10-15 05:14:43.496977	274	9365	437628	108946446752155041
3578	2022-10-09 12:42:00	2022-10-13 12:53:45.349966	843	2095	377283	109139152446340220
4194	2022-10-06 20:31:00	2022-10-15 04:57:18.097258	33	9365	436414	109120898657360921
3583	2022-09-29 14:33:00	2022-10-13 12:54:20.94941	1001	8374	377351	109082309139798953
3580	2022-09-30 15:45:00	2022-10-13 12:54:09.850873	102	8374	377329	109088896742555875
3819	2022-10-09 07:56:00	2022-10-13 21:36:15.926519	2782	8432	396234	109137999355714716
3825	2022-09-25 21:05:00	2022-10-13 21:41:03.033095	30031	8539	396526	109009521384150801
5552	2022-08-18 06:55:00	2022-10-16 16:34:14.933003	1958	4273	477711	108843463517638124
3829	2022-09-21 15:47:00	2022-10-13 21:43:15.314914	1302	8539	396610	109033612300259174
2694	2022-09-06 14:54:00	2022-10-08 16:36:12.381967	27	5526	308264	108952375043102468
3850	2022-08-21 22:50:00	2022-10-13 22:02:51.461047	11018	8539	397196	108858834733773842
3854	2022-09-13 13:17:00	2022-10-13 22:05:30.832931	36787	8418	397312	108992228479584398
2695	2022-09-05 11:03:00	2022-10-08 16:36:13.995865	27	5526	308265	108945966189526757
3868	2022-08-07 17:20:00	2022-10-13 22:15:50.030431	7995	8539	397725	108783643748361202
3826	2022-10-03 18:50:00	2022-10-13 21:41:08.370919	8418	8418	396528	109106732132351510
4190	2022-07-28 19:15:00	2022-10-15 04:57:08.781145	462	1371	436401	108726936711203380
3831	2022-09-18 11:38:00	2022-10-13 21:45:00.211142	322	8539	396677	109019923096832752
4193	2022-10-08 11:42:00	2022-10-15 04:57:14.493014	11245	9365	436409	109129879685487364
4331	2022-09-12 10:28:00	2022-10-15 05:12:08.713019	41347	9365	437430	108985893858140775
4332	2022-09-12 07:23:00	2022-10-15 05:12:10.211451	148029	9365	437432	108977218187230577
4333	2022-09-11 21:00:00	2022-10-15 05:12:14.89702	2197	9365	437439	108980799762510228
4335	2022-09-11 09:42:00	2022-10-15 05:12:31.606848	26384	9365	437460	108980048973235833
5553	2022-08-18 05:28:00	2022-10-16 16:35:05.329045	8490	4273	477731	108843140834489280
4337	2022-09-10 07:05:00	2022-10-15 05:12:56.929796	11984	9365	437488	108973774372869442
5554	2022-08-18 05:17:00	2022-10-16 16:35:15.93484	31864	4273	477734	108843106173890998
5555	2022-08-18 05:12:00	2022-10-16 16:35:21.766127	7262	4273	477737	108843086097449149
5560	2022-08-17 06:50:00	2022-10-16 16:37:55.737879	5236	4273	477795	108831255981857571
4342	2022-09-09 08:19:00	2022-10-15 05:13:16.593134	1432	9365	437515	108968341673306043
2709	2022-08-22 15:48:00	2022-10-08 16:37:25.510566	950	5526	308321	108868251310814218
5562	2022-08-17 06:25:00	2022-10-16 16:38:19.591245	12743	4273	477801	108837580527604296
4345	2022-09-08 11:41:00	2022-10-15 05:13:34.01933	4226	9365	437536	108930850131983603
4340	2022-09-09 08:22:00	2022-10-15 05:13:12.687893	125	9365	437508	108968267987228208
4348	2022-09-06 19:39:00	2022-10-15 05:14:04.178598	36645	9365	437574	108954083726874272
4349	2022-09-06 18:32:00	2022-10-15 05:14:09.580403	313009	9365	437583	108925056643177312
4350	2022-09-06 18:30:00	2022-10-15 05:14:10.549943	313009	9365	437585	108925056643177312
4351	2022-09-06 18:00:00	2022-10-15 05:14:11.697132	31621	9365	437587	108953694953199529
4353	2022-09-06 15:05:00	2022-10-15 05:14:22.011252	29384	9365	437601	108952877047860382
4354	2022-09-06 14:52:00	2022-10-15 05:14:23.127044	39561	9365	437603	108952876740552194
2683	2022-09-20 23:00:00	2022-10-08 16:34:58.445698	143	5526	308219	109034100017547206
4356	2022-09-05 13:47:00	2022-10-15 05:14:32.520859	1988	9365	437616	108946442205223106
4341	2022-09-09 08:21:00	2022-10-15 05:13:15.298944	103	9365	437513	108962338523201047
4357	2022-09-05 13:39:00	2022-10-15 05:14:37.754833	61381	9365	437622	108943997173043965
2729	2022-06-30 22:45:00	2022-10-08 16:42:40.45667	4657	5526	308543	108516768112833126
3857	2022-08-14 09:37:00	2022-10-13 22:07:12.637402	416	8539	397384	108821467859026288
4334	2022-09-11 13:01:00	2022-10-15 05:12:19.821875	9365	9365	437445	108980068634456765
2705	2022-08-29 13:04:00	2022-10-08 16:37:11.757371	27	5526	308310	108907191344667023
2707	2022-08-27 16:14:00	2022-10-08 16:37:16.50154	27	5526	308314	108896589991469560
3241	2022-06-12 22:03:00	2022-10-09 09:21:39.246384	27	166	338405	108465265652745585
3657	2022-09-28 08:05:00	2022-10-13 13:11:59.87113	27	2095	379174	109075693097650167
2706	2022-08-27 16:16:00	2022-10-08 16:37:14.622372	2103	5526	308313	108895268733121346
3665	2022-08-24 19:58:00	2022-10-13 13:13:11.445089	27	8374	379309	108879184066385194
2684	2022-09-20 20:36:00	2022-10-08 16:35:03.369628	4299	5526	308222	109032903528190965
2685	2022-09-19 20:38:00	2022-10-08 16:35:05.715362	2436	5526	308223	109027652754578191
2686	2022-09-19 17:56:00	2022-10-08 16:35:08.877941	4280	5526	308224	109023517703116096
2687	2022-09-19 17:55:00	2022-10-08 16:35:11.785431	18682	5526	308225	109027259894658899
2690	2022-09-12 21:00:00	2022-10-08 16:35:35.988696	30031	5526	308243	108839848982666640
2698	2022-09-03 16:33:00	2022-10-08 16:36:20.912822	17460	5526	308271	108936133433275878
2700	2022-09-02 00:00:00	2022-10-08 16:36:26.82318	12846	5526	308277	108926053318948551
2711	2022-08-19 10:29:00	2022-10-08 16:37:32.2845	28485	5526	308326	108845500275770735
3581	2022-09-30 15:09:00	2022-10-13 12:54:12.04941	19445	8374	377333	109088903835805911
2765	2022-06-10 09:37:00	2022-10-08 16:55:56.689165	26	1673	309584	108450959131302470
2717	2022-08-10 17:39:00	2022-10-08 16:39:10.61263	76845	5526	308394	108800724687682317
2718	2022-08-10 16:35:00	2022-10-08 16:39:13.01265	11649	5526	308397	108799907070569931
2719	2022-08-08 22:56:00	2022-10-08 16:39:37.728162	190600	5526	308416	108790621498750353
2721	2022-08-07 20:54:00	2022-10-08 16:39:49.327563	2569	5526	308425	108777982981052744
2769	2022-08-15 12:58:00	2022-10-08 17:06:22.178733	360	1772	310363	108827930279602066
2723	2022-08-07 20:43:00	2022-10-08 16:39:53.373053	16629	5526	308428	108228907683571733
2726	2022-08-01 13:13:00	2022-10-08 16:40:32.635644	948	5526	308457	108729987022181653
2727	2022-07-10 23:13:00	2022-10-08 16:41:53.470114	154507	5526	308515	108625203611533685
2731	2022-06-26 22:40:00	2022-10-08 16:51:05.796473	4701	1673	309188	108547110579383860
2733	2022-06-24 13:17:00	2022-10-08 16:51:12.923915	53596	1673	309202	108533555639937537
2734	2022-06-23 15:50:00	2022-10-08 16:51:14.068225	683	1673	309204	108527990994498517
2736	2022-06-21 19:51:00	2022-10-08 16:51:18.827965	2200	1673	309211	108517853702478077
2739	2022-06-20 09:01:00	2022-10-08 16:51:41.49881	994	1673	309246	108507675485314582
2740	2022-09-01 22:18:00	2022-10-08 16:51:48.246256	19690	1772	309259	108926324520164420
2742	2022-06-16 21:16:00	2022-10-08 16:51:51.263917	5769	1673	309264	108490159699151334
2744	2022-06-16 20:33:00	2022-10-08 16:51:56.132507	5487	1673	309273	108489978067684853
2745	2022-06-16 18:43:00	2022-10-08 16:52:00.303264	37338	1673	309281	108489520665908356
2746	2022-06-16 13:43:00	2022-10-08 16:52:04.382529	44256	1673	309288	108488197033927166
2748	2022-06-15 15:36:00	2022-10-08 16:52:16.689951	97548	1673	309313	108483136917241841
2749	2022-06-15 15:31:00	2022-10-08 16:52:17.666946	2317	1673	309315	108482950038577991
2753	2022-08-31 23:30:00	2022-10-08 16:52:35.463229	37411	1772	309342	108920996216599196
2757	2022-06-12 09:21:00	2022-10-08 16:52:41.465851	53763	1673	309351	108463421773916510
2758	2022-06-11 21:26:00	2022-10-08 16:52:42.436555	4593	1673	309353	108461875628363071
2759	2022-06-11 21:24:00	2022-10-08 16:52:43.284653	5646	1673	309355	108461870454615843
2762	2022-06-11 20:45:00	2022-10-08 16:55:12.483764	5646	1673	309513	108461722052268924
2763	2022-06-11 18:05:00	2022-10-08 16:55:28.094549	6826	1673	309538	108459652457892802
2764	2022-06-10 19:46:00	2022-10-08 16:55:40.390358	2517	1673	309561	108455111625011312
2767	2022-08-21 16:34:00	2022-10-08 17:02:29.973918	140	1772	309998	108862704063864402
2732	2022-06-24 13:20:00	2022-10-08 16:51:10.717315	416	1673	309198	108533493389123787
2771	2022-08-01 17:09:00	2022-10-08 17:11:44.192866	6891	1772	310797	108749311056074319
2775	2022-07-06 20:44:00	2022-10-08 17:17:19.741435	842	1772	311178	108602810303347265
2777	2022-06-28 15:20:00	2022-10-08 17:19:05.559087	248256	1772	311332	108556691072428498
2778	2022-06-24 23:08:00	2022-10-08 17:20:39.063072	37411	1772	311402	108535867528731763
2735	2022-06-22 14:23:00	2022-10-08 16:51:15.820916	160	1673	309207	108522136304978184
2780	2022-06-20 23:06:00	2022-10-08 17:22:58.837293	2064	1772	311651	108510941890827437
2710	2022-08-21 20:19:00	2022-10-08 16:37:29.333914	411	5526	308324	108863519714098045
2675	2022-09-23 20:14:00	2022-10-08 16:34:21.770723	5526	5526	308178	109042495336420679
2714	2022-08-12 10:02:00	2022-10-08 16:38:48.044446	5526	5526	308374	108810240129194770
2722	2022-08-07 20:49:00	2022-10-08 16:39:51.055427	5526	5526	308426	108784486597595644
2724	2022-08-06 23:24:00	2022-10-08 16:39:56.104401	5526	5526	308430	108779416122045304
2784	2022-06-10 21:45:00	2022-10-08 18:34:02.250973	6551	6956	316007	108399986721582422
2720	2022-08-08 19:48:00	2022-10-08 16:39:39.094005	125	5526	308417	108789780534556385
2786	2022-10-04 03:38:00	2022-10-08 19:06:19.751777	31129	7085	317205	108673016549034063
2787	2022-07-10 16:02:00	2022-10-08 19:06:55.058938	1844	7085	317244	108596772812997213
2788	2022-07-07 14:32:00	2022-10-08 19:07:07.5458	140	7085	317259	108607417596887839
2761	2022-08-29 14:22:00	2022-10-08 16:54:16.056424	147	1772	309436	108907488122556861
2768	2022-08-19 12:06:00	2022-10-08 17:03:44.630191	143	1772	310113	108850386993353147
2728	2022-07-07 03:41:00	2022-10-08 16:42:18.933483	322	5526	308525	108603191346020065
2692	2022-09-09 20:06:00	2022-10-08 16:35:42.598408	103	5526	308248	108970391804867247
2781	2022-06-17 23:03:00	2022-10-08 17:23:51.831832	234	1772	311733	108495176353913340
2772	2022-07-26 19:46:00	2022-10-08 17:13:07.744633	974	1772	310907	108716251282704774
2738	2022-06-20 17:03:00	2022-10-08 16:51:39.148625	2520	1673	309243	108510493223073943
2725	2022-08-05 17:05:00	2022-10-08 16:40:08.660792	20387	5526	308436	108772121084534770
2697	2022-09-04 00:00:00	2022-10-08 16:36:19.72406	27	5526	308270	108938167251314792
2715	2022-08-11 21:48:00	2022-10-08 16:39:03.355467	27	5526	308387	108806575151601789
2716	2022-08-11 21:45:00	2022-10-08 16:39:04.484892	27	5526	308388	108806472083186644
2782	2022-06-16 16:23:00	2022-10-08 17:24:22.216745	234	1772	311788	108485154625673944
2774	2022-07-07 20:00:00	2022-10-08 17:17:02.220322	80	1772	311151	108608772360742305
2766	2022-08-22 16:45:00	2022-10-08 17:02:07.887645	1118	1772	309953	108868464547081590
2750	2022-06-15 12:39:00	2022-10-08 16:52:20.173543	265	1673	309319	108482415895335339
2737	2022-06-21 19:42:00	2022-10-08 16:51:33.035814	416	1673	309232	108517546578865768
2691	2022-09-09 20:10:00	2022-10-08 16:35:40.453589	312	5526	308246	108954276633127338
2790	2022-08-06 01:45:00	2022-10-08 20:16:14.931341	7726	351	318899	108774308875903427
3587	2022-09-24 21:45:00	2022-10-13 12:55:05.110537	4458	8374	377427	109055389481697262
2789	2022-08-17 13:08:00	2022-10-08 20:15:57.623987	351	351	318876	108836591704843586
2794	2022-07-18 15:27:00	2022-10-08 20:42:22.812238	9670	7210	319896	108669956820169671
2795	2022-06-19 15:52:00	2022-10-08 23:57:07.737288	4888	7144	322931	108505866918915210
2796	2022-06-19 15:44:00	2022-10-08 23:57:10.030405	7634	7144	322932	108502000273882059
2798	2022-06-19 14:21:00	2022-10-08 23:57:28.349873	1999	7144	322935	108504390217758058
2802	2022-06-17 14:54:00	2022-10-08 23:58:10.47003	7634	7144	322959	108494002818124825
2804	2022-10-08 11:14:00	2022-10-09 02:28:19.415703	140	7630	324427	109132960494634570
2806	2022-10-08 03:02:00	2022-10-09 02:29:12.795605	4231	7630	324497	109131290303578292
2807	2022-10-08 02:26:00	2022-10-09 02:29:17.515522	140	7630	324504	109129429480491280
2809	2022-10-07 12:32:00	2022-10-09 02:30:20.42925	842	7630	324586	109127566188002988
2811	2022-10-06 23:32:00	2022-10-09 02:30:46.163568	140	7630	324622	109124846759131746
3228	2022-09-03 01:26:00	2022-10-09 09:17:32.837798	27	6551	337999	108926753345024129
2814	2022-10-05 15:16:00	2022-10-09 02:38:03.003553	271	7630	324956	109117266771926435
4016	2022-09-14 07:29:00	2022-10-15 00:40:14.391248	27	9379	431403	108994575631471182
2816	2022-10-05 12:19:00	2022-10-09 02:38:34.256723	8465	7630	324984	109116362954286763
2817	2022-10-05 10:50:00	2022-10-09 02:38:46.278945	323	7630	324995	109113333569236276
3593	2022-09-22 19:54:00	2022-10-13 12:56:08.426261	17769	8374	377529	109044535407381134
2819	2022-10-05 09:37:00	2022-10-09 02:38:52.646266	140	7630	324999	109115868404103451
2820	2022-10-05 07:53:00	2022-10-09 02:39:03.783221	4205	7630	325008	109110009200718160
2821	2022-10-05 07:48:00	2022-10-09 02:39:05.453282	140	7630	325010	109111445596288593
2822	2022-10-05 07:40:00	2022-10-09 02:39:08.677349	2114	7630	325013	109114327656011060
4017	2022-09-14 07:28:00	2022-10-15 00:40:15.861787	27	9379	431404	108994579415821229
3598	2022-09-22 19:38:00	2022-10-13 12:56:25.134161	825	8374	377559	109044577619622716
2826	2022-10-03 09:52:00	2022-10-09 02:40:43.911614	842	7630	325089	109104653367059598
3600	2022-09-22 19:21:00	2022-10-13 12:56:28.906745	3825	8374	377566	109044590560502235
3601	2022-09-22 14:55:00	2022-10-13 12:56:33.088844	1928	8374	377572	109043573253225683
2831	2022-09-27 14:21:00	2022-10-09 02:54:35.113781	842	7630	325383	109070722600028942
2833	2022-09-27 12:54:00	2022-10-09 02:54:40.373923	140	7630	325387	109070961120769332
2834	2022-09-27 10:29:00	2022-10-09 02:54:52.702373	842	7630	325396	109070693224098991
2835	2022-09-27 04:13:00	2022-10-09 02:55:34.997623	166	7630	325429	109067572089020395
2793	2022-07-28 16:17:00	2022-10-08 20:42:12.62398	143	7210	319887	108726468747992655
4019	2022-08-30 12:35:00	2022-10-15 00:40:29.298399	27	9379	431416	108911902567097365
2828	2022-10-02 16:54:00	2022-10-09 02:41:20.594419	199	7630	325125	109100650248574156
2797	2022-06-19 15:25:00	2022-10-08 23:57:12.105054	781	7144	322933	108499264579414214
2827	2022-10-03 06:35:00	2022-10-09 02:41:06.58941	138	7630	325107	109103792852758852
2791	2022-08-04 11:03:00	2022-10-08 20:16:44.88589	38288	351	318938	108749044759354785
2869	2022-09-16 10:11:00	2022-10-09 03:07:11.43523	198	7630	325949	109008263572260587
2810	2022-10-07 10:47:00	2022-10-09 02:30:22.947319	1118	7630	324590	109127524725311252
2848	2022-09-22 05:19:00	2022-10-09 03:00:25.057214	140	7630	325656	109039754686392180
8182	2022-06-28 11:26:00	2022-10-21 06:23:17.067132	27	11313	579383	108553428963985154
3884	2022-07-20 05:30:00	2022-10-13 22:27:59.898548	27	8539	398112	108677202766684032
4020	2022-08-26 23:09:00	2022-10-15 00:40:30.358833	27	9379	431417	108891449843705881
3692	2022-08-04 23:07:00	2022-10-13 13:21:13.791624	27	8374	380078	108767683916914992
3686	2022-08-11 18:01:00	2022-10-13 13:18:36.875378	27	8374	379850	108806472083186644
3765	2022-07-20 07:21:00	2022-10-13 13:55:26.06356	27	8256	383011	108664276278435722
2858	2022-09-19 11:52:00	2022-10-09 03:02:29.991937	140	7630	325748	109025622077960593
4014	2022-08-11 17:38:00	2022-10-14 23:06:47.838004	27	9376	430814	108806026529772871
4375	2022-09-04 11:08:00	2022-10-15 05:15:44.965311	27	9365	437710	108937917143704583
2862	2022-09-18 10:55:00	2022-10-09 03:03:33.459253	140	7630	325794	109019954148967597
4514	2022-08-12 06:29:00	2022-10-15 05:30:00.081978	27	9365	438765	108806534472018877
4516	2022-08-12 06:21:00	2022-10-15 05:30:07.197177	27	9365	438770	108806026529772871
4560	2022-08-07 16:51:00	2022-10-15 05:35:38.408662	27	9365	439065	108783512711024097
4716	2022-07-20 09:34:00	2022-10-15 05:55:26.71621	27	9365	440050	108664390838314064
2857	2022-09-19 11:57:00	2022-10-09 03:02:27.68426	28	7630	325746	109025665233621532
2867	2022-09-16 14:12:00	2022-10-09 03:07:06.518848	140	7630	325945	109008884752828192
2800	2022-06-18 08:07:00	2022-10-08 23:57:47.727903	974	7144	322948	108495725937641226
2818	2022-10-05 09:44:00	2022-10-09 02:38:50.925178	7630	7630	324998	109115045323318066
2841	2022-09-25 08:34:00	2022-10-09 02:56:56.197542	974	7630	325489	109059030407324521
2861	2022-09-18 12:21:00	2022-10-09 03:03:29.755655	2103	7630	325792	109019689088961390
2839	2022-09-26 16:20:00	2022-10-09 02:55:40.717599	1118	7630	325433	109066063427334460
2855	2022-09-19 19:29:00	2022-10-09 03:01:47.79355	1118	7630	325718	109027638538769762
2805	2022-10-08 11:11:00	2022-10-09 02:28:21.652602	174	7630	324430	109132876600163775
2799	2022-06-19 12:11:00	2022-10-08 23:57:34.73786	322	7144	322939	108504562258100125
8172	2022-08-07 14:09:00	2022-10-21 05:55:18.455965	416	11313	578707	108781708650704332
2871	2022-09-15 14:07:00	2022-10-09 03:08:08.322476	5974	7630	325997	109000411096570844
2872	2022-09-15 14:03:00	2022-10-09 03:08:11.54614	140	7630	325999	109002670877387835
3870	2022-09-01 09:48:00	2022-10-13 22:18:21.790943	125	8418	397807	108919824495887894
2874	2022-09-15 07:04:00	2022-10-09 03:09:16.053913	1448	7630	326055	108986773153055998
3588	2022-09-24 16:06:00	2022-10-13 12:55:20.808924	684	8374	377450	109054904950047507
3597	2022-09-22 19:40:00	2022-10-13 12:56:23.976187	17769	8374	377557	109044576503571833
3849	2022-09-14 03:58:00	2022-10-13 22:02:46.319998	12529	8418	397192	108995676515869315
3851	2022-09-14 03:35:00	2022-10-13 22:03:03.079782	843	8418	397200	108995578707405782
3852	2022-08-21 07:31:00	2022-10-13 22:03:23.479246	2319	8539	397216	108858444476891437
2886	2022-09-10 21:50:00	2022-10-09 03:17:34.341608	1844	7630	326664	108977209025722282
2888	2022-09-10 10:33:00	2022-10-09 03:18:31.489474	140	7630	326745	108974547468278906
3860	2022-08-12 18:34:00	2022-10-13 22:09:03.90287	4542	8539	397453	108810945087374876
3862	2022-09-08 00:00:00	2022-10-13 22:10:30.699876	1593	8418	397512	108960861519403772
3863	2022-08-10 20:39:00	2022-10-13 22:11:07.755155	57342	8539	397541	108801390559307904
3864	2022-09-07 23:04:00	2022-10-13 22:11:27.206879	8603	8418	397558	108953100705454175
3866	2022-09-07 11:54:00	2022-10-13 22:13:12.599915	4277	8418	397622	108957678775140818
2895	2022-09-04 10:41:00	2022-10-09 03:30:38.105903	12317	7630	327742	108936645605310461
3861	2022-09-08 14:36:00	2022-10-13 22:09:38.609314	232	8418	397478	108931423962109770
2900	2022-09-03 09:37:00	2022-10-09 03:31:36.066567	140	7630	327823	108934527654692050
2882	2022-09-12 22:26:00	2022-10-09 03:14:40.478493	27	7630	326426	108988708409478927
3856	2022-08-15 20:34:00	2022-10-13 22:06:47.114951	27	8539	397370	108828041518355960
2908	2022-09-01 08:12:00	2022-10-09 03:34:46.954407	140	7630	328076	108923057855658387
5564	2022-08-17 00:00:00	2022-10-16 16:38:54.930009	4273	4273	477811	108836308493377260
3874	2022-08-02 04:12:00	2022-10-13 22:21:57.242786	2280	8539	397925	108750068636951912
3875	2022-08-30 13:43:00	2022-10-13 22:22:42.154842	8603	8418	397949	108910540231383948
3876	2022-08-29 21:03:00	2022-10-13 22:23:22.667855	2204	8418	397967	108800526099370004
2873	2022-09-15 11:45:00	2022-10-09 03:08:38.919239	326	7630	326023	109002958087101729
2878	2022-09-14 17:22:00	2022-10-09 03:10:09.753281	28	7630	326097	108998813799483172
3865	2022-08-10 03:39:00	2022-10-13 22:11:31.606719	105	8539	397561	108794994141110934
2892	2022-09-06 19:49:00	2022-10-09 03:26:16.128907	116	7630	327418	108931319379022129
2920	2022-08-30 14:14:00	2022-10-09 03:36:53.852844	140	7630	328246	108912586203926819
2907	2022-09-02 05:35:00	2022-10-09 03:34:19.758077	34	7630	328039	108920977651293632
3599	2022-09-22 19:24:00	2022-10-13 12:56:27.700896	1408	8374	377564	109043512803839626
3871	2022-08-04 11:07:00	2022-10-13 22:20:08.447195	410	8539	397871	108765117673873148
3196	2022-06-28 21:08:00	2022-10-09 09:14:34.157503	27	7785	337662	108556603830423540
2929	2022-08-27 19:16:00	2022-10-09 03:39:30.279038	19984	7630	328461	108885017017429711
2923	2022-08-29 21:29:00	2022-10-09 03:38:39.671161	140	7630	328387	108909139591193269
2941	2022-08-25 09:16:00	2022-10-09 03:41:26.190325	185	7630	328616	108883694263953970
2870	2022-09-15 18:49:00	2022-10-09 03:07:27.842569	805	7630	325963	109004711717881526
3206	2022-06-28 03:08:00	2022-10-09 09:15:44.919439	27	166	337799	108553428963985154
2876	2022-09-15 06:06:00	2022-10-09 03:09:27.230253	199	7630	326066	109000332901223125
3595	2022-09-22 19:52:00	2022-10-13 12:56:15.764075	359	8374	377541	109044539834843882
2903	2022-09-02 14:16:00	2022-10-09 03:32:58.902876	781	7630	327942	108926674327314614
4792	2022-07-09 20:33:00	2022-10-15 06:05:12.489228	27	9365	440598	108619697618335051
6403	2022-10-14 18:26:00	2022-10-18 18:49:30.762085	27	10804	523638	109164275270898618
6337	2022-07-09 00:00:00	2022-10-17 20:31:18.22047	27	10413	509862	108611616022302760
2934	2022-08-26 16:27:00	2022-10-09 03:40:27.122942	2436	7630	328536	108881225790649819
4956	2022-09-16 22:49:00	2022-10-15 14:02:22.208998	27	9474	451585	109009299566785023
2936	2022-08-26 07:41:00	2022-10-09 03:41:02.801298	140	7630	328584	108888801893157662
2942	2022-08-25 08:00:00	2022-10-09 03:41:35.60986	1613	7630	328630	108883312244621247
2946	2022-08-24 21:25:00	2022-10-09 03:42:05.027348	185	7630	328671	108880821019100359
2879	2022-09-14 07:25:00	2022-10-09 03:11:48.902226	1118	7630	326184	108996484857543915
2877	2022-09-14 17:44:00	2022-10-09 03:10:05.934904	7630	7630	326094	108998943050267468
2881	2022-09-12 23:18:00	2022-10-09 03:14:19.429351	7642	7630	326396	108988690665499711
2902	2022-09-02 19:24:00	2022-10-09 03:32:33.466231	7642	7630	327907	108931367631931199
2912	2022-08-31 22:33:00	2022-10-09 03:35:06.869062	7642	7630	328098	108917454152920911
3855	2022-09-13 12:42:00	2022-10-13 22:06:10.251122	1118	8418	397342	108992043445781617
2896	2022-09-04 09:46:00	2022-10-09 03:30:44.59861	1118	7630	327753	108937633827206791
3872	2022-08-30 20:42:00	2022-10-13 22:20:19.989823	1118	8418	397877	108914690661778183
2911	2022-09-01 05:31:00	2022-10-09 03:35:00.353024	1118	7630	328093	108920953608761434
2913	2022-08-31 22:26:00	2022-10-09 03:35:08.659179	1118	7630	328100	108920731539146712
2926	2022-08-29 14:10:00	2022-10-09 03:39:09.411432	1118	7630	328430	108907395086629390
3877	2022-08-29 20:54:00	2022-10-13 22:23:45.674969	174	8418	397979	108908222616182237
2875	2022-09-15 06:11:00	2022-10-09 03:09:23.824312	847	7630	326063	108998423596567942
2890	2022-09-09 14:14:00	2022-10-09 03:21:11.34604	270	7630	326963	108969405232604224
2897	2022-09-04 09:43:00	2022-10-09 03:30:47.891775	1611	7630	327757	108919199585233584
3858	2022-09-12 14:12:00	2022-10-13 22:07:26.954926	274	8418	397395	108986698456697231
2944	2022-08-25 07:29:00	2022-10-09 03:41:42.050221	215	7630	328640	108881083283440410
2938	2022-08-26 06:10:00	2022-10-09 03:41:07.487892	143	7630	328591	108886989876807805
3590	2022-09-22 21:40:00	2022-10-13 12:55:48.095004	12503	8374	377498	109040092688709041
2950	2022-08-23 13:52:00	2022-10-09 03:43:07.730451	27	7630	328763	108873274314385814
3591	2022-09-22 20:04:00	2022-10-13 12:55:58.226184	7959	8374	377512	109044491133098122
2951	2022-08-23 13:51:00	2022-10-09 03:43:08.611602	27	7630	328765	108873285169380322
3968	2022-08-08 19:05:00	2022-10-14 13:36:52.56931	27	8771	417193	108789700493889917
2980	2022-08-15 13:50:00	2022-10-09 03:50:59.246935	825	7630	329379	108828151533194852
2947	2022-08-24 21:02:00	2022-10-09 03:42:06.264351	359	7630	328673	108879694271470517
2989	2022-08-14 07:29:00	2022-10-09 03:51:37.986325	19439	7630	329433	108820547831091431
2993	2022-08-14 04:48:00	2022-10-09 03:51:49.954268	9678	7630	329450	108818529808527219
3013	2022-08-10 16:30:00	2022-10-09 03:58:12.519828	1118	7630	329948	108800447315042492
3031	2022-08-09 15:35:00	2022-10-09 04:00:49.724293	1118	7630	330127	108794363728831447
3594	2022-09-22 19:53:00	2022-10-13 12:56:11.657555	17769	8374	377535	109044538792240295
3009	2022-08-11 08:09:00	2022-10-09 03:57:12.679986	174	7630	329864	108804025132387471
3602	2022-09-21 09:33:00	2022-10-13 12:56:55.041519	6681	8374	377607	109036566640494486
3017	2022-08-10 13:27:00	2022-10-09 03:58:29.75866	9366	7630	329972	108799748742749390
3603	2022-09-21 09:28:00	2022-10-13 12:56:55.886367	2191	8374	377609	109034254842950540
3605	2022-09-19 15:56:00	2022-10-13 12:57:16.946234	8465	8374	377643	109020151771745190
8176	2022-07-13 20:40:00	2022-10-21 06:11:36.079408	77873	11313	579096	108640953685154300
3044	2022-08-08 22:44:00	2022-10-09 04:02:21.449178	199	7630	330246	108790277044468655
8175	2022-07-17 15:27:00	2022-10-21 06:10:22.387871	416	11313	579066	108662990980914808
2981	2022-08-15 13:44:00	2022-10-09 03:51:02.866474	143	7630	329383	108827989507585202
2825	2022-10-04 11:48:00	2022-10-09 02:39:38.05128	7630	7630	325038	108917541109053600
2829	2022-09-28 10:00:00	2022-10-09 02:53:49.340172	7630	7630	325354	109075774808100039
2844	2022-09-24 11:14:00	2022-10-09 02:58:01.305221	7630	7630	325549	109052409132438975
2851	2022-09-20 18:18:00	2022-10-09 03:01:13.477945	7630	7630	325693	109031052543150127
2863	2022-09-17 15:35:00	2022-10-09 03:04:28.012793	7630	7630	325834	109015230866628337
2866	2022-09-16 15:04:00	2022-10-09 03:06:57.824714	7630	7630	325939	109009610424897872
2880	2022-09-13 12:42:00	2022-10-09 03:12:58.496522	7630	7630	326285	108991894455718990
2883	2022-09-12 18:28:00	2022-10-09 03:14:55.386216	7630	7630	326447	108962986160000507
2885	2022-09-12 18:16:00	2022-10-09 03:14:58.571839	7630	7630	326451	108986154184313072
2887	2022-09-10 12:11:00	2022-10-09 03:18:02.619743	7630	7630	326704	108974943718367855
2840	2022-09-25 12:33:00	2022-10-09 02:56:32.632127	7630	7630	325472	108974622453835744
2889	2022-09-10 09:06:00	2022-10-09 03:19:08.902087	7630	7630	326794	108974077940703652
2884	2022-09-12 18:27:00	2022-10-09 03:14:57.109469	7630	7630	326449	108964746052148438
2891	2022-09-07 14:22:00	2022-10-09 03:24:24.575551	7630	7630	327257	108958456145661330
2893	2022-09-06 07:54:00	2022-10-09 03:27:09.485924	7630	7630	327498	108951277328724809
2894	2022-09-05 19:52:00	2022-10-09 03:27:44.328836	7630	7630	327544	108946501437479089
2901	2022-09-03 09:24:00	2022-10-09 03:31:37.662363	7630	7630	327826	108934567717016777
2898	2022-09-03 12:56:00	2022-10-09 03:31:16.300611	7630	7630	327795	108934236699534166
2905	2022-09-02 07:27:00	2022-10-09 03:34:13.208968	7630	7630	328030	107898862714922539
2906	2022-09-02 07:19:00	2022-10-09 03:34:15.800064	7630	7630	328034	108920106713749915
2909	2022-09-01 08:03:00	2022-10-09 03:34:55.478363	7630	7630	328085	108920106713749915
2914	2022-08-31 15:46:00	2022-10-09 03:35:41.060046	7630	7630	328149	107898862714922539
2910	2022-09-01 08:02:00	2022-10-09 03:34:57.158551	7630	7630	328088	108917505401773690
2915	2022-08-31 06:17:00	2022-10-09 03:36:15.044265	7630	7630	328193	108916952423083140
2917	2022-08-30 17:42:00	2022-10-09 03:36:36.125942	7630	7630	328222	108912020057821888
2949	2022-08-24 15:20:00	2022-10-09 03:42:18.314576	7630	7630	328693	108879462414928358
2968	2022-08-19 09:42:00	2022-10-09 03:46:41.266699	7630	7630	329052	108816750350364086
3004	2022-08-11 15:03:00	2022-10-09 03:54:22.277165	7630	7630	329652	108805785199763422
3008	2022-08-11 11:18:00	2022-10-09 03:55:51.787	7630	7630	329762	108804765141637040
3016	2022-08-10 16:11:00	2022-10-09 03:58:17.725613	7630	7630	329955	108800211441575215
3018	2022-08-10 13:12:00	2022-10-09 03:58:34.019148	7630	7630	329977	108799680199301288
3019	2022-08-10 12:40:00	2022-10-09 03:58:38.646496	7630	7630	329983	108798627975335489
2969	2022-08-18 07:49:00	2022-10-09 03:47:29.823387	125	7630	329116	108843458501344869
3014	2022-08-10 16:28:00	2022-10-09 03:58:14.198375	143	7630	329950	108800430869157863
3006	2022-08-11 14:22:00	2022-10-09 03:54:45.07307	7642	7630	329682	108805624550852833
3658	2022-08-26 09:06:00	2022-10-13 13:12:02.611993	27	8374	379178	108889268204922391
3010	2022-08-11 03:33:00	2022-10-09 03:57:37.578444	7642	7630	329902	108801944724609737
3011	2022-08-10 17:28:00	2022-10-09 03:57:58.742211	7642	7630	329928	108800569938791829
3041	2022-08-08 23:09:00	2022-10-09 04:02:12.051005	419	7630	330233	108790199378265658
3478	2022-10-03 21:13:00	2022-10-13 02:07:25.061429	27	8212	367194	109106987671479802
4958	2022-08-08 19:28:00	2022-10-15 15:27:10.999959	27	5368	452898	108789700493889917
3034	2022-08-09 08:03:00	2022-10-09 04:01:40.954369	206	7630	330192	108791372318517179
8047	2022-08-02 18:51:00	2022-10-21 04:25:50.932561	27	11304	575779	108754953580660252
8976	2022-09-20 00:00:00	2022-10-26 07:24:57.245312	27	13173	665621	109031043885568544
2952	2022-08-23 13:38:00	2022-10-09 03:43:11.088256	110	7630	328768	108872752663778267
2999	2022-08-12 15:07:00	2022-10-09 03:53:21.183379	416	7630	329571	108810823730261339
2948	2022-08-24 20:28:00	2022-10-09 03:42:07.920279	140	7630	328675	108880232099462453
2953	2022-08-23 12:40:00	2022-10-09 03:43:12.946085	1343	7630	328772	108872923072398870
3606	2022-09-17 16:27:00	2022-10-13 12:57:54.589507	2402	8374	377713	109015591995756729
3610	2022-09-11 15:55:00	2022-10-13 12:58:54.140654	37385	8374	377823	108981425328719699
2959	2022-08-21 07:28:00	2022-10-09 03:45:16.459893	10641	7630	328942	108838452222427655
2965	2022-08-19 15:42:00	2022-10-09 03:46:27.432725	1343	7630	329032	108851229645214913
3612	2022-09-07 21:50:00	2022-10-13 12:59:11.890946	2191	8374	377859	108959224343298499
2973	2022-08-17 10:17:00	2022-10-09 03:48:24.502251	140	7630	329196	108838324057993695
2974	2022-08-17 10:13:00	2022-10-09 03:48:29.324305	11010	7630	329203	108838388673591461
3616	2022-09-03 11:13:00	2022-10-13 13:01:09.567284	1000	8374	378034	108926402312430929
2977	2022-08-15 21:30:00	2022-10-09 03:50:26.032698	2102	7630	329343	108829618828604758
3878	2022-07-28 11:54:00	2022-10-13 22:23:56.758603	12420	8539	397982	108725769845016804
2988	2022-08-14 07:41:00	2022-10-09 03:51:36.457455	32408	7630	329431	108819359405990891
2990	2022-08-14 05:35:00	2022-10-09 03:51:44.312617	1998	7630	329442	108818470899908498
2991	2022-08-14 05:31:00	2022-10-09 03:51:46.555518	2114	7630	329446	108819856926402427
2992	2022-08-14 05:00:00	2022-10-09 03:51:48.286159	4338	7630	329448	108818326975582949
4026	2022-08-08 19:52:00	2022-10-15 00:41:04.692467	27	9379	431440	108785369898477290
3873	2022-08-30 18:55:00	2022-10-13 22:20:27.502936	8418	8418	397881	108914198640578780
4191	2022-10-08 11:44:00	2022-10-15 04:57:11.731425	11245	9365	436404	109123076065758376
3015	2022-08-10 16:28:00	2022-10-09 03:58:15.86688	4433	7630	329953	108800459543520400
4196	2022-10-06 20:21:00	2022-10-15 04:57:42.457091	350350	9365	436439	109124024935117401
8178	2022-07-10 18:17:00	2022-10-21 06:13:57.727614	2179	11313	579158	108566798235162860
3024	2022-08-10 07:58:00	2022-10-09 03:59:21.662978	1343	7630	330036	108796740997392010
3026	2022-08-10 06:28:00	2022-10-09 03:59:44.548993	1001	7630	330065	108793436080227310
3027	2022-08-10 06:26:00	2022-10-09 03:59:47.940574	1343	7630	330068	108794061200680485
8179	2022-07-05 14:22:00	2022-10-21 06:16:42.136374	9048	11313	579219	108596060437897853
4426	2022-08-22 19:04:00	2022-10-15 05:21:15.108941	27	9365	438118	108783512711024097
4439	2022-08-19 18:17:00	2022-10-15 05:22:37.288985	27	9365	438217	108839563329746832
2983	2022-08-15 08:23:00	2022-10-09 03:51:18.231021	35	7630	329404	108826859954072518
2955	2022-08-23 05:07:00	2022-10-09 03:43:35.88922	1118	7630	328804	108869801968417370
2937	2022-08-26 07:38:00	2022-10-09 03:41:03.800593	7630	7630	328586	108868156432582013
2956	2022-08-22 22:08:00	2022-10-09 03:43:39.167688	7630	7630	328808	108866673439088382
2958	2022-08-22 09:07:00	2022-10-09 03:44:32.969111	7630	7630	328885	108866673439088382
2976	2022-08-16 15:39:00	2022-10-09 03:49:16.755877	7630	7630	329257	108833135459341478
2985	2022-08-14 14:32:00	2022-10-09 03:51:25.131511	7630	7630	329414	108561284512130749
3003	2022-08-11 17:03:00	2022-10-09 03:54:09.064999	7630	7630	329634	108805857319821542
3005	2022-08-11 14:25:00	2022-10-09 03:54:43.404933	7630	7630	329680	108805496170704511
2997	2022-08-12 15:50:00	2022-10-09 03:53:13.355344	7630	7630	329558	108804499690653262
3020	2022-08-10 10:22:00	2022-10-09 03:58:54.975825	7630	7630	330003	108799012154945395
2961	2022-08-20 08:40:00	2022-10-09 03:45:55.948857	1118	7630	328988	108853276252160073
2975	2022-08-17 09:34:00	2022-10-09 03:48:39.150868	1118	7630	329215	108837619011941541
3029	2022-08-09 20:26:00	2022-10-09 04:00:21.073044	7642	7630	330091	108790059475839065
2995	2022-08-13 07:39:00	2022-10-09 03:52:53.746224	199	7630	329533	108813616215538281
8177	2022-07-10 19:25:00	2022-10-21 06:13:36.45278	300	11313	579150	108215366818179228
4197	2022-10-06 20:14:00	2022-10-15 04:57:43.529682	6518	9365	436441	109124068008162431
4198	2022-10-06 20:13:00	2022-10-15 04:57:44.677076	2188	9365	436443	109122441990621712
3001	2022-08-11 20:18:00	2022-10-09 03:53:58.770176	1118	7630	329621	108807026394920691
4029	2022-08-06 21:22:00	2022-10-15 00:41:10.626938	27	9379	431445	108778035616637676
6479	2022-09-05 17:12:00	2022-10-18 19:09:12.546178	27	10804	523742	108945753521845976
5566	2022-08-16 23:31:00	2022-10-16 16:39:20.549009	10561	4273	477817	108834871263343313
5573	2022-08-16 16:00:00	2022-10-16 16:42:09.333166	9384	4273	477865	108834319374796845
2986	2022-08-14 12:59:00	2022-10-09 03:51:26.289423	300	7630	329416	108821311459332508
4221	2022-09-27 20:03:00	2022-10-15 04:59:51.378928	2382	9365	436594	109073033624220057
4228	2022-09-27 14:30:00	2022-10-15 05:02:24.08143	5071	9365	436728	109071718461660325
4229	2022-09-27 14:29:00	2022-10-15 05:02:25.345396	14171	9365	436730	109071737594909017
5538	2022-08-20 06:05:00	2022-10-16 16:31:18.025999	27	4273	477643	108850929644368155
4988	2022-09-25 19:40:00	2022-10-16 04:20:23.576449	27	7585	466386	109060603220768212
4994	2022-09-14 00:00:00	2022-10-16 04:20:44.506871	27	7585	466412	108994579415821229
5007	2022-09-02 00:00:00	2022-10-16 04:22:32.892623	27	7585	466529	108926463096277736
3039	2022-08-09 06:21:00	2022-10-09 04:02:06.519614	974	7630	330225	108790642257925172
3012	2022-08-10 17:25:00	2022-10-09 03:58:01.014101	1118	7630	329931	108800640299913516
4218	2022-09-29 12:49:00	2022-10-15 04:59:47.01198	125	9365	436588	109081544695310828
3028	2022-08-09 20:28:00	2022-10-09 04:00:19.112019	1118	7630	330089	108795740199206485
3030	2022-08-09 15:45:00	2022-10-09 04:00:45.263232	1118	7630	330122	108794594048106738
3032	2022-08-09 11:07:00	2022-10-09 04:01:10.101948	1118	7630	330152	108793489191622729
3045	2022-08-08 21:17:00	2022-10-09 04:02:31.042509	174	7630	330259	108788538569886343
3889	2022-07-10 07:33:00	2022-10-13 22:29:16.362392	222	8539	398155	108621393392720276
8180	2022-06-29 16:05:00	2022-10-21 06:22:50.278989	274	11313	579374	108562417814228280
4230	2022-09-27 11:45:00	2022-10-15 05:02:37.376066	274	9365	436745	109070902701672291
4226	2022-09-27 14:38:00	2022-10-15 05:00:22.457039	125	9365	436622	109071693452204705
3007	2022-08-11 14:06:00	2022-10-09 03:54:53.433347	416	7630	329692	108805424476331851
2921	2022-08-30 10:37:00	2022-10-09 03:37:13.10527	7630	7630	328274	108912007746514408
2918	2022-08-30 15:26:00	2022-10-09 03:36:44.923372	7630	7630	328235	108911972672485415
2916	2022-08-30 17:44:00	2022-10-09 03:36:34.540637	7630	7630	328219	108911809931359816
2924	2022-08-29 21:27:00	2022-10-09 03:38:40.60634	7630	7630	328389	108908453308082896
2931	2022-08-27 18:39:00	2022-10-09 03:39:37.878832	7630	7630	328471	108883597800393106
2932	2022-08-27 14:48:00	2022-10-09 03:40:08.909667	7630	7630	328508	108896313857419838
2945	2022-08-25 06:18:00	2022-10-09 03:41:45.673859	7630	7630	328646	108882993515133624
3035	2022-08-09 07:11:00	2022-10-09 04:01:55.04432	7630	7630	330212	108790130213014967
3060	2022-10-01 15:50:00	2022-10-09 09:03:19.031775	847	7785	336743	109093269822804423
3049	2022-07-01 11:55:00	2022-10-09 08:21:46.481611	7784	7784	335835	108572890670593391
3048	2022-09-01 22:01:00	2022-10-09 08:21:10.657444	416	7784	335809	108926211596636104
3053	2022-10-03 10:55:00	2022-10-09 09:02:59.691297	49425	7785	336720	109104911218127367
3072	2022-09-15 14:47:00	2022-10-09 09:04:19.50857	416	7785	336818	109003702287526566
3055	2022-10-02 15:43:00	2022-10-09 09:03:04.315627	2379	7785	336725	109099159038521178
3058	2022-10-01 17:09:00	2022-10-09 09:03:13.665356	19773	7785	336737	109093917788318141
3061	2022-10-01 14:12:00	2022-10-09 09:03:20.282832	4277	7785	336745	109090385399272382
3062	2022-09-30 11:56:00	2022-10-09 09:03:21.570024	4338	7785	336747	109088104256745411
3063	2022-09-30 09:52:00	2022-10-09 09:03:29.290453	1736	7785	336756	109085074217121114
3064	2022-09-28 17:40:00	2022-10-09 09:03:37.161466	81	7785	336765	109078188143323963
3097	2022-08-30 19:27:00	2022-10-09 09:06:37.354987	695	7785	336961	108897281663860568
3069	2022-09-19 23:05:00	2022-10-09 09:04:09.419445	275485	7785	336804	108998652049565851
3076	2022-09-08 13:56:00	2022-10-09 09:04:58.215251	4624	7785	336868	108946582818286367
5590	2022-08-14 07:04:00	2022-10-16 16:51:41.533314	27	4273	478018	108818848101510561
3082	2022-09-05 12:45:00	2022-10-09 09:05:21.06957	271	7785	336889	108946390115811600
3110	2022-08-18 14:19:00	2022-10-09 09:07:50.023486	34	7785	337037	108845063085322239
3101	2022-07-27 13:29:00	2022-10-09 09:07:08.416665	166	166	336990	108716285641720084
3100	2022-07-27 15:21:00	2022-10-09 09:07:05.934914	198	166	336987	108720890120576862
3089	2022-09-02 14:23:00	2022-10-09 09:06:10.168877	31132	7785	336934	108926864231412554
3090	2022-09-01 22:50:00	2022-10-09 09:06:16.104145	4279	7785	336938	108923551411495910
3057	2022-10-01 18:04:00	2022-10-09 09:03:11.609232	908	7785	336734	109095268063201710
3079	2022-09-06 13:53:00	2022-10-09 09:05:15.49194	326	7785	336882	108952231832626113
3085	2022-09-03 18:38:00	2022-10-09 09:05:33.547509	781	7785	336899	108934119409981524
3098	2022-08-30 06:57:00	2022-10-09 09:06:44.215665	2179	7785	336966	108910662282453487
3099	2022-08-26 23:51:00	2022-10-09 09:06:48.447436	224875	7785	336968	108892787922473952
3116	2022-10-07 20:48:00	2022-10-09 09:08:10.131134	199	6551	337064	109112648996433556
3095	2022-08-31 09:55:00	2022-10-09 09:06:32.512963	781	7785	336955	108915005308853676
3086	2022-09-03 15:08:00	2022-10-09 09:05:46.015722	144	7785	336912	108935698285160551
3106	2022-08-23 10:25:00	2022-10-09 09:07:36.330406	13140	7785	337018	108872612999128719
3070	2022-09-19 21:05:00	2022-10-09 09:04:14.025864	340	7785	336810	109027803498197029
3109	2022-08-18 17:28:00	2022-10-09 09:07:45.269073	2319	7785	337030	108845524873671417
4630	2022-08-01 14:32:00	2022-10-15 05:44:43.021202	27	9365	439477	108747924224083321
4684	2022-07-25 10:55:00	2022-10-15 05:51:20.760915	27	9365	439807	108707942896549589
3113	2022-08-17 23:18:00	2022-10-09 09:08:02.122907	4301	7785	337052	108841092958878755
3114	2022-10-08 09:45:00	2022-10-09 09:08:06.635037	1608	6551	337059	109132936727350986
3117	2022-08-17 12:51:00	2022-10-09 09:08:10.870087	1844	7785	337065	108658657388643766
4036	2022-07-25 22:38:00	2022-10-15 00:41:32.769889	27	9379	431463	108709665031742543
5568	2022-08-16 22:55:00	2022-10-16 16:40:09.292964	143	4273	477829	108835892309966994
3056	2022-10-02 15:41:00	2022-10-09 09:03:06.964046	206	7785	336728	109099892729809197
4041	2022-07-19 16:43:00	2022-10-15 00:41:49.806785	27	9379	431477	108664307557264250
4042	2022-07-16 12:04:00	2022-10-15 00:41:51.116595	27	9379	431478	108646372167943051
4701	2022-07-22 09:08:00	2022-10-15 05:53:44.313957	27	9365	439948	108689194787620302
879	2022-08-02 09:53:00	2022-09-23 07:48:04.361032	38288	788	76637	108749044759354785
6174	2022-06-14 06:45:00	2022-10-16 19:59:06.509661	27	4273	482040	108473830587893743
5018	2022-08-28 20:22:00	2022-10-16 04:23:02.138719	27	7585	466565	108902802318167354
3065	2022-09-22 14:32:00	2022-10-09 09:03:47.145935	974	7785	336777	109042142087964294
3066	2022-09-22 12:30:00	2022-10-09 09:03:48.247263	974	7785	336779	109033088282515958
3059	2022-10-01 17:07:00	2022-10-09 09:03:15.906379	174	7785	336739	109094945131060637
3078	2022-09-06 13:54:00	2022-10-09 09:05:13.801056	174	7785	336880	108951745428114308
3104	2022-08-23 10:35:00	2022-10-09 09:07:27.907694	174	7785	337015	108868560568632455
3073	2022-09-13 22:35:00	2022-10-09 09:04:38.4755	847	7785	336845	108992036241443502
3092	2022-09-01 22:32:00	2022-10-09 09:06:22.739848	847	7785	336943	108926312252149718
3096	2022-08-31 09:42:00	2022-10-09 09:06:34.961368	847	7785	336958	108917661169680966
3115	2022-08-17 15:28:00	2022-10-09 09:08:09.456986	222	7785	337063	108839850491150872
3077	2022-09-06 19:20:00	2022-10-09 09:05:10.253496	742	7785	336876	108953831843527945
3051	2022-08-18 14:30:00	2022-10-09 09:01:39.69315	147	166	336676	108845225669670286
3068	2022-09-19 23:29:00	2022-10-09 09:04:07.588955	312	7785	336801	108637369829533468
3126	2022-08-14 15:08:00	2022-10-09 09:08:38.954017	948	7785	337114	108729837973904728
3130	2022-08-13 02:06:00	2022-10-09 09:08:50.151584	2191	7785	337133	108812334605061826
3136	2022-07-19 12:46:00	2022-10-09 09:09:20.773487	1000	166	337176	108668612401877772
3143	2022-08-11 04:41:00	2022-10-09 09:09:44.300829	323	7785	337213	108802490235561791
3135	2022-08-12 09:39:00	2022-10-09 09:09:19.810428	168	7785	337175	108810163091351386
5008	2022-09-01 14:45:00	2022-10-16 04:22:34.505842	27	7585	466531	108924392103314855
3179	2022-07-16 10:17:00	2022-10-09 09:13:05.712803	3989	7785	337511	108657403829018278
3190	2022-07-03 10:35:00	2022-10-09 09:13:59.299626	1999	7785	337608	108579366930436418
3199	2022-09-10 17:42:00	2022-10-09 09:14:51.333019	932	6551	337696	108969260057137905
3200	2022-06-21 22:49:00	2022-10-09 09:15:08.189679	72725	7785	337725	108518809794937421
5016	2022-08-29 13:15:00	2022-10-16 04:22:58.892411	27	7585	466561	108907191344667023
3207	2022-06-14 09:54:00	2022-10-09 09:15:44.92421	3777	7785	337800	108475592649519200
5017	2022-08-28 20:27:00	2022-10-16 04:23:00.306819	27	7585	466563	108903151200669189
3129	2022-08-14 11:12:00	2022-10-09 09:08:44.649415	34	7785	337124	108815499933357901
3905	2022-07-15 01:05:00	2022-10-14 01:03:35.366086	34	8575	401301	108623898913390057
3909	2022-07-08 17:08:00	2022-10-14 01:04:39.92281	34	8575	401356	108612863943229495
3915	2022-06-25 23:08:00	2022-10-14 01:07:44.330303	34	8575	401523	108534265515494970
3252	2022-08-31 11:01:00	2022-10-09 09:24:09.081432	755	937	338662	108907481273446457
3256	2022-08-20 11:15:00	2022-10-09 09:24:37.251998	19353	6551	338715	108855776791400544
3257	2022-08-17 13:54:00	2022-10-09 09:25:33.520032	6551	6551	338804	108102725170100212
3259	2022-08-15 14:02:00	2022-10-09 09:25:45.939954	6551	6551	338832	107913196345947818
3883	2022-08-26 13:48:00	2022-10-13 22:27:05.840935	805	8418	398079	108890396922581696
3138	2022-08-11 13:41:00	2022-10-09 09:09:34.053938	199	7785	337197	108773321794628915
3211	2022-09-07 11:45:00	2022-10-09 09:15:56.94604	300	6551	337821	108957833968977468
3916	2022-06-25 18:02:00	2022-10-14 01:07:48.686528	1997	8575	401529	108538868624523640
3614	2022-09-04 12:30:00	2022-10-13 13:00:48.827105	94748	8374	378012	108940720417438228
3879	2022-07-28 10:54:00	2022-10-13 22:24:18.054834	2143	8539	397992	108721345810587687
3646	2022-08-30 14:24:00	2022-10-13 13:10:18.170458	27	8374	378965	108911922983364776
3882	2022-08-27 05:37:00	2022-10-13 22:26:29.541282	8490	8418	398061	108894133946392019
3901	2022-07-24 09:57:00	2022-10-14 01:02:21.986327	270	8575	401228	108702237086081309
3885	2022-07-18 05:10:00	2022-10-13 22:28:26.556612	922	8539	398128	108664400990717702
3886	2022-08-26 11:04:00	2022-10-13 22:28:42.167254	8583	8418	398137	108889762139113302
3887	2022-08-26 10:38:00	2022-10-13 22:29:07.550846	4433	8418	398148	108889652901738254
3888	2022-07-13 01:24:00	2022-10-13 22:29:13.565702	386	8539	398153	108637796763997846
3250	2022-08-22 10:11:00	2022-10-09 09:23:48.215453	274	6551	338626	108866858457421331
3892	2022-07-14 21:49:00	2022-10-14 00:49:43.062558	39489	8608	400681	108631813009262777
3893	2022-07-12 06:39:00	2022-10-14 00:50:18.780894	39489	8608	400695	108631813009262777
3219	2022-09-06 13:31:00	2022-10-09 09:16:31.609504	23	6551	337882	108952563362194771
3895	2022-09-30 07:38:00	2022-10-14 00:55:24.60778	2577	8575	400887	109077610142711386
3896	2022-08-21 09:19:00	2022-10-14 00:58:35.298462	1613	8575	401044	108837018139520590
3897	2022-08-11 11:35:00	2022-10-14 00:59:26.894406	2179	8575	401087	108799890007838838
3898	2022-08-01 07:35:00	2022-10-14 01:01:02.770186	323	8575	401163	108746030205902412
3899	2022-07-29 21:34:00	2022-10-14 01:01:20.208364	7827	8575	401179	108703063671444692
3902	2022-07-24 09:43:00	2022-10-14 01:02:25.030255	1312	8575	401231	108677075904569749
3613	2022-10-05 13:46:00	2022-10-13 12:59:31.166154	23	2095	377894	109116765181444570
3904	2022-07-17 09:39:00	2022-10-14 01:03:31.686392	1844	8575	401297	108660271511885426
3453	2022-06-10 10:34:00	2022-10-12 22:29:10.478908	27	8157	360539	108453011225436250
3118	2022-07-25 01:30:00	2022-10-09 09:08:12.554929	290	166	337068	108701512188558478
3907	2022-07-12 08:53:00	2022-10-14 01:04:15.08628	901	8575	401337	108631062807402672
3908	2022-07-12 08:01:00	2022-10-14 01:04:18.726297	4285	8575	401340	108613142104777184
3910	2022-07-06 08:41:00	2022-10-14 01:04:57.626494	20120	8575	401370	108597899268828969
3454	2022-06-10 10:33:00	2022-10-12 22:29:12.429398	27	8157	360542	108453040437157746
3912	2022-06-30 08:10:00	2022-10-14 01:06:43.046194	271	8575	401462	108563685537060485
3913	2022-06-30 08:05:00	2022-10-14 01:06:47.18262	271	8575	401465	108563798577301041
3914	2022-06-25 23:19:00	2022-10-14 01:07:34.762813	2436	8575	401515	108539875642872434
3911	2022-07-05 09:03:00	2022-10-14 01:05:59.842333	781	8575	401417	108586938582325118
3900	2022-07-27 11:56:00	2022-10-14 01:01:43.146349	781	8575	401201	108716469494250379
4819	2022-07-04 18:43:00	2022-10-15 06:09:21.634272	27	9365	440849	108589305278940569
5019	2022-08-27 19:23:00	2022-10-16 04:23:11.557996	27	7585	466576	108896166585759652
5025	2022-08-24 14:21:00	2022-10-16 04:23:39.092038	27	7585	466602	108879135674029909
5107	2022-08-02 19:07:00	2022-10-16 04:28:45.348865	27	7585	466933	108755602149816485
5117	2022-07-31 18:10:00	2022-10-16 04:29:24.171891	27	7585	466975	108743741050512893
3131	2022-08-12 15:30:00	2022-10-09 09:09:05.501527	174	7785	337154	108809247078078092
3132	2022-08-12 15:16:00	2022-10-09 09:09:07.214049	174	7785	337156	108809892126258805
3183	2022-07-06 21:08:00	2022-10-09 09:13:16.312583	174	166	337533	108603323832530888
3195	2022-09-12 11:23:00	2022-10-09 09:14:31.958065	147	6551	337659	108985421912756818
3153	2022-08-08 16:27:00	2022-10-09 09:10:31.45582	416	7785	337262	108789069025247206
3917	2022-06-25 16:13:00	2022-10-14 01:08:16.60782	416	8575	401552	108539926672542182
3152	2022-08-08 17:45:00	2022-10-09 09:10:29.450305	143	7785	337259	108789342473878526
3133	2022-10-05 00:00:00	2022-10-09 09:09:10.999455	1000	6551	337161	109112686124999844
3147	2022-08-09 17:42:00	2022-10-09 09:10:08.214927	3989	7785	337229	108794080741265465
3158	2022-08-04 22:53:00	2022-10-09 09:10:51.929928	1448	7785	337295	108766343000970411
3162	2022-08-03 13:11:00	2022-10-09 09:11:01.225295	47645	7785	337312	108759671536244665
3168	2022-09-22 20:16:00	2022-10-09 09:12:12.233997	576	6551	337419	109044620528484046
3178	2022-07-19 17:44:00	2022-10-09 09:12:57.612136	2280	7785	337498	108675631851962026
3180	2022-07-16 10:16:00	2022-10-09 09:13:06.857036	3989	7785	337513	108657362031545630
3615	2022-09-04 12:14:00	2022-10-13 13:01:00.414469	30727	8374	378026	108926416780316569
3193	2022-06-29 12:51:00	2022-10-09 09:14:18.194114	323	7785	337636	108558298952511742
3182	2022-09-18 06:32:00	2022-10-09 09:13:11.355217	6551	6551	337523	108968860454327006
3204	2022-09-08 16:30:00	2022-10-09 09:15:36.690412	1928	6551	337783	108964508641684525
3205	2022-09-08 14:11:00	2022-10-09 09:15:41.521793	1413	6551	337793	108963993969971900
3208	2022-06-13 22:47:00	2022-10-09 09:15:48.617845	3989	7785	337806	108470820917502591
3210	2022-06-10 11:24:00	2022-10-09 09:15:54.858885	2442	7785	337816	108453138019490647
3212	2022-06-10 11:12:00	2022-10-09 09:16:08.447534	40680	7785	337838	108452857386442551
3213	2022-06-10 11:08:00	2022-10-09 09:16:10.244982	17042	7785	337842	108453610765161060
3150	2022-08-08 22:21:00	2022-10-09 09:10:26.169615	2103	7785	337255	108789840708322772
3217	2022-09-22 17:35:00	2022-10-09 09:16:27.621556	1413	937	337876	109002742303997668
3620	2022-09-02 21:00:00	2022-10-13 13:02:25.526001	21340	8374	378139	108931581241145625
3622	2022-09-02 18:15:00	2022-10-13 13:02:37.067715	2191	8374	378152	108925396467979119
3232	2022-09-02 08:29:00	2022-10-09 09:17:49.440984	6551	6551	338033	108926608437348548
5569	2022-08-16 22:45:00	2022-10-16 16:40:16.345009	14891	4273	477832	108835904457229882
3122	2022-10-07 11:34:00	2022-10-09 09:08:18.066544	125	6551	337079	109124686387134275
3223	2022-06-23 21:40:00	2022-10-09 09:16:41.193713	166	166	337904	108528689870990896
3628	2022-09-01 09:23:00	2022-10-13 13:04:19.562578	7296	8374	378296	108923280191432020
3127	2022-10-06 02:06:00	2022-10-09 09:08:41.057657	143	6551	337118	109119638384929291
3655	2022-08-26 21:18:00	2022-10-13 13:11:53.386524	10953	8374	379155	108892116930453582
3659	2022-08-26 08:51:00	2022-10-13 13:12:09.305635	67123	8374	379194	108889043385170578
3660	2022-08-26 08:50:00	2022-10-13 13:12:11.489339	48270	8374	379198	108889055101090703
3627	2022-10-03 18:17:00	2022-10-13 13:03:33.597658	2095	2095	378221	109106654470254689
3880	2022-08-29 18:03:00	2022-10-13 22:24:18.504746	8418	8418	397993	108908315077229382
3216	2022-09-07 00:00:00	2022-10-09 09:16:24.751501	23	6551	337871	108954910514419111
4195	2022-10-06 20:26:00	2022-10-15 04:57:39.388974	7461	9365	436435	109104701484301970
4199	2022-10-05 18:07:00	2022-10-15 04:57:53.237737	13915	9365	436452	109099156302001245
4200	2022-10-05 18:01:00	2022-10-15 04:57:54.622683	12147	9365	436454	109117883442995103
4201	2022-10-05 17:53:00	2022-10-15 04:57:56.829064	8870	9365	436456	109116781054073017
4204	2022-10-05 12:55:00	2022-10-15 04:58:06.856948	18686	9365	436461	109116655421736539
4207	2022-10-04 16:35:00	2022-10-15 04:58:28.521357	271	9365	436487	109111126276619383
4210	2022-10-04 15:26:00	2022-10-15 04:58:36.84725	5071	9365	436498	109111124891340233
5570	2022-08-16 22:43:00	2022-10-16 16:40:27.860944	300	4273	477836	108835785680375302
5598	2022-08-14 05:15:00	2022-10-16 16:53:23.0015	32751	4273	478047	108817936890985980
4219	2022-09-28 20:36:00	2022-10-15 04:59:48.185082	6435	9365	436590	109078872255887609
5603	2022-08-13 10:54:00	2022-10-16 16:55:26.957233	8387	4273	478083	108739473395033424
5609	2022-07-28 22:48:00	2022-10-16 16:57:03.364905	2110	9630	478109	108726501417411561
4203	2022-10-05 14:48:00	2022-10-15 04:58:05.791792	274	9365	436460	109116623537451190
4227	2022-09-27 14:35:00	2022-10-15 05:00:23.839524	2195	9365	436624	109010145885695837
5612	2022-08-12 17:25:00	2022-10-16 16:58:46.869061	6484	4273	478138	108811992979742495
5623	2022-08-11 08:50:00	2022-10-16 17:03:19.357013	5236	4273	478211	108803945080387713
4231	2022-09-27 11:36:00	2022-10-15 05:02:39.861312	2270	9365	436747	109070417969091705
4232	2022-09-27 11:30:00	2022-10-15 05:02:43.269887	18620	9365	436751	109070995532496702
4233	2022-09-27 11:18:00	2022-10-15 05:02:44.668445	2013	9365	436753	109070221340541266
4234	2022-09-27 11:16:00	2022-10-15 05:02:47.977274	5646	9365	436757	109070998365816357
4235	2022-09-27 11:15:00	2022-10-15 05:02:49.289131	2013	9365	436759	109070208768954829
4236	2022-09-27 11:12:00	2022-10-15 05:02:53.767899	2519	9365	436762	109069852729462339
4237	2022-09-27 11:08:00	2022-10-15 05:02:59.208947	6483	9365	436769	109066819229523694
5624	2022-08-11 08:45:00	2022-10-16 17:03:22.245138	1989	4273	478213	108803923547689394
6151	2022-06-18 20:03:00	2022-10-16 19:49:31.738482	41856	4273	481696	108501184458688069
5588	2022-08-14 18:59:00	2022-10-16 16:49:38.985162	279	4273	477988	108823345079438680
4209	2022-10-04 15:30:00	2022-10-15 04:58:35.518028	103	9365	436496	109111153178864682
5589	2022-08-14 11:24:00	2022-10-16 16:50:57.334887	300	4273	478007	108821382970247089
3654	2022-08-26 21:19:00	2022-10-13 13:11:46.551695	147	8374	379142	108891507925105219
3128	2022-08-14 11:18:00	2022-10-09 09:08:43.344943	143	7785	337121	108821617954446537
3661	2022-08-26 08:44:00	2022-10-13 13:12:16.702784	515	8374	379209	108889117777455748
3169	2022-07-22 23:30:00	2022-10-09 09:12:14.718255	559	7785	337422	108691663743441084
5648	2022-08-08 21:20:00	2022-10-16 17:10:41.38571	2843	4273	478328	108790274353820811
3119	2022-08-16 23:38:00	2022-10-09 09:08:13.326024	27	7785	337069	108835790554897005
3141	2022-08-11 10:57:00	2022-10-09 09:09:38.441453	27	7785	337205	108801636674776910
3238	2022-09-13 20:52:00	2022-10-09 09:20:05.325075	1118	937	338254	108993687625446442
4238	2022-09-27 09:13:00	2022-10-15 05:03:04.578429	805	9365	436773	109065580801445569
4206	2022-10-04 19:43:00	2022-10-15 04:58:27.282867	110	9365	436485	109111018808288715
4224	2022-09-27 15:51:00	2022-10-15 05:00:12.811728	110	9365	436611	109065886825556586
3191	2022-09-14 06:38:00	2022-10-09 09:14:04.717912	125	6551	337614	108994425147453459
3218	2022-09-06 15:22:00	2022-10-09 09:16:28.015275	125	6551	337877	108953052130380190
3220	2022-09-06 11:58:00	2022-10-09 09:16:34.649532	84	6551	337891	108952118856252082
3171	2022-09-21 12:16:00	2022-10-09 09:12:27.855916	26	6551	337448	109037278129235414
3140	2022-07-18 01:54:00	2022-10-09 09:09:38.183816	292422	166	337204	108666644551403307
3142	2022-08-11 09:07:00	2022-10-09 09:09:42.011122	11422	7785	337210	108802198144091625
3145	2022-08-11 02:29:00	2022-10-09 09:09:47.8925	2384	7785	337217	108802383005077696
3123	2022-07-24 00:00:00	2022-10-09 09:08:24.148469	27	166	337088	108694908876990962
3164	2022-07-28 12:24:00	2022-10-09 09:11:28.513299	2019	7785	337355	108692222985691823
3166	2022-07-26 00:00:00	2022-10-09 09:11:57.927958	3989	7785	337395	108708695401392353
3617	2022-09-03 11:03:00	2022-10-13 13:01:17.642163	8387	8374	378048	108933869426707665
3174	2022-07-08 10:07:00	2022-10-09 09:12:44.786352	1000	166	337476	108608683641577490
3175	2022-09-20 15:27:00	2022-10-09 09:12:47.757015	1844	6551	337480	109032353890236734
3186	2022-07-13 09:57:00	2022-10-09 09:13:34.650198	2205	7785	337564	108637602391237772
3187	2022-07-13 09:56:00	2022-10-09 09:13:39.973144	1000	7785	337568	108635002006720824
3192	2022-07-03 10:32:00	2022-10-09 09:14:14.9863	1999	7785	337630	108458995619897878
3194	2022-06-28 21:40:00	2022-10-09 09:14:26.04764	2280	7785	337650	108557823524355502
3209	2022-09-07 16:56:00	2022-10-09 09:15:49.554408	1448	6551	337808	108959068781602108
85	2022-07-22 17:56:00	2022-09-15 22:47:23.840455	166	27	2163	108693158910165064
3137	2022-08-11 14:41:00	2022-10-09 09:09:29.079686	33	7785	337192	108803976094194490
3224	2022-09-06 02:02:00	2022-10-09 09:16:42.79229	1405	6551	337907	108949038397942763
3148	2022-08-09 10:58:00	2022-10-09 09:10:20.526481	33	7785	337247	108790562463613883
3170	2022-07-21 15:33:00	2022-10-09 09:12:21.418906	1118	7785	337436	108686970518908627
3225	2022-09-21 22:55:00	2022-10-09 09:16:55.666301	61571	937	337927	109031394435371103
3263	2022-08-14 15:00:00	2022-10-09 09:26:24.888307	105	6551	338900	108822026671431502
3227	2022-09-04 14:26:00	2022-10-09 09:17:10.89402	6551	6551	337956	108204416666697175
3173	2022-09-20 17:18:00	2022-10-09 09:12:43.620443	6551	6551	337473	108932852177360354
3226	2022-09-04 16:05:00	2022-10-09 09:17:07.221228	6551	6551	337947	108930533307134743
3176	2022-09-20 13:46:00	2022-10-09 09:12:49.443355	80	6551	337484	109031955400826491
3167	2022-07-25 12:35:00	2022-10-09 09:12:01.798099	174	7785	337401	108708480747316587
3157	2022-08-05 09:32:00	2022-10-09 09:10:46.017115	2103	7785	337288	108770305385380088
3230	2022-09-02 13:08:00	2022-10-09 09:17:43.949432	215	6551	338022	108929814062596359
3156	2022-09-29 11:05:00	2022-10-09 09:10:43.537995	208	6551	337282	109081943875113680
3125	2022-10-06 13:16:00	2022-10-09 09:08:32.2167	27	6551	337101	109122383755902029
3242	2022-08-26 00:00:00	2022-10-09 09:22:09.851014	6551	6551	338447	108046512367596461
3243	2022-08-25 23:03:00	2022-10-09 09:22:25.487393	1844	6551	338477	108886122127247662
3244	2022-08-24 18:03:00	2022-10-09 09:22:46.431947	25299	6551	338513	108879794335857153
3245	2022-08-24 17:20:00	2022-10-09 09:22:55.444998	323	6551	338527	108878363932145066
3254	2022-08-20 19:36:00	2022-10-09 09:24:25.482054	879	6551	338695	108851469679023038
5148	2022-07-18 08:44:00	2022-10-16 04:31:35.073313	27	7585	467125	108668385062171695
3258	2022-08-16 05:29:00	2022-10-09 09:25:42.391125	5236	6551	338824	108831255981857571
3260	2022-08-15 11:48:00	2022-10-09 09:25:56.9117	9678	6551	338849	108809492294442160
3261	2022-08-15 09:02:00	2022-10-09 09:26:04.310422	63615	6551	338861	108826989573049188
3229	2022-09-02 14:30:00	2022-10-09 09:17:41.495931	340	6551	338016	108929262214060506
3253	2022-08-20 22:13:00	2022-10-09 09:24:21.753512	300	6551	338688	108857444588213255
3084	2022-09-03 19:34:00	2022-10-09 09:05:32.027308	7785	7785	336898	108935975180166963
3265	2022-08-12 23:07:00	2022-10-09 09:27:09.974683	462	6551	338969	108800105014007136
3234	2022-08-31 18:56:00	2022-10-09 09:19:03.345018	23	6551	338159	108919831049133716
3248	2022-08-23 19:41:00	2022-10-09 09:23:16.778965	376	6551	338571	108454969216496904
3149	2022-07-15 15:14:00	2022-10-09 09:10:25.537352	628	166	337253	108642339136537435
3144	2022-10-02 18:55:00	2022-10-09 09:09:46.808963	1345	6551	337215	109101125275918585
3188	2022-09-14 20:36:00	2022-10-09 09:13:43.096807	174	6551	337575	108998702286182168
5572	2022-08-16 17:17:00	2022-10-16 16:41:49.354005	322	4273	477860	108834311974415230
3240	2022-09-09 16:08:00	2022-10-09 09:21:18.781323	215	937	338369	108970241243253525
3177	2022-09-20 08:11:00	2022-10-09 09:12:54.712952	125	6551	337490	109030351985352417
3163	2022-09-27 09:40:00	2022-10-09 09:11:09.701085	281	6551	337323	109066103650236471
3262	2022-08-14 22:10:00	2022-10-09 09:26:13.011217	300	6551	338879	108824401664309335
5167	2022-06-28 21:35:00	2022-10-16 04:34:02.042	27	7585	467290	108558171792858831
5593	2022-08-14 06:40:00	2022-10-16 16:52:09.217977	27	4273	478026	108817003909884110
3165	2022-09-25 20:35:00	2022-10-09 09:11:49.033276	143	6551	337384	109061351710629248
3172	2022-09-20 20:11:00	2022-10-09 09:12:40.525889	143	6551	337466	109031424290406818
5594	2022-08-14 06:38:00	2022-10-16 16:52:27.225095	27	4273	478033	108816711533849876
5614	2022-08-12 05:48:00	2022-10-16 16:59:29.319254	27	4273	478149	108798155317268165
4471	2022-08-17 06:48:00	2022-10-15 05:26:09.913078	27	9365	438475	108836232434635338
3618	2022-09-03 10:34:00	2022-10-13 13:01:41.480937	2519	8374	378074	108934679728609744
3624	2022-09-02 15:37:00	2022-10-13 13:03:10.948222	3323	8374	378183	108930369482245002
3267	2022-09-04 20:21:00	2022-10-09 17:30:17.379321	24290	1173	339816	108941007530787554
3268	2022-07-29 18:17:00	2022-10-09 17:30:34.771236	24290	1173	339840	108731371095118518
3270	2022-07-11 20:31:00	2022-10-09 17:30:46.81193	24290	1173	339860	108626744803302358
3273	2022-06-27 16:24:00	2022-10-09 17:30:54.729948	24290	1173	339871	108545897605877523
3630	2022-08-31 22:18:00	2022-10-13 13:04:42.72604	36036	8374	378344	108920580155782844
3634	2022-08-31 15:17:00	2022-10-13 13:09:32.730171	103360	8374	378878	108919090475317053
3666	2022-08-24 19:36:00	2022-10-13 13:13:12.469505	1424	8374	379310	108878336291550322
3667	2022-08-24 19:35:00	2022-10-13 13:13:15.145865	8490	8374	379315	108880440614454851
3671	2022-08-23 20:56:00	2022-10-13 13:13:26.91485	94748	8374	379339	108874872629670011
3672	2022-08-21 10:59:00	2022-10-13 13:13:55.31043	7346	8374	379391	108861429387593983
3946	2022-10-07 09:50:00	2022-10-14 12:33:19.455218	105	8760	413548	109127299260711002
3923	2022-06-15 21:32:00	2022-10-14 01:10:17.946287	825	8575	401678	108484441375119240
3921	2022-06-21 19:01:00	2022-10-14 01:09:14.351046	731	8575	401621	108517873798462785
3928	2022-06-11 06:50:00	2022-10-14 01:11:43.094522	16701	8575	401767	108451755723570597
3929	2022-06-10 09:04:00	2022-10-14 01:11:59.254274	22126	8575	401779	108452958789496084
3930	2022-08-18 20:34:00	2022-10-14 04:34:22.312861	8947	8742	404334	108846706534698650
3931	2022-08-23 18:50:00	2022-10-14 05:15:30.427228	2198	8740	405216	108874410306875558
3932	2022-06-26 14:08:00	2022-10-14 05:53:23.110684	2520	8619	405732	108545089587088573
3933	2022-09-29 09:05:00	2022-10-14 11:18:22.551996	36250	8756	412231	109081264761501903
3934	2022-09-26 07:10:00	2022-10-14 11:18:29.292953	2114	8756	412236	109063087004001529
3935	2022-08-22 12:49:00	2022-10-14 11:26:58.781202	16786	8756	412563	108851106586799312
3936	2022-07-23 17:17:00	2022-10-14 11:29:58.115424	9515	8756	412690	108698730334056463
3937	2022-07-18 09:00:00	2022-10-14 11:30:43.996495	5324	8756	412714	108666105788037193
3939	2022-10-07 10:52:00	2022-10-14 12:32:35.538028	5505	8760	413534	109123967200506253
3943	2022-10-07 09:54:00	2022-10-14 12:33:03.551924	1565	8760	413543	109127199169048125
3947	2022-10-07 09:48:00	2022-10-14 12:33:20.76316	4333	8760	413549	109127235174964769
3948	2022-10-07 09:46:00	2022-10-14 12:34:15.290021	1176	8760	413550	109126982280735657
3949	2022-10-07 09:25:00	2022-10-14 12:34:18.639049	2013	8760	413551	109126916049258689
3950	2022-10-07 09:22:00	2022-10-14 12:34:24.198189	264	8760	413553	109124600287340590
3925	2022-06-14 08:50:00	2022-10-14 01:10:44.530413	27	8575	401708	108475734630887783
3953	2022-09-13 11:53:00	2022-10-14 13:12:01.559339	4334	8760	415582	108991673558658478
3955	2022-09-11 15:42:00	2022-10-14 13:13:58.523226	162157	8760	415651	108980354833480378
3957	2022-09-05 11:25:00	2022-10-14 13:16:30.965691	8182	8771	415765	108945941701651426
3958	2022-09-10 11:26:00	2022-10-14 13:16:40.019958	5686	8760	415770	108974713146713585
3959	2022-09-10 11:20:00	2022-10-14 13:17:09.317215	4137	8760	415788	108966013513234633
3961	2022-09-09 18:54:00	2022-10-14 13:17:33.380977	2945	8760	415811	108970665776688716
3963	2022-09-06 23:45:00	2022-10-14 13:21:55.022885	5311	8760	416040	108955017348077751
3964	2022-09-03 12:02:00	2022-10-14 13:27:10.568956	1844	8760	416386	108930997692358839
3966	2022-09-03 09:40:00	2022-10-14 13:27:34.37554	46593	8760	416416	108934752756621614
3924	2022-06-15 21:27:00	2022-10-14 01:10:21.310382	34	8575	401683	108467186239745642
3970	2022-08-26 09:45:00	2022-10-14 13:38:44.591491	917	8760	417365	108886234586126185
3971	2022-08-26 09:44:00	2022-10-14 13:38:48.643019	2569	8760	417372	108889263514726614
3962	2022-09-02 00:00:00	2022-10-14 13:18:23.019963	34	8771	415854	108924745779842046
3973	2022-08-26 08:32:00	2022-10-14 13:39:00.859269	32408	8760	417389	108887442055434402
3974	2022-08-26 08:25:00	2022-10-14 13:39:08.69623	1988	8760	417398	108887294350608740
3975	2022-08-26 08:19:00	2022-10-14 13:39:12.047992	1844	8760	417404	108886609974267046
3976	2022-08-25 19:56:00	2022-10-14 13:39:23.341046	2555	8760	417424	108886045954272074
3636	2022-08-31 13:07:00	2022-10-13 13:09:41.05795	146	8374	378896	108918068131219831
5574	2022-08-16 14:52:00	2022-10-16 16:42:12.672959	1269	4273	477867	108833102206717287
3926	2022-06-13 22:24:00	2022-10-14 01:10:55.794595	211	8575	401718	108471976099134775
3980	2022-10-04 23:45:00	2022-10-14 13:40:56.315993	313881	8763	417559	109113270243719334
3981	2022-08-18 12:05:00	2022-10-14 13:44:58.829088	1844	8760	417944	108836078088428677
3982	2022-08-13 09:38:00	2022-10-14 13:48:12.627352	10811	8760	418226	108815831593032958
3983	2022-08-11 00:00:00	2022-10-14 13:49:35.30343	323	8760	418361	108796496439470299
3984	2022-08-10 23:30:00	2022-10-14 13:49:46.831483	19997	8760	418375	108802074057431318
3919	2022-06-24 19:08:00	2022-10-14 01:08:42.770333	102	8575	401587	108534032814413352
3969	2022-08-04 18:58:00	2022-10-14 13:38:12.228699	731	8771	417311	108767050131518316
3951	2022-09-19 11:41:00	2022-10-14 13:03:15.873351	27	8771	415095	109022566838019216
5131	2022-07-29 09:47:00	2022-10-16 04:30:07.166627	27	7585	467023	108730895847184204
3954	2022-09-10 14:09:00	2022-10-14 13:12:04.201135	28	8771	415583	108974478604574654
3938	2022-10-12 09:28:00	2022-10-14 12:28:18.534986	1118	8760	413447	109155517940983629
3940	2022-10-07 10:40:00	2022-10-14 12:32:39.415744	1118	8760	413536	109127135250129800
3941	2022-10-07 10:38:00	2022-10-14 12:32:46.655941	1118	8760	413539	109127465650652590
3942	2022-10-07 10:30:00	2022-10-14 12:32:58.327242	1118	8760	413542	109127234458152946
3944	2022-10-07 09:52:00	2022-10-14 12:33:09.763654	1118	8760	413544	109127279843008364
3979	2022-08-24 21:02:00	2022-10-14 13:40:26.413352	174	8760	417513	108880779307499430
3985	2022-08-10 21:43:00	2022-10-14 13:50:13.799039	847	8760	418391	108800399030474572
3967	2022-10-07 18:01:00	2022-10-14 13:31:13.401918	274	8763	416657	109128991213032506
3638	2022-08-31 13:00:00	2022-10-13 13:09:44.427984	143	8374	378904	108918171340281626
3965	2022-10-08 12:29:00	2022-10-14 13:27:23.09132	28	8763	416405	109133490508680369
3960	2022-09-04 20:40:00	2022-10-14 13:17:21.402443	974	8771	415798	108942683640857883
3956	2022-09-10 14:18:00	2022-10-14 13:15:29.091071	339	8760	415711	108970151617653154
3278	2022-09-05 10:04:00	2022-10-09 20:29:45.800641	27	7923	345459	108945966189526757
3619	2022-10-02 20:29:00	2022-10-13 13:02:18.456258	30717	8256	378123	109101496236929595
3299	2022-09-28 12:24:00	2022-10-11 03:43:40.475049	742	5315	352109	109076915506060282
3269	2022-07-21 15:12:00	2022-10-09 17:30:39.019782	24290	1173	339847	108676688786534610
3272	2022-06-27 16:25:00	2022-10-09 17:30:53.901784	24290	1173	339869	108551305075906138
3274	2022-06-26 19:36:00	2022-10-09 17:31:01.821124	24290	1173	339879	108545897605877523
3276	2022-06-14 12:27:00	2022-10-09 19:57:42.857178	1343	7925	344356	108476737942129388
3316	2022-09-13 13:12:00	2022-10-11 03:46:15.396293	146	5315	352196	108992134000539401
3277	2022-06-11 09:05:00	2022-10-09 19:58:58.011129	7925	7925	344377	108458979077992395
3280	2022-09-06 22:02:00	2022-10-09 20:41:10.773094	2436	7922	346422	108953569309011745
3281	2022-08-26 09:43:00	2022-10-09 20:41:48.135692	9334	7922	346486	108889445553231314
3282	2022-08-25 20:57:00	2022-10-09 20:41:55.852666	5469	7922	346494	108886449708348783
3275	2022-06-24 22:13:00	2022-10-09 17:31:17.993385	1118	1173	339904	108535682795630813
3283	2022-08-25 20:00:00	2022-10-09 20:42:14.656168	7922	7922	346523	108886203073354569
3286	2022-08-05 08:47:00	2022-10-11 02:41:19.67325	1746	7608	351069	108770252054182162
3290	2022-07-17 05:55:00	2022-10-11 02:43:02.989219	2102	7608	351142	108661898172693206
3291	2022-07-06 08:28:00	2022-10-11 02:45:12.75591	1000	7608	351223	108600119667913249
3292	2022-06-26 12:48:00	2022-10-11 02:45:50.496968	11018	7608	351239	108530424816934597
3297	2022-10-01 20:43:00	2022-10-11 03:43:15.75282	244513	5315	352092	109095891638977268
3284	2022-07-14 19:25:00	2022-10-11 02:29:28.804125	274	418	350924	108646015637106320
3301	2022-09-28 12:16:00	2022-10-11 03:43:45.991559	1174	5315	352113	109076868987761158
3303	2022-09-26 22:47:00	2022-10-11 03:44:03.663269	7934	5315	352118	109067936719797449
3305	2022-09-19 08:42:00	2022-10-11 03:44:42.221898	825	5315	352147	109024641661888461
3306	2022-09-18 12:22:00	2022-10-11 03:44:46.07115	825	5315	352150	109020316209843723
3307	2022-09-18 11:33:00	2022-10-11 03:45:09.346198	1174	5315	352164	109019823189844518
3309	2022-09-15 19:47:00	2022-10-11 03:45:27.502702	2019	735	352173	108969931340345258
3313	2022-09-14 15:35:00	2022-10-11 03:45:49.198944	271	5315	352185	108998392667693393
3279	2022-09-06 22:14:00	2022-10-09 20:41:04.7204	27	7922	346411	108947257706420248
3344	2022-09-01 21:25:00	2022-10-11 03:47:57.491198	143	735	352295	108926000179014281
3295	2022-10-07 16:57:00	2022-10-11 03:42:55.438651	515	5315	352086	109128935689526973
3327	2022-09-08 18:06:00	2022-10-11 03:46:56.556811	1174	5315	352228	108965045194423263
3312	2022-09-14 19:43:00	2022-10-11 03:45:45.086805	515	5315	352183	108999402767941348
3330	2022-09-06 18:32:00	2022-10-11 03:47:12.059195	825	5315	352241	108953744700652134
3335	2022-09-05 10:16:00	2022-10-11 03:47:27.291674	742	5315	352262	108946188387834755
3336	2022-09-05 09:55:00	2022-10-11 03:47:28.86631	515	5315	352265	108946057549941061
3314	2022-09-13 22:46:00	2022-10-11 03:45:56.593948	515	5315	352188	108994409357502259
3288	2022-10-07 15:52:00	2022-10-11 02:42:26.315772	304	597	351113	109128293511992229
3304	2022-09-16 17:55:00	2022-10-11 03:44:41.401737	27	735	352146	109009299566785023
3343	2022-08-31 21:49:00	2022-10-11 03:47:56.760665	271	5315	352294	108920495680909923
3345	2022-08-31 20:45:00	2022-10-11 03:47:58.727822	1174	5315	352297	108920375590873698
3347	2022-08-31 18:47:00	2022-10-11 03:48:07.315825	1174	5315	352305	108919912648460198
3349	2022-08-31 18:37:00	2022-10-11 03:48:10.007743	825	5315	352309	108919849501571824
3350	2022-08-31 18:27:00	2022-10-11 03:48:11.1935	271	5315	352311	108919606092998316
3294	2022-10-09 19:17:00	2022-10-11 03:42:53.662781	152	5315	352085	109140286474918125
3289	2022-08-31 14:29:00	2022-10-11 02:42:29.694643	304	597	351117	108918788736408474
849	2022-08-04 08:59:00	2022-09-23 07:46:51.867129	406	788	76581	108764704877601293
3285	2022-07-02 16:46:00	2022-10-11 02:29:32.689213	413	418	350926	108578654175141593
3311	2022-09-14 20:00:00	2022-10-11 03:45:37.127073	805	5315	352179	108999459735647400
3319	2022-09-13 08:42:00	2022-10-11 03:46:24.699966	805	5315	352205	108991140850120283
3337	2022-09-05 09:42:00	2022-10-11 03:47:33.156535	27	5315	352269	108945987725221868
5071	2022-08-13 18:05:00	2022-10-16 04:26:19.289486	27	7585	466781	108817769794809830
5144	2022-07-21 10:17:00	2022-10-16 04:31:20.474377	27	7585	467105	108685149472792523
3338	2022-09-05 09:21:00	2022-10-11 03:47:38.846198	2843	5315	352276	108945790434629883
3271	2022-07-09 02:34:00	2022-10-09 17:30:48.743127	695	1173	339864	108615548455606160
3340	2022-09-03 18:37:00	2022-10-11 03:47:47.246866	144	5315	352287	108935698285160551
3287	2022-07-31 14:24:00	2022-10-11 02:42:02.2588	1118	7608	351096	108743048235887791
3322	2022-09-12 19:50:00	2022-10-11 03:46:34.045518	1118	5315	352211	108987935032977196
3342	2022-09-03 11:57:00	2022-10-11 03:47:50.5904	1118	5315	352291	108935285248167984
3298	2022-10-01 16:46:00	2022-10-11 03:43:18.052798	174	5315	352094	109094945131060637
3315	2022-09-13 20:30:00	2022-10-11 03:46:13.089663	322	5315	352194	108993900612564179
3334	2022-09-06 18:07:00	2022-10-11 03:47:21.379335	322	5315	352254	108953710233506869
3324	2022-09-11 10:19:00	2022-10-11 03:46:43.450615	152	5315	352218	108978320849170701
3293	2022-10-10 21:25:00	2022-10-11 03:42:47.21455	974	5315	352083	109146951594958944
3296	2022-10-07 14:38:00	2022-10-11 03:43:12.01883	974	5315	352090	109128372876368946
3300	2022-09-28 12:20:00	2022-10-11 03:43:42.289664	974	5315	352111	109076826837266236
3302	2022-09-28 08:39:00	2022-10-11 03:43:47.353562	974	5315	352115	109076035821095029
3320	2022-09-13 08:39:00	2022-10-11 03:46:26.993018	974	5315	352206	108991017613062511
3323	2022-09-11 10:29:00	2022-10-11 03:46:38.632136	974	5315	352214	108980111709761407
3360	2022-08-25 13:53:00	2022-10-11 03:49:51.369893	825	5315	352394	108884774639636944
3704	2022-07-31 21:50:00	2022-10-13 13:23:56.691482	416	8374	380347	108744906992662678
3369	2022-07-09 03:49:00	2022-10-11 03:51:41.689443	1338	735	352497	108591328898821814
3384	2022-07-26 13:26:00	2022-10-11 03:53:19.864724	271	5315	352586	108714761756256881
3402	2022-07-07 09:33:00	2022-10-11 03:55:15.501795	825	5315	352683	108605080008218345
3632	2022-10-02 15:34:00	2022-10-13 13:04:49.783499	300	2095	378359	109100283731405798
3386	2022-07-24 12:39:00	2022-10-11 03:53:33.788427	159	5315	352598	108703257117222799
3637	2022-08-31 13:06:00	2022-10-13 13:09:42.43772	994	8374	378900	108918063112305441
3663	2022-08-25 08:41:00	2022-10-13 13:12:47.368161	5085	8374	379265	108883374960200597
3668	2022-08-24 19:34:00	2022-10-13 13:13:16.691535	15410	8374	379318	108880445214475592
3670	2022-08-23 21:17:00	2022-10-13 13:13:22.101721	825	8374	379330	108874786975448427
3673	2022-08-19 15:43:00	2022-10-13 13:14:08.367114	825	8374	379416	108851194131165575
3684	2022-08-14 16:06:00	2022-10-13 13:18:07.636142	12400	8374	379796	108330591203824907
3699	2022-08-01 20:11:00	2022-10-13 13:23:27.979824	4943	8374	380306	108750334081872744
3709	2022-09-25 16:24:00	2022-10-13 13:25:48.395928	260	8242	380483	109036436019136817
3719	2022-09-23 03:20:00	2022-10-13 13:28:45.271379	7091	8242	380706	109039645095784725
3725	2022-09-18 10:54:00	2022-10-13 13:30:20.459283	2019	2095	380819	109016789133179292
3738	2022-09-17 09:13:00	2022-10-13 13:34:24.339588	2099	2095	381169	109013904981707986
3745	2022-09-15 11:04:00	2022-10-13 13:37:52.521026	2019	2095	381498	108969940491013739
3755	2022-09-12 07:25:00	2022-10-13 13:44:27.256484	2112	2095	382104	108985079631705359
2490	2022-10-03 18:26:00	2022-10-04 01:11:57.865981	2095	5334	240185	109106654470254689
3986	2022-08-09 23:37:00	2022-10-14 13:51:28.559334	1000	8760	418508	108796364787228818
3992	2022-08-03 09:23:00	2022-10-14 13:56:16.265875	26234	8760	418955	108759148387887065
3995	2022-08-01 10:45:00	2022-10-14 13:57:26.57925	12014	8760	419052	108747791648415370
4002	2022-07-07 12:43:00	2022-10-14 14:06:34.499598	1844	8760	419901	108604323578387305
4008	2022-06-15 08:19:00	2022-10-14 14:12:13.712162	12726	8760	420357	108481314794625435
5575	2022-08-16 08:13:00	2022-10-16 16:42:26.704885	27595	4273	477873	108832484659270017
3417	2022-06-09 20:56:00	2022-10-11 04:03:42.734303	27	735	353074	108447344194277775
4257	2022-09-21 09:37:00	2022-10-15 05:05:50.078627	58027	9365	436970	109033955063053876
4262	2022-09-20 17:15:00	2022-10-15 05:06:14.884448	140	9365	437001	109032468816413701
4264	2022-09-20 14:15:00	2022-10-15 05:06:17.169197	7642	9365	437005	109031971684368250
4275	2022-09-18 15:23:00	2022-10-15 05:07:33.203797	54110	9365	437087	109021027218041529
4277	2022-09-18 09:46:00	2022-10-15 05:07:40.699414	683	9365	437097	109018630048018646
4278	2022-09-18 06:14:00	2022-10-15 05:07:43.501344	825	9365	437099	109018035514979016
5599	2022-08-13 18:27:00	2022-10-16 16:53:37.259891	20371	4273	478053	108817915242492313
5602	2022-08-13 11:57:00	2022-10-16 16:54:36.777662	2027	4273	478071	108816075075213650
4281	2022-09-17 18:48:00	2022-10-15 05:07:58.16582	4542	9365	437116	109016075858289131
5604	2022-08-13 10:28:00	2022-10-16 16:55:59.1371	9354	4273	478091	108816005515926086
5605	2022-08-13 10:17:00	2022-10-16 16:56:11.296959	230982	4273	478093	108815671027077674
4273	2022-09-19 10:17:00	2022-10-15 05:07:04.380799	326	9365	437054	109025260918578461
5634	2022-08-10 01:13:00	2022-10-16 17:07:21.241131	3981	4273	478271	108612635203891667
3625	2022-09-05 08:51:00	2022-10-13 13:03:15.187745	143	8330	378188	108945867538359897
4290	2022-09-17 10:18:00	2022-10-15 05:08:41.170987	81	9365	437172	109014130052500913
4291	2022-09-16 20:54:00	2022-10-15 05:08:44.611227	4635	9365	437177	108917639458948991
4295	2022-09-16 14:24:00	2022-10-15 05:09:02.305442	7642	9365	437198	109008975183928668
3640	2022-08-31 12:55:00	2022-10-13 13:09:49.281624	105	8374	378918	108918258011295971
4298	2022-09-16 08:49:00	2022-10-15 05:09:12.10327	2209	9365	437212	109006074423860567
4300	2022-09-16 08:46:00	2022-10-15 05:09:15.893496	105038	9365	437218	109008121506774894
3351	2022-08-31 11:05:00	2022-10-11 03:48:15.033887	146	5315	352315	108917997087018597
4303	2022-09-15 18:56:00	2022-10-15 05:09:32.165147	4301	9365	437241	109004486085454009
3392	2022-07-20 19:15:00	2022-10-11 03:54:04.601397	103	5315	352625	108682196411429366
4307	2022-09-15 14:21:00	2022-10-15 05:09:55.344923	39477	9365	437271	109003795905654465
4309	2022-09-15 09:27:00	2022-10-15 05:10:10.105989	47978	9365	437286	109002628783735254
4310	2022-09-15 08:59:00	2022-10-15 05:10:19.955789	4420	9365	437299	109000961602579220
4316	2022-09-13 19:01:00	2022-10-15 05:10:58.838563	6609	9365	437341	108993551315080443
3737	2022-07-21 17:49:00	2022-10-13 13:34:23.208001	34	8374	381167	108687349491772810
4252	2022-09-23 09:33:00	2022-10-15 05:04:47.753143	198	9365	436894	109047302864046486
4261	2022-09-20 17:16:00	2022-10-15 05:06:13.802632	198	9365	436999	109032292854366037
3644	2022-08-30 22:12:00	2022-10-13 13:09:56.956891	27	8374	378931	108914765566995707
3367	2022-08-10 14:18:00	2022-10-11 03:51:31.078011	974	5315	352485	108799888984385049
4263	2022-09-20 17:09:00	2022-10-15 05:06:16.049395	198	9365	437003	109032292135409584
3415	2022-06-17 19:31:00	2022-10-11 03:57:15.29497	1118	5315	352777	108495355971839989
3997	2022-07-16 15:05:00	2022-10-14 14:03:38.255365	1118	8760	419618	108657673275570753
4270	2022-09-19 17:01:00	2022-10-15 05:06:49.977924	1118	9365	437038	109026092753452698
5596	2022-08-14 06:26:00	2022-10-16 16:52:47.753185	174	4273	478038	108820675087469643
3364	2022-08-12 14:44:00	2022-10-11 03:51:20.109421	742	5315	352473	108810521996967956
4311	2022-09-15 08:57:00	2022-10-15 05:10:22.177724	143	9365	437302	109001695562688298
3399	2022-07-14 08:20:00	2022-10-11 03:54:49.16911	974	5315	352660	108645623652444579
4296	2022-09-16 08:57:00	2022-10-15 05:09:08.278168	339	9365	437205	109003630671153835
3354	2022-08-29 21:13:00	2022-10-11 03:48:46.896895	825	5315	352344	108908721505929122
3633	2022-08-31 15:20:00	2022-10-13 13:04:52.229875	2189	8374	378361	108919097987580900
3987	2022-08-09 22:42:00	2022-10-14 13:51:38.720669	1844	8760	418522	108796198696171266
3988	2022-08-09 22:08:00	2022-10-14 13:51:43.368738	1000	8760	418533	108793272900625741
3994	2022-08-01 10:47:00	2022-10-14 13:57:23.008687	4338	8760	419048	108747581497605217
3996	2022-07-21 08:44:00	2022-10-14 14:01:42.343808	1304	8760	419437	108679998736859357
4001	2022-07-07 15:18:00	2022-10-14 14:06:20.295788	1844	8760	419876	108607578553750898
4004	2022-06-23 12:01:00	2022-10-14 14:10:19.279278	1844	8760	420229	108523879693761375
4006	2022-06-15 13:41:00	2022-10-14 14:11:57.68745	13460	8760	420338	108482700381818313
4007	2022-06-15 13:40:00	2022-10-14 14:12:00.80897	8465	8760	420342	108482524015202717
4010	2022-07-30 08:43:00	2022-10-14 14:42:28.871391	1344	9052	422504	108736221270033126
4011	2022-06-26 07:48:00	2022-10-14 14:42:47.603672	2505	9052	422522	108540708328611510
3978	2022-08-02 16:29:00	2022-10-14 13:40:19.683441	8771	8771	417503	108753378065354015
4013	2022-08-26 22:39:00	2022-10-14 23:06:43.424085	27	9376	430813	108891449843705881
4012	2022-10-13 21:31:00	2022-10-14 16:37:15.57544	485	9364	425435	109161602915838134
4003	2022-06-25 21:29:00	2022-10-14 14:09:12.424464	1408	8760	420140	108540416039626657
4018	2022-09-13 05:25:00	2022-10-15 00:40:17.208566	102	9379	431405	108975434744641710
4040	2022-07-19 17:53:00	2022-10-15 00:41:48.124308	731	9379	431476	108676210899314984
4021	2022-08-26 23:08:00	2022-10-15 00:40:32.740609	4889	9379	431418	108890739260099731
4064	2022-09-04 11:10:00	2022-10-15 02:40:25.212944	2843	9367	432516	108940629015422115
6338	2022-07-09 00:00:00	2022-10-17 20:32:05.63686	27	10413	509870	108614222106120817
5023	2022-08-25 16:10:00	2022-10-16 04:23:33.60536	27	7585	466595	108885084271450262
4027	2022-08-06 21:30:00	2022-10-15 00:41:06.498705	34518	9379	431442	108778976620238531
5024	2022-08-24 14:24:00	2022-10-16 04:23:36.370178	27	7585	466598	108879175347287726
4030	2022-08-06 21:21:00	2022-10-15 00:41:11.506725	28485	9379	431446	108761463703770830
5172	2022-06-23 16:30:00	2022-10-16 04:34:21.741987	27	7585	467315	108528658229983217
5170	2022-06-24 15:36:00	2022-10-16 04:34:17.016799	27	7585	467309	108533658828450303
5174	2022-06-23 11:57:00	2022-10-16 04:34:27.224587	27	7585	467322	108527373544835934
5175	2022-06-21 09:09:00	2022-10-16 04:34:34.789367	27	7585	467329	108515323515240869
5219	2022-06-14 12:56:00	2022-10-16 09:48:29.83332	27	9619	471590	108472609463155350
5220	2022-06-10 13:17:00	2022-10-16 09:48:37.101119	27	9619	471594	108452969953368308
5225	2022-06-24 16:28:00	2022-10-16 10:30:28.662537	27	5442	472284	108533658828450303
8869	2022-08-12 13:28:00	2022-10-24 09:59:03.376842	27	12959	643028	108810923690666871
6750	2022-08-03 05:56:00	2022-10-18 20:13:04.012455	27	10846	524979	108757079778510302
7310	2022-07-20 12:30:00	2022-10-19 14:33:29.079086	27	10825	537267	108679637276195951
7377	2022-07-08 22:24:00	2022-10-19 14:51:21.614409	27	10825	538227	108614220349468144
7400	2022-07-07 12:41:00	2022-10-19 14:53:47.461777	27	10825	538418	108346966451100254
8083	2022-07-13 12:44:00	2022-10-21 04:51:32.844044	27	11304	576746	108636748962589913
4046	2022-06-18 20:14:00	2022-10-15 00:42:39.464082	1209	9379	431513	108499946405762352
4047	2022-06-18 20:12:00	2022-10-15 00:42:41.962133	2233	9379	431515	108501136149662143
8085	2022-07-13 06:58:00	2022-10-21 04:52:03.220883	27	11304	576758	108636748962589913
4024	2022-08-11 00:00:00	2022-10-15 00:40:47.221871	9379	9379	431429	108802137469284207
4034	2022-07-31 22:14:00	2022-10-15 00:41:25.892119	9379	9379	431458	108711636993054117
4039	2022-07-19 20:34:00	2022-10-15 00:41:45.520568	9379	9379	431474	108657867155675661
4043	2022-07-09 11:25:00	2022-10-15 00:42:07.175791	9379	9379	431489	108618063814272929
5447	2022-08-28 07:32:00	2022-10-16 16:07:44.845933	27	4273	476950	108896166585759652
4050	2022-09-22 16:48:00	2022-10-15 02:36:17.667712	24412	9367	432426	109036474180920755
4051	2022-09-20 09:10:00	2022-10-15 02:36:38.248738	4480	9367	432434	109030401163629424
4052	2022-09-19 06:29:00	2022-10-15 02:37:11.25684	100745	9367	432444	109024535229307071
4056	2022-09-11 07:02:00	2022-10-15 02:38:42.134544	7321	9367	432478	108959205521074159
4057	2022-09-08 13:33:00	2022-10-15 02:39:19.23791	364300	9367	432491	108962629859300897
4059	2022-09-07 10:24:00	2022-10-15 02:39:34.466084	19378	9367	432497	108957488269413096
4061	2022-09-07 05:25:00	2022-10-15 02:39:41.332825	6518	9367	432500	108956391234732867
4062	2022-09-06 16:22:00	2022-10-15 02:39:47.490168	22794	9367	432503	108953252051818025
4065	2022-09-04 11:02:00	2022-10-15 02:40:27.357039	2464	9367	432517	108938201666115158
4066	2022-09-02 10:57:00	2022-10-15 02:40:45.764489	948	9367	432523	108928841508424172
4069	2022-08-24 07:18:00	2022-10-15 02:42:42.804573	10854	9367	432565	108877502366872522
4070	2022-08-17 15:34:00	2022-10-15 02:43:54.380889	1342	9367	432593	108839699672398293
4072	2022-08-13 08:05:00	2022-10-15 02:44:41.014432	948	9367	432618	108787468350935990
4054	2022-09-16 07:59:00	2022-10-15 02:37:53.621703	21487	9367	432462	109006262027763663
4074	2022-08-06 11:27:00	2022-10-15 02:45:43.978035	10470	9367	432654	108776515378909385
3352	2022-08-31 10:39:00	2022-10-11 03:48:16.430297	974	5315	352317	108917888785815327
3353	2022-08-29 21:24:00	2022-10-11 03:48:44.606367	974	5315	352342	108909119509428593
4053	2022-09-16 15:57:00	2022-10-15 02:37:33.309105	731	9367	432454	109009104815098078
4028	2022-08-06 21:26:00	2022-10-15 00:41:09.064698	1118	9379	431444	108778977592273655
4058	2022-09-07 15:12:00	2022-10-15 02:39:25.708637	265	9367	432494	108958245335898579
4063	2022-09-05 12:12:00	2022-10-15 02:40:17.511701	279	9367	432512	108946103978283181
4071	2022-08-13 19:29:00	2022-10-15 02:44:30.016908	215	9367	432612	108817660661920411
4000	2022-07-11 09:58:00	2022-10-14 14:04:23.968451	125	8760	419700	108628716796003819
4055	2022-09-11 15:25:00	2022-10-15 02:38:37.400339	416	9367	432476	108979361678701796
4060	2022-09-07 06:01:00	2022-10-15 02:39:39.818832	143	9367	432499	108952099911740394
3359	2022-08-25 20:57:00	2022-10-11 03:49:46.226135	7934	5315	352389	108886424169402364
3363	2022-08-16 19:28:00	2022-10-11 03:50:46.552448	271	5315	352443	108834670914613703
3377	2022-08-01 18:36:00	2022-10-11 03:52:37.023807	271	5315	352549	108749973644613975
3385	2022-07-01 14:10:00	2022-10-11 03:53:27.810988	1998	735	352594	108572269697706471
3387	2022-07-23 10:05:00	2022-10-11 03:53:38.924068	825	5315	352603	108697013920380728
3389	2022-07-23 09:26:00	2022-10-11 03:53:41.994915	7934	5315	352606	108696665384666289
3403	2022-07-06 08:30:00	2022-10-11 03:55:20.261906	2843	5315	352687	108600368386389674
3414	2022-06-23 20:24:00	2022-10-11 03:57:13.456253	2109	735	352775	108529501195050298
3368	2022-08-10 11:16:00	2022-10-11 03:51:34.455466	125	5315	352488	108799209085050132
3376	2022-08-02 22:13:00	2022-10-11 03:52:30.145543	322	5315	352544	108756185694003649
3355	2022-08-26 19:26:00	2022-10-11 03:49:23.644712	152	5315	352371	108891538068113322
3381	2022-07-27 08:38:00	2022-10-11 03:53:14.553949	152	5315	352580	108719309388665575
3645	2022-08-30 14:26:00	2022-10-13 13:10:13.230851	7642	8374	378955	108894488990380326
3678	2022-08-16 21:51:00	2022-10-13 13:17:17.201463	2843	8374	379723	108835625047492185
3653	2022-10-07 22:56:00	2022-10-13 13:11:27.751311	31130	8242	379102	109129724600267285
3656	2022-08-26 21:17:00	2022-10-13 13:11:55.142732	10819	8374	379160	108892101150589786
3685	2022-08-11 20:27:00	2022-10-13 13:18:33.771451	198	8374	379846	108806732074109545
916	2022-06-28 21:27:00	2022-09-23 07:52:57.462288	62	788	76847	108556601178132076
1706	2022-07-13 16:47:00	2022-09-27 08:43:20.386578	62	2155	111901	108641968895816621
3255	2022-08-20 13:31:00	2022-10-09 09:24:29.200629	62	6551	338704	108852179932013357
3400	2022-06-28 15:41:00	2022-10-11 03:55:06.559083	27	735	352674	108556603830423540
3664	2022-08-25 08:36:00	2022-10-13 13:12:59.913962	8387	8374	379288	108868006120816938
5451	2022-08-27 15:19:00	2022-10-16 16:08:38.906775	27	4273	476979	108896343920236624
3669	2022-09-13 21:02:00	2022-10-13 13:13:20.834133	13241	8256	379327	108992703183126515
3674	2022-08-18 20:08:00	2022-10-13 13:14:20.73084	16813	8374	379442	108841386402943825
3676	2022-08-16 22:06:00	2022-10-13 13:16:57.018025	1348	8374	379691	108835681608981561
3680	2022-08-15 21:35:00	2022-10-13 13:17:46.00611	17769	8374	379766	108829949198317990
3683	2022-08-15 21:33:00	2022-10-13 13:17:59.503415	127482	8374	379787	108829965386971298
3688	2022-08-07 20:50:00	2022-10-13 13:19:22.327857	127482	8374	379928	108784254168888448
3736	2022-07-23 17:57:00	2022-10-13 13:33:33.291363	416	8374	381088	108698409300644744
3366	2022-08-10 14:47:00	2022-10-11 03:51:29.741483	326	5315	352483	108800023263860317
3690	2022-08-07 00:00:00	2022-10-13 13:19:43.143428	45264	8374	379958	108760250465053761
5968	2022-07-12 06:48:00	2022-10-16 18:57:03.581203	27	4273	480371	108633681378578710
3695	2022-08-01 21:51:00	2022-10-13 13:22:54.49564	26364	8374	380248	108750726061538683
3696	2022-08-01 20:28:00	2022-10-13 13:22:57.823819	1001	8374	380254	108749657696155324
3697	2022-08-01 20:24:00	2022-10-13 13:23:09.706347	2450	8374	380273	108750250664722094
3698	2022-09-27 15:06:00	2022-10-13 13:23:16.471591	439215	8242	380284	109070389759417227
3700	2022-07-31 22:21:00	2022-10-13 13:23:35.795701	2018	8374	380317	108741829472703011
5482	2022-08-25 09:56:00	2022-10-16 16:16:37.58131	27	4273	477222	108883707707614939
3705	2022-07-31 21:28:00	2022-10-13 13:24:35.456013	24207	8374	380407	108739273236700687
3706	2022-07-31 14:52:00	2022-10-13 13:24:46.15153	35788	8374	380422	108743458129165341
3708	2022-08-25 07:15:00	2022-10-13 13:25:17.372166	2519	8256	380448	108883054341881988
3710	2022-09-25 16:16:00	2022-10-13 13:25:57.17559	63558	8242	380494	109036482303775007
3711	2022-07-30 21:38:00	2022-10-13 13:26:02.107781	934	8374	380499	108739366250110260
3713	2022-07-30 20:39:00	2022-10-13 13:26:20.663697	1608	8374	380522	108739074455641093
3715	2022-07-29 22:00:00	2022-10-13 13:27:05.387692	28846	8374	380574	108733691824620780
3716	2022-07-29 21:59:00	2022-10-13 13:27:09.907802	2554	8374	380580	108718003064692481
3718	2022-07-28 20:21:00	2022-10-13 13:28:20.04785	948	8374	380674	108676590581885500
3720	2022-09-23 03:02:00	2022-10-13 13:28:56.88795	7091	8242	380719	109042401452289012
3721	2022-09-22 18:50:00	2022-10-13 13:29:26.867338	1312	8242	380759	108965400162310603
3722	2022-08-17 06:35:00	2022-10-13 13:29:31.079678	2505	8256	380767	108837765651832646
3723	2022-09-22 18:44:00	2022-10-13 13:29:31.391658	1312	8242	380768	109011241702265024
3724	2022-08-16 17:23:00	2022-10-13 13:30:09.147991	1594	8256	380809	108834650486254305
3727	2022-07-25 20:33:00	2022-10-13 13:31:24.06682	17769	8374	380908	108710694389646695
3729	2022-07-23 19:08:00	2022-10-13 13:32:39.381558	5052	8374	381011	108675359078772589
3732	2022-07-23 18:22:00	2022-10-13 13:33:14.49134	825	8374	381055	108698783423002848
3740	2022-08-11 07:24:00	2022-10-13 13:35:20.751639	28161	8256	381253	108803939728048032
3743	2022-07-18 08:06:00	2022-10-13 13:36:14.496682	9405	8374	381335	108668042319334356
3747	2022-07-16 09:12:00	2022-10-13 13:38:57.215289	917	8374	381597	108651706781554064
3748	2022-07-16 09:02:00	2022-10-13 13:39:08.443395	1608	8374	381611	108656938756483237
3750	2022-07-03 08:23:00	2022-10-13 13:39:47.447548	266	8330	381677	108570251279026560
3752	2022-07-12 15:03:00	2022-10-13 13:41:58.739376	1844	8374	381862	108633200018063026
3753	2022-07-11 22:45:00	2022-10-13 13:42:08.943592	64176	8374	381875	108632028689437990
3762	2022-07-28 07:06:00	2022-10-13 13:50:01.507689	2977	8256	382576	108724636757520239
3771	2022-08-19 22:08:00	2022-10-13 14:12:23.510185	20485	8242	384102	108845487935904251
6208	2022-06-20 12:50:00	2022-10-16 23:27:30.282857	27	788	487453	108499767164660467
6194	2022-06-11 00:00:00	2022-10-16 20:04:17.203167	27	4273	482194	108404065010202086
3405	2022-06-23 11:11:00	2022-10-11 03:56:39.507664	144	5315	352747	108527383850536347
3380	2022-07-28 11:00:00	2022-10-11 03:53:04.945924	274	5315	352570	108725504181057749
3647	2022-10-11 13:28:00	2022-10-13 13:10:26.560188	215	8242	378984	109150643902915225
3635	2022-08-31 13:09:00	2022-10-13 13:09:37.712231	326	8374	378889	108918047002462989
3751	2022-09-14 07:24:00	2022-10-13 13:40:29.747426	306	2095	381732	108993414275260570
3769	2022-08-22 22:42:00	2022-10-13 13:59:25.992906	33	8242	383297	108868763426857122
3373	2022-08-07 11:35:00	2022-10-11 03:52:09.086165	974	5315	352523	108782207720778133
3679	2022-08-15 21:39:00	2022-10-13 13:17:29.446699	974	8374	379744	108829883076332565
3356	2022-08-26 10:54:00	2022-10-11 03:49:37.216402	1174	5315	352383	108889724009200647
3365	2022-08-11 20:12:00	2022-10-11 03:51:26.074993	825	5315	352481	108806996473167244
3375	2022-08-05 11:23:00	2022-10-11 03:52:21.37979	271	5315	352535	108770807107028826
3383	2022-07-27 08:27:00	2022-10-11 03:53:17.523357	825	5315	352583	108719269958423634
3391	2022-07-22 16:09:00	2022-10-11 03:53:57.146288	825	5315	352618	108692767207637386
3396	2022-07-17 11:38:00	2022-10-11 03:54:25.860382	1174	5315	352645	108663419473111188
3397	2022-07-17 11:36:00	2022-10-11 03:54:27.011502	1174	5315	352646	108663316300781771
3401	2022-07-07 13:53:00	2022-10-11 03:55:14.019631	1174	5315	352681	108607216931915307
3404	2022-06-30 12:34:00	2022-10-11 03:55:38.701114	1174	5315	352704	108567374800199056
3408	2022-06-19 13:12:00	2022-10-11 03:56:53.107974	825	5315	352760	108505125664869004
3409	2022-06-19 12:07:00	2022-10-11 03:56:56.226881	825	5315	352763	108504967415531270
3411	2022-06-19 10:16:00	2022-10-11 03:57:05.775715	1580	5315	352770	108504539518412626
8195	2022-10-04 21:38:00	2022-10-21 22:23:33.538951	27	10916	592816	109111150638769188
1714	2022-07-12 20:17:00	2022-09-27 08:43:34.680003	2170	2155	111915	108636995783380189
3358	2022-08-26 10:29:00	2022-10-11 03:49:39.776304	274	5315	352385	108889621104180137
3398	2022-07-15 12:10:00	2022-10-11 03:54:45.414148	274	5315	352655	108652166767104268
626	2022-06-22 16:59:00	2022-09-20 00:51:56.932878	160	800	66034	108522136304978184
3395	2022-07-17 15:03:00	2022-10-11 03:54:19.261724	340	5315	352641	108664138969963004
8185	2022-06-14 09:01:00	2022-10-21 06:51:52.188879	1882	11313	580018	108475927821801605
8186	2022-06-13 11:11:00	2022-10-21 06:54:02.779781	1593	11313	580072	108470740275794997
3357	2022-08-26 10:30:00	2022-10-11 03:49:38.520049	152	5315	352384	108889650665433332
3419	2022-09-26 22:15:00	2022-10-11 05:11:29.992973	2155	2170	355773	109067913857638637
3420	2022-09-21 19:04:00	2022-10-11 05:11:48.79286	334018	2170	355780	108274875806535125
3421	2022-08-17 01:42:00	2022-10-11 05:12:58.293026	1493	2170	355811	108726297646017697
3422	2022-08-17 01:33:00	2022-10-11 05:13:00.995129	1493	2170	355812	108834327298968007
3424	2022-08-10 19:25:00	2022-10-11 05:13:35.670271	2155	2170	355822	108801108730609972
3394	2022-07-19 19:11:00	2022-10-11 03:54:12.012533	742	5315	352633	108675638446068971
1611	2022-08-09 00:00:00	2022-09-27 08:38:57.948527	419	2155	111671	108790199378265658
3428	2022-08-18 03:38:00	2022-10-11 05:23:26.974413	1154	8089	355947	108840710398560022
2178	2022-06-12 11:13:00	2022-09-29 18:33:36.374476	103	4248	182644	108464812132785586
5822	2022-07-23 06:52:00	2022-10-16 18:18:46.006183	27	4273	479835	108694071615523649
5185	2022-06-13 20:24:00	2022-10-16 04:35:35.717673	27	7585	467399	108472564550583545
8184	2022-06-17 19:36:00	2022-10-21 06:47:24.683975	416	11313	579909	108494282842397900
3372	2022-08-10 08:23:00	2022-10-11 03:51:50.275399	143	5315	352507	108798506667189557
3413	2022-06-18 11:02:00	2022-10-11 03:57:08.748674	908	5315	352772	108499030178020733
3423	2022-08-17 01:32:00	2022-10-11 05:13:07.075913	365	2170	355813	108835801555047313
3406	2022-06-21 09:42:00	2022-10-11 03:56:48.913313	742	5315	352757	108515691885978697
3407	2022-06-19 19:13:00	2022-10-11 03:56:50.307523	274	5315	352758	108506585202658537
3425	2022-08-04 13:42:00	2022-10-11 05:13:48.406158	281	2170	355828	108765829895410611
3427	2022-07-12 19:58:00	2022-10-11 05:14:11.794793	281	2170	355837	108637075712873664
3416	2022-06-20 17:03:00	2022-10-11 03:59:40.419926	735	735	352899	107833574672968697
3649	2022-08-28 22:02:00	2022-10-13 13:10:48.324364	74561	8374	379031	108739671052308489
3677	2022-08-16 21:59:00	2022-10-13 13:17:00.433635	928	8374	379697	108835686358903863
3681	2022-10-06 10:48:00	2022-10-13 13:17:48.388322	2197	8242	379771	109121467499089336
1268	2022-09-02 03:50:00	2022-09-26 20:27:52.209962	1168	805	100400	108923661085487151
1269	2022-09-02 03:51:00	2022-09-26 20:27:52.780995	1168	805	100401	108918275512498172
3412	2022-06-18 11:16:00	2022-10-11 03:57:07.474184	2843	5315	352771	108499096532444131
5210	2022-06-14 13:21:00	2022-10-16 04:43:13.136485	27	9583	467643	108476563125410928
744	2022-09-11 21:04:00	2022-09-23 04:37:39.883376	367	367	75656	108982721717877964
1459	2022-09-02 03:50:00	2022-09-27 08:01:19.532458	1168	2151	109976	108923661085487151
1460	2022-09-02 03:51:00	2022-09-27 08:01:20.238592	1168	2151	109977	108918275512498172
3393	2022-07-20 09:46:00	2022-10-11 03:54:07.79335	125	5315	352629	108679843753857489
5213	2022-06-12 12:54:00	2022-10-16 04:43:20.681592	27	9583	467649	108465263080748038
6247	2022-07-22 08:15:00	2022-10-17 08:09:28.706513	27	10208	493613	108688171523926056
6281	2022-09-16 06:47:00	2022-10-17 12:00:33.983084	27	10230	502107	108988708409478927
3371	2022-08-10 08:28:00	2022-10-11 03:51:46.237547	152	5315	352502	108798542494825866
747	2022-09-01 23:21:00	2022-09-23 04:38:19.735336	367	367	75749	108926538588927206
758	2022-08-30 20:24:00	2022-09-23 04:39:43.539832	367	367	75888	108914548181367512
759	2022-08-30 20:12:00	2022-09-23 04:39:50.474614	367	367	75895	108914548181367512
761	2022-08-30 20:01:00	2022-09-23 04:39:53.07523	367	367	75899	108914458039307126
755	2022-08-31 08:39:00	2022-09-23 04:39:27.452704	367	367	75863	108915057340509462
6282	2022-09-16 06:46:00	2022-10-17 12:00:37.520865	27	10230	502111	108988575126246652
1092	2022-07-09 12:21:00	2022-09-26 02:25:01.32035	114	114	92552	108618293290547393
3361	2022-08-18 21:32:00	2022-10-11 03:50:29.84741	974	5315	352428	108846903799856940
3370	2022-08-10 08:30:00	2022-10-11 03:51:44.956808	974	5315	352500	108798575912089001
3379	2022-07-31 09:02:00	2022-10-11 03:52:45.255597	974	5315	352555	108741997468710406
3432	2022-07-14 16:22:00	2022-10-12 21:17:00.822833	27	8136	359778	108647350940945943
3451	2022-06-10 10:37:00	2022-10-12 22:29:01.243168	27	8157	360530	108447741996543436
3452	2022-06-10 10:36:00	2022-10-12 22:29:04.465926	27	8157	360532	108452792606305072
6286	2022-09-06 08:48:00	2022-10-17 12:05:50.092933	27	10230	502485	108948957705851450
8193	2022-10-04 22:10:00	2022-10-21 22:17:23.265302	27	10916	592776	109105711968008435
6551	2022-08-05 19:53:00	2022-10-18 19:20:42.883718	27	10804	523838	108772308994605933
6557	2022-07-28 13:44:00	2022-10-18 19:21:41.767932	27	10804	523848	108718885930226957
6562	2022-07-23 10:04:00	2022-10-18 19:22:15.850932	27	10804	523855	108694071615523649
6572	2022-07-22 06:33:00	2022-10-18 19:23:22.478714	27	10804	523867	108689194787620302
6573	2022-07-22 06:27:00	2022-10-18 19:23:27.687177	27	10804	523868	108689194787620302
6589	2022-07-19 07:22:00	2022-10-18 19:25:56.038881	27	10804	523893	108664352407562208
6620	2022-07-14 21:19:00	2022-10-18 19:30:22.639343	27	10804	523939	108645450025280547
6644	2022-07-11 06:35:00	2022-10-18 19:32:31.468795	27	10804	523966	108625208317718141
8194	2022-10-04 21:53:00	2022-10-21 22:19:37.612314	27	10916	592787	109105711968008435
6552	2022-08-05 19:46:00	2022-10-18 19:20:49.119057	27	10804	523840	108772654342319096
6597	2022-07-19 06:46:00	2022-10-18 19:27:09.1489	27	10804	523906	108669845519446625
6639	2022-07-14 20:01:00	2022-10-18 19:31:59.73479	27	10804	523959	108647350940945943
6645	2022-07-11 06:34:00	2022-10-18 19:32:36.904536	27	10804	523967	108625211648601567
3430	2022-08-08 21:06:00	2022-10-11 06:37:37.570973	301	8083	357268	108790227813784969
9	2022-09-12 22:52:00	2022-09-15 22:37:01.523178	7642	27	1592	108987243161506162
34	2022-08-30 08:46:00	2022-09-15 22:40:30.340117	7642	27	1757	108881030248125042
44	2022-08-30 07:52:00	2022-09-15 22:40:42.658817	7642	27	1768	108907322292639079
50	2022-08-29 12:51:00	2022-09-15 22:40:55.106194	7642	27	1783	108907006697873616
55	2022-08-28 22:34:00	2022-09-15 22:41:01.280951	7642	27	1791	108903767485936981
81	2022-07-29 07:37:00	2022-09-15 22:46:37.339281	7642	27	2121	108719137802904669
82	2022-07-29 07:32:00	2022-09-15 22:46:39.11889	7642	27	2123	108727220439847317
83	2022-07-29 07:12:00	2022-09-15 22:46:40.232014	7642	27	2124	108618610231091469
982	2022-07-30 23:46:00	2022-09-26 00:06:06.324627	7642	1549	85812	108731141975189179
1220	2022-09-12 22:52:00	2022-09-26 20:07:14.777997	7642	805	99744	108987243161506162
1221	2022-09-12 22:57:00	2022-09-26 20:07:15.369879	7642	805	99745	108986917776605497
1311	2022-08-28 22:34:00	2022-09-26 20:38:37.659313	7642	805	100801	108903767485936981
2514	2022-09-13 23:16:00	2022-10-05 21:35:45.136033	7642	5462	241533	108965430920199509
547	2022-06-23 11:32:00	2022-09-19 02:39:16.530815	1112	1112	45990	108527493276039319
3433	2022-09-25 15:18:00	2022-10-12 21:40:46.733786	2191	8144	359820	109060263450459440
3434	2022-09-25 15:14:00	2022-10-12 21:40:48.925128	2379	8144	359821	109059993890799668
3437	2022-10-01 17:53:00	2022-10-12 21:50:50.271771	8153	8148	359851	109082418075753458
3435	2022-07-16 15:58:00	2022-10-12 21:41:02.193911	2843	8144	359829	108658755247594527
3439	2022-09-21 21:12:00	2022-10-12 21:51:11.373874	8153	8148	359858	109039380979230856
3440	2022-09-13 13:30:00	2022-10-12 21:51:15.660063	8153	8148	359862	108988458627387990
3441	2022-08-27 11:39:00	2022-10-12 21:51:21.880596	8153	8148	359868	108890729987501410
3442	2022-08-11 13:59:00	2022-10-12 21:51:28.095823	8153	8148	359874	108800441738012649
3443	2022-08-06 10:22:00	2022-10-12 21:51:29.319277	582	8148	359875	108708446264812326
6720	2022-08-31 05:20:00	2022-10-18 20:00:10.549721	27	10846	524561	108913989412759024
3449	2022-07-12 10:47:00	2022-10-12 22:24:46.921801	19690	8151	360334	108634891768760130
6735	2022-08-14 08:22:00	2022-10-18 20:06:49.483179	27	10846	524767	108821128683206249
3455	2022-10-12 10:32:00	2022-10-12 22:55:12.518281	9491	8163	361766	109155756266695004
3456	2022-10-09 19:51:00	2022-10-12 22:55:17.48911	12559	8163	361775	109111671837749596
3457	2022-10-03 22:08:00	2022-10-12 22:55:20.019819	684	8163	361778	109106779975068017
3458	2022-08-11 18:12:00	2022-10-12 22:56:06.415831	2112	8163	361806	108805759014254755
3429	2022-08-08 21:08:00	2022-10-11 06:37:31.887668	143	8083	357264	108790045351155445
3460	2022-07-24 10:49:00	2022-10-12 22:56:31.899325	2198	8163	361829	108698428758469358
3459	2022-08-10 09:17:00	2022-10-12 22:56:09.389145	8163	8163	361809	108798730164523247
2568	2022-07-08 12:14:00	2022-10-07 06:04:47.937356	26	6126	268104	108602171508385162
3444	2022-07-18 15:10:00	2022-10-12 21:51:36.851558	1118	8148	359881	108669913286257726
1093	2022-07-08 23:47:00	2022-09-26 02:25:05.038391	160	114	92554	108613605670674803
3436	2022-10-12 14:26:00	2022-10-12 21:50:44.53862	300	8148	359846	109156696823303422
3445	2022-07-08 08:56:00	2022-10-12 21:51:42.648385	1118	8148	359886	108611816653939194
3448	2022-07-15 22:00:00	2022-10-12 22:24:06.443476	222	8151	360302	108653725309272664
3446	2022-06-28 14:50:00	2022-10-12 22:07:47.70919	125	8159	359958	108556570288776699
6739	2022-08-10 11:46:00	2022-10-18 20:08:38.630727	27	10846	524829	108798613637233543
3450	2022-06-10 13:29:00	2022-10-12 22:28:58.987625	146	8157	360527	108447912544746881
2394	2022-07-28 10:09:00	2022-10-01 04:00:51.765001	160	306	204652	108725343791652867
9046	2022-08-13 18:42:00	2022-10-26 11:43:12.104778	27	12967	667924	108817847736136479
8213	2022-06-09 12:14:00	2022-10-21 23:40:26.137256	27	12172	593293	108447741996543436
3431	2022-10-04 23:03:00	2022-10-12 21:00:52.965911	143	159	359414	109113347652268385
2792	2022-07-07 14:07:00	2022-10-08 20:17:22.220061	160	351	319004	108606908791237494
769	2022-08-26 23:00:00	2022-09-23 04:40:51.992789	367	367	75978	108892343860364322
770	2022-08-26 22:36:00	2022-09-23 04:40:54.273834	367	367	75981	108892343860364322
773	2022-08-26 20:41:00	2022-09-23 04:41:12.233392	367	367	76006	108891850518542637
788	2022-08-22 13:40:00	2022-09-23 04:44:52.270725	367	367	76259	108867636364521392
8238	2022-08-30 21:27:00	2022-10-22 16:11:30.677281	27	12844	610052	108913989412759024
3467	2022-10-06 16:21:00	2022-10-13 01:21:01.081504	33025	8197	365825	109123177172742321
3470	2022-06-25 07:42:00	2022-10-13 01:21:21.470472	39097	8197	365838	108537910838082509
3473	2022-08-28 11:36:00	2022-10-13 02:04:46.788393	2319	8203	367127	108900819350026614
3475	2022-10-05 07:35:00	2022-10-13 02:06:32.057957	8249	8212	367168	109115368241240769
3477	2022-10-03 22:05:00	2022-10-13 02:07:19.145611	7642	8212	367190	109102144051501606
4005	2022-06-16 18:10:00	2022-10-14 14:11:44.233842	215	8760	420328	108489323009646654
3479	2022-10-03 17:25:00	2022-10-13 02:07:38.185689	842	8212	367201	109106206007673928
3480	2022-10-03 16:50:00	2022-10-13 02:07:41.982617	8250	8212	367203	109106230234646868
3675	2022-09-27 20:28:00	2022-10-13 13:14:40.821117	306	2095	379482	109073188973739505
3483	2022-09-21 21:26:00	2022-10-13 02:11:03.481718	1909	8212	367317	109039189948021453
3486	2022-09-21 20:39:00	2022-10-13 02:11:30.803028	2107	8212	367334	109039120626176591
3487	2022-09-01 21:08:00	2022-10-13 02:12:41.311925	843	8212	367379	108925688166892099
3488	2022-08-12 09:52:00	2022-10-13 02:14:57.043408	2126	8212	367456	108810134167559144
3489	2022-07-27 15:21:00	2022-10-13 02:16:06.841596	1092	8212	367496	108720901980375401
3490	2022-07-27 11:43:00	2022-10-13 02:16:12.329691	6484	8212	367500	108720035492211381
3491	2022-07-20 11:26:00	2022-10-13 02:17:14.441613	11010	8212	367549	108680331832832195
3650	2022-08-28 21:19:00	2022-10-13 13:11:08.049639	6681	8374	379056	108903511442760948
3652	2022-08-27 21:07:00	2022-10-13 13:11:21.278724	1844	8374	379084	108897794907873561
3682	2022-08-15 21:34:00	2022-10-13 13:17:55.571575	8387	8374	379780	108829401304480729
3687	2022-09-03 20:33:00	2022-10-13 13:19:14.967875	8404	8256	379913	108937308919996109
3691	2022-08-04 23:23:00	2022-10-13 13:20:57.868559	2110	8374	380057	108767998665751684
3694	2022-08-03 08:40:00	2022-10-13 13:22:21.867552	17769	8374	380196	108758972810540679
3714	2022-07-30 09:46:00	2022-10-13 13:26:42.112079	7934	8374	380549	108736490330412949
3730	2022-07-23 19:02:00	2022-10-13 13:32:43.728193	1608	8374	381016	108699097389344000
3742	2022-09-16 17:58:00	2022-10-13 13:36:08.979433	1292	2095	381326	109010306478980218
3472	2022-08-31 09:01:00	2022-10-13 02:00:22.008475	343	8203	367007	108917608346848026
3471	2022-08-08 20:53:00	2022-10-13 01:33:13.014317	27	5078	366223	108789700493889917
9388	2022-08-14 00:00:00	2022-10-28 20:43:58.57799	27	13803	685925	108817769794809830
3767	2022-07-18 21:06:00	2022-10-13 13:57:23.158906	25869	8256	383141	108670839768762251
3993	2022-08-01 10:48:00	2022-10-14 13:57:20.875771	12846	8760	419045	108745205499144264
3998	2022-07-16 11:13:00	2022-10-14 14:03:45.149542	2198	8760	419633	108657047057975182
3999	2022-07-11 10:04:00	2022-10-14 14:04:21.540242	2402	8760	419695	108619095614211273
6794	2022-06-17 04:41:00	2022-10-18 20:39:44.756093	27	10846	525611	108336236723485338
4075	2022-08-06 11:26:00	2022-10-15 02:45:44.977835	7321	9367	432655	108744335859906659
4076	2022-08-06 07:09:00	2022-10-15 02:45:47.184723	63564	9367	432656	108775610968447743
4077	2022-08-06 06:29:00	2022-10-15 02:45:49.723305	3594	9367	432657	108775431708871576
4078	2022-08-06 05:35:00	2022-10-15 02:45:59.968948	63564	9367	432662	108775151342322275
4079	2022-08-06 05:34:00	2022-10-15 02:46:03.001147	63564	9367	432663	108773117068991995
4080	2022-08-03 15:16:00	2022-10-15 02:46:24.48072	38102	9367	432678	108760078850280284
4081	2022-07-29 10:01:00	2022-10-15 02:46:43.850115	35166	9367	432690	108730957530565301
4082	2022-07-28 08:19:00	2022-10-15 02:46:46.858687	9167	9367	432692	108549801766466781
4083	2022-07-28 07:30:00	2022-10-15 02:46:49.901347	28485	9367	432694	108721628588774837
4084	2022-07-28 06:23:00	2022-10-15 02:46:52.056896	5236	9367	432695	108724217623867596
4085	2022-07-27 15:55:00	2022-10-15 02:46:53.580334	1844	9367	432696	108719803930621336
4087	2022-07-27 06:21:00	2022-10-15 02:47:02.774928	2268	9367	432702	108716234011797280
4088	2022-07-21 11:41:00	2022-10-15 02:47:37.684742	40850	9367	432721	108685338993119617
4089	2022-07-21 09:53:00	2022-10-15 02:47:39.573	4542	9367	432723	108680596465086531
4090	2022-07-21 04:23:00	2022-10-15 02:47:49.414007	19439	9367	432729	108684332133124461
4091	2022-07-19 09:06:00	2022-10-15 02:48:04.618466	2483	9367	432739	108674066053218727
4093	2022-07-18 10:46:00	2022-10-15 02:48:22.570361	8514	9367	432749	108668747336052216
4094	2022-07-18 10:12:00	2022-10-15 02:48:26.0289	2520	9367	432751	108664464999710178
4095	2022-07-18 09:54:00	2022-10-15 02:48:29.906092	922	9367	432753	108664400990717702
4096	2022-07-16 17:30:00	2022-10-15 02:48:45.875433	57960	9367	432762	108659139789532949
4097	2022-07-16 06:45:00	2022-10-15 02:48:48.806967	7827	9367	432764	108653157043237004
4098	2022-07-14 14:51:00	2022-10-15 02:48:58.567201	5129	9367	432769	108647176043722829
4099	2022-07-13 12:20:00	2022-10-15 02:49:05.000402	1159	9367	432773	108640800190978270
4100	2022-07-12 15:44:00	2022-10-15 02:49:11.079442	5700	9367	432777	108635952009079885
4101	2022-07-07 15:50:00	2022-10-15 02:49:33.862004	9561	9367	432792	108607488287490719
4103	2022-07-03 13:07:00	2022-10-15 02:50:04.685811	8031	9367	432810	108584474218262326
4104	2022-07-02 08:41:00	2022-10-15 02:50:07.88653	2110	9367	432812	108574976921475185
3739	2022-08-12 08:23:00	2022-10-13 13:34:40.387808	143	8256	381196	108805827813598001
3476	2022-10-05 07:26:00	2022-10-13 02:07:00.393007	125	8212	367181	109115405474868838
6831	2022-10-13 13:10:00	2022-10-19 10:00:39.526166	27	10825	529992	109158356360189311
8337	2022-10-19 14:00:00	2022-10-23 10:26:47.514221	27	12888	623373	109196227921814251
3485	2022-09-21 20:40:00	2022-10-13 02:11:28.354247	731	8212	367332	109039245920052887
3484	2022-09-21 20:49:00	2022-10-13 02:11:10.337461	279	8212	367320	109039230691219135
4102	2022-07-03 16:27:00	2022-10-15 02:49:56.705237	300	9367	432806	108584840844631441
3648	2022-08-28 22:08:00	2022-10-13 13:10:43.059912	974	8374	379020	108903485657781090
3474	2022-10-05 07:40:00	2022-10-13 02:06:25.047329	2352	8212	367163	109115353741833857
4092	2022-07-19 09:02:00	2022-10-15 02:48:07.912739	174	9367	432740	108673866428659290
3991	2022-08-03 10:05:00	2022-10-14 13:56:12.080147	193	8760	418946	108759308533983649
4086	2022-07-27 09:51:00	2022-10-15 02:46:58.059427	279	9367	432700	108719521954153833
4361	2022-09-05 11:37:00	2022-10-15 05:14:52.449211	1988	9365	437641	108946442205223106
4364	2022-07-12 20:03:00	2022-10-15 05:15:12.780884	462	1371	437664	108636720416787288
4374	2022-09-04 11:19:00	2022-10-15 05:15:40.013414	122323	9365	437703	108937392662220486
4382	2022-09-02 16:07:00	2022-10-15 05:16:10.876964	125	9365	437742	108929860770353554
4387	2022-09-02 14:41:00	2022-10-15 05:16:20.049505	362489	9365	437757	108930202167669056
5576	2022-08-16 06:47:00	2022-10-16 16:42:41.789007	1000	4273	477877	108830145156460268
4389	2022-08-31 17:41:00	2022-10-15 05:16:54.541973	22884	9365	437799	108919583464052427
4390	2022-08-31 17:30:00	2022-10-15 05:16:56.12088	5065	9365	437801	108919383538046934
4392	2022-08-31 17:25:00	2022-10-15 05:16:58.598203	41347	9365	437806	108919384602501867
5580	2022-08-15 21:23:00	2022-10-16 16:44:09.634053	2319	4273	477902	108829200079926784
5584	2022-08-15 07:44:00	2022-10-16 16:46:23.968992	44444	4273	477943	108826711295139035
4481	2022-08-15 19:28:00	2022-10-15 05:27:09.616892	416	9365	438552	108829306724173044
6152	2022-06-18 19:52:00	2022-10-16 19:49:42.065239	14714	4273	481708	108501157343716457
8187	2022-06-13 09:21:00	2022-10-21 06:54:25.559694	11670	11313	580080	108212728625017929
4404	2022-08-29 09:17:00	2022-10-15 05:18:11.333794	158777	9365	437897	108906341461620636
4406	2022-08-28 14:18:00	2022-10-15 05:18:20.507192	37339	9365	437910	108899708431896450
4408	2022-08-27 15:45:00	2022-10-15 05:18:28.442794	994	9365	437920	108895494079731186
4434	2022-08-22 11:30:00	2022-10-15 05:21:44.92104	1389	9365	438160	108340474268891487
4410	2022-07-10 06:49:00	2022-10-15 05:18:55.485046	1373	1371	437953	108613549301296452
6153	2022-06-18 19:28:00	2022-10-16 19:49:49.816819	24675	4273	481717	108492926604653654
4418	2022-08-24 14:54:00	2022-10-15 05:19:47.663304	6518	9365	438011	108879351850737101
4419	2022-08-24 14:50:00	2022-10-15 05:19:48.830305	140593	9365	438013	108879265305791745
4421	2022-08-24 14:43:00	2022-10-15 05:19:56.665488	4542	9365	438022	108879259315513484
6154	2022-06-18 11:44:00	2022-10-16 19:50:08.481354	10811	4273	481731	108498838747994333
5577	2022-08-16 06:04:00	2022-10-16 16:43:25.349033	2843	4273	477888	108829173541908507
4429	2022-08-22 18:16:00	2022-10-15 05:21:23.358536	1999	9365	438131	108868358317279454
4430	2022-08-22 18:14:00	2022-10-15 05:21:25.367455	5071	9365	438134	108868483131538762
6158	2022-06-17 14:49:00	2022-10-16 19:50:39.149886	9740	4273	481764	108492581035641954
6160	2022-06-17 13:02:00	2022-10-16 19:54:11.221115	34385	4273	481898	108478909011198469
6161	2022-06-16 19:38:00	2022-10-16 19:54:46.981132	17246	4273	481917	108414599611032399
4473	2022-08-16 16:20:00	2022-10-15 05:26:26.82328	161	9365	438500	108833076714822623
4458	2022-08-17 12:10:00	2022-10-15 05:25:38.421002	271	9365	438433	108838642374261920
4370	2022-09-04 13:53:00	2022-10-15 05:15:31.181304	2135	9365	437691	108940374895238580
4457	2022-08-17 12:11:00	2022-10-15 05:25:37.252889	143	9365	438431	108838637164415305
4501	2022-08-12 17:27:00	2022-10-15 05:29:34.961062	145	9365	438728	108811485509026206
4465	2022-08-17 09:20:00	2022-10-15 05:25:58.37591	1154	9365	438460	108835020577211908
4460	2022-08-17 11:58:00	2022-10-15 05:25:41.238923	322	9365	438438	108838730301486611
4472	2022-08-16 19:19:00	2022-10-15 05:26:18.627244	2110	9365	438488	108815713082313935
4477	2022-08-16 09:25:00	2022-10-15 05:26:50.165653	1787	9365	438529	108832178304044784
4478	2022-08-16 09:23:00	2022-10-15 05:26:54.15848	25511	9365	438533	108831684023510087
4479	2022-08-16 07:01:00	2022-10-15 05:26:56.658268	2191	9365	438537	108829728839000634
4480	2022-08-16 07:00:00	2022-10-15 05:26:59.512607	30737	9365	438541	108832179975052121
4486	2022-08-15 08:36:00	2022-10-15 05:27:27.658718	173295	9365	438579	108821020418224878
4489	2022-08-15 08:10:00	2022-10-15 05:28:01.267107	9498	9365	438617	108821698113977611
4490	2022-08-15 06:20:00	2022-10-15 05:28:03.967575	19199	9365	438620	108811687200822202
4495	2022-08-13 06:13:00	2022-10-15 05:29:16.477071	5343	9365	438705	108814245566858458
4498	2022-08-13 06:02:00	2022-10-15 05:29:29.184928	177265	9365	438720	108814980885078099
4506	2022-08-12 06:52:00	2022-10-15 05:29:46.803676	2197	9365	438746	108805353971448449
4507	2022-08-12 06:44:00	2022-10-15 05:29:51.411151	8490	9365	438751	108809381598952089
4450	2022-08-18 09:34:00	2022-10-15 05:24:16.793141	103	9365	438336	108843495531319719
4381	2022-09-03 18:25:00	2022-10-15 05:16:08.419449	9365	9365	437738	108930019314390724
4402	2022-08-29 15:23:00	2022-10-15 05:17:53.975717	326	9365	437877	108907382449875971
4407	2022-08-28 06:23:00	2022-10-15 05:18:22.773082	274	9365	437912	108895216702421022
4444	2022-08-19 10:33:00	2022-10-15 05:23:13.737181	974	9365	438257	108849692809827811
4431	2022-08-22 18:11:00	2022-10-15 05:21:26.417578	274	9365	438136	108868500045648080
4366	2022-09-04 21:16:00	2022-10-15 05:15:19.217087	410	9365	437673	108941845328820471
4433	2022-08-22 14:09:00	2022-10-15 05:21:39.685317	410	9365	438153	108867819788756243
6155	2022-06-18 11:41:00	2022-10-16 19:50:11.453332	326	4273	481735	108494904910945201
4455	2022-08-17 13:00:00	2022-10-15 05:25:29.653343	27	9365	438422	108589305278940569
4368	2022-09-04 13:57:00	2022-10-15 05:15:26.325862	27	9365	437683	108941021511303850
4492	2022-08-14 09:56:00	2022-10-15 05:28:30.27881	27	9365	438654	108821201066287577
4362	2022-09-05 11:35:00	2022-10-15 05:14:56.127976	805	9365	437646	108936074697208030
4470	2022-08-17 08:44:00	2022-10-15 05:26:08.84418	1168	9365	438473	108837547500780939
8351	2022-10-18 22:59:00	2022-10-23 10:37:10.075728	27	12888	623604	109174543676839124
4432	2022-08-22 15:20:00	2022-10-15 05:21:36.489072	274	9365	438148	108867237165688412
4436	2022-08-22 09:14:00	2022-10-15 05:21:56.988986	274	9365	438174	108862752395273489
4437	2022-08-20 15:35:00	2022-10-15 05:22:09.67947	274	9365	438188	108856554179359460
4438	2022-08-20 11:57:00	2022-10-15 05:22:27.952915	274	9365	438205	108855422113620616
4482	2022-08-15 19:25:00	2022-10-15 05:27:12.295482	274	9365	438556	108829321644601698
4502	2022-08-12 17:25:00	2022-10-15 05:29:36.530192	215	9365	438730	108811517300455491
4511	2022-08-12 06:35:00	2022-10-15 05:29:56.932261	215	9365	438759	108805876954744196
4496	2022-08-13 06:11:00	2022-10-15 05:29:22.362104	339	9365	438711	108812096472861009
9066	2022-09-11 00:00:00	2022-10-26 19:41:13.649499	27	10464	673112	108971519018667175
4363	2022-09-05 11:06:00	2022-10-15 05:15:08.439587	11214	9365	437659	108946340589366861
4371	2022-09-04 13:49:00	2022-10-15 05:15:32.561158	308	9365	437692	108937671908654965
4372	2022-09-04 13:37:00	2022-10-15 05:15:34.294523	140551	9365	437695	108940903115168355
4373	2022-09-04 11:45:00	2022-10-15 05:15:37.433289	994	9365	437700	108940661493324399
4378	2022-09-04 10:55:00	2022-10-15 05:15:53.503299	7974	9365	437720	108940583556834447
5579	2022-08-16 05:36:00	2022-10-16 16:43:44.597407	4037	4273	477895	108831588346183974
4385	2022-09-02 15:51:00	2022-10-15 05:16:17.381556	7967	9365	437753	108930045699146804
4384	2022-09-02 15:53:00	2022-10-15 05:16:16.311641	274	9365	437751	108930040501904897
8188	2022-06-13 09:06:00	2022-10-21 06:55:13.100887	274	11313	580097	108467405477621538
4398	2022-08-30 06:36:00	2022-10-15 05:17:43.692338	345973	9365	437866	108911236167844381
8867	2022-08-19 18:51:00	2022-10-24 09:35:39.293004	27	12959	642634	108851951907640636
4405	2022-08-29 08:10:00	2022-10-15 05:18:12.669914	5236	9365	437899	108905059003767279
5582	2022-08-15 18:12:00	2022-10-16 16:45:19.401597	92331	4273	477926	108828518790269448
5585	2022-08-10 18:00:00	2022-10-16 16:47:27.548707	62	9630	477959	108795686774816779
4413	2022-08-26 09:37:00	2022-10-15 05:19:26.950396	60910	9365	437983	108889237053930682
4415	2022-08-25 14:07:00	2022-10-15 05:19:39.366971	48224	9365	437999	108884786628155475
5592	2022-08-14 06:43:00	2022-10-16 16:51:59.947483	323	4273	478024	108817538478278781
4420	2022-08-24 14:45:00	2022-10-15 05:19:54.609047	26317	9365	438018	108879297137530726
4399	2022-07-11 11:27:00	2022-10-15 05:17:46.268079	367	1371	437868	108629174001805307
4423	2022-08-23 19:54:00	2022-10-15 05:20:20.467598	332880	9365	438050	108873819782012236
4424	2022-08-23 16:28:00	2022-10-15 05:20:35.608978	37422	9365	438069	108107599010882117
4425	2022-08-22 19:09:00	2022-10-15 05:21:12.050101	9048	9365	438114	108862313126889599
4483	2022-08-15 19:24:00	2022-10-15 05:27:13.481086	103	9365	438557	108829390898620434
4386	2022-09-02 15:48:00	2022-10-15 05:16:19.056971	340	9365	437755	108929595239698836
4440	2022-08-19 18:14:00	2022-10-15 05:22:40.518325	4300	9365	438222	108851665734042269
4441	2022-07-07 11:05:00	2022-10-15 05:22:58.461901	738	1371	438239	108606647946916577
5595	2022-08-14 06:28:00	2022-10-16 16:52:40.529406	8467	4273	478036	108819176762859198
5601	2022-08-13 15:20:00	2022-10-16 16:53:50.949336	9674	4273	478057	108817071250156295
5629	2022-07-10 01:12:00	2022-10-16 17:04:48.848594	1408	9630	478238	108621312485971943
5615	2022-08-12 05:37:00	2022-10-16 16:59:38.257076	2109	4273	478151	108807231088034220
5616	2022-08-12 05:11:00	2022-10-16 16:59:55.085123	9577	4273	478156	108805235749737608
5617	2022-08-12 04:57:00	2022-10-16 17:00:17.180071	1998	4273	478162	108809033906781003
4454	2022-08-17 13:09:00	2022-10-15 05:25:22.793778	42327	9365	438413	108839306845225501
4456	2022-08-17 12:57:00	2022-10-15 05:25:31.062094	23057	9365	438424	108595706158606623
4462	2022-08-17 11:23:00	2022-10-15 05:25:48.243625	6609	9365	438447	108838761330327473
4464	2022-08-17 09:30:00	2022-10-15 05:25:50.42844	2013	9365	438451	108833586023522167
4467	2022-08-17 09:16:00	2022-10-15 05:26:01.538952	72279	9365	438464	108833444144612053
4391	2022-08-31 17:28:00	2022-10-15 05:16:57.501895	23	9365	437804	108919384350249037
4428	2022-08-22 18:56:00	2022-10-15 05:21:19.728002	326	9365	438125	108867066266090381
4379	2022-09-04 06:11:00	2022-10-15 05:15:54.676974	10189	9365	437722	108939288234723011
4522	2022-08-11 16:37:00	2022-10-15 05:30:32.176895	143	9365	438808	108806052984525202
4475	2022-08-16 15:55:00	2022-10-15 05:26:39.92961	40020	9365	438516	108834283698900729
4484	2022-08-15 19:22:00	2022-10-15 05:27:14.466465	15120	9365	438559	108829407909124256
4487	2022-08-15 08:32:00	2022-10-15 05:27:28.765227	173295	9365	438581	108823005361463111
4488	2022-08-15 08:17:00	2022-10-15 05:27:57.33597	44651	9365	438612	108826789036403128
4491	2022-08-14 13:16:00	2022-10-15 05:28:09.045251	11018	9365	438626	108816945987439995
4493	2022-08-14 09:53:00	2022-10-15 05:28:31.779807	10154	9365	438655	108821532136807130
4494	2022-08-13 12:53:00	2022-10-15 05:28:58.553154	2255	9365	438681	108812497815608837
4497	2022-08-13 06:03:00	2022-10-15 05:29:27.413274	177265	9365	438718	108814980885078099
4499	2022-08-13 06:00:00	2022-10-15 05:29:31.446148	10325	9365	438723	108813157202011580
4500	2022-08-12 17:31:00	2022-10-15 05:29:33.794211	1269	9365	438726	108806933731212962
4485	2022-08-15 19:20:00	2022-10-15 05:27:15.575359	742	9365	438561	108806029939845516
4508	2022-08-12 06:41:00	2022-10-15 05:29:52.972731	825	9365	438753	108807704245589930
9232	2022-10-13 00:00:00	2022-10-27 21:31:09.874316	27	13351	682078	109164275270898618
4509	2022-08-12 06:39:00	2022-10-15 05:29:54.785028	27	9365	438755	108806575151601789
9100	2022-09-29 00:00:00	2022-10-27 06:07:39.530889	27	12056	677180	109082611358628493
6944	2022-09-10 06:22:00	2022-10-19 11:26:46.965477	27	10825	532372	108971486667021054
4529	2022-08-11 10:13:00	2022-10-15 05:32:35.149121	9048	9365	438924	108800479115179696
4503	2022-08-12 17:19:00	2022-10-15 05:29:39.286413	125	9365	438735	108811586856946723
6952	2022-09-08 11:15:00	2022-10-19 11:33:19.598727	27	10825	532617	108945753521845976
4469	2022-08-17 09:10:00	2022-10-15 05:26:06.725268	33	9365	438470	108838140256017787
4476	2022-08-16 09:40:00	2022-10-15 05:26:41.382423	322	9365	438518	108829170532819682
4367	2022-09-04 14:03:00	2022-10-15 05:15:23.015944	974	9365	437678	108940591674266241
4412	2022-08-26 14:07:00	2022-10-15 05:19:15.662805	498	9365	437968	108876379045634384
4447	2022-07-07 07:14:00	2022-10-15 05:23:25.447124	198	1371	438271	108605732544115877
4524	2022-08-11 16:27:00	2022-10-15 05:30:38.773038	198	9365	438817	108801783003662845
4393	2022-08-31 16:06:00	2022-10-15 05:17:06.230948	908	9365	437814	108919247147589341
4525	2022-08-11 12:01:00	2022-10-15 05:30:47.757023	1118	9365	438830	108496355828849751
4365	2022-09-05 06:29:00	2022-10-15 05:15:14.641218	222	9365	437666	108941863476051264
4394	2022-08-30 13:43:00	2022-10-15 05:17:14.119031	742	9365	437828	108912732408380668
4505	2022-08-12 16:19:00	2022-10-15 05:29:43.525463	274	9365	438741	108811669591594866
4528	2022-06-28 12:18:00	2022-10-15 05:31:59.759127	279	1371	438901	108555937783373706
4513	2022-08-12 06:31:00	2022-10-15 05:29:59.009656	11108	9365	438763	108806656641804536
4515	2022-08-12 06:26:00	2022-10-15 05:30:03.913829	5646	9365	438767	108809385148489406
5583	2022-08-12 08:58:00	2022-10-16 16:45:41.288687	1999	9630	477932	108810006687265026
7020	2022-08-25 13:21:00	2022-10-19 12:39:48.022626	27	10825	533885	108883594660582214
7028	2022-08-24 02:14:00	2022-10-19 12:46:08.001197	27	10825	533981	108874001073743776
5586	2022-08-14 22:10:00	2022-10-16 16:48:02.64578	2255	4273	477966	108823365259909299
4531	2022-08-11 08:15:00	2022-10-15 05:32:41.949011	386	9365	438933	108804127965693174
5587	2022-08-14 20:49:00	2022-10-16 16:49:08.649725	1844	4273	477980	108823944040508056
4541	2022-08-10 06:39:00	2022-10-15 05:33:37.125191	3323	9365	438975	108796535180091930
4543	2022-08-09 14:54:00	2022-10-15 05:33:57.531222	824	9365	438990	108794414002982075
4544	2022-08-09 14:53:00	2022-10-15 05:33:58.991516	6166	9365	438992	108794400441239291
4556	2022-06-26 09:10:00	2022-10-15 05:35:24.808728	2019	1371	439055	108542016478641738
4559	2022-08-07 16:56:00	2022-10-15 05:35:35.918113	25595	9365	439063	108783555131744672
8417	2022-10-10 22:17:00	2022-10-23 12:36:26.763321	27	12888	626223	109136666659650929
4567	2022-08-07 10:47:00	2022-10-15 05:36:26.022169	103663	9365	439106	108773333712834994
4572	2022-08-06 16:43:00	2022-10-15 05:36:59.353365	26384	9365	439132	108777812148437482
4576	2022-08-06 08:28:00	2022-10-15 05:37:12.565703	22716	9365	439142	108775332898652894
4588	2022-08-05 06:55:00	2022-10-15 05:38:56.867331	45003	9365	439216	108769739348878369
4596	2022-08-04 18:57:00	2022-10-15 05:39:35.969253	7642	9365	439247	108765504433572794
4692	2022-07-25 08:05:00	2022-10-15 05:52:04.841285	137	9365	439852	108707755771119981
4606	2022-08-04 15:56:00	2022-10-15 05:40:30.042708	12291	9365	439284	108766165619563855
4608	2022-08-04 15:36:00	2022-10-15 05:40:36.425065	26317	9365	439288	108766266469046546
4616	2022-08-03 11:03:00	2022-10-15 05:42:23.005086	186218	9365	439368	108756562488485966
4685	2022-07-25 10:51:00	2022-10-15 05:51:23.109377	300	9365	439810	108707964146069829
4622	2022-08-02 12:49:00	2022-10-15 05:43:03.112971	1269	9365	439398	108748387244068121
4626	2022-08-01 14:41:00	2022-10-15 05:44:28.169457	783	9365	439463	108748406971676027
4631	2022-08-01 14:31:00	2022-10-15 05:44:44.502431	1593	9365	439479	108749014440755344
4636	2022-08-01 10:04:00	2022-10-15 05:45:13.909006	2436	9365	439492	108745692209776673
5591	2022-08-14 06:47:00	2022-10-16 16:51:50.842816	5236	4273	478022	108820376916097176
4645	2022-07-31 14:59:00	2022-10-15 05:46:14.36288	18765	9365	439536	108742410986348469
4646	2022-07-31 14:48:00	2022-10-15 05:46:16.315335	140	9365	439538	108742675096631401
8189	2022-06-12 09:57:00	2022-10-21 06:56:18.07989	2578	11313	580121	108464771822361984
4665	2022-07-29 07:42:00	2022-10-15 05:48:59.806406	974	9365	439682	108728091124616459
4662	2022-07-30 06:31:00	2022-10-15 05:47:35.20104	10307	9365	439607	108734730112672104
4666	2022-07-29 07:37:00	2022-10-15 05:49:03.955613	3323	9365	439685	108725081477998089
4670	2022-07-28 10:52:00	2022-10-15 05:49:16.714959	5343	9365	439699	108725472522399768
5611	2022-08-12 23:40:00	2022-10-16 16:58:08.904933	12147	4273	478125	108813458576830190
4674	2022-07-28 09:23:00	2022-10-15 05:49:39.760151	36250	9365	439722	108724539343658093
5620	2022-08-11 22:16:00	2022-10-16 17:01:57.116984	377051	4273	478190	108200828567796321
4691	2022-07-25 08:09:00	2022-10-15 05:51:54.637639	5355	9365	439843	108707719645734736
4693	2022-07-23 21:11:00	2022-10-15 05:52:37.327083	271	9365	439885	108698872684055423
4620	2022-08-02 13:35:00	2022-10-15 05:42:47.553877	274	9365	439388	108753942675875517
4517	2022-08-11 19:41:00	2022-10-15 05:30:10.257392	9365	9365	438774	108806204760837333
4540	2022-08-10 16:14:00	2022-10-15 05:33:24.669857	9365	9365	438964	108794427102765559
4548	2022-08-09 09:38:00	2022-10-15 05:34:18.314892	9365	9365	439007	108792746950073711
4526	2022-08-11 10:58:00	2022-10-15 05:30:49.379542	9365	9365	438832	108782496125833615
4566	2022-08-07 10:48:00	2022-10-15 05:36:23.939386	9365	9365	439104	108772935930384771
4602	2022-08-04 17:54:00	2022-10-15 05:39:57.947879	9365	9365	439265	108765951927306246
4617	2022-08-03 05:57:00	2022-10-15 05:42:33.946674	9365	9365	439376	108752814894049603
4624	2022-08-02 12:06:00	2022-10-15 05:43:23.766108	9365	9365	439413	108752814894049603
4653	2022-07-30 14:36:00	2022-10-15 05:47:05.180803	9365	9365	439575	108737346378336032
4639	2022-08-01 09:32:00	2022-10-15 05:45:30.257892	9365	9365	439507	108736418730718393
4642	2022-07-31 18:19:00	2022-10-15 05:45:45.44211	9365	9365	439519	108730469625859774
4673	2022-07-28 09:37:00	2022-10-15 05:49:29.608256	9365	9365	439715	108721550617992865
5622	2022-08-11 21:17:00	2022-10-16 17:02:10.933887	9679	4273	478194	108807253410772253
5645	2022-06-22 22:47:00	2022-10-16 17:09:50.480245	122469	9630	478312	108524476357595918
5656	2022-08-07 03:36:00	2022-10-16 17:16:22.2851	2198	4273	478419	108778005276880567
6156	2022-06-18 06:50:00	2022-10-16 19:50:21.756906	126110	4273	481747	108482949131407135
6173	2022-06-14 06:47:00	2022-10-16 19:58:57.30689	2619	4273	482036	108475303159725556
4657	2022-07-30 08:52:00	2022-10-15 05:47:23.993479	274	9365	439595	108733946313630980
4558	2022-08-07 17:01:00	2022-10-15 05:35:29.469733	161	9365	439060	108782157525179987
4633	2022-08-01 14:28:00	2022-10-15 05:44:49.944939	416	9365	439483	108748634512668010
4669	2022-07-28 10:53:00	2022-10-15 05:49:14.725947	103	9365	439696	108725440839787565
4523	2022-08-11 16:31:00	2022-10-15 05:30:35.522556	198	9365	438813	108801783003662845
6975	2022-09-02 10:54:00	2022-10-19 11:54:06.881242	27	10825	533174	108924392103314855
7014	2022-08-26 12:15:00	2022-10-19 12:33:33.93058	27	10825	533786	108889942560008484
7031	2022-08-24 01:15:00	2022-10-19 12:47:03.293548	27	10825	533997	108842242986173347
4545	2022-08-09 14:50:00	2022-10-15 05:34:05.227645	2103	9365	438995	108794039193087235
4520	2022-08-11 16:50:00	2022-10-15 05:30:25.834627	322	9365	438799	108805968373780289
4607	2022-08-04 15:47:00	2022-10-15 05:40:32.677086	322	9365	439285	108765904364593360
4597	2022-08-04 18:26:00	2022-10-15 05:39:40.415091	1118	9365	439252	108765597641334454
4658	2022-07-30 08:50:00	2022-10-15 05:47:25.581701	222	9365	439597	108733966694469284
5631	2022-07-05 20:13:00	2022-10-16 17:05:28.974415	222	9630	478244	108597463218685564
4530	2022-08-11 10:10:00	2022-10-15 05:32:36.973877	125	9365	438926	108804619433844822
4671	2022-07-28 09:52:00	2022-10-15 05:49:25.934527	103	9365	439709	108725147868076619
4532	2022-08-11 08:09:00	2022-10-15 05:32:53.610394	63017	9365	438939	108804081906146539
4533	2022-08-11 07:58:00	2022-10-15 05:33:00.802402	29336	9365	438942	108803625463724419
4535	2022-08-10 19:39:00	2022-10-15 05:33:15.542082	3159	9365	438953	108801205536620783
4536	2022-08-10 19:38:00	2022-10-15 05:33:16.883017	3159	9365	438955	108801205536620783
5600	2022-08-13 17:14:00	2022-10-16 16:53:43.237204	2436	4273	478054	108816830521931592
5606	2022-08-13 08:02:00	2022-10-16 16:56:22.341111	405904	4273	478097	108812780365018679
5607	2022-08-13 08:02:00	2022-10-16 16:56:28.049194	10299	4273	478099	108815454551073499
4542	2022-08-09 14:56:00	2022-10-15 05:33:48.62263	12227	9365	438985	108791078564407923
5608	2022-08-13 06:03:00	2022-10-16 16:56:46.656951	4300	4273	478106	108814615085362903
5610	2022-08-13 05:34:00	2022-10-16 16:57:40.601048	63998	4273	478118	108811695828933302
4547	2022-08-09 09:51:00	2022-10-15 05:34:13.433087	2318	9365	439003	108793215961719765
4577	2022-08-06 08:25:00	2022-10-15 05:37:14.058199	27	9365	439144	108774006427016946
4551	2022-06-27 06:17:00	2022-10-15 05:34:57.830622	1001	1371	439037	108546181591775836
4552	2022-08-08 09:29:00	2022-10-15 05:35:10.173002	298061	9365	439040	108782471350552265
4553	2022-08-08 09:27:00	2022-10-15 05:35:12.795307	298061	9365	439042	108782468381636091
4561	2022-08-07 16:46:00	2022-10-15 05:35:41.297115	9216	9365	439068	108783514557382071
5613	2022-08-12 07:13:00	2022-10-16 16:59:21.061795	1988	4273	478147	108807321905987932
4563	2022-08-07 12:12:00	2022-10-15 05:36:15.232953	45003	9365	439095	108769739348878369
5618	2022-08-11 22:29:00	2022-10-16 17:01:27.520933	11010	4273	478183	108800609506711490
5619	2022-08-11 22:26:00	2022-10-16 17:01:35.769438	16429	4273	478185	108807517341346448
4568	2022-08-07 08:27:00	2022-10-15 05:36:41.490845	8387	9365	439119	108724842610247182
4569	2022-08-07 08:26:00	2022-10-15 05:36:44.703036	2197	9365	439122	108781549679928000
4570	2022-08-06 17:01:00	2022-10-15 05:36:49.923466	74233	9365	439125	108777864457101469
4571	2022-08-06 16:44:00	2022-10-15 05:36:58.04514	22716	9365	439130	108777872370965836
4604	2022-08-04 16:01:00	2022-10-15 05:40:25.041148	34	9365	439279	108765943882503260
4621	2022-08-02 13:33:00	2022-10-15 05:42:48.987874	416	9365	439390	108753957382812098
5621	2022-08-11 22:15:00	2022-10-16 17:02:05.613308	5359	4273	478192	108807483118184536
4578	2022-08-06 08:20:00	2022-10-15 05:37:15.805726	57342	9365	439146	108774755636425429
4579	2022-08-05 20:49:00	2022-10-15 05:37:28.933111	9400	9365	439158	108345756752907272
4610	2022-08-04 10:03:00	2022-10-15 05:40:43.641652	152	9365	439296	108761305000995861
4581	2022-08-05 16:07:00	2022-10-15 05:37:46.433419	2972	9365	439172	108771891990331087
4582	2022-08-05 15:55:00	2022-10-15 05:37:51.003614	386	9365	439175	108770153362005557
4583	2022-08-05 07:25:00	2022-10-15 05:38:30.070798	271	9365	439198	108767345525291095
4587	2022-08-05 06:59:00	2022-10-15 05:38:44.963691	1269	9365	439209	108760119479282693
4589	2022-08-05 06:52:00	2022-10-15 05:38:58.790262	2782	9365	439218	108769739562111144
4590	2022-08-05 06:49:00	2022-10-15 05:39:07.213192	10854	9365	439223	108769249042670530
4592	2022-08-05 06:43:00	2022-10-15 05:39:12.638745	47244	9365	439227	108769741132300341
4593	2022-08-05 06:25:00	2022-10-15 05:39:16.220891	33974	9365	439231	108769741578951294
4594	2022-08-05 06:21:00	2022-10-15 05:39:17.912943	1269	9365	439232	108761753597004729
4595	2022-08-04 20:53:00	2022-10-15 05:39:22.988309	14096	9365	439237	108767518390456939
4598	2022-08-04 18:11:00	2022-10-15 05:39:43.530927	177265	9365	439255	108766480648716209
4599	2022-08-04 18:08:00	2022-10-15 05:39:44.912972	6483	9365	439257	108766836806345349
4600	2022-08-04 18:07:00	2022-10-15 05:39:47.565925	23980	9365	439259	108766827280172216
4601	2022-08-04 18:05:00	2022-10-15 05:39:52.445308	38143	9365	439262	108606906069402583
4603	2022-08-04 17:50:00	2022-10-15 05:40:01.718106	38143	9365	439268	108629462109622532
4609	2022-08-04 10:08:00	2022-10-15 05:40:40.322292	19922	9365	439292	108764983594326862
4612	2022-08-04 09:51:00	2022-10-15 05:41:22.118021	8387	9365	439320	108702939005519082
4613	2022-08-04 09:45:00	2022-10-15 05:41:25.373	1000	9365	439322	108764713451275983
4614	2022-08-04 09:43:00	2022-10-15 05:41:26.763111	14764	9365	439324	108764888161021004
4615	2022-08-04 08:49:00	2022-10-15 05:41:56.041241	2405	9365	439346	108764604428369583
4619	2022-08-02 13:40:00	2022-10-15 05:42:45.953026	386	9365	439386	108753873988484136
4623	2022-08-02 12:33:00	2022-10-15 05:43:17.980383	2519	9365	439407	108753697475926510
4625	2022-08-01 20:56:00	2022-10-15 05:44:13.533063	5154	9365	439449	108750545629161624
4629	2022-08-01 14:34:00	2022-10-15 05:44:39.770218	6499	9365	439473	108749017720591606
4632	2022-08-01 14:28:00	2022-10-15 05:44:47.991648	19156	9365	439482	108749020399726769
4635	2022-08-01 10:06:00	2022-10-15 05:45:07.75605	2197	9365	439490	108745744110122760
4637	2022-08-01 10:03:00	2022-10-15 05:45:18.477879	5646	9365	439496	108747974793550567
4638	2022-08-01 09:52:00	2022-10-15 05:45:27.057222	1580	9365	439503	108747869162122093
4550	2022-06-27 07:16:00	2022-10-15 05:34:37.624156	143	1371	439022	108549144539222580
4554	2022-08-08 09:25:00	2022-10-15 05:35:14.64242	274	9365	439045	108787443039015116
4611	2022-06-23 16:08:00	2022-10-15 05:41:10.283652	279	1371	439309	108528523880998012
4534	2022-08-10 19:52:00	2022-10-15 05:33:06.43754	2843	9365	438945	108800717074774683
4591	2022-08-05 06:45:00	2022-10-15 05:39:10.914389	27	9365	439225	108768759346924712
4555	2022-08-07 17:07:00	2022-10-15 05:35:20.821317	146	9365	439051	108783372279432510
4655	2022-07-30 09:10:00	2022-10-15 05:47:20.231492	1344	9365	439591	108736413568183335
4664	2022-07-29 07:45:00	2022-10-15 05:48:43.877254	5343	9365	439671	108728882484694577
4586	2022-08-05 07:03:00	2022-10-15 05:38:42.921502	1233	9365	439207	108768506235085096
4795	2022-07-09 11:26:00	2022-10-15 06:05:28.481413	4334	9365	440619	108613124754387766
4605	2022-08-04 15:59:00	2022-10-15 05:40:28.030696	27	9365	439281	108766037974923413
4627	2022-08-01 14:38:00	2022-10-15 05:44:36.085065	805	9365	439469	108749017316424905
4549	2022-08-09 07:47:00	2022-10-15 05:34:28.782566	628	9365	439018	108788087226824372
4546	2022-08-09 09:58:00	2022-10-15 05:34:11.813007	316	9365	439000	108793165266065503
4557	2022-08-07 17:04:00	2022-10-15 05:35:27.501408	322	9365	439058	108783526228483526
4628	2022-08-01 14:36:00	2022-10-15 05:44:37.861719	322	9365	439472	108749015694210533
4585	2022-06-24 10:17:00	2022-10-15 05:38:41.082837	143	1371	439205	108532865245543811
4634	2022-08-01 10:09:00	2022-10-15 05:45:01.858864	143	9365	439488	108744900769441302
4651	2022-07-31 07:23:00	2022-10-15 05:46:55.990029	47820	9365	439569	108720407239231816
5625	2022-08-11 08:24:00	2022-10-16 17:03:43.681116	25850	4273	478219	108804198292012224
4654	2022-06-18 11:01:00	2022-10-15 05:47:08.048912	308	1371	439578	108499058182861406
4663	2022-07-29 07:54:00	2022-10-15 05:48:34.957109	2520	9365	439662	108730482176674380
4783	2022-07-12 12:08:00	2022-10-15 06:04:04.196659	232	9365	440533	108634141195332204
4680	2022-07-27 17:51:00	2022-10-15 05:50:13.834378	2197	9365	439749	108720658431202690
4682	2022-07-26 20:48:00	2022-10-15 05:50:22.752518	271	9365	439759	108715792194202305
4683	2022-07-26 17:52:00	2022-10-15 05:50:31.317607	271	9365	439769	108715831994046676
4661	2022-07-30 08:41:00	2022-10-15 05:47:32.641997	222	9365	439605	108734879451916467
4686	2022-07-25 10:50:00	2022-10-15 05:51:25.455655	323	9365	439813	108705526282865437
4689	2022-07-25 08:50:00	2022-10-15 05:51:41.737094	47978	9365	439830	108708057422796376
5630	2022-08-10 19:49:00	2022-10-16 17:04:47.881997	2195	4273	478237	108801128536843699
4694	2022-07-23 19:27:00	2022-10-15 05:52:39.153124	2837	9365	439888	108699227418656295
4741	2022-07-16 14:53:00	2022-10-15 06:00:35.546795	125	9365	440323	108658457267735194
4700	2022-07-22 09:10:00	2022-10-15 05:53:42.121136	386	9365	439945	108690880625549430
4704	2022-07-21 17:16:00	2022-10-15 05:54:02.515599	271	9365	439962	108687233639371370
5628	2022-08-11 05:55:00	2022-10-16 17:04:26.709364	27	4273	478231	108801636674776910
4713	2022-07-20 18:40:00	2022-10-15 05:54:54.558143	5236	9365	440021	108681552258758767
4714	2022-07-20 16:46:00	2022-10-15 05:55:08.909485	13221	9365	440030	108681616049214550
4715	2022-07-20 12:01:00	2022-10-15 05:55:16.881217	11010	9365	440037	108680359916517726
4717	2022-07-20 09:01:00	2022-10-15 05:55:41.074993	3872	9365	440067	108408390369454665
4718	2022-07-19 20:33:00	2022-10-15 05:55:54.623495	7962	9365	440080	108676796087551481
4719	2022-07-19 20:31:00	2022-10-15 05:55:57.352359	8387	9365	440083	108652856687117199
4720	2022-07-19 20:26:00	2022-10-15 05:56:06.129308	2350	9365	440089	108675490736190417
4724	2022-07-19 15:19:00	2022-10-15 05:56:25.815073	2191	9365	440111	108675603741627248
4725	2022-07-19 12:01:00	2022-10-15 05:58:23.813269	2311	9365	440206	108673871571946227
4727	2022-07-18 12:43:00	2022-10-15 05:58:46.382243	2782	9365	440228	108669336303881941
4734	2022-07-18 09:38:00	2022-10-15 05:59:18.525976	3792	9365	440257	108667917766384240
4735	2022-07-17 16:54:00	2022-10-15 05:59:24.40882	29384	9365	440264	108663789156637882
4736	2022-07-17 10:12:00	2022-10-15 05:59:42.444371	43233	9365	440279	108662991928137672
4737	2022-07-17 09:46:00	2022-10-15 05:59:44.294561	1054	9365	440282	108662973268080742
4739	2022-07-16 20:41:00	2022-10-15 05:59:57.053109	23980	9365	440296	108658885960808108
4742	2022-07-16 14:51:00	2022-10-15 06:00:38.357164	5995	9365	440326	108658487637685591
4743	2022-07-16 14:46:00	2022-10-15 06:00:44.013415	6499	9365	440334	108658466742043638
4745	2022-07-16 14:38:00	2022-10-15 06:00:49.285602	52976	9365	440340	108656542547031209
4746	2022-07-15 12:32:00	2022-10-15 06:00:53.285692	271	9365	440343	108652064390788362
4702	2022-07-22 09:01:00	2022-10-15 05:53:52.805718	306	9365	439956	108690964579358238
4748	2022-07-15 12:25:00	2022-10-15 06:00:58.890664	67787	9365	440348	108652153086892941
4750	2022-07-15 12:14:00	2022-10-15 06:01:06.146478	34673	9365	440355	108007148084077528
4751	2022-07-15 12:11:00	2022-10-15 06:01:10.326096	1988	9365	440359	108629775221640612
4760	2022-07-13 15:00:00	2022-10-15 06:02:03.205697	683	9365	440413	108640391377026753
4762	2022-07-13 08:26:00	2022-10-15 06:02:15.863379	80978	9365	440426	108639843098623104
4764	2022-07-13 08:16:00	2022-10-15 06:02:23.994102	39576	9365	440437	108619011942193152
4766	2022-07-13 08:12:00	2022-10-15 06:02:30.023904	79283	9365	440444	108623928949339164
4652	2022-07-31 06:34:00	2022-10-15 05:47:01.440951	8765	9365	439573	108740412596597078
4772	2022-07-13 07:33:00	2022-10-15 06:02:58.8593	2782	9365	440468	108639811202800952
4775	2022-07-12 13:46:00	2022-10-15 06:03:27.761891	23980	9365	440500	108630120550918250
4778	2022-07-12 13:30:00	2022-10-15 06:03:43.55847	271	9365	440514	108635314176565173
4782	2022-07-12 13:04:00	2022-10-15 06:03:58.136834	2519	9365	440528	108632776394432154
5637	2022-08-09 19:38:00	2022-10-16 17:07:48.642711	12326	4273	478279	108795522350180527
5638	2022-08-09 18:58:00	2022-10-16 17:08:16.739323	5505	4273	478285	108795375591032404
4785	2022-07-12 09:42:00	2022-10-15 06:04:15.84868	211690	9365	440546	108633666052290018
5646	2022-08-09 06:24:00	2022-10-16 17:09:58.861496	10843	4273	478313	108792084749860807
4789	2022-07-11 06:28:00	2022-10-15 06:04:38.253427	163228	9365	440571	108628183730025181
4790	2022-07-11 06:27:00	2022-10-15 06:04:40.389273	4300	9365	440574	108627760948285946
4754	2022-07-15 12:02:00	2022-10-15 06:01:20.145461	166	9365	440371	108646970815669083
4779	2022-07-12 13:27:00	2022-10-15 06:03:45.570663	146	9365	440517	108635319030222323
4793	2022-07-09 12:02:00	2022-10-15 06:05:18.849338	29594	9365	440606	108543638613545173
4699	2022-07-22 09:12:00	2022-10-15 05:53:39.697135	416	9365	439942	108690865609481276
4668	2022-07-28 10:58:00	2022-10-15 05:49:13.23833	103	9365	439693	108725385650791939
4744	2022-07-16 14:44:00	2022-10-15 06:00:45.741707	34	9365	440337	108658137191981848
4675	2022-07-27 20:02:00	2022-10-15 05:49:43.441355	143	9365	439725	108709828399524161
4656	2022-06-17 16:43:00	2022-10-15 05:47:22.540165	300	1371	439594	108494481117873743
4711	2022-07-21 09:24:00	2022-10-15 05:54:24.901427	900	9365	439991	108684846021272219
4698	2022-07-22 09:14:00	2022-10-15 05:53:20.769158	33	9365	439927	108690856379419805
4695	2022-07-23 13:40:00	2022-10-15 05:52:43.626596	1408	9365	439892	108697595988201524
8190	2022-06-11 23:44:00	2022-10-21 06:57:50.000577	274	11313	580151	108460797944194348
4777	2022-07-12 13:32:00	2022-10-15 06:03:36.880567	416	9365	440508	108635300929683088
4678	2022-07-27 18:06:00	2022-10-15 05:49:58.013478	731	9365	439740	108721178603103091
4747	2022-07-15 12:28:00	2022-10-15 06:00:57.121408	144	9365	440346	108652140397170464
4696	2022-07-23 12:50:00	2022-10-15 05:52:45.517037	274	9365	439894	108697412456075292
4769	2022-07-13 07:44:00	2022-10-15 06:02:41.737243	950	9365	440456	108634729528293722
4709	2022-07-21 16:56:00	2022-10-15 05:54:17.100785	279	9365	439980	108687196975923344
4770	2022-07-13 07:43:00	2022-10-15 06:02:45.465506	279	9365	440459	108635767473979461
4781	2022-07-12 13:13:00	2022-10-15 06:03:55.753163	823	9365	440526	108635397864458794
4677	2022-07-27 18:08:00	2022-10-15 05:49:56.365358	9635	9365	439738	108721562885674740
4681	2022-06-16 11:41:00	2022-10-15 05:50:18.197151	2102	1371	439753	108487836692492356
4703	2022-07-21 17:21:00	2022-10-15 05:53:59.051593	271	9365	439959	108687177140834727
4707	2022-07-21 17:05:00	2022-10-15 05:54:13.271008	16516	9365	439975	108687317152144000
4712	2022-07-20 18:46:00	2022-10-15 05:54:48.732669	18789	9365	440018	108682057925392504
4687	2022-07-25 09:12:00	2022-10-15 05:51:29.778939	515	9365	439818	108708037785030108
4722	2022-07-19 16:38:00	2022-10-15 05:56:16.111956	2405	9365	440101	108414622023858517
4723	2022-07-19 15:25:00	2022-10-15 05:56:22.729187	2405	9365	440107	108675622849347537
4726	2022-07-18 19:16:00	2022-10-15 05:58:44.105675	24985	9365	440225	108670005883197776
4729	2022-07-18 10:56:00	2022-10-15 05:58:54.38737	56335	9365	440234	108668919819459442
4730	2022-07-18 09:56:00	2022-10-15 05:58:59.638835	2744	9365	440239	108667913796824588
4731	2022-07-18 09:43:00	2022-10-15 05:59:09.101341	1343	9365	440246	108663354831213545
4732	2022-07-18 09:42:00	2022-10-15 05:59:11.69753	5881	9365	440249	108667916653121855
4733	2022-07-18 09:41:00	2022-10-15 05:59:14.18192	2436	9365	440252	108665887530059357
4740	2022-07-16 17:00:00	2022-10-15 06:00:12.090695	2946	9365	440303	108656575319364156
4749	2022-07-15 12:21:00	2022-10-15 06:01:01.125955	8356	9365	440351	108652176705453191
4752	2022-07-15 12:08:00	2022-10-15 06:01:13.481274	1988	9365	440362	108629775221640612
4753	2022-07-15 12:07:00	2022-10-15 06:01:16.68128	994	9365	440366	108651880181682141
4728	2022-07-18 11:23:00	2022-10-15 05:58:49.409178	1997	9365	440231	108661217282936047
4756	2022-07-14 12:54:00	2022-10-15 06:01:43.503995	47978	9365	440396	108645417962753167
4757	2022-07-14 12:47:00	2022-10-15 06:01:45.339055	47451	9365	440398	108631836647129977
4759	2022-07-14 12:13:00	2022-10-15 06:01:54.709124	47451	9365	440406	108637803305939655
4761	2022-07-13 14:53:00	2022-10-15 06:02:09.72726	77873	9365	440418	108641421062518283
4763	2022-07-13 08:17:00	2022-10-15 06:02:20.64573	918	9365	440433	108618969575647241
4765	2022-07-13 08:14:00	2022-10-15 06:02:26.621035	8066	9365	440441	108619007797335012
4768	2022-07-13 07:48:00	2022-10-15 06:02:38.277397	161335	9365	440452	108618911625775002
4773	2022-07-12 21:10:00	2022-10-15 06:03:09.045326	68940	9365	440478	108637346062025464
4774	2022-07-12 16:20:00	2022-10-15 06:03:12.428447	9287	9365	440481	108636222171991447
4776	2022-07-12 13:39:00	2022-10-15 06:03:31.791783	271	9365	440504	108635246760138004
4788	2022-07-11 06:33:00	2022-10-15 06:04:33.372839	2519	9365	440567	108627975646311723
4821	2022-07-04 13:32:00	2022-10-15 06:09:29.645311	198	9365	440860	108589850500647298
7290	2022-07-22 12:35:00	2022-10-19 14:28:27.033579	27	10825	537198	108689194787620302
5626	2022-08-11 08:13:00	2022-10-16 17:04:04.201498	34946	4273	478224	108804121438148339
5627	2022-08-11 07:41:00	2022-10-16 17:04:11.673096	4542	4273	478226	108803872983912658
4798	2022-07-08 21:21:00	2022-10-15 06:06:03.859945	2232	9365	440654	108614417398849204
5633	2022-08-10 01:34:00	2022-10-16 17:07:11.761385	2562	4273	478268	108796023541779299
7292	2022-07-22 11:58:00	2022-10-19 14:28:37.849836	27	10825	537203	108689194787620302
4805	2022-07-08 10:54:00	2022-10-15 06:06:56.197313	994	9365	440709	108611876446338529
4810	2022-07-06 08:22:00	2022-10-15 06:08:16.98403	2519	9365	440789	108599734295838426
4813	2022-07-05 08:38:00	2022-10-15 06:08:55.790648	2198	9365	440823	108590797969166360
4814	2022-07-05 08:36:00	2022-10-15 06:08:59.373536	58339	9365	440827	108594330252541569
4817	2022-07-04 20:58:00	2022-10-15 06:09:17.340563	3159	9365	440844	108592011098169816
4818	2022-07-04 18:45:00	2022-10-15 06:09:19.409791	2418	9365	440846	108590199368446550
7033	2022-08-23 19:09:00	2022-10-19 12:47:30.003038	27	10825	534004	108863397581219905
7379	2022-07-08 21:50:00	2022-10-19 14:51:27.375928	27	10825	538235	108614227924218955
4823	2022-07-04 08:53:00	2022-10-15 06:09:40.597931	33747	9365	440869	108588923448467093
4640	2022-07-31 18:42:00	2022-10-15 05:45:40.677955	9365	9365	439515	108726056627567410
4797	2022-07-09 07:03:00	2022-10-15 06:05:59.437488	9365	9365	440651	108614678316867649
4796	2022-07-09 07:07:00	2022-10-15 06:05:57.694462	9365	9365	440648	108614668957820458
4800	2022-07-08 20:58:00	2022-10-15 06:06:15.073289	9365	9365	440665	108614630778583591
4799	2022-07-08 21:01:00	2022-10-15 06:06:11.739131	9365	9365	440661	108614276655340704
4806	2022-07-07 14:06:00	2022-10-15 06:07:16.335438	9365	9365	440726	108603332092475537
5635	2022-08-09 19:54:00	2022-10-16 17:07:26.9578	4339	4273	478273	108795598376246384
5639	2022-06-24 23:15:00	2022-10-16 17:08:26.632974	835	9630	478288	108535665761204055
5641	2022-06-24 23:13:00	2022-10-16 17:08:36.080863	2099	9630	478291	108535887655770465
5642	2022-08-09 12:29:00	2022-10-16 17:08:53.226413	4339	4273	478295	108793444442887430
8877	2022-08-08 19:14:00	2022-10-24 10:25:30.728684	27	12959	643478	108789700493889917
5647	2022-06-20 20:56:00	2022-10-16 17:10:13.921065	1844	9630	478317	108512044614002891
5650	2022-08-07 20:19:00	2022-10-16 17:13:15.165315	39640	4273	478377	108784378027814151
7486	2022-06-28 21:01:00	2022-10-19 15:11:26.305981	27	10825	539653	108556569476775945
8541	2022-09-21 11:21:00	2022-10-23 19:11:20.505881	27	12888	630530	109037004563369936
5663	2022-08-05 13:26:00	2022-10-16 17:19:01.585331	3665	4273	478468	108771406714074045
5667	2022-08-03 23:41:00	2022-10-16 17:22:40.381632	2625	4273	478535	108762497970482662
7634	2022-08-28 07:47:00	2022-10-20 03:22:12.452709	27	11021	545274	108892386690707156
5644	2022-08-09 07:57:00	2022-10-16 17:09:01.841025	199	4273	478298	108768451285025909
5652	2022-08-07 17:01:00	2022-10-16 17:13:58.061033	2843	4273	478386	108781959797619523
5636	2022-08-09 19:43:00	2022-10-16 17:07:44.073098	416	4273	478277	108795466291817114
4708	2022-07-21 17:03:00	2022-10-15 05:54:15.049653	410	9365	439977	108686398285788447
4758	2022-07-14 12:43:00	2022-10-15 06:01:48.202477	410	9365	440401	108630694490191019
4767	2022-07-13 07:52:00	2022-10-15 06:02:32.990006	1389	9365	440447	108614760637909170
5640	2022-08-09 18:06:00	2022-10-16 17:08:30.833075	222	4273	478290	108795043269007200
4667	2022-07-28 11:00:00	2022-10-15 05:49:10.905147	274	9365	439690	108725348751472724
4803	2022-07-08 12:35:00	2022-10-15 06:06:38.10212	279	9365	440692	108607723231822435
5632	2022-08-10 01:44:00	2022-10-16 17:06:45.445009	695	4273	478263	108767761808303317
5649	2022-08-08 06:18:00	2022-10-16 17:13:04.021008	5602	4273	478374	108786711323893103
4808	2022-07-07 13:51:00	2022-10-15 06:07:27.856013	9803	9365	440741	108602885542383107
4811	2022-07-05 10:25:00	2022-10-15 06:08:41.36734	4600	9365	440810	108595123050252094
4812	2022-07-05 10:12:00	2022-10-15 06:08:53.659124	16968	9365	440821	108583545517569299
4801	2022-07-08 20:57:00	2022-10-15 06:06:16.743377	9365	9365	440667	108614630778583591
4809	2022-07-06 08:25:00	2022-10-15 06:08:09.620982	9365	9365	440781	108600295404612786
5654	2022-08-07 16:27:00	2022-10-16 17:14:16.24498	2195	4273	478391	108783353321036833
5655	2022-08-07 04:08:00	2022-10-16 17:15:56.425681	2436	4273	478412	108780039120112526
5657	2022-08-06 09:32:00	2022-10-16 17:17:25.937532	2280	4273	478439	108692173130400111
5659	2022-08-06 05:14:00	2022-10-16 17:18:03.30897	75087	4273	478449	108772448300599380
5661	2022-08-05 13:33:00	2022-10-16 17:18:45.357138	1613	4273	478464	108769752505236067
5662	2022-08-05 13:26:00	2022-10-16 17:18:51.313036	74293	4273	478466	108771380462319817
5664	2022-08-05 12:47:00	2022-10-16 17:19:15.673301	5071	4273	478472	108771269525660367
5665	2022-08-05 12:43:00	2022-10-16 17:19:18.828943	74561	4273	478474	108771188388553354
5666	2022-08-05 05:42:00	2022-10-16 17:20:05.382085	12373	4273	478488	108766711898462862
5677	2022-08-03 15:57:00	2022-10-16 17:27:12.01833	4480	4273	478638	108759963945493191
5678	2022-08-03 15:48:00	2022-10-16 17:27:20.756872	2506	4273	478642	108759877007129147
6168	2022-06-14 11:08:00	2022-10-16 19:57:30.281661	67787	4273	482002	108476450658772859
6169	2022-06-14 11:07:00	2022-10-16 19:57:42.902233	56067	4273	482006	108472456835182548
6186	2022-06-13 18:25:00	2022-10-16 20:01:29.46628	16994	4273	482108	108472486965081520
6267	2022-07-15 07:46:00	2022-10-17 11:01:40.020483	135309	10247	498608	108648766779964415
6294	2022-08-19 08:04:00	2022-10-17 12:28:29.013906	2625	10230	503162	108849200443235686
6295	2022-08-19 08:00:00	2022-10-17 12:28:36.78887	11018	10230	503166	108845653241508631
6360	2022-10-17 20:01:00	2022-10-18 18:39:23.660936	12503	10804	523586	109186334882206063
6364	2022-10-17 18:04:00	2022-10-18 18:39:52.890059	271	10804	523590	109185762440100278
6368	2022-10-17 17:38:00	2022-10-18 18:41:01.218856	2191	10804	523595	109185056286867205
4820	2022-07-04 16:00:00	2022-10-15 06:09:23.970682	27	9365	440852	108589432821562471
6269	2022-07-12 13:41:00	2022-10-17 11:14:56.564383	279	10178	499073	108634775416745602
6373	2022-10-17 03:38:00	2022-10-18 18:41:50.930888	56687	10804	523603	109182376161861521
6377	2022-10-17 03:30:00	2022-10-18 18:42:33.075499	166911	10804	523607	109182384770926647
6387	2022-10-17 02:06:00	2022-10-18 18:44:27.552809	323	10804	523618	109180872663682966
6394	2022-10-15 13:56:00	2022-10-18 18:47:50.584235	2188	10804	523628	109173460184587158
6396	2022-10-15 02:54:00	2022-10-18 18:48:22.177879	8870	10804	523631	109164280610231965
6398	2022-10-15 02:29:00	2022-10-18 18:48:40.046002	2195	10804	523633	109167137372943796
6400	2022-10-15 00:00:00	2022-10-18 18:49:01.733948	2436	10804	523635	109167475253053365
6401	2022-10-15 00:00:00	2022-10-18 18:49:11.08604	2191	10804	523636	109167650450764285
5651	2022-08-07 20:16:00	2022-10-16 17:13:20.970095	215	4273	478379	108783973995405201
6404	2022-10-14 14:12:00	2022-10-18 18:49:40.354501	41482	10804	523639	109167957114705723
6426	2022-10-10 09:43:00	2022-10-18 18:55:43.23032	81815	10804	523675	109144258694433779
6427	2022-10-10 08:30:00	2022-10-18 18:55:59.798093	61733	10804	523679	109143834112596126
6429	2022-10-05 19:58:00	2022-10-18 18:56:59.787122	2505	10804	523688	108671174422449905
6432	2022-09-27 19:17:00	2022-10-18 18:57:24.763709	12503	10804	523692	109068328299631716
6433	2022-09-27 19:14:00	2022-10-18 18:57:32.352237	64004	10804	523693	109072858724195634
6441	2022-09-26 20:48:00	2022-10-18 18:58:42.054337	9140	10804	523702	109066476585028201
6442	2022-09-24 16:53:00	2022-10-18 18:58:48.30272	11416	10804	523703	108999686869986257
6443	2022-09-24 16:43:00	2022-10-18 18:58:57.326475	2519	10804	523704	109052631965060092
6449	2022-09-22 23:22:00	2022-10-18 18:59:49.170128	2555	10804	523710	109038835763615512
6450	2022-09-22 23:20:00	2022-10-18 18:59:59.019688	2210	10804	523711	109044123887577987
6451	2022-09-20 21:29:00	2022-10-18 19:02:25.438154	34305	10804	523712	109033739340456307
6452	2022-09-20 20:27:00	2022-10-18 19:02:30.114488	34305	10804	523713	109033503007373695
6454	2022-09-20 20:05:00	2022-10-18 19:02:42.431486	11649	10804	523715	108996745895843636
6457	2022-09-20 19:58:00	2022-10-18 19:03:26.404371	11649	10804	523718	108998650017477743
6458	2022-09-19 00:00:00	2022-10-18 19:03:37.30194	2268	10804	523719	109023167504377631
6462	2022-09-19 00:00:00	2022-10-18 19:06:43.861612	10902	10804	523723	109023209106207686
6463	2022-09-19 00:00:00	2022-10-18 19:06:48.708181	17266	10804	523724	109023185545078735
6464	2022-09-19 00:00:00	2022-10-18 19:07:05.934283	1332	10804	523725	109023209174126507
6468	2022-09-13 06:15:00	2022-10-18 19:07:24.134182	4412	10804	523729	108965411810386061
6470	2022-09-11 23:43:00	2022-10-18 19:07:35.453135	934	10804	523731	108981997588495033
6471	2022-09-11 23:40:00	2022-10-18 19:07:58.202106	934	10804	523732	108981997588495033
6472	2022-09-11 10:23:00	2022-10-18 19:08:06.989913	59180	10804	523733	108980211811521967
6474	2022-09-07 15:38:00	2022-10-18 19:08:23.123322	2319	10804	523736	108957849850298043
6475	2022-09-06 04:37:00	2022-10-18 19:08:32.599904	2946	10804	523737	108950485071715996
6476	2022-09-06 04:33:00	2022-10-18 19:08:44.622091	2268	10804	523738	108950485751703911
6477	2022-09-06 04:20:00	2022-10-18 19:08:53.779715	18214	10804	523739	108950466206451242
6453	2022-09-20 20:08:00	2022-10-18 19:02:37.534291	143	10804	523714	109033392046156169
5653	2022-08-07 16:31:00	2022-10-16 17:14:10.777293	125	4273	478389	108783460932208629
5660	2022-08-05 16:43:00	2022-10-16 17:18:20.049698	274	4273	478455	108771958312932122
6177	2022-06-14 00:00:00	2022-10-16 19:59:48.79722	2071	4273	482063	108473293018191694
6430	2022-09-27 19:32:00	2022-10-18 18:57:16.382059	152	10804	523690	109072810727907165
6270	2022-07-11 13:48:00	2022-10-17 11:15:38.456732	146	10178	499097	108629853388268436
6439	2022-09-26 20:52:00	2022-10-18 18:58:25.256507	1118	10804	523700	109050857105593001
8546	2022-09-19 19:43:00	2022-10-23 19:23:07.62648	27	12888	630630	109027174635258276
6473	2022-09-08 23:46:00	2022-10-18 19:08:13.176085	536	10804	523734	108966368217282557
6188	2022-06-12 16:08:00	2022-10-16 20:02:24.226969	781	4273	482135	108455609636647378
6162	2022-06-16 18:53:00	2022-10-16 19:54:55.222097	322	4273	481919	108487974882694116
6290	2022-08-31 08:57:00	2022-10-17 12:11:50.987701	178	10230	502747	108907345658457845
6431	2022-09-27 19:29:00	2022-10-18 18:57:19.634579	152	10804	523691	109072810852471992
4802	2022-07-08 12:43:00	2022-10-15 06:06:29.086296	3900	9365	440684	108612395519529989
5668	2022-08-03 23:12:00	2022-10-16 17:23:08.601248	918	4273	478545	108757232190684855
4815	2022-07-05 08:33:00	2022-10-15 06:09:06.406235	2268	9365	440832	108590751182879318
4816	2022-07-05 08:30:00	2022-10-15 06:09:09.298967	36250	9365	440835	108594331428416446
4822	2022-07-04 09:57:00	2022-10-15 06:09:36.881373	12317	9365	440866	108579743732980437
4824	2022-07-02 14:24:00	2022-10-15 06:10:13.389252	1613	9365	440900	108574341877526005
5672	2022-08-03 21:03:00	2022-10-16 17:25:35.44096	8855	4273	478603	108761534644246602
4826	2022-07-02 12:13:00	2022-10-15 06:10:33.741634	2839	9365	440924	108528118624382719
4827	2022-07-02 08:58:00	2022-10-15 06:11:03.734937	40850	9365	440952	108553060583716308
4828	2022-07-02 08:57:00	2022-10-15 06:11:20.250892	1613	9365	440968	108570608125566398
4829	2022-07-02 07:42:00	2022-10-15 06:11:27.92128	363555	9365	440975	108571607177763577
4830	2022-07-02 07:40:00	2022-10-15 06:11:33.638938	2268	9365	440978	108575313889669384
4831	2022-07-01 07:30:00	2022-10-15 06:12:20.3965	85037	9365	441005	108571834151578031
5679	2022-08-03 07:48:00	2022-10-16 17:27:26.149137	9244	4273	478645	108758773423134357
4833	2022-06-30 17:35:00	2022-10-15 06:12:37.765662	3900	9365	441014	108567565976865403
6165	2022-06-14 11:17:00	2022-10-16 19:57:14.386806	2191	4273	481987	108476422863886579
6167	2022-06-14 11:10:00	2022-10-16 19:57:27.788497	19292	4273	481999	108474821016660854
6170	2022-06-14 11:05:00	2022-10-16 19:57:47.651276	2197	4273	482009	108475978618778437
6172	2022-06-14 06:50:00	2022-10-16 19:58:41.616691	53637	4273	482031	108472260567402619
4836	2022-06-29 05:55:00	2022-10-15 06:13:14.229473	2436	9365	441037	108557981420211187
4837	2022-06-28 20:59:00	2022-10-15 06:13:18.136802	43314	9365	441040	108558034895820779
4839	2022-06-28 13:15:00	2022-10-15 06:13:47.545335	271	9365	441064	108556010929684680
4840	2022-06-28 13:11:00	2022-10-15 06:13:51.392511	2280	9365	441068	108555931916321683
4842	2022-06-28 13:05:00	2022-10-15 06:13:59.662965	2621	9365	441073	108552945492862094
4843	2022-06-28 11:31:00	2022-10-15 06:14:06.926523	21098	9365	441078	108555806217047038
4893	2022-06-22 06:41:00	2022-10-15 06:23:00.610718	232	9365	441369	108511490003841257
4890	2022-06-22 19:58:00	2022-10-15 06:22:09.514693	300	9365	441341	108490201354909933
4846	2022-06-27 20:49:00	2022-10-15 06:14:15.997221	38093	9365	441086	108550941907103016
4848	2022-06-27 15:00:00	2022-10-15 06:14:24.470861	2198	9365	441093	108549439373782677
4849	2022-06-27 14:55:00	2022-10-15 06:14:26.219895	2013	9365	441095	108549388038134632
4841	2022-06-28 13:08:00	2022-10-15 06:13:58.166057	274	9365	441071	108555860112756138
4852	2022-06-27 09:45:00	2022-10-15 06:14:46.093398	1952	9365	441112	108548802296777092
4853	2022-06-27 09:41:00	2022-10-15 06:14:47.49322	353343	9365	441114	108548990527877086
4854	2022-06-27 09:39:00	2022-10-15 06:14:49.028185	2519	9365	441116	108548539522464766
4855	2022-06-27 09:37:00	2022-10-15 06:14:53.915223	46935	9365	441118	108549378200612024
4856	2022-06-26 19:34:00	2022-10-15 06:15:20.745895	3900	9365	441130	108528792265216302
8614	2022-10-15 14:11:00	2022-10-23 23:16:22.609448	27	12933	633325	109166766198263014
4858	2022-06-26 19:13:00	2022-10-15 06:15:27.42929	11192	9365	441135	108546096292783038
4859	2022-06-26 19:08:00	2022-10-15 06:15:31.525806	10532	9365	441137	108543392396375734
4860	2022-06-26 19:07:00	2022-10-15 06:15:35.615531	14944	9365	441140	108545147648880115
4861	2022-06-26 19:02:00	2022-10-15 06:15:39.053331	30458	9365	441143	108540065893095727
4863	2022-06-26 18:56:00	2022-10-15 06:15:42.853451	2454	9365	441147	108544795278490269
4865	2022-06-26 18:54:00	2022-10-15 06:15:47.83386	2191	9365	441152	108545897803420573
4866	2022-06-26 18:37:00	2022-10-15 06:17:55.494068	7461	9365	441211	108546086554952484
4867	2022-06-26 18:27:00	2022-10-15 06:17:59.253556	40850	9365	441214	108545703754144045
4868	2022-06-26 18:25:00	2022-10-15 06:18:07.202127	1844	9365	441216	108545833733982428
4869	2022-06-26 18:25:00	2022-10-15 06:18:12.267072	40850	9365	441218	108546076679434015
4871	2022-06-25 07:32:00	2022-10-15 06:18:47.413396	14776	9365	441243	108535038258771604
4872	2022-06-24 14:02:00	2022-10-15 06:18:55.700861	14776	9365	441247	108533648796246969
4873	2022-06-24 08:04:00	2022-10-15 06:19:13.080481	45437	9365	441254	108532102963608671
4874	2022-06-24 07:56:00	2022-10-15 06:19:21.785326	17466	9365	441260	108529141944498419
4864	2022-06-26 18:55:00	2022-10-15 06:15:45.445493	34	9365	441150	108546185502272646
4876	2022-06-24 07:43:00	2022-10-15 06:19:30.413654	60172	9365	441267	108507936489051497
4878	2022-06-24 07:15:00	2022-10-15 06:19:40.822936	2280	9365	441271	108531592185363767
4879	2022-06-24 07:13:00	2022-10-15 06:19:46.452769	4698	9365	441273	108532137294984702
4880	2022-06-24 07:05:00	2022-10-15 06:19:57.323635	2233	9365	441279	108529706002474463
4883	2022-06-24 06:45:00	2022-10-15 06:20:25.614901	6518	9365	441289	108531596227583163
4884	2022-06-24 06:44:00	2022-10-15 06:20:27.578671	11164	9365	441291	108531973203871508
4885	2022-06-24 06:30:00	2022-10-15 06:20:42.737304	51664	9365	441298	108529410380170167
4886	2022-06-23 12:23:00	2022-10-15 06:20:59.342426	271	9365	441306	108527456539249224
4887	2022-06-23 11:44:00	2022-10-15 06:21:11.616465	90948	9365	441311	108527521048293368
4850	2022-06-27 09:48:00	2022-10-15 06:14:42.95756	198	9365	441108	108548372151280599
4889	2022-06-22 21:43:00	2022-10-15 06:21:58.981336	104306	9365	441336	108517167310461836
4891	2022-06-22 09:25:00	2022-10-15 06:22:44.576457	922	9365	441362	108521191768031412
4892	2022-06-22 09:18:00	2022-10-15 06:22:48.865267	56586	9365	441365	108521306245964740
4895	2022-06-19 19:25:00	2022-10-15 06:25:43.505248	13623	9365	441426	108375169262811887
4896	2022-10-10 08:56:00	2022-10-15 07:16:25.537843	13689	9264	443596	109141874272264564
4898	2022-09-30 18:33:00	2022-10-15 07:20:24.745982	16540	9264	443858	109089626927189886
4899	2022-09-29 07:53:00	2022-10-15 07:20:48.882816	4279	9264	443884	109075923041115769
4897	2022-10-02 08:41:00	2022-10-15 07:19:23.097451	443	9264	443795	109097014985540370
4888	2022-06-23 06:48:00	2022-10-15 06:21:36.291718	198	9365	441327	108523940899254783
4870	2022-06-26 18:22:00	2022-10-15 06:18:14.843055	1345	9365	441220	108544245930961323
4877	2022-06-24 07:40:00	2022-10-15 06:19:35.394075	174	9365	441269	108520954622808141
4862	2022-06-26 18:59:00	2022-10-15 06:15:40.747397	322	9365	441145	108544485348484761
4894	2022-06-21 14:00:00	2022-10-15 06:23:17.314809	274	9365	441375	108516625313070116
4838	2022-06-28 13:18:00	2022-10-15 06:13:45.569977	125	9365	441062	108556007911768834
4900	2022-09-29 07:38:00	2022-10-15 07:20:56.349993	2210	9264	443887	109076356169009778
10126	2022-09-04 00:00:00	2022-11-04 05:26:34.473063	27	8017	719333	108942350257255290
4917	2022-08-03 21:45:00	2022-10-15 07:38:11.810781	10801	9264	445109	108762059040776936
780	2022-08-24 15:34:00	2022-09-23 04:42:42.825269	1371	367	76124	108879516536651997
4132	2022-08-04 07:53:00	2022-10-15 04:50:54.848558	1371	1371	436002	108600821015250212
4245	2022-09-25 09:11:00	2022-10-15 05:03:45.742191	9365	9365	436816	109059180383591811
4247	2022-09-25 08:58:00	2022-10-15 05:03:55.662601	9365	9365	436825	109049565400518875
4255	2022-09-21 21:20:00	2022-10-15 05:05:26.406012	9365	9365	436941	109038228036462261
4285	2022-09-17 10:39:00	2022-10-15 05:08:19.697503	9365	9365	437141	109008727778150672
4288	2022-09-17 10:32:00	2022-10-15 05:08:26.310478	9365	9365	437150	109009488298009190
4287	2022-09-17 10:36:00	2022-10-15 05:08:23.965385	9365	9365	437147	109008194274091690
4301	2022-09-16 08:45:00	2022-10-15 05:09:18.598159	9365	9365	437221	109005407906508467
4171	2022-10-11 19:37:00	2022-10-15 04:55:47.458431	9365	9365	436314	109152209106532719
4336	2022-09-10 10:34:00	2022-10-15 05:12:53.411446	9365	9365	437483	108970894899638268
4339	2022-09-09 09:15:00	2022-10-15 05:13:10.589431	9365	9365	437505	108968440160116682
4344	2022-09-08 11:42:00	2022-10-15 05:13:32.744971	9365	9365	437533	108958347304800982
4355	2022-09-06 10:31:00	2022-10-15 05:14:27.797041	9365	9365	437609	108930019314390724
4347	2022-09-07 13:43:00	2022-10-15 05:13:43.006724	9365	9365	437549	108947050479419933
4214	2022-10-02 12:05:00	2022-10-15 04:59:23.683569	9365	9365	436555	109084318241103734
4217	2022-10-02 12:00:00	2022-10-15 04:59:28.64285	9365	9365	436562	109094126882323356
4202	2022-10-05 17:50:00	2022-10-15 04:57:59.910543	9365	9365	436458	109116679380515318
4205	2022-10-05 07:53:00	2022-10-15 04:58:21.887959	9365	9365	436477	109112984461421781
4213	2022-10-02 15:28:00	2022-10-15 04:59:20.713393	9365	9365	436551	109084213552796487
4215	2022-10-02 12:03:00	2022-10-15 04:59:25.516491	9365	9365	436558	109084397866492317
4216	2022-10-02 12:02:00	2022-10-15 04:59:27.393426	9365	9365	436561	109094185504550319
4222	2022-09-27 19:53:00	2022-10-15 04:59:53.739038	9365	9365	436596	109070950422865696
4220	2022-09-28 08:45:00	2022-10-15 04:59:49.66605	9365	9365	436592	109071786198783447
4223	2022-09-27 19:51:00	2022-10-15 04:59:54.929711	9365	9365	436597	109071786198783447
4239	2022-09-26 21:45:00	2022-10-15 05:03:08.121533	9365	9365	436777	109066192205201823
4240	2022-09-26 21:39:00	2022-10-15 05:03:09.224913	9365	9365	436779	109065438222879137
4241	2022-09-26 21:08:00	2022-10-15 05:03:11.91383	9365	9365	436782	109065359942389707
4242	2022-09-26 21:07:00	2022-10-15 05:03:15.460998	9365	9365	436786	109059805720142935
4243	2022-09-25 15:18:00	2022-10-15 05:03:35.041254	9365	9365	436810	109059560661040105
4244	2022-09-25 15:17:00	2022-10-15 05:03:36.673364	9365	9365	436811	109059560661040105
4248	2022-09-25 08:57:00	2022-10-15 05:03:57.366612	9365	9365	436828	109053698628047111
4279	2022-09-18 06:08:00	2022-10-15 05:07:44.75028	9365	9365	437102	109016181611631763
4280	2022-09-17 19:00:00	2022-10-15 05:07:56.510936	9365	9365	437114	109016174534829693
4286	2022-09-17 10:38:00	2022-10-15 05:08:21.813168	9365	9365	437144	109008694942550962
4289	2022-09-17 10:28:00	2022-10-15 05:08:29.724298	9365	9365	437156	109009516895844567
4297	2022-09-16 08:55:00	2022-10-15 05:09:09.86101	9365	9365	437208	109003892216346233
4388	2022-09-02 11:08:00	2022-10-15 05:16:32.339213	9365	9365	437775	108929189427981075
4397	2022-08-30 12:38:00	2022-10-15 05:17:22.436908	9365	9365	437839	108911377116986955
4396	2022-08-30 12:38:00	2022-10-15 05:17:21.169183	9365	9365	437837	108911381147572406
4338	2022-09-09 18:53:00	2022-10-15 05:12:58.084974	9365	9365	437490	108907816489498782
4414	2022-08-26 06:25:00	2022-10-15 05:19:32.32245	9365	9365	437989	108877984229420308
4422	2022-08-24 06:51:00	2022-10-15 05:20:16.003681	9365	9365	438043	108874138807517646
4435	2022-08-22 09:55:00	2022-10-15 05:21:55.034884	9365	9365	438171	108866649234907479
4448	2022-08-18 17:19:00	2022-10-15 05:23:47.684012	9365	9365	438301	108844092742067012
4449	2022-08-18 17:19:00	2022-10-15 05:23:53.254126	9365	9365	438305	108844611540714733
4452	2022-08-18 06:42:00	2022-10-15 05:24:43.21018	9365	9365	438372	108839079130579160
4380	2022-09-03 18:30:00	2022-10-15 05:16:00.300324	9365	9365	437730	108936829387878476
4395	2022-08-30 12:41:00	2022-10-15 05:17:17.181057	9365	9365	437832	108894996866163735
4411	2022-08-27 09:05:00	2022-10-15 05:18:57.60271	9365	9365	437954	108894796881716487
4416	2022-08-25 11:23:00	2022-10-15 05:19:42.22985	9365	9365	438003	108884126125548862
4417	2022-08-25 10:52:00	2022-10-15 05:19:45.002712	9365	9365	438007	108878025797231451
4443	2022-08-19 12:13:00	2022-10-15 05:23:09.815886	9365	9365	438252	108849855413262722
4445	2022-08-19 10:31:00	2022-10-15 05:23:15.115135	9365	9365	438259	108850004947427027
4446	2022-08-19 10:29:00	2022-10-15 05:23:16.91296	9365	9365	438261	108849107814576071
4442	2022-08-19 12:53:00	2022-10-15 05:23:06.366486	9365	9365	438247	108848939506779945
4453	2022-08-18 06:39:00	2022-10-15 05:24:46.560176	9365	9365	438376	108839895038169979
4451	2022-08-18 06:46:00	2022-10-15 05:24:34.138483	9365	9365	438359	108834403301301257
4474	2022-08-16 16:01:00	2022-10-15 05:26:38.034965	9365	9365	438513	108832757104084388
4518	2022-08-11 19:33:00	2022-10-15 05:30:12.740938	9365	9365	438778	108806804164888580
4519	2022-08-11 19:32:00	2022-10-15 05:30:13.908872	9365	9365	438780	108806373529012355
4672	2022-07-28 09:40:00	2022-10-15 05:49:27.526148	9365	9365	439712	108721518255360210
4537	2022-08-10 19:36:00	2022-10-15 05:33:18.977108	9365	9365	438957	108798193275698206
4539	2022-08-10 19:31:00	2022-10-15 05:33:23.430388	9365	9365	438962	108794427102765559
4538	2022-08-10 19:31:00	2022-10-15 05:33:21.781486	9365	9365	438961	108794416434854779
4564	2022-08-07 11:16:00	2022-10-15 05:36:17.940976	9365	9365	439097	108771691850244449
4565	2022-08-07 11:04:00	2022-10-15 05:36:20.503438	9365	9365	439100	108781603283933415
4562	2022-08-07 12:19:00	2022-10-15 05:36:13.71102	9365	9365	439093	108775914588525387
4580	2022-08-05 19:20:00	2022-10-15 05:37:41.27992	9365	9365	439167	108771691850244449
4641	2022-07-31 18:21:00	2022-10-15 05:45:43.801078	9365	9365	439517	108725235118614848
4648	2022-07-31 07:30:00	2022-10-15 05:46:44.773107	9365	9365	439562	108741501918514367
4643	2022-07-31 18:18:00	2022-10-15 05:45:53.344015	9365	9365	439525	108730586560140023
4901	2022-09-24 12:29:00	2022-10-15 07:22:07.450664	2197	9264	443967	109054069181813618
4911	2022-08-26 08:40:00	2022-10-15 07:30:42.257288	5505	9264	444565	108889189736093763
4920	2022-07-25 07:26:00	2022-10-15 07:40:26.517693	9674	9264	445288	108705884810803236
5680	2022-08-02 19:46:00	2022-10-16 17:29:49.002892	10095	4273	478705	108755742551387704
5682	2022-08-02 09:52:00	2022-10-16 17:33:01.741256	31804	4273	478767	108753574993888609
5683	2022-08-02 06:59:00	2022-10-16 17:33:24.95448	9487	4273	478774	108752347732960409
5684	2022-08-02 06:36:00	2022-10-16 17:33:54.3058	51726	4273	478782	108749399498701428
6183	2022-06-13 21:28:00	2022-10-16 20:01:12.271952	67353	4273	482098	108473181964752621
6189	2022-06-12 14:51:00	2022-10-16 20:03:12.16628	23821	4273	482155	108465990756724746
6190	2022-06-12 14:49:00	2022-10-16 20:03:19.559645	68456	4273	482159	108462415435784087
6291	2022-08-29 21:58:00	2022-10-17 12:15:49.864937	4391	10230	502835	108908779144395267
6292	2022-08-26 09:04:00	2022-10-17 12:20:44.833002	1989	10230	502936	108888910769765651
6293	2022-08-26 08:28:00	2022-10-17 12:21:01.112691	14942	10230	502941	108886170364380894
6300	2022-08-04 08:32:00	2022-10-17 12:47:13.041129	2869	10230	503669	108764315629450818
6301	2022-08-03 11:12:00	2022-10-17 12:47:47.877071	23650	10230	503680	108759209354862115
6306	2022-07-10 08:33:00	2022-10-17 13:01:50.197511	58308	10230	504007	108617903233255270
6308	2022-07-07 08:31:00	2022-10-17 13:04:47.55014	24412	10230	504104	108606044779931916
6309	2022-07-05 17:07:00	2022-10-17 13:06:23.740969	22716	10230	504135	108596761981993921
6310	2022-07-04 10:06:00	2022-10-17 13:08:07.482444	4711	10230	504174	108589441693505072
6311	2022-07-03 08:09:00	2022-10-17 13:08:49.824789	1613	10230	504193	108572516676488198
6312	2022-07-01 09:12:00	2022-10-17 13:10:49.726586	64158	10230	504230	108563882489396528
6313	2022-06-30 12:36:00	2022-10-17 13:13:25.621566	47263	10230	504273	108567233203193722
6314	2022-06-30 12:09:00	2022-10-17 13:13:58.62151	842	10230	504282	108567053335301945
6315	2022-06-30 12:00:00	2022-10-17 13:14:14.329437	2311	10230	504287	108567095252460299
6317	2022-06-26 16:39:00	2022-10-17 13:25:08.521695	38700	10230	504510	108545563745637226
6318	2022-06-20 08:53:00	2022-10-17 13:27:35.549892	364285	10230	504574	108504609817648565
6319	2022-06-19 08:46:00	2022-10-17 13:27:55.821974	17793	10230	504587	108504114627144365
6320	2022-06-18 09:16:00	2022-10-17 13:28:47.98131	11164	10230	504626	108498654442484684
6321	2022-06-17 08:45:00	2022-10-17 13:29:44.144322	2195	10230	504664	108487871547838036
6326	2022-10-03 01:45:00	2022-10-17 20:09:18.184791	58133	10413	509670	109102629445869109
6327	2022-10-03 01:42:00	2022-10-17 20:09:36.256784	58133	10413	509674	109102637002944239
6328	2022-10-03 01:40:00	2022-10-17 20:10:15.584931	2457	10413	509680	109102654526135396
6175	2022-06-14 00:00:00	2022-10-16 19:59:20.913144	322	4273	482046	108471473904587422
6184	2022-06-13 21:18:00	2022-10-16 20:01:18.768199	322	4273	482100	108471394087349789
6316	2022-06-26 19:34:00	2022-10-17 13:24:27.225393	34	10230	504495	108540157107634289
6297	2022-08-08 21:33:00	2022-10-17 12:43:46.087943	105	10230	503573	108789966800012038
6303	2022-07-12 09:14:00	2022-10-17 12:59:21.677331	93	10230	503926	108516682809921518
6334	2022-08-31 04:41:00	2022-10-17 20:14:13.336782	2519	10413	509726	108916542855318351
6336	2022-07-16 19:23:00	2022-10-17 20:29:02.240459	10492	10413	509841	108659547448187716
5669	2022-08-03 23:10:00	2022-10-16 17:23:15.661885	515	4273	478549	108762380928745419
6325	2022-10-03 02:00:00	2022-10-17 20:07:57.58496	27	10413	509653	109102258492682585
6324	2022-10-03 02:01:00	2022-10-17 20:07:49.51265	27	10413	509652	109102004910960727
6342	2022-06-22 15:47:00	2022-10-17 23:10:38.90872	10377	10377	510217	108491565148501983
6343	2022-06-18 20:28:00	2022-10-18 01:12:58.764079	3929	10433	510727	108501284791829248
6344	2022-06-11 12:27:00	2022-10-18 01:55:38.700157	177713	10427	511000	108459502814111556
6341	2022-07-09 00:00:00	2022-10-17 20:32:49.722373	144	10413	509877	108614963650726249
6346	2022-07-20 16:38:00	2022-10-18 07:10:24.032967	93461	10452	513822	108680523556708315
6347	2022-06-10 20:09:00	2022-10-18 07:18:06.021029	17213	10452	513924	108455266091445537
6348	2022-08-08 22:00:00	2022-10-18 12:52:41.012985	5045	10462	517961	108790434737403053
6349	2022-08-08 21:57:00	2022-10-18 12:52:46.285107	11218	10462	517966	108790417208603067
6350	2022-08-08 21:55:00	2022-10-18 12:52:48.486327	13877	10462	517970	108790416482815131
6351	2022-10-17 18:38:00	2022-10-18 12:56:46.745015	59079	10463	518144	109185940636358520
6352	2022-10-03 15:36:00	2022-10-18 12:59:24.801372	10822	10459	518260	109096501083572865
6353	2022-10-03 12:11:00	2022-10-18 13:01:43.958984	10822	10459	518347	109096501083572865
6356	2022-10-05 21:25:00	2022-10-18 16:19:34.401199	1332	10463	523452	109117022588473182
6357	2022-10-17 22:43:00	2022-10-18 18:38:58.044046	60145	10804	523582	109186447225634334
6296	2022-08-16 07:55:00	2022-10-17 12:31:54.941834	143	10230	503245	108821576625606389
6298	2022-08-06 08:49:00	2022-10-17 12:45:29.299635	274	10230	503629	108773395715965655
5671	2022-08-03 21:24:00	2022-10-16 17:24:45.665223	416	4273	478587	108759010975649189
6304	2022-07-11 01:15:00	2022-10-17 13:00:48.493129	211	10230	503970	108614084380126615
6335	2022-07-20 16:56:00	2022-10-17 20:28:13.337049	26	10413	509834	108679732729821815
6322	2022-10-03 02:27:00	2022-10-17 20:06:44.068773	105	10413	509639	109089689438245332
6323	2022-10-03 02:25:00	2022-10-17 20:06:53.769955	105	10413	509641	109089709954529530
6340	2022-07-09 00:00:00	2022-10-17 20:32:37.872408	144	10413	509875	108614931350283176
6307	2022-07-07 19:22:00	2022-10-17 13:03:09.753004	27	10230	504056	108606667501410029
6305	2022-07-10 08:48:00	2022-10-17 13:01:42.125225	27	10230	504002	108620697167131599
6302	2022-07-31 08:10:00	2022-10-17 12:51:18.532259	143	10230	503746	108739959615304459
6354	2022-09-26 00:00:00	2022-10-18 13:08:55.865326	143	10459	518674	109062736058530178
4902	2022-09-22 11:27:00	2022-10-15 07:22:17.073412	111743	9264	443980	109038285029975379
4905	2022-09-07 17:51:00	2022-10-15 07:26:04.351208	26384	9264	444237	108946294610572776
4909	2022-09-04 15:19:00	2022-10-15 07:27:42.1244	246568	9264	444355	108936651458042482
4912	2022-08-17 13:50:00	2022-10-15 07:32:23.794063	35012	9264	444689	108839448600956303
4914	2022-08-05 12:00:00	2022-10-15 07:37:08.699772	28485	9264	445029	108738235246827830
4916	2022-08-03 21:47:00	2022-10-15 07:38:08.485341	11416	9264	445105	108762072437667681
4924	2022-07-13 23:12:00	2022-10-15 07:45:13.547504	1613	9264	445672	108168837015052435
5681	2022-08-02 18:30:00	2022-10-16 17:30:42.106121	6097	4273	478723	108755633049204501
5685	2022-08-01 20:10:00	2022-10-16 17:36:46.885679	12529	4273	478828	108750369687447187
5691	2022-08-01 07:03:00	2022-10-16 17:39:52.558525	10561	4273	478896	108730912880637931
5692	2022-08-01 06:49:00	2022-10-16 17:40:02.849041	3535	4273	478898	108747212003896282
5693	2022-08-01 04:23:00	2022-10-16 17:40:56.55622	15287	4273	478914	108746566700474230
5695	2022-07-31 16:37:00	2022-10-16 17:41:43.932718	6609	4273	478926	108743858365550577
5696	2022-07-31 16:21:00	2022-10-16 17:41:53.557666	3320	4273	478928	108743796710769766
5697	2022-07-31 15:48:00	2022-10-16 17:42:13.651665	5192	4273	478933	108743646891210781
5675	2022-08-03 20:44:00	2022-10-16 17:26:16.934164	103	4273	478616	108761502840006804
5699	2022-07-31 12:28:00	2022-10-16 17:42:36.71617	5519	4273	478939	108742890289745816
5700	2022-07-31 07:45:00	2022-10-16 17:42:49.877639	2923	4273	478943	108741753954218691
5701	2022-07-31 07:29:00	2022-10-16 17:43:15.569464	37241	4273	478951	108741704447286981
5706	2022-07-31 07:03:00	2022-10-16 17:43:39.841178	4904	4273	478961	108741605189945958
5707	2022-07-31 06:22:00	2022-10-16 17:44:12.781139	37997	4273	478971	108741432902206489
5708	2022-07-31 06:20:00	2022-10-16 17:44:17.345932	23409	4273	478974	108741445456102013
5710	2022-07-31 05:55:00	2022-10-16 17:44:30.015794	147384	4273	478981	108739739688635119
5712	2022-07-31 05:28:00	2022-10-16 17:45:15.713087	4300	4273	478995	108737235492027935
5714	2022-07-30 15:40:00	2022-10-16 17:45:26.229411	3185	4273	479000	108737958555020291
5716	2022-07-30 13:29:00	2022-10-16 17:46:07.024983	12193	4273	479012	108732796038366460
5717	2022-07-30 13:28:00	2022-10-16 17:46:16.901006	360295	4273	479014	108737259293121630
5718	2022-07-30 13:26:00	2022-10-16 17:46:20.977162	30563	4273	479016	108736639731187510
5719	2022-07-30 13:21:00	2022-10-16 17:46:26.457194	27490	4273	479019	108737420851130948
5721	2022-07-30 07:30:00	2022-10-16 17:47:22.229056	109564	4273	479040	108735926757032151
5722	2022-07-30 07:22:00	2022-10-16 17:47:26.325563	4277	4273	479042	108733030470919644
5723	2022-07-30 06:12:00	2022-10-16 17:48:25.357366	11109	4273	479062	108733765731685169
5724	2022-07-29 23:11:00	2022-10-16 17:49:20.391686	13797	4273	479085	108734045808291447
5725	2022-07-29 23:08:00	2022-10-16 17:49:42.005124	7642	4273	479094	108727220439847317
5727	2022-07-29 22:32:00	2022-10-16 17:50:26.633486	2770	4273	479115	108733190308482310
5728	2022-07-29 22:26:00	2022-10-16 17:50:30.034618	23058	4273	479118	108733849669398327
5729	2022-07-29 21:51:00	2022-10-16 17:50:36.877434	10811	4273	479121	108733782893839227
5730	2022-07-29 21:27:00	2022-10-16 17:51:18.351193	4391	4273	479139	108733269878599791
5731	2022-07-29 21:26:00	2022-10-16 17:51:22.897226	1605	4273	479142	108733679016754603
4906	2022-09-06 08:43:00	2022-10-15 07:26:40.321994	27	9264	444281	108948957705851450
5733	2022-07-29 20:54:00	2022-10-16 17:51:50.503972	4279	4273	479157	108732990020394502
5734	2022-07-29 20:41:00	2022-10-16 17:52:07.652182	5700	4273	479163	108733456084838588
5735	2022-07-29 18:59:00	2022-10-16 17:52:27.813447	61302	4273	479175	108733084628327642
5736	2022-07-29 18:22:00	2022-10-16 17:52:47.6335	4698	4273	479185	108732835292135509
5737	2022-07-29 18:21:00	2022-10-16 17:52:55.541955	10095	4273	479189	108732935282890551
5740	2022-07-29 17:52:00	2022-10-16 17:53:29.105275	12147	4273	479205	108732835796296652
8191	2022-06-10 15:02:00	2022-10-21 07:04:15.559698	141246	11313	580315	108453454768639205
5688	2022-08-01 18:55:00	2022-10-16 17:38:15.621174	416	4273	478859	108747731805921488
5745	2022-07-29 15:37:00	2022-10-16 17:55:21.557279	17686	4273	479258	108732264993348654
5746	2022-07-29 15:32:00	2022-10-16 17:55:23.909132	2948	4273	479260	108732022702955068
5747	2022-07-29 14:17:00	2022-10-16 17:55:59.389208	19019	4273	479277	108731932232820495
5748	2022-07-29 12:27:00	2022-10-16 17:56:05.025178	8962	4273	479280	108728245281467225
5711	2022-07-31 05:46:00	2022-10-16 17:44:49.405273	143	4273	478987	108739959615304459
5749	2022-07-28 20:17:00	2022-10-16 17:57:43.289418	2210	4273	479328	108727325492157515
5752	2022-07-28 03:53:00	2022-10-16 17:59:22.425095	7976	4273	479376	108723880064942557
5753	2022-07-28 03:27:00	2022-10-16 17:59:43.53916	72306	4273	479387	108723755670808160
5754	2022-07-27 21:14:00	2022-10-16 18:00:27.325838	11416	4273	479406	108722309828777601
7960	2022-09-23 02:31:00	2022-10-21 03:32:53.240948	27	11304	573063	109045610050140698
5760	2022-07-27 17:52:00	2022-10-16 18:02:17.449357	2772	4273	479457	108721507607835352
5761	2022-07-27 16:18:00	2022-10-16 18:02:37.892968	2319	4273	479471	108721142097258326
5762	2022-07-27 15:23:00	2022-10-16 18:02:57.268061	6980	4273	479481	108720927016547346
5763	2022-07-26 18:56:00	2022-10-16 18:03:23.419187	2197	4273	479498	108714671406532342
5764	2022-07-26 17:40:00	2022-10-16 18:03:41.278904	125581	4273	479509	108715798911575750
5705	2022-07-31 07:10:00	2022-10-16 17:43:31.281465	146	4273	478959	108739462515598376
5789	2022-07-24 18:53:00	2022-10-16 18:08:39.829265	17769	4273	479654	108704705736868116
5713	2022-07-30 15:42:00	2022-10-16 17:45:20.725286	8258	4273	478997	108737962488405492
5750	2022-07-28 19:52:00	2022-10-16 17:58:12.565276	105	4273	479339	108727036037555145
5751	2022-07-28 17:16:00	2022-10-16 17:58:22.549166	28	4273	479345	108726888979203702
5694	2022-07-31 20:22:00	2022-10-16 17:41:28.731943	1408	4273	478922	108744481173868078
5690	2022-08-01 07:15:00	2022-10-16 17:39:38.941065	1118	4273	478890	108745165116890760
8610	2022-10-23 11:56:00	2022-10-23 22:54:46.281005	27	12933	633042	109218316107361239
5673	2022-08-03 20:58:00	2022-10-16 17:25:57.85315	125	4273	478610	108761606348320715
5739	2022-07-29 17:56:00	2022-10-16 17:53:23.885274	1118	4273	479201	108732598931190445
4903	2022-09-13 06:55:00	2022-10-15 07:24:19.117205	222	9264	444124	108989009200323552
5743	2022-07-29 16:12:00	2022-10-16 17:54:45.093491	2103	4273	479241	108726126318942756
5744	2022-07-29 15:55:00	2022-10-16 17:55:04.605541	2103	4273	479248	108726126318942756
4904	2022-09-09 07:03:00	2022-10-15 07:25:50.547428	46345	9264	444223	108968097559447417
4907	2022-09-05 21:35:00	2022-10-15 07:26:55.469702	6483	9264	444297	108948882757363135
4908	2022-09-04 15:39:00	2022-10-15 07:27:39.803915	308	9264	444352	108941626345069774
4910	2022-09-04 11:26:00	2022-10-15 07:27:59.810889	9566	9264	444373	108938244162977392
4915	2022-08-04 16:01:00	2022-10-15 07:37:43.221098	4411	9264	445074	108765595777567579
4918	2022-08-03 11:35:00	2022-10-15 07:38:26.729478	62570	9264	445135	108432933033389796
4919	2022-07-29 12:29:00	2022-10-15 07:39:13.401084	55467	9264	445198	108731548117990546
4921	2022-07-24 15:37:00	2022-10-15 07:40:43.150668	2191	9264	445309	108703974498675479
4922	2022-07-18 14:43:00	2022-10-15 07:43:24.453075	9670	9264	445530	108669799366792041
4923	2022-07-18 10:01:00	2022-10-15 07:43:31.593569	2405	9264	445543	108668540508684244
4925	2022-07-06 09:01:00	2022-10-15 07:49:45.538206	5052	9264	446031	108600490452112842
4926	2022-06-21 20:59:00	2022-10-15 07:58:13.765297	2210	9264	446588	108515147387138859
5686	2022-08-01 20:02:00	2022-10-16 17:37:10.929235	49391	4273	478834	108750318190668769
5703	2022-07-31 07:19:00	2022-10-16 17:43:22.193132	2200	4273	478954	108741356480870865
5704	2022-07-31 07:17:00	2022-10-16 17:43:27.388872	1593	4273	478957	108741627857488409
5715	2022-07-30 15:18:00	2022-10-16 17:45:40.997398	6518	4273	479004	108737541759065097
5720	2022-07-30 08:13:00	2022-10-16 17:47:11.322555	19922	4273	479034	108736186799201572
5726	2022-07-29 23:01:00	2022-10-16 17:49:59.789096	13797	4273	479102	108734045808291447
5742	2022-07-29 16:58:00	2022-10-16 17:54:18.99719	35179	4273	479227	108732620266598991
5755	2022-07-27 20:53:00	2022-10-16 18:00:43.554204	9710	4273	479414	108719178694449996
7944	2022-06-20 06:17:00	2022-10-21 01:59:42.141677	11160	11160	569477	108274925246006987
5759	2022-07-27 18:12:00	2022-10-16 18:02:12.61691	1928	4273	479454	108721446904532322
5766	2022-07-26 15:48:00	2022-10-16 18:04:07.485157	8793	4273	479522	108715255779309460
5767	2022-07-26 05:36:00	2022-10-16 18:04:35.757387	5469	4273	479541	108712810967450933
5768	2022-07-25 20:33:00	2022-10-16 18:04:48.333478	2379	4273	479550	108710266669000789
5772	2022-07-25 17:34:00	2022-10-16 18:05:36.67431	18118	4273	479582	108710093343318765
5776	2022-07-25 11:53:00	2022-10-16 18:06:33.274926	8356	4273	479599	108708777715605683
5778	2022-07-25 05:12:00	2022-10-16 18:07:05.469537	30398	4273	479609	108707205980337145
5779	2022-07-24 21:47:00	2022-10-16 18:07:24.081432	4453	4273	479618	108663118770722596
5782	2022-07-24 20:32:00	2022-10-16 18:07:56.665164	8881	4273	479632	108705007592729480
5785	2022-07-24 20:24:00	2022-10-16 18:08:12.857363	2013	4273	479639	108704996788732776
5786	2022-07-24 20:11:00	2022-10-16 18:08:18.485958	7321	4273	479642	108700473991192045
5787	2022-07-24 19:11:00	2022-10-16 18:08:25.043126	7827	4273	479647	108704298836001662
5791	2022-07-24 16:43:00	2022-10-16 18:09:00.963585	736	4273	479664	108702856800291921
7962	2022-09-22 00:00:00	2022-10-21 03:33:24.608016	27	11304	573099	109037004563369936
5804	2022-07-23 16:34:00	2022-10-16 18:15:44.195814	728	4273	479797	108698555578953211
5806	2022-07-23 11:12:00	2022-10-16 18:16:21.693404	173380	4273	479805	108697289494035049
5813	2022-07-23 07:47:00	2022-10-16 18:17:39.511971	323	4273	479819	108692865661989114
5820	2022-07-23 06:59:00	2022-10-16 18:18:30.316463	7744	4273	479832	108063656739033695
5826	2022-07-22 19:48:00	2022-10-16 18:19:44.203581	9040	4273	479846	108652996013566278
6180	2022-06-13 23:39:00	2022-10-16 20:00:40.833064	9750	4273	482088	108473674410153155
6181	2022-06-13 22:22:00	2022-10-16 20:00:54.745635	834	4273	482093	108473403800461277
6182	2022-06-13 22:10:00	2022-10-16 20:01:04.846105	44075	4273	482096	108473376127909483
6185	2022-06-13 21:14:00	2022-10-16 20:01:22.695183	271	4273	482103	108472884442533964
6192	2022-06-11 20:26:00	2022-10-16 20:03:55.058955	10533	4273	482182	108458676351406554
5794	2022-07-24 14:17:00	2022-10-16 18:09:26.953301	102	4273	479675	108703574510665757
5758	2022-07-27 19:16:00	2022-10-16 18:02:00.250959	697	4273	479448	108721781710733284
6722	2022-08-29 19:51:00	2022-10-18 20:00:30.806727	27	10846	524573	108908741994975427
7648	2022-06-10 13:41:00	2022-10-20 03:42:42.642884	27	11021	545749	108452792606305072
9534	2022-09-22 00:00:00	2022-10-30 01:05:55.75297	27	13836	691940	109030654812902978
7684	2022-07-13 16:50:00	2022-10-20 05:49:43.208905	27	11050	551300	108636748962589913
7999	2022-08-25 09:07:00	2022-10-21 03:53:43.953681	27	11304	574319	108883594660582214
7832	2022-09-11 20:45:00	2022-10-20 22:52:43.727954	27	11222	566032	108982118697416075
9809	2022-06-12 00:00:00	2022-11-03 09:50:37.649074	27	16772	715057	108459937799991625
1688	2022-07-15 22:22:00	2022-09-27 08:42:49.529158	868	2155	111865	108654599889503952
8125	2022-06-23 18:48:00	2022-10-21 05:16:35.651551	27	11304	577623	108527373544835934
6815	2022-08-09 13:50:00	2022-10-19 08:28:49.269584	27	10952	527958	108789700493889917
6829	2022-10-13 19:31:00	2022-10-19 09:59:01.307111	27	10825	529958	109162674592849047
242	2022-08-24 13:37:00	2022-09-17 10:05:26.810357	27	365	22457	108879055429900151
10153	2022-08-23 00:00:00	2022-11-04 05:39:14.864637	27	8017	719458	108872525632546219
10337	2022-10-01 00:00:00	2022-11-07 15:18:56.224867	27	9416	738997	109093466135006945
8479	2022-10-03 16:58:00	2022-10-23 15:25:08.569607	27	12888	628474	109105707694120105
8498	2022-09-30 23:26:00	2022-10-23 16:09:46.892945	27	12888	628932	109082836210471604
7175	2022-08-07 11:54:00	2022-10-19 14:01:58.825921	27	10825	535931	108774011895471119
5709	2022-07-31 06:11:00	2022-10-16 17:44:23.285305	33	4273	478977	108726507783808022
6195	2022-06-30 16:39:00	2022-10-16 21:19:42.832728	9649	9649	483945	108568345623639662
5756	2022-07-27 19:54:00	2022-10-16 18:01:34.829064	4273	4273	479435	108721981411742047
5814	2022-07-23 07:44:00	2022-10-16 18:17:45.989331	4273	4273	479820	108692190670074348
5777	2022-07-25 05:46:00	2022-10-16 18:06:50.218001	1118	4273	479605	108705527979235730
5771	2022-07-25 17:44:00	2022-10-16 18:05:29.737366	125	4273	479580	108709881284743906
5689	2022-08-01 08:39:00	2022-10-16 17:38:57.417574	146	4273	478874	108744415875497481
5790	2022-07-24 17:52:00	2022-10-16 18:08:55.653376	26	4273	479662	108635595386636429
5674	2022-08-03 20:47:00	2022-10-16 17:26:08.885197	105	4273	478613	108761450675651150
5687	2022-08-01 19:11:00	2022-10-16 17:38:08.487305	2843	4273	478857	108749473062141150
4690	2022-07-25 08:17:00	2022-10-15 05:51:44.038051	9365	9365	439833	108702439315342271
4784	2022-07-12 10:17:00	2022-10-15 06:04:09.877229	9365	9365	440538	108634688098575338
4786	2022-07-11 06:41:00	2022-10-15 06:04:26.99985	9365	9365	440560	108624433967012613
4807	2022-07-07 14:02:00	2022-10-15 06:07:21.389718	9365	9365	440734	108607182663698340
4825	2022-07-02 12:20:00	2022-10-15 06:10:23.069566	9365	9365	440914	108568533952515683
4834	2022-06-30 17:26:00	2022-10-15 06:12:42.100627	9365	9365	441017	108566557518002217
4832	2022-06-30 17:37:00	2022-10-15 06:12:30.678945	9365	9365	441012	108560242076375267
4835	2022-06-29 10:25:00	2022-10-15 06:12:59.368388	9365	9365	441028	108560225836760413
4845	2022-06-28 07:46:00	2022-10-15 06:14:11.073812	9365	9365	441082	108552347733064993
4875	2022-06-24 07:49:00	2022-10-15 06:19:26.093392	9365	9365	441263	108527554658801944
4927	2022-06-25 08:27:00	2022-10-15 10:39:05.705312	1844	9465	449914	108535800620831608
4928	2022-09-07 09:27:00	2022-10-15 12:09:08.300911	18273	9321	450428	108957299709140857
4931	2022-08-26 19:32:00	2022-10-15 12:10:42.18102	10854	9321	450444	108891756879012629
4933	2022-08-19 07:09:00	2022-10-15 12:11:09.569026	17406	9321	450448	108847893311949340
4934	2022-08-15 14:32:00	2022-10-15 12:11:17.429456	1000	9321	450450	108828302979751135
4937	2022-08-06 19:53:00	2022-10-15 12:11:26.940976	2210	9321	450454	108765962804066879
4938	2022-08-04 18:31:00	2022-10-15 12:11:49.050438	2436	9321	450458	108765670171820283
4939	2022-08-04 17:18:00	2022-10-15 12:11:56.670683	4442	9321	450459	108765333437348267
4940	2022-07-13 17:29:00	2022-10-15 12:12:23.065924	16459	9321	450464	108642082908121998
4942	2022-06-26 10:03:00	2022-10-15 12:13:16.137131	33350	9321	450474	108543848438053824
4943	2022-06-26 09:23:00	2022-10-15 12:13:18.374298	26365	9321	450475	108440207526577867
4948	2022-06-24 16:31:00	2022-10-15 12:14:00.76078	2179	9321	450485	108533598750845402
4978	2022-06-24 11:23:00	2022-10-15 17:31:10.980223	1118	9525	455747	108533102602109057
4952	2022-06-15 22:13:00	2022-10-15 12:14:38.536935	215	9321	450495	108484636497141028
4953	2022-06-11 08:07:00	2022-10-15 12:14:50.401561	125	9321	450500	108455370067057520
4959	2022-08-04 12:23:00	2022-10-15 15:28:22.935863	9478	5368	452943	108759671784976585
4961	2022-06-24 08:40:00	2022-10-15 15:42:26.600926	319	5368	453406	108532458568186649
4962	2022-06-10 14:05:00	2022-10-15 15:46:06.762581	9485	5368	453534	108454450496988614
4963	2022-10-14 09:08:00	2022-10-15 15:48:31.941507	4817	9475	453622	109163478601795379
4964	2022-10-13 18:02:00	2022-10-15 15:48:36.000977	11170	9475	453626	109155648030494850
4965	2022-10-04 17:50:00	2022-10-15 15:49:22.693476	4817	9475	453669	109111120697061903
4966	2022-09-16 09:09:00	2022-10-15 15:49:59.371876	1593	9475	453706	109008129968786298
4967	2022-09-13 12:02:00	2022-10-15 15:50:11.713731	4334	9475	453714	108991673558658478
4968	2022-09-12 15:40:00	2022-10-15 15:50:17.109032	354256	9475	453719	108983116508287718
4970	2022-08-30 12:46:00	2022-10-15 15:51:54.303241	16091	9475	453816	108912791828658020
4971	2022-08-02 09:18:00	2022-10-15 15:54:18.120973	2948	9475	453949	108750290223338069
4972	2022-07-24 11:47:00	2022-10-15 15:56:03.587409	2189	9475	454006	108697556237469175
4973	2022-07-14 19:59:00	2022-10-15 15:59:24.96549	922	9475	454094	108647185171270861
4974	2022-07-10 14:54:00	2022-10-15 15:59:38.780869	354305	9475	454101	108620861361086397
4975	2022-07-07 14:22:00	2022-10-15 15:59:43.581528	2222	9475	454106	108606547482693623
3052	2022-10-03 10:56:00	2022-10-09 09:02:57.398667	5368	7785	336717	109099837796444623
3527	2022-10-09 11:52:00	2022-10-13 05:52:15.899257	5368	8295	372006	109129961098190825
4977	2022-08-10 15:45:00	2022-10-15 17:29:43.728287	462	9525	455715	108800105014007136
4980	2022-06-14 11:40:00	2022-10-15 18:30:22.692075	10595	9463	456841	108476431949669516
4983	2022-07-20 10:08:00	2022-10-16 02:46:22.722337	1844	1975	462955	108676080601102249
4984	2022-07-03 12:06:00	2022-10-16 02:47:27.276849	9561	1975	463001	108581549876888456
4985	2022-06-25 10:34:00	2022-10-16 02:48:28.145165	2509	1975	463042	108524916011095186
4949	2022-06-24 15:59:00	2022-10-15 12:14:06.245056	102	9321	450486	108533915562636154
4990	2022-09-20 16:22:00	2022-10-16 04:20:32.988746	98337	7585	466396	109031449822988644
4991	2022-09-19 22:09:00	2022-10-16 04:20:34.26239	652	7585	466398	109027426011707716
4992	2022-09-19 12:37:00	2022-10-16 04:20:36.581393	2019	7585	466401	109025539920014568
4950	2022-06-23 16:25:00	2022-10-15 12:14:13.672948	152	9321	450488	108528638927707917
4941	2022-07-03 23:20:00	2022-10-15 12:12:37.877716	781	9321	450466	108582064959579951
8974	2022-09-30 00:00:00	2022-10-26 07:18:56.853596	27	13173	665567	109090560207884444
4987	2022-09-26 23:44:00	2022-10-16 04:20:21.124985	166	7585	466383	109067572089020395
4951	2022-06-16 19:44:00	2022-10-15 12:14:28.634172	416	9321	450493	108489381555761864
4935	2022-08-09 21:37:00	2022-10-15 12:11:22.692814	143	9321	450452	108795770796335408
4976	2022-07-05 09:46:00	2022-10-15 15:59:49.341308	265	9475	454111	108594853019312897
4982	2022-06-10 13:43:00	2022-10-15 18:32:00.899736	143	9463	456871	108453897894399971
4929	2022-08-29 12:11:00	2022-10-15 12:10:18.940849	27	9321	450440	108906909057160138
4932	2022-08-19 07:17:00	2022-10-15 12:11:05.281126	34	9321	450447	108845929519882747
4936	2022-08-09 21:36:00	2022-10-15 12:11:24.704843	34	9321	450453	108795187680132841
4945	2022-06-24 18:14:00	2022-10-15 12:13:41.944797	34	9321	450481	108533625509421543
4960	2022-06-25 12:24:00	2022-10-15 15:42:08.804981	193	5368	453392	108538882711060902
4946	2022-06-24 16:47:00	2022-10-15 12:13:48.264961	279	9321	450483	108534196906681496
4969	2022-09-05 21:13:00	2022-10-15 15:50:38.281015	102	9475	453740	108946053870915321
4944	2022-06-25 07:16:00	2022-10-15 12:13:30.314254	93	9321	450479	108535033436011922
4955	2022-10-04 10:01:00	2022-10-15 13:58:06.041025	781	9474	451479	109110002693612788
4930	2022-08-27 15:32:00	2022-10-15 12:10:38.562194	27	9321	450443	108893302784826723
4947	2022-06-24 16:45:00	2022-10-15 12:13:56.049113	279	9321	450484	108534294746739950
5006	2022-09-03 18:43:00	2022-10-16 04:22:01.460569	9589	7585	466501	108936142314867971
5009	2022-09-01 12:52:00	2022-10-16 04:22:39.053737	41947	7585	466537	108924165379793503
5014	2022-08-30 19:04:00	2022-10-16 04:22:50.22883	273573	7585	466551	108908529166030223
10485	2022-11-09 00:00:00	2022-11-11 09:42:09.416953	1333	19578	754460	109314766550688744
10486	2022-10-07 00:00:00	2022-11-11 19:25:15.068993	1001	19575	754874	109127696627252092
10487	2022-06-24 00:00:00	2022-11-11 21:17:39.904664	2019	19575	755359	108533018939896777
10488	2022-06-28 00:00:00	2022-11-12 09:23:29.52274	12400	19619	756843	108557985468557912
1682	2022-07-17 02:16:00	2022-09-27 08:42:37.502131	19617	2155	111850	108661041175751458
5027	2022-08-24 13:37:00	2022-10-16 04:23:43.952472	300	7585	466608	108878140842865667
4996	2022-09-13 22:44:00	2022-10-16 04:20:48.770027	27	7585	466417	108994402424207052
5038	2022-08-19 21:27:00	2022-10-16 04:24:18.265442	238	7585	466647	108818602100296588
5040	2022-08-19 21:15:00	2022-10-16 04:24:22.61215	9590	7585	466652	108851824786806282
483	2022-08-13 18:38:00	2022-09-18 13:40:08.691581	91	987	41845	108811574472909382
5044	2022-08-19 09:08:00	2022-10-16 04:24:31.440655	41947	7585	466663	108847679357285718
5045	2022-08-19 09:07:00	2022-10-16 04:24:32.600696	41947	7585	466664	108847687993164026
5769	2022-07-25 19:08:00	2022-10-16 18:05:01.002254	17688	4273	479557	108710479829609276
5050	2022-08-17 18:43:00	2022-10-16 04:25:04.114674	843	7585	466695	108840399265937507
5051	2022-08-17 09:56:00	2022-10-16 04:25:10.135404	45064	7585	466702	108838529690815210
5031	2022-08-21 11:36:00	2022-10-16 04:23:54.436918	199	7585	466618	108858900282496431
5054	2022-08-17 00:00:00	2022-10-16 04:25:21.606895	4048	7585	466714	108836161906513786
5058	2022-08-16 20:10:00	2022-10-16 04:25:26.956608	358804	7585	466723	108829748825734873
5060	2022-08-16 19:01:00	2022-10-16 04:25:30.327088	948	7585	466728	108833113432752822
5063	2022-08-16 13:03:00	2022-10-16 04:25:39.191462	2191	7585	466737	108833112402913498
5066	2022-08-16 10:29:00	2022-10-16 04:25:48.584707	140	7585	466748	108833015442290686
5068	2022-08-15 20:39:00	2022-10-16 04:25:58.565511	247731	7585	466759	108829662243866210
5069	2022-08-15 14:24:00	2022-10-16 04:26:03.269931	2109	7585	466763	108827364280071245
5072	2022-08-12 22:41:00	2022-10-16 04:26:25.441151	2577	7585	466789	108811872501115109
640	2022-09-16 11:52:00	2022-09-21 14:05:52.145503	160	469	67176	109004373406486455
295	2022-07-05 16:20:00	2022-09-17 10:11:35.21006	92	365	22649	108596034243471494
5081	2022-08-09 23:34:00	2022-10-16 04:26:49.968675	312392	7585	466819	108788122307533166
5082	2022-08-09 19:44:00	2022-10-16 04:26:52.909051	138769	7585	466821	108795326501973741
5083	2022-08-09 19:41:00	2022-10-16 04:26:54.800029	22185	7585	466823	108795480679399937
5085	2022-08-09 15:28:00	2022-10-16 04:26:57.720463	1363	7585	466828	108793412607742945
5087	2022-08-09 08:08:00	2022-10-16 04:27:06.057104	24367	7585	466835	108549244317373609
5088	2022-08-08 21:54:00	2022-10-16 04:27:11.004695	12703	7585	466842	108789892757324256
5092	2022-08-08 17:22:00	2022-10-16 04:27:22.522788	11010	7585	466854	108789180603754669
5093	2022-08-07 13:15:00	2022-10-16 04:27:29.17605	9590	7585	466863	108782711652487678
5094	2022-08-07 13:10:00	2022-10-16 04:27:31.552618	186789	7585	466866	108782493882070336
5095	2022-08-07 09:43:00	2022-10-16 04:27:35.220837	9590	7585	466870	108781876502094093
5097	2022-08-06 16:11:00	2022-10-16 04:28:07.244624	11010	7585	466894	108777691737544372
5103	2022-08-04 13:07:00	2022-10-16 04:28:24.079425	11190	7585	466912	108765313467624476
5104	2022-08-04 12:17:00	2022-10-16 04:28:26.240537	917	7585	466915	108753756884508967
5105	2022-08-03 09:12:00	2022-10-16 04:28:30.021924	11010	7585	466919	108759109168343431
5005	2022-09-04 19:40:00	2022-10-16 04:21:56.008962	27	7585	466494	108942576466907973
5108	2022-08-02 16:44:00	2022-10-16 04:28:48.534387	11010	7585	466936	108755039607899605
5109	2022-08-01 17:21:00	2022-10-16 04:28:53.692724	171927	7585	466940	108740402196279780
5111	2022-08-01 14:11:00	2022-10-16 04:29:00.404018	135084	7585	466949	108747535672936221
5113	2022-08-01 13:42:00	2022-10-16 04:29:07.817042	11010	7585	466956	108748574989304270
8404	2022-10-12 09:15:00	2022-10-23 12:09:48.961212	27	12888	625733	109152137547514110
8876	2022-08-08 19:37:00	2022-10-24 10:24:42.648554	27	12959	643465	108789700493889917
6109	2022-06-23 15:15:00	2022-10-16 19:40:39.760621	27	4273	481188	108528342681053939
5125	2022-07-29 16:34:00	2022-10-16 04:29:51.938212	12462	7585	467008	108732525558880306
10517	2022-07-12 00:00:00	2022-11-14 03:54:17.329941	27	19713	765229	108636743295734643
1918	2022-06-29 10:36:00	2022-09-29 12:02:10.325191	27	4214	169162	108560820433360720
5134	2022-07-26 21:48:00	2022-10-16 04:30:31.448966	1001	7585	467050	108713946987570191
4997	2022-09-13 01:56:00	2022-10-16 04:20:56.993188	102	7585	466426	108988761987720468
5084	2022-08-09 19:26:00	2022-10-16 04:26:56.685021	34	7585	466826	108795187680132841
938	2022-08-02 12:55:00	2022-09-23 13:58:11.416248	90	222	79714	108731524497228142
1778	2022-06-15 11:02:00	2022-09-27 08:48:59.670593	2053	2155	112127	108479023268645115
5067	2022-08-16 10:28:00	2022-10-16 04:25:49.890397	908	7585	466750	108832956421509100
5129	2022-07-29 14:30:00	2022-10-16 04:30:04.272845	908	7585	467019	108731685162482217
1208	2022-09-15 07:54:00	2022-09-26 20:03:42.409774	559	805	99576	108996541255337980
5070	2022-08-15 11:50:00	2022-10-16 04:26:12.557471	102	7585	466773	108824867890792861
5004	2022-09-06 19:45:00	2022-10-16 04:21:46.340936	174	7585	466486	108953797154196660
5043	2022-08-19 12:33:00	2022-10-16 04:24:28.804955	174	7585	466660	108849214397885543
5049	2022-08-17 20:21:00	2022-10-16 04:25:02.965549	174	7585	466693	108840429753593103
3247	2022-08-23 21:37:00	2022-10-09 09:23:15.31455	110	6551	338567	108874228042344710
1559	2022-08-21 04:17:00	2022-09-27 08:36:08.628869	110	2155	111527	108856163702267999
2713	2022-08-17 08:37:00	2022-10-08 16:37:53.476367	110	5526	308340	108836058323877330
5010	2022-09-01 10:45:00	2022-10-16 04:22:41.512922	335	7585	466540	108922384999398511
5099	2022-08-05 22:41:00	2022-10-16 04:28:11.583636	416	7585	466899	108772257001250640
5078	2022-08-12 17:15:00	2022-10-16 04:26:43.228669	974	7585	466809	108811919074076802
5112	2022-08-01 13:44:00	2022-10-16 04:29:05.648701	208	7585	466953	108747858653285018
5020	2022-08-26 19:51:00	2022-10-16 04:23:12.926545	12876	7585	466578	108890956067540012
5011	2022-08-31 17:15:00	2022-10-16 04:22:43.104708	418	7585	466542	108918372921402116
5012	2022-08-30 22:39:00	2022-10-16 04:22:47.27293	32408	7585	466547	108914937811995602
5013	2022-08-30 21:14:00	2022-10-16 04:22:48.835345	273573	7585	466549	108914532441299499
5015	2022-08-29 13:20:00	2022-10-16 04:22:55.832524	537	7585	466557	108907282956606893
5079	2022-08-12 16:44:00	2022-10-16 04:26:44.438723	2843	7585	466811	108811756316523638
5022	2022-08-26 14:22:00	2022-10-16 04:23:18.672279	9590	7585	466584	108890362136812248
5030	2022-08-21 18:35:00	2022-10-16 04:23:52.107247	3999	7585	466616	108863238961910622
5034	2022-08-20 23:16:00	2022-10-16 04:23:59.008628	843	7585	466624	108858685369051297
5036	2022-08-19 21:38:00	2022-10-16 04:24:12.991253	28473	7585	466642	108852275517633715
5039	2022-08-19 21:25:00	2022-10-16 04:24:19.500973	9893	7585	466649	108850568422335673
5042	2022-08-19 12:34:00	2022-10-16 04:24:26.394911	879	7585	466657	108846959407078482
5046	2022-08-18 21:24:00	2022-10-16 04:24:34.540917	8356	7585	466667	108846920822390693
5048	2022-08-18 20:47:00	2022-10-16 04:24:38.076965	9591	7585	466671	108845194086821409
5053	2022-08-17 00:00:00	2022-10-16 04:25:14.084619	9590	7585	466706	108835973072679639
5059	2022-08-16 19:12:00	2022-10-16 04:25:27.972904	33847	7585	466724	108835042512524621
5061	2022-08-16 18:54:00	2022-10-16 04:25:32.965984	2972	7585	466730	108833315543955655
5064	2022-08-16 10:37:00	2022-10-16 04:25:44.888987	1844	7585	466744	108658657388643766
5065	2022-08-16 10:30:00	2022-10-16 04:25:46.712867	4650	7585	466746	108833023456527609
5073	2022-08-12 22:40:00	2022-10-16 04:26:27.697723	2577	7585	466792	108800710455151701
5076	2022-08-12 18:13:00	2022-10-16 04:26:34.334083	843	7585	466798	108800425261129544
5077	2022-08-12 18:12:00	2022-10-16 04:26:39.59697	321244	7585	466805	108812181589358596
5086	2022-08-09 08:11:00	2022-10-16 04:27:03.552828	24367	7585	466832	108792835752034057
5091	2022-08-08 18:54:00	2022-10-16 04:27:17.904507	9893	7585	466848	108789284578458645
5096	2022-08-06 16:19:00	2022-10-16 04:27:37.038208	73713	7585	466872	108777764348950002
5106	2022-08-02 22:36:00	2022-10-16 04:28:32.246707	53572	7585	466921	108558097514224966
5110	2022-08-01 14:16:00	2022-10-16 04:28:54.86174	9590	7585	466942	108748160942820699
5003	2022-09-07 00:00:00	2022-10-16 04:21:44.699281	27	7585	466483	108955131310045964
5119	2022-07-31 14:12:00	2022-10-16 04:29:27.95424	26601	7585	466980	108743300936307538
5123	2022-07-29 16:46:00	2022-10-16 04:29:46.786961	12462	7585	467003	108731891880538622
5124	2022-07-29 16:41:00	2022-10-16 04:29:48.800735	12462	7585	467006	108732192508162025
5126	2022-07-29 14:41:00	2022-10-16 04:29:56.455841	9589	7585	467012	108728398642717766
5127	2022-07-29 14:38:00	2022-10-16 04:29:59.70152	96033	7585	467015	108732046022595241
5132	2022-07-27 16:27:00	2022-10-16 04:30:19.254318	11010	7585	467038	108721019460616394
5137	2022-07-25 18:40:00	2022-10-16 04:30:43.648832	2095	7585	467064	108709159905490979
5141	2022-07-23 20:52:00	2022-10-16 04:31:00.707869	7642	7585	467081	108699402485271970
5142	2022-07-23 12:21:00	2022-10-16 04:31:05.940819	2019	7585	467088	108697275923376714
5035	2022-08-20 15:18:00	2022-10-16 04:24:03.998147	34	7585	466630	108856529727195767
4998	2022-09-11 23:13:00	2022-10-16 04:21:05.177343	102	7585	466434	108980050210109796
5159	2022-07-12 14:56:00	2022-10-16 04:32:29.933179	17946	7585	467191	108635890440300005
5002	2022-09-07 01:27:00	2022-10-16 04:21:42.132554	105	7585	466479	108954100169659893
5161	2022-07-09 15:19:00	2022-10-16 04:32:48.039041	1017	7585	467212	108617566360646516
5162	2022-07-09 15:14:00	2022-10-16 04:32:52.066982	215848	7585	467216	108618418366621394
5165	2022-07-02 18:30:00	2022-10-16 04:33:22.724914	9674	7585	467251	108579518034175673
5001	2022-09-07 14:05:00	2022-10-16 04:21:39.337449	211	7585	466475	108958423635344046
5171	2022-06-24 00:00:00	2022-10-16 04:34:19.356804	12584	7585	467312	108527322448881986
5145	2022-07-20 15:01:00	2022-10-16 04:31:23.000166	340	7585	467109	108677159656976984
5176	2022-06-20 12:15:00	2022-10-16 04:34:39.985111	2588	7585	467337	108510234770705787
5179	2022-06-16 09:14:00	2022-10-16 04:35:03.688881	162054	7585	467363	108487268830837523
5181	2022-06-15 18:56:00	2022-10-16 04:35:13.71024	76741	7585	467374	108478423067808518
5000	2022-09-08 23:25:00	2022-10-16 04:21:25.332653	166	7585	466459	108965359665071345
5052	2022-08-17 01:02:00	2022-10-16 04:25:11.889921	143	7585	466704	108836402909527626
5062	2022-08-16 18:51:00	2022-10-16 04:25:35.731883	143	7585	466733	108834787841802445
5147	2022-07-18 18:02:00	2022-10-16 04:31:28.162039	340	7585	467116	108663821603393872
5128	2022-07-29 14:31:00	2022-10-16 04:30:02.728837	908	7585	467017	108731491711409745
5152	2022-07-17 18:51:00	2022-10-16 04:31:44.368907	340	7585	467136	108664138969963004
5116	2022-07-31 20:41:00	2022-10-16 04:29:20.828766	316	7585	466972	108744824574951458
732	2022-09-15 17:33:00	2022-09-23 04:36:15.923199	160	367	75368	109004373406486455
309	2022-06-16 17:28:00	2022-09-17 10:12:55.013263	160	365	22700	108489153647801848
1324	2022-08-25 21:02:00	2022-09-26 20:44:29.60944	160	805	101006	108886468603267276
5074	2022-08-12 22:37:00	2022-10-16 04:26:29.842538	2103	7585	466794	108801612565860019
1650	2022-07-26 11:49:00	2022-09-27 08:40:50.385483	160	2155	111785	108714399365089087
5089	2022-08-08 21:51:00	2022-10-16 04:27:12.120985	125	7585	466844	108790289380704429
5098	2022-08-05 22:43:00	2022-10-16 04:28:09.691387	125	7585	466897	108773612093610456
5143	2022-07-22 10:41:00	2022-10-16 04:31:07.873063	102	7585	467090	108690623989265877
4999	2022-09-11 12:05:00	2022-10-16 04:21:10.552627	174	7585	466440	108978472714152809
5037	2022-08-19 21:32:00	2022-10-16 04:24:16.176629	174	7585	466645	108852505117744379
5056	2022-08-16 22:26:00	2022-10-16 04:25:24.852307	27	7585	466719	108835790554897005
5057	2022-08-16 21:58:00	2022-10-16 04:25:25.888977	215	7585	466721	108835725301873122
5770	2022-07-25 18:04:00	2022-10-16 18:05:14.890608	215	4273	479565	108709465649818243
5146	2022-07-20 14:56:00	2022-10-16 04:31:24.024447	143	7585	467110	108681031080260106
5163	2022-07-06 11:59:00	2022-10-16 04:33:01.198695	143	7585	467225	108601213249658881
5136	2022-07-25 18:51:00	2022-10-16 04:30:41.308913	9591	7585	467061	108706047680426174
5138	2022-07-25 18:22:00	2022-10-16 04:30:44.703293	20572	7585	467066	108702851553593918
5149	2022-07-18 08:41:00	2022-10-16 04:31:37.168852	5236	7585	467127	108668036776504034
5150	2022-07-17 21:18:00	2022-10-16 04:31:41.462728	5700	7585	467132	108665354622659886
5157	2022-07-15 18:40:00	2022-10-16 04:32:10.984029	148179	7585	467168	108653746555380671
5164	2022-07-03 14:35:00	2022-10-16 04:33:20.41318	1200	7585	467248	108522052398610141
5166	2022-07-02 13:09:00	2022-10-16 04:33:31.369891	26210	7585	467261	108578639638752123
5169	2022-06-25 12:27:00	2022-10-16 04:34:14.76724	711	7585	467307	108538588083587618
5177	2022-06-18 00:00:00	2022-10-16 04:34:49.532952	174	7585	467349	108495381326181145
5180	2022-06-16 09:13:00	2022-10-16 04:35:08.208841	162054	7585	467368	108487261400638068
5182	2022-06-15 18:53:00	2022-10-16 04:35:17.422898	180137	7585	467377	108483427147742670
5186	2022-06-10 15:59:00	2022-10-16 04:35:48.316994	19506	7585	467415	108454824790071365
5187	2022-06-09 14:48:00	2022-10-16 04:36:19.244017	3354	7585	467446	108264569286690666
5188	2022-06-09 13:27:00	2022-10-16 04:36:22.56089	237675	7585	467449	108448517923796109
5192	2022-07-23 17:26:00	2022-10-16 04:41:08.20866	7976	9583	467585	108698735456229835
5194	2022-07-23 12:50:00	2022-10-16 04:41:17.32122	19239	9583	467591	108697632926570044
5196	2022-07-15 10:39:00	2022-10-16 04:41:37.102555	4300	9583	467601	108651421218032557
5201	2022-07-08 01:22:00	2022-10-16 04:42:19.496773	36829	9583	467619	108610040811080666
5204	2022-06-22 11:58:00	2022-10-16 04:42:37.041045	3354	9583	467628	108037058878780649
5205	2022-06-21 13:56:00	2022-10-16 04:42:45.635867	1608	9583	467633	108513776238757144
5206	2022-06-21 00:00:00	2022-10-16 04:42:50.293544	1608	9583	467635	108513585365146958
518	2022-07-07 14:29:00	2022-09-18 22:52:44.116291	449	366	43348	108607341171323958
5773	2022-07-25 17:31:00	2022-10-16 18:05:44.08132	3608	4273	479584	108709849819221661
5774	2022-07-25 16:41:00	2022-10-16 18:05:58.493083	9689	4273	479588	108709122120718126
5775	2022-07-25 16:39:00	2022-10-16 18:06:19.623325	2195	4273	479594	108709654419381239
5780	2022-07-24 21:45:00	2022-10-16 18:07:33.395707	9829	4273	479622	108705407950318490
5781	2022-07-24 21:01:00	2022-10-16 18:07:44.837777	2197	4273	479628	108703184991862803
5783	2022-07-24 20:28:00	2022-10-16 18:08:04.734517	127374	4273	479634	108688091683168514
5788	2022-07-24 19:08:00	2022-10-16 18:08:28.646401	26446	4273	479649	108704793376858136
5792	2022-07-24 16:13:00	2022-10-16 18:09:13.101711	7936	4273	479668	108703141674667852
5795	2022-07-24 04:46:00	2022-10-16 18:10:27.19974	2280	4273	479701	108699311929538145
5800	2022-07-23 18:04:00	2022-10-16 18:11:26.379131	2189	4273	479728	108697658083396805
5802	2022-07-23 17:39:00	2022-10-16 18:15:16.016161	9040	4273	479793	108698149118885629
5805	2022-07-23 11:13:00	2022-10-16 18:16:18.109167	51514	4273	479804	108697263178172144
5810	2022-07-23 08:19:00	2022-10-16 18:17:06.871246	2201	4273	479812	108696305663089462
5812	2022-07-23 07:58:00	2022-10-16 18:17:30.361907	4904	4273	479817	108696482213581609
5816	2022-07-23 07:38:00	2022-10-16 18:18:08.481825	1613	4273	479826	108691307199659111
5817	2022-07-23 07:28:00	2022-10-16 18:18:14.749359	11242	4273	479827	108693648738034291
5818	2022-07-23 07:25:00	2022-10-16 18:18:19.091655	11242	4273	479828	108696267933643908
5823	2022-07-23 06:20:00	2022-10-16 18:18:53.253647	5228	4273	479836	108696114577051212
5824	2022-07-23 06:01:00	2022-10-16 18:19:15.129412	63974	4273	479839	108695864232028638
5825	2022-07-23 05:50:00	2022-10-16 18:19:29.046658	32915	4273	479842	108695998482391021
5827	2022-07-22 14:44:00	2022-10-16 18:19:59.778664	24149	4273	479850	108637893451243498
5829	2022-07-22 13:33:00	2022-10-16 18:20:24.030012	9427	4273	479856	108688213792437340
5831	2022-07-22 13:15:00	2022-10-16 18:20:49.444929	1580	4273	479861	108691504638287090
8421	2022-10-10 18:04:00	2022-10-23 12:52:32.845863	27	12888	626443	109142062880870292
7048	2022-06-28 14:44:00	2022-10-19 12:59:26.998555	27	10925	534186	108556499188970832
7054	2022-08-21 12:20:00	2022-10-19 13:02:41.134297	27	10825	534236	108860797625226845
7101	2022-06-13 11:17:00	2022-10-19 13:20:25.909873	27	10925	534621	108469860787607968
7053	2022-08-21 12:23:00	2022-10-19 13:02:34.405129	27	10825	534235	108858518234900212
7378	2022-07-08 22:15:00	2022-10-19 14:51:23.710659	27	10825	538230	108614222106120817
352	2022-09-16 16:09:00	2022-09-18 04:16:12.39859	27	303	37050	109009299566785023
49	2022-08-29 19:26:00	2022-09-15 22:40:52.044419	27	27	1778	108908741994975427
553	2022-08-08 19:06:00	2022-09-19 03:13:20.204967	27	1124	46925	108789700493889917
574	2022-07-08 12:57:00	2022-09-19 05:42:43.569298	27	413	52933	108611232793988005
3535	2022-08-26 22:04:00	2022-10-13 07:13:45.194432	27	8311	372704	108891449843705881
911	2022-07-06 22:10:00	2022-09-23 07:52:22.414968	27	788	76816	108597177769311888
5828	2022-07-22 13:37:00	2022-10-16 18:20:20.160785	9416	4273	479855	108692196898148483
5135	2022-07-25 20:27:00	2022-10-16 04:30:33.505857	166	7585	467052	108710774134644347
3550	2022-08-08 20:16:00	2022-10-13 07:15:44.830884	27	8311	372754	108789700493889917
8136	2022-06-19 11:11:00	2022-10-21 05:26:36.499435	27	11304	577931	108504269004067735
8137	2022-06-19 10:36:00	2022-10-21 05:26:55.683725	27	11304	577943	108504188526268928
5155	2022-07-17 18:33:00	2022-10-16 04:31:50.498046	1611	7585	467145	108664829822132737
1542	2022-08-27 01:08:00	2022-09-27 08:35:18.730786	178	2155	111472	108892929729215592
5208	2022-06-15 10:22:00	2022-10-16 04:43:04.635819	143	9583	467639	108481679033492695
5173	2022-06-23 13:54:00	2022-10-16 04:34:23.238189	326	7585	467317	108527748209742925
5199	2022-07-09 11:25:00	2022-10-16 04:42:14.520676	146	9583	467616	108617944829965838
5799	2022-07-23 20:22:00	2022-10-16 18:11:22.949329	103	4273	479726	108699310718223073
5151	2022-07-17 18:52:00	2022-10-16 04:31:43.088153	340	7585	467134	108663821603393872
5158	2022-07-12 15:00:00	2022-10-16 04:32:28.796615	300	7585	467189	108635698712848693
5184	2022-06-14 15:36:00	2022-10-16 04:35:31.610616	9591	7585	467394	108476670195048414
5262	2022-09-21 19:18:00	2022-10-16 15:11:56.74531	322	4273	475191	109036939659924327
5190	2022-07-25 00:00:00	2022-10-16 04:40:28.190704	2191	9583	467573	108618129158560043
5193	2022-07-23 15:50:00	2022-10-16 04:41:11.905418	5236	9583	467587	108697620966915444
5197	2022-07-14 10:51:00	2022-10-16 04:41:48.932312	141717	9583	467606	108646209389620653
5198	2022-07-14 05:07:00	2022-10-16 04:41:54.226624	29976	9583	467608	108644827308241899
5200	2022-07-09 11:20:00	2022-10-16 04:42:16.474228	1304	9583	467617	108608678671218865
5202	2022-06-26 10:47:00	2022-10-16 04:42:24.320773	2280	9583	467623	108541211035913641
5203	2022-06-25 14:48:00	2022-10-16 04:42:30.606577	4022	9583	467626	108539482852338079
5207	2022-06-19 00:00:00	2022-10-16 04:42:57.302966	9680	9583	467637	108502021853849469
5209	2022-06-15 10:04:00	2022-10-16 04:43:08.709977	948	9583	467641	108481784133213798
3103	2022-08-23 10:37:00	2022-10-09 09:07:26.542036	178	7785	337013	108872387735613400
5211	2022-06-12 15:43:00	2022-10-16 04:43:16.152727	28021	9583	467645	108466191342379856
5212	2022-06-12 15:38:00	2022-10-16 04:43:19.022277	7298	9583	467647	108466167098570246
5214	2022-06-11 23:55:00	2022-10-16 04:43:22.474332	11416	9583	467651	108462459976715026
5047	2022-08-18 20:51:00	2022-10-16 04:24:36.27683	7585	7585	466669	108836457357772969
5121	2022-07-29 21:53:00	2022-10-16 04:29:36.373909	7585	7585	466991	108733779124477248
5263	2022-09-21 14:53:00	2022-10-16 15:12:21.788875	279	4273	475206	109037518175739092
5217	2022-08-25 18:28:00	2022-10-16 09:47:56.388827	7850	9619	471562	108879893096487795
5218	2022-06-20 18:24:00	2022-10-16 09:48:16.776534	58985	9619	471577	108512049376453113
5797	2022-07-23 21:38:00	2022-10-16 18:10:47.805197	12170	4273	479710	108698667362716547
5222	2022-06-09 13:04:00	2022-10-16 09:48:42.088588	7461	9619	471598	108448544265012172
5221	2022-06-09 22:04:00	2022-10-16 09:48:39.566963	9619	9619	471596	107896787040900136
5223	2022-07-24 16:42:00	2022-10-16 10:28:31.178891	2311	5442	472263	108702633396052928
5224	2022-07-03 10:34:00	2022-10-16 10:29:42.8762	2095	5442	472277	108583820321774391
5228	2022-10-15 14:07:00	2022-10-16 15:00:47.129026	416	4273	474864	109173269427251496
8108	2022-07-02 12:14:00	2022-10-21 05:09:56.795651	11304	11304	577367	107992189815138604
5227	2022-10-15 14:39:00	2022-10-16 15:00:23.988876	7959	4273	474856	109173038161353288
5229	2022-10-15 08:41:00	2022-10-16 15:01:04.872193	48600	4273	474869	109172230546743576
5230	2022-10-15 08:22:00	2022-10-16 15:01:12.653566	5236	4273	474872	109171088928772007
5231	2022-10-15 07:38:00	2022-10-16 15:01:18.598352	6072	4273	474876	109098702195781578
5232	2022-10-14 20:07:00	2022-10-16 15:01:36.348637	30727	4273	474885	109168810156161550
5195	2022-07-23 09:38:00	2022-10-16 04:41:20.720884	105	9583	467593	108696922232028184
5235	2022-10-13 15:52:00	2022-10-16 15:03:29.424883	1332	4273	474928	109162682375204281
5238	2022-10-13 09:08:00	2022-10-16 15:04:22.781121	994	4273	474947	109158663985785565
5239	2022-10-13 08:54:00	2022-10-16 15:04:38.700702	5661	4273	474954	109161042864113228
5240	2022-10-12 21:05:00	2022-10-16 15:05:08.468996	18788	4273	474966	109158258417806164
5242	2022-10-12 15:01:00	2022-10-16 15:05:19.432654	2555	4273	474973	109155998981403040
5243	2022-10-12 15:00:00	2022-10-16 15:05:26.258928	81	4273	474978	109156001739123516
7984	2022-08-29 13:25:00	2022-10-21 03:49:40.581554	27	11304	574030	108906909057160138
5246	2022-10-11 14:39:00	2022-10-16 15:06:06.104902	56471	4273	474997	109150145232529957
5247	2022-10-11 12:14:00	2022-10-16 15:06:22.668007	5343	4273	475006	109150523217425883
5248	2022-10-11 12:13:00	2022-10-16 15:06:28.370034	138769	4273	475012	109150477816665240
5249	2022-10-11 07:51:00	2022-10-16 15:07:08.348896	37411	4273	475032	109147292091929602
5250	2022-10-09 18:08:00	2022-10-16 15:07:20.159684	3417	4273	475039	109134119315180238
5251	2022-10-05 14:40:00	2022-10-16 15:07:46.536883	31496	4273	475055	109098826624230157
5252	2022-10-05 07:49:00	2022-10-16 15:07:59.604695	1371	4273	475061	109115461633841077
5253	2022-09-24 21:53:00	2022-10-16 15:10:12.71868	2727	4273	475127	109056535219982163
5254	2022-09-24 06:41:00	2022-10-16 15:10:16.960844	100745	4273	475130	109052953864882675
7664	2022-09-04 23:23:00	2022-10-20 05:31:38.300988	27	11050	549902	108942350257255290
5256	2022-09-23 18:47:00	2022-10-16 15:10:28.196862	4458	4273	475139	109048373211281744
5258	2022-09-23 16:53:00	2022-10-16 15:10:48.910075	30727	4273	475151	109049013328322703
5259	2022-09-23 06:40:00	2022-10-16 15:10:55.851059	4542	4273	475155	109043473039841049
5260	2022-09-22 07:03:00	2022-10-16 15:11:18.821975	39134	4273	475168	109041692843888112
5261	2022-09-21 20:26:00	2022-10-16 15:11:42.718095	11416	4273	475184	109039175129469258
5264	2022-09-21 07:21:00	2022-10-16 15:13:12.730114	16176	4273	475236	109036119948993725
5265	2022-09-21 06:05:00	2022-10-16 15:13:16.988911	7461	4273	475240	109035531682021468
5266	2022-09-21 05:56:00	2022-10-16 15:13:26.001387	1347	4273	475248	109033464631096426
5267	2022-09-20 22:09:00	2022-10-16 15:13:29.236663	7287	4273	475251	109033920835077325
5268	2022-09-20 21:51:00	2022-10-16 15:13:34.730092	30727	4273	475253	109032140853478667
5269	2022-09-20 20:45:00	2022-10-16 15:13:47.813428	825	4273	475259	109033292320038198
5233	2022-10-13 21:42:00	2022-10-16 15:02:55.696601	199	4273	474914	109153160420806829
5272	2022-09-18 16:06:00	2022-10-16 15:15:17.476896	83325	4273	475296	109021173634987903
1876	2022-08-08 20:18:00	2022-09-28 20:06:02.34012	27	4105	149551	108789700493889917
1885	2022-08-03 10:20:00	2022-09-28 22:31:09.503183	27	4112	151892	108758973869393820
5257	2022-09-23 18:42:00	2022-10-16 15:10:34.009172	143	4273	475142	109048685041514509
4401	2022-08-29 15:28:00	2022-10-15 05:17:52.434976	178	9365	437875	108907345658457845
1373	2022-08-08 19:29:00	2022-09-27 02:45:11.820702	27	146	102936	108789700493889917
5183	2022-06-15 16:56:00	2022-10-16 04:35:19.577035	393	7585	467380	108481702422675063
1374	2022-08-08 19:12:00	2022-09-27 02:45:12.477136	27	146	102937	108789700493889917
5191	2022-07-24 23:50:00	2022-10-16 04:40:35.168017	536	9583	467575	108704886811313481
5270	2022-09-20 07:51:00	2022-10-16 15:14:08.514117	33	4273	475269	109026585392794677
5236	2022-10-13 15:01:00	2022-10-16 15:03:45.926782	144	4273	474936	109162431428868594
5189	2022-07-25 00:00:00	2022-10-16 04:40:25.223265	509	9583	467571	108705762031146846
5244	2022-10-11 14:53:00	2022-10-16 15:05:46.148914	144	4273	474988	109150961612397418
5275	2022-09-17 00:00:00	2022-10-16 15:16:27.953127	7630	4273	475327	109009730899528258
5281	2022-09-15 08:11:00	2022-10-16 15:17:16.542701	5192	4273	475352	109002020946836424
5283	2022-09-15 06:10:00	2022-10-16 15:18:06.248888	2263	4273	475381	108996490918341232
5284	2022-09-15 06:04:00	2022-10-16 15:18:18.117456	19339	4273	475388	109000093268361218
5293	2022-09-14 06:50:00	2022-10-16 15:20:45.436875	36250	4273	475465	108996351921858950
5294	2022-09-14 06:40:00	2022-10-16 15:21:00.994263	4542	4273	475474	108994735757799346
5296	2022-09-13 17:17:00	2022-10-16 15:21:19.351165	16986	4273	475482	108991941788686996
5274	2022-09-18 08:13:00	2022-10-16 15:16:16.441279	1280	4273	475321	109019297286406288
5316	2022-09-11 17:59:00	2022-10-16 15:26:10.925732	122323	4273	475646	108981899284923057
5317	2022-09-11 17:47:00	2022-10-16 15:26:20.236892	2705	4273	475654	108981448689702323
5318	2022-09-11 17:12:00	2022-10-16 15:26:47.372892	17174	4273	475672	108981806445011167
5332	2022-09-08 21:39:00	2022-10-16 15:31:16.620948	271	4273	475794	108965673324969365
5337	2022-09-07 19:36:00	2022-10-16 15:32:38.129711	152266	4273	475836	108959679335333139
5339	2022-09-07 18:21:00	2022-10-16 15:33:20.678182	2019	4273	475852	108954145234268891
5341	2022-09-07 07:37:00	2022-10-16 15:33:43.326429	134728	4273	475864	108952521179274734
5342	2022-09-06 20:51:00	2022-10-16 15:34:45.541818	6518	4273	475890	108954352942511407
5344	2022-09-06 19:06:00	2022-10-16 15:35:17.509383	18789	4273	475902	108953961531356148
5345	2022-09-06 18:28:00	2022-10-16 15:35:23.54142	825	4273	475905	108953744772534902
5348	2022-09-06 16:28:00	2022-10-16 15:36:22.091072	35179	4273	475926	108953323607751329
5350	2022-09-06 15:56:00	2022-10-16 15:36:45.73265	14891	4273	475932	108953192886634215
5360	2022-09-05 07:21:00	2022-10-16 15:41:14.28233	14335	4273	476012	108931077881875390
5368	2022-09-04 07:48:00	2022-10-16 15:43:49.458975	5746	4273	476082	108939972336812115
5369	2022-09-04 07:47:00	2022-10-16 15:44:01.290055	12233	4273	476089	108936236721964438
5370	2022-09-04 07:31:00	2022-10-16 15:44:12.717576	8183	4273	476095	108939892949827262
5375	2022-09-03 19:14:00	2022-10-16 15:45:18.178701	58709	4273	476129	108937002017210212
5386	2022-09-02 11:33:00	2022-10-16 15:49:44.546438	2197	4273	476281	108929204078549433
5387	2022-09-02 06:41:00	2022-10-16 15:50:17.290605	13638	4273	476297	108329177968286452
5389	2022-09-02 06:07:00	2022-10-16 15:51:16.164983	20554	4273	476333	108926872657225806
5401	2022-09-01 16:48:00	2022-10-16 15:54:58.384901	2319	4273	476486	108924908494246638
5403	2022-09-01 16:30:00	2022-10-16 15:55:16.680994	32915	4273	476497	108925031979170290
5428	2022-08-29 20:02:00	2022-10-16 16:00:28.556939	425323	4273	476723	108908528070247441
5432	2022-08-29 17:09:00	2022-10-16 16:01:00.661672	5700	4273	476747	108908188778251063
5801	2022-07-23 17:58:00	2022-10-16 18:15:07.378027	11214	4273	479791	108698858415830781
5803	2022-07-23 17:33:00	2022-10-16 18:15:29.510105	32557	4273	479795	108698786404284002
5809	2022-07-23 08:24:00	2022-10-16 18:16:56.489282	12293	4273	479811	108693855813604848
8074	2022-07-21 02:09:00	2022-10-21 04:42:56.403301	11304	11304	576423	108683824032607255
5819	2022-07-23 07:06:00	2022-10-16 18:18:26.980328	15515	4273	479831	108696317635438836
5830	2022-07-22 13:18:00	2022-10-16 18:20:43.405416	4458	4273	479860	108691760266753528
5374	2022-09-03 20:28:00	2022-10-16 15:45:15.160956	340	4273	476127	108936935940698709
3134	2022-08-12 13:01:00	2022-10-09 09:09:16.580898	27	7785	337171	108810923690666871
3139	2022-08-11 13:31:00	2022-10-09 09:09:35.50906	27	7785	337199	108805118545294178
8755	2022-06-14 10:59:00	2022-10-24 06:21:15.209188	27	12933	639575	108476394206482031
5798	2022-07-23 21:35:00	2022-10-16 18:10:55.057918	1408	4273	479712	108699641417320696
10559	2022-10-27 00:00:00	2022-11-14 11:06:36.120084	23	19735	768672	109241026174944116
5303	2022-09-13 06:14:00	2022-10-16 15:23:00.233582	23	4273	475533	108986322314236544
5410	2022-10-04 08:16:00	2022-10-16 15:56:36.993151	1118	9630	476557	109109905669148132
5295	2022-09-14 06:27:00	2022-10-16 15:21:12.675233	174	4273	475477	108993503211344971
211	2022-09-06 22:41:00	2022-09-17 07:11:47.546609	178	645	19026	108953681817819323
7081	2022-06-16 22:17:00	2022-10-19 13:13:17.722055	178	10925	534490	108489047139684087
10560	2022-10-07 00:00:00	2022-11-14 11:15:08.07015	114	19735	768801	109130294251426854
5391	2022-09-02 05:50:00	2022-10-16 15:51:27.099646	416	4273	476343	108926211596636104
8022	2022-08-12 21:59:00	2022-10-21 04:03:25.650228	27	11304	574947	108811279834566814
5340	2022-09-07 07:58:00	2022-10-16 15:33:38.049096	143	4273	475861	108955061519324163
8733	2022-08-19 17:51:00	2022-10-24 06:03:54.596903	27	12956	639250	108850878508450428
7969	2022-09-12 09:23:00	2022-10-21 03:36:59.721074	27	11304	573328	108982116395810950
7972	2022-09-07 09:02:00	2022-10-21 03:39:22.55721	27	11304	573492	108957155977977709
7977	2022-09-01 19:21:00	2022-10-21 03:42:37.73025	27	11304	573697	108924392103314855
1625	2022-08-04 15:37:00	2022-09-27 08:39:32.626844	27	2155	111703	108765830719558153
3146	2022-10-02 18:29:00	2022-10-09 09:09:49.9874	27	6551	337219	109100916029893718
7132	2022-08-15 15:43:00	2022-10-19 13:35:34.393897	178	10825	534979	108828301268866863
10470	2022-07-29 00:00:00	2022-11-10 16:07:27.689459	178	2036	752424	108730964381868181
5307	2022-09-12 06:03:00	2022-10-16 15:24:16.337876	974	4273	475578	108982565809753174
5328	2022-09-09 19:53:00	2022-10-16 15:29:41.236914	974	4273	475762	108971120526587349
5276	2022-09-17 00:00:00	2022-10-16 15:16:40.905924	4277	4273	475334	109004847175210383
5279	2022-09-15 11:38:00	2022-10-16 15:16:58.936677	4600	4273	475344	109003151083990345
5280	2022-09-15 09:58:00	2022-10-16 15:17:03.820622	1000	4273	475347	109000255339299686
8073	2022-07-21 02:15:00	2022-10-21 04:42:46.143876	11304	11304	576415	108683858182065799
5291	2022-09-14 08:46:00	2022-10-16 15:20:07.489474	2577	4273	475448	108976912055516431
5854	2022-07-21 06:20:00	2022-10-16 18:25:38.413271	160	4273	479917	108682311499118947
5306	2022-09-12 06:07:00	2022-10-16 15:24:01.665483	100745	4273	475569	108984873277381328
5308	2022-09-12 05:57:00	2022-10-16 15:24:18.325699	19445	4273	475580	108983369865407859
5312	2022-09-11 19:16:00	2022-10-16 15:25:23.788811	141717	4273	475618	108982298981870322
5343	2022-09-06 20:40:00	2022-10-16 15:34:52.338947	1342	4273	475893	108953992557236885
5832	2022-07-22 12:56:00	2022-10-16 18:21:17.107659	6062	4273	479865	108692040842840423
10558	2022-11-08 00:00:00	2022-11-14 11:02:50.616362	1333	19735	768618	109311488786535727
5834	2022-07-22 11:58:00	2022-10-16 18:21:45.952629	19968	4273	479871	108691787373317453
5835	2022-07-22 11:49:00	2022-10-16 18:21:49.533361	140	4273	479872	108691738021492063
5836	2022-07-22 11:47:00	2022-10-16 18:21:54.953409	74598	4273	479873	108691760002660693
5837	2022-07-22 11:34:00	2022-10-16 18:22:17.353297	2195	4273	479877	108691571075211537
5838	2022-07-22 11:33:00	2022-10-16 18:22:23.557489	2318	4273	479878	108690647226412522
5841	2022-07-22 06:58:00	2022-10-16 18:22:48.701428	1333	4273	479882	108688869526125265
5843	2022-07-22 06:17:00	2022-10-16 18:22:57.926051	2384	4273	479884	108688640652547690
10561	2022-08-15 00:00:00	2022-11-14 11:30:26.689174	174	19735	768933	108829688339231424
5847	2022-07-21 15:56:00	2022-10-16 18:24:10.845305	948	4273	479899	108591170594435925
5335	2022-09-07 19:59:00	2022-10-16 15:31:56.715034	9108	4273	475817	108959779468694396
5850	2022-07-21 07:32:00	2022-10-16 18:24:58.469335	29998	4273	479908	108685098080150804
5852	2022-07-21 07:02:00	2022-10-16 18:25:23.321453	61331	4273	479914	108684955130075013
5853	2022-07-21 06:31:00	2022-10-16 18:25:25.805249	8387	4273	479915	108663518494569447
5855	2022-07-21 06:13:00	2022-10-16 18:25:46.101383	38585	4273	479919	108684721884580998
5856	2022-07-20 21:22:00	2022-10-16 18:26:03.185582	17016	4273	479922	108682668503397495
5857	2022-07-20 14:54:00	2022-10-16 18:26:32.818716	123034	4273	479928	108681167824434488
5858	2022-07-20 14:47:00	2022-10-16 18:26:38.787147	18050	4273	479929	108681151765432049
5860	2022-07-20 14:11:00	2022-10-16 18:27:08.097713	146	4273	479935	108680342297873173
136	2022-09-02 12:45:00	2022-09-16 02:26:18.736185	215	159	5849	108929813688298055
5863	2022-07-20 06:54:00	2022-10-16 18:27:38.922734	30872	4273	479943	108679194670002423
5866	2022-07-20 06:31:00	2022-10-16 18:28:15.337346	98128	4273	479950	108679201119049329
5867	2022-07-20 06:29:00	2022-10-16 18:28:29.393499	1844	4273	479954	108676078848092006
5868	2022-07-19 23:24:00	2022-10-16 18:28:48.617241	23730	4273	479957	108677500229803139
5869	2022-07-19 23:23:00	2022-10-16 18:28:54.857707	10478	4273	479958	108669875321535373
5871	2022-07-19 21:28:00	2022-10-16 18:29:57.859706	11010	4273	479969	108675876714768557
5872	2022-07-19 21:14:00	2022-10-16 18:30:00.173239	17781	4273	479970	108677013378920187
5873	2022-07-19 21:02:00	2022-10-16 18:30:07.893453	386	4273	479971	108676725633343699
5876	2022-07-19 20:46:00	2022-10-16 18:30:47.657744	4439	4273	479978	108676867615686326
5878	2022-07-19 20:31:00	2022-10-16 18:31:08.857682	17350	4273	479982	108676838836415855
5898	2022-07-18 16:00:00	2022-10-16 18:35:10.564262	339	4273	480030	108669886319265779
5881	2022-07-19 15:28:00	2022-10-16 18:31:47.270798	948	4273	479991	108675511260777500
5883	2022-07-19 09:35:00	2022-10-16 18:32:21.366122	2782	4273	479998	108674255495024668
5884	2022-07-19 09:34:00	2022-10-16 18:32:26.493377	65427	4273	479999	108668842522172832
5885	2022-07-19 09:25:00	2022-10-16 18:32:43.535473	5136	4273	480002	108674220387752784
5889	2022-07-19 06:19:00	2022-10-16 18:34:06.151017	23582	4273	480017	108671248362601142
5890	2022-07-19 06:04:00	2022-10-16 18:34:11.32142	2506	4273	480018	108671805065940813
5891	2022-07-19 05:54:00	2022-10-16 18:34:16.625636	2505	4273	480019	108670926902414939
5893	2022-07-18 18:05:00	2022-10-16 18:34:27.205471	29309	4273	480022	108670591789637660
5894	2022-07-18 18:02:00	2022-10-16 18:34:31.367806	93816	4273	480023	108670587641282471
5895	2022-07-18 18:00:00	2022-10-16 18:34:38.153989	42623	4273	480024	108670194648713570
5896	2022-07-18 17:57:00	2022-10-16 18:34:42.641234	192881	4273	480025	108670573880880372
5897	2022-07-18 17:02:00	2022-10-16 18:35:04.842642	26430	4273	480029	108594798274649790
5899	2022-07-18 15:53:00	2022-10-16 18:35:18.249287	2197	4273	480032	108669842055631051
5900	2022-07-18 15:45:00	2022-10-16 18:35:27.688157	48508	4273	480034	108670050211432632
5901	2022-07-18 14:58:00	2022-10-16 18:35:32.089311	2402	4273	480036	108669791504527390
5902	2022-07-18 14:53:00	2022-10-16 18:35:46.261574	2210	4273	480038	108669747103947431
5903	2022-07-18 14:41:00	2022-10-16 18:35:58.997629	17655	4273	480041	108669806389191454
5904	2022-07-18 14:39:00	2022-10-16 18:36:06.337134	4299	4273	480043	108669231255945429
5905	2022-07-18 14:35:00	2022-10-16 18:36:16.142105	10478	4273	480045	108620811496902855
5907	2022-07-18 09:24:00	2022-10-16 18:36:30.713218	4301	4273	480049	108668409252967056
5216	2022-08-31 18:34:00	2022-10-16 09:47:49.280802	23	9619	471559	108919831049133716
5910	2022-07-17 20:19:00	2022-10-16 18:38:01.917649	13140	4273	480078	108663181942324689
5913	2022-07-17 13:25:00	2022-10-16 18:40:14.765406	6518	4273	480117	108663819876120965
5915	2022-07-17 11:21:00	2022-10-16 18:40:47.977723	994	4273	480127	108663056277617170
5916	2022-07-17 10:50:00	2022-10-16 18:40:58.975101	17330	4273	480131	108663100636733228
5917	2022-07-17 09:53:00	2022-10-16 18:41:25.069376	22889	4273	480139	108663009447242200
5833	2022-07-22 12:19:00	2022-10-16 18:21:29.137613	4273	4273	479868	108691772529552466
5874	2022-07-19 20:57:00	2022-10-16 18:30:14.137301	628	4273	479972	108676772281058547
5906	2022-07-18 14:31:00	2022-10-16 18:36:24.801361	102	4273	480047	108669190515992327
10563	2022-06-10 00:00:00	2022-11-14 11:45:04.195163	134757	19735	769237	108453997276941017
5892	2022-07-18 18:06:00	2022-10-16 18:34:24.197308	908	4273	480021	108669020712260895
5862	2022-07-20 12:22:00	2022-10-16 18:27:17.39948	144	4273	479938	108680438197433956
5914	2022-07-17 12:04:00	2022-10-16 18:40:30.591858	340	4273	480122	108663402075107092
5888	2022-07-19 06:26:00	2022-10-16 18:33:58.998009	742	4273	480016	108669031559456219
5277	2022-09-16 16:10:00	2022-10-16 15:16:44.556992	5727	4273	475336	108951260252434336
5298	2022-09-13 16:44:00	2022-10-16 15:21:30.320897	12360	4273	475491	108806226118641203
5299	2022-09-13 16:43:00	2022-10-16 15:21:42.908591	1371	4273	475496	108992971966224625
630	2022-08-08 06:16:00	2022-09-20 03:56:30.685365	143	206	66164	108785688792166498
5309	2022-09-11 21:05:00	2022-10-16 15:24:29.34079	2263	4273	475586	108979457956757094
5311	2022-09-11 20:16:00	2022-10-16 15:25:15.938267	39829	4273	475611	108982542656823539
329	2022-08-08 20:39:00	2022-09-18 00:28:32.416274	143	827	34774	108789784694820663
5329	2022-09-09 08:23:00	2022-10-16 15:29:47.060778	2263	4273	475765	108968232275742281
5346	2022-09-06 18:17:00	2022-10-16 15:35:27.436883	323	4273	475908	108953493000563987
5356	2022-09-05 20:48:00	2022-10-16 15:39:17.417072	122323	4273	475973	108947298546596412
5357	2022-09-05 18:57:00	2022-10-16 15:39:28.425594	682	4273	475977	108947941014519014
5359	2022-09-05 15:56:00	2022-10-16 15:39:49.124727	2319	4273	475984	108947527931993992
5371	2022-09-04 07:27:00	2022-10-16 15:44:18.492715	47978	4273	476100	108939877894596374
5376	2022-09-03 12:11:00	2022-10-16 15:45:56.11366	2578	4273	476152	108934593432616566
5377	2022-09-03 12:10:00	2022-10-16 15:46:01.43691	2450	4273	476154	108935136618506025
5383	2022-09-02 16:59:00	2022-10-16 15:48:12.468685	122323	4273	476221	108925990685228276
5388	2022-09-02 06:29:00	2022-10-16 15:50:47.704955	9651	4273	476316	108928330889008048
5393	2022-09-02 05:27:00	2022-10-16 15:52:15.157249	12317	4273	476371	108924483026389937
1375	2022-07-31 21:37:00	2022-09-27 02:48:45.674978	27	146	103071	108744681091868493
5406	2022-09-01 07:48:00	2022-10-16 15:55:35.24219	2827	4273	476512	108922980301882944
5415	2022-08-31 06:01:00	2022-10-16 15:57:59.111008	6749	4273	476621	108916888469409730
5426	2022-08-29 20:10:00	2022-10-16 16:00:12.636793	948	4273	476709	108908902252981850
5434	2022-08-28 20:45:00	2022-10-16 16:01:19.600782	8387	4273	476759	108901059758212953
5839	2022-07-22 10:49:00	2022-10-16 18:22:31.005293	140	4273	479879	108691469758554156
5840	2022-07-22 07:26:00	2022-10-16 18:22:36.117579	1343	4273	479880	108687165573799421
5842	2022-07-22 06:35:00	2022-10-16 18:22:53.039939	12529	4273	479883	108690487994705012
5844	2022-07-21 18:33:00	2022-10-16 18:23:19.465238	11242	4273	479889	108687676589823053
5846	2022-07-21 16:47:00	2022-10-16 18:23:59.767155	64061	4273	479897	108687158168848222
5851	2022-07-21 07:29:00	2022-10-16 18:25:02.330961	4378	4273	479909	108685087711000119
8092	2022-07-09 19:55:00	2022-10-21 04:55:37.188809	11304	11304	576865	108620080372465651
5864	2022-07-20 06:36:00	2022-10-16 18:28:03.547239	24412	4273	479948	108678982982138357
5870	2022-07-19 21:38:00	2022-10-16 18:29:39.855067	64160	4273	479967	108677063808734533
5877	2022-07-19 20:36:00	2022-10-16 18:30:59.397157	23027	4273	479980	108648655826779259
5882	2022-07-19 11:57:00	2022-10-16 18:32:07.346512	7461	4273	479994	108674806279819287
5886	2022-07-19 09:17:00	2022-10-16 18:33:04.908254	2102	4273	480005	108673999722485510
5887	2022-07-19 06:39:00	2022-10-16 18:33:41.037563	3185	4273	480013	108670826721294360
5908	2022-07-18 04:46:00	2022-10-16 18:37:02.361649	11675	4273	480058	108665936922647320
2323	2022-06-30 13:03:00	2022-09-29 23:15:48.798914	215	4646	190097	108567211229504332
5918	2022-07-17 09:47:00	2022-10-16 18:41:39.105555	230476	4273	480145	108658371100012496
5920	2022-07-17 07:15:00	2022-10-16 18:42:14.515322	2263	4273	480153	108657459386254481
5928	2022-07-16 10:06:00	2022-10-16 18:43:31.197322	74598	4273	480177	108657367975316207
5929	2022-07-16 09:55:00	2022-10-16 18:43:38.813657	2232	4273	480179	108654072748916490
7	2022-09-15 07:42:00	2022-09-15 22:36:35.114621	27	27	1565	108994575631471182
157	2022-09-16 13:44:00	2022-09-17 03:03:44.818859	27	416	14515	109009299566785023
169	2022-09-05 12:59:00	2022-09-17 03:06:52.01132	27	416	14671	108945797845244899
196	2022-09-14 19:53:00	2022-09-17 04:56:45.274658	27	131	16302	108997006470192139
92	2022-07-09 22:31:00	2022-09-15 22:49:01.403499	27	27	2278	108619667749492625
709	2022-07-14 15:56:00	2022-09-22 04:22:29.275305	27	296	68940	108647350940945943
1488	2022-09-12 11:59:00	2022-09-27 08:32:18.27091	27	2155	111329	108986166966592328
1597	2022-08-11 15:56:00	2022-09-27 08:38:20.84708	27	2155	111634	108805982000044809
1170	2022-09-21 00:00:00	2022-09-26 19:56:03.255824	27	805	98774	108986647164814452
1172	2022-09-20 17:10:00	2022-09-26 19:56:07.019852	27	805	98787	109031043885568544
1181	2022-09-19 17:23:00	2022-09-26 19:57:32.740809	27	805	98982	109027170466804428
1230	2022-09-08 19:38:00	2022-09-26 20:12:55.754576	27	805	100010	108964803657614097
1452	2022-08-28 22:40:00	2022-09-27 06:54:26.736982	27	2147	109548	108883707707614939
1304	2022-08-29 19:26:00	2022-09-26 20:36:16.75089	27	805	100736	108908741994975427
1309	2022-08-29 02:08:00	2022-09-26 20:37:34.053668	27	805	100780	108896251785772444
1310	2022-08-29 02:09:00	2022-09-26 20:37:35.2772	27	805	100781	108896166585759652
134	2022-08-13 15:46:00	2022-09-16 02:19:48.326732	27	155	5694	108817003909884110
180	2022-08-24 20:39:00	2022-09-17 03:11:17.470775	27	416	14890	108880263911466699
363	2022-08-04 18:55:00	2022-09-18 04:20:33.930457	27	303	37209	108765830719558153
5859	2022-07-20 14:37:00	2022-10-16 18:26:47.791149	4273	4273	479931	108681100449000685
5880	2022-07-19 15:34:00	2022-10-16 18:31:39.32722	274	4273	479989	108675583682542021
364	2022-07-31 23:54:00	2022-09-18 04:21:00.927937	27	303	37230	108742189401812078
5875	2022-07-19 20:51:00	2022-10-16 18:30:27.409518	805	4273	479975	108676904343957584
5334	2022-09-07 22:01:00	2022-10-16 15:31:24.864706	24	4273	475801	108960174968972375
5292	2022-09-14 06:59:00	2022-10-16 15:20:29.041816	23	4273	475459	108993742789085133
5923	2022-07-16 18:02:00	2022-10-16 18:42:48.06545	322	4273	480164	108658986631040453
5290	2022-09-14 09:01:00	2022-10-16 15:19:43.728878	908	4273	475438	108991813347247280
5433	2022-09-27 10:59:00	2022-10-16 16:01:05.38521	908	9630	476748	109070951249557196
5358	2022-09-05 18:09:00	2022-10-16 15:39:40.565101	1118	4273	475980	108947456256522096
5355	2022-09-06 05:39:00	2022-10-16 15:38:49.103627	222	4273	475964	108948629661844872
1501	2022-09-08 19:32:00	2022-09-27 08:32:45.12646	178	2155	111355	108965378345541980
2832	2022-09-27 14:04:00	2022-10-09 02:54:37.526216	215	7630	325384	109071189987389003
1836	2022-08-04 12:37:00	2022-09-27 19:10:16.402793	143	908	119255	108765302333360640
765	2022-08-29 12:06:00	2022-09-23 04:40:28.071922	143	367	75944	108907012716286180
8152	2022-08-31 10:34:00	2022-10-21 05:32:45.951303	143	11313	578165	108917649724602022
5278	2022-09-15 13:06:00	2022-10-16 15:16:50.273149	19690	4273	475341	109003354949937849
5287	2022-09-14 16:06:00	2022-10-16 15:18:42.400692	12866	4273	475403	108998512737186861
5924	2022-07-16 17:55:00	2022-10-16 18:42:55.44147	146	4273	480166	108659187233835332
5301	2022-09-13 08:52:00	2022-10-16 15:22:16.421841	10561	4273	475513	108988906238057811
548	2022-06-22 10:00:00	2022-09-19 02:39:53.856944	27	1112	46032	108521433131808244
5305	2022-09-12 06:40:00	2022-10-16 15:23:33.196014	14062	4273	475553	108962285814267755
5310	2022-09-11 20:20:00	2022-10-16 15:25:11.629679	90602	4273	475609	108982527225331269
11	2022-09-12 22:14:00	2022-09-15 22:37:09.636518	27	27	1594	108988575126246652
5314	2022-09-11 18:13:00	2022-10-16 15:25:50.382459	4334	4273	475637	108982025333787994
5319	2022-09-11 16:38:00	2022-10-16 15:26:59.170903	13227	4273	475680	108941867272789627
5321	2022-09-11 16:32:00	2022-10-16 15:27:11.409588	4205	4273	475686	108980023920579851
5322	2022-09-11 16:22:00	2022-10-16 15:27:19.417342	9084	4273	475691	108980619550429041
5327	2022-09-10 13:45:00	2022-10-16 15:29:19.36095	2436	4273	475753	108975247521458090
5330	2022-09-09 05:26:00	2022-10-16 15:30:55.141039	52977	4273	475786	108967648945958385
5333	2022-09-08 10:32:00	2022-10-16 15:31:19.912874	1001	4273	475797	108963163541098807
5338	2022-09-07 18:55:00	2022-10-16 15:32:45.851092	255596	4273	475838	108959563031740982
5347	2022-09-06 17:11:00	2022-10-16 15:35:49.012623	192881	4273	475918	108953496770598217
5353	2022-09-06 07:40:00	2022-10-16 15:38:17.538184	2945	4273	475954	108949194126753009
5354	2022-09-06 06:40:00	2022-10-16 15:38:34.535031	2519	4273	475960	108950762330751943
5361	2022-09-05 06:20:00	2022-10-16 15:41:45.789434	16143	4273	476027	108945220028178330
5362	2022-09-04 19:14:00	2022-10-16 15:42:05.521079	8387	4273	476034	108942454150342337
5363	2022-09-04 13:23:00	2022-10-16 15:42:16.698493	20371	4273	476037	108935979320427559
5365	2022-09-04 10:02:00	2022-10-16 15:42:48.789122	3566	4273	476056	108940489106176913
5367	2022-09-04 08:50:00	2022-10-16 15:43:30.757071	5065	4273	476075	108940201574994914
5372	2022-09-04 06:52:00	2022-10-16 15:44:45.668895	2518	4273	476116	108939741365184206
5379	2022-09-03 07:10:00	2022-10-16 15:46:48.429886	3996	4273	476178	108934004097562440
5381	2022-09-02 21:40:00	2022-10-16 15:47:25.933191	56860	4273	476197	108930803407880037
820	2022-08-16 21:08:00	2022-09-23 07:44:02.807933	27	788	76462	108828093911483469
5412	2022-08-31 08:24:00	2022-10-16 15:57:14.431397	2588	4273	476585	108913363329716650
5413	2022-08-31 06:15:00	2022-10-16 15:57:26.024698	14286	4273	476600	108916891931745602
5416	2022-08-31 06:01:00	2022-10-16 15:58:05.968805	3057	4273	476625	108916813236569975
5424	2022-08-29 20:59:00	2022-10-16 15:59:56.788739	7642	4273	476699	108907006697873616
5425	2022-08-29 20:14:00	2022-10-16 16:00:07.312984	1119	4273	476706	108908574471606893
8075	2022-07-21 01:50:00	2022-10-21 04:43:05.16392	11304	11304	576429	108683759418697515
5919	2022-07-17 07:40:00	2022-10-16 18:41:56.213505	9707	4273	480149	108662409090474697
821	2022-08-16 21:06:00	2022-09-23 07:44:06.624603	27	788	76463	108828240841851593
5922	2022-07-16 19:12:00	2022-10-16 18:42:38.8337	2375	4273	480161	108659547714311268
5925	2022-07-16 17:42:00	2022-10-16 18:42:59.941413	1613	4273	480167	108656669931032127
5926	2022-07-16 14:28:00	2022-10-16 18:43:13.835836	1613	4273	480170	108654802911067567
5927	2022-07-16 10:36:00	2022-10-16 18:43:26.495315	40260	4273	480176	108657463909201076
5930	2022-07-15 22:33:00	2022-10-16 18:43:55.618169	6609	4273	480185	108654672843625133
5931	2022-07-15 22:19:00	2022-10-16 18:44:54.955993	1373	4273	480194	108648864406437782
5932	2022-07-15 18:58:00	2022-10-16 18:45:19.451813	140	4273	480199	108653715944717269
5933	2022-07-15 18:34:00	2022-10-16 18:45:29.229365	83641	4273	480202	108653717965586694
5935	2022-07-15 18:16:00	2022-10-16 18:46:06.149524	11242	4273	480211	108625818919743184
5936	2022-07-15 18:11:00	2022-10-16 18:46:15.301344	12503	4273	480213	108643665597757869
5937	2022-07-15 17:45:00	2022-10-16 18:46:30.818843	11468	4273	480218	108653538821218969
5938	2022-07-15 14:52:00	2022-10-16 18:47:01.673338	1613	4273	480224	108635341072821740
893	2022-07-24 01:33:00	2022-09-23 07:49:40.665994	27	788	76693	108698942401684045
5940	2022-07-15 14:40:00	2022-10-16 18:47:18.387057	6518	4273	480227	108652796690173091
5941	2022-07-16 15:39:00	2022-10-16 18:47:31.96591	106538	452	480231	108650904837871322
5943	2022-07-15 06:24:00	2022-10-16 18:48:34.582502	948	4273	480244	108650815023843309
5944	2022-07-15 06:03:00	2022-10-16 18:48:57.553461	1363	4273	480249	108645616220213005
5419	2022-08-30 17:12:00	2022-10-16 15:58:34.668878	147	4273	476646	108913750912663789
5946	2022-07-15 05:47:00	2022-10-16 18:49:22.89345	287686	4273	480254	108638045599678833
5947	2022-07-15 05:43:00	2022-10-16 18:49:28.269457	7976	4273	480256	107954605756876264
5948	2022-07-15 05:30:00	2022-10-16 18:49:41.725385	5236	4273	480260	108647572949800019
5949	2022-07-14 10:38:00	2022-10-16 18:50:41.641784	135285	4273	480273	108646185615571798
5951	2022-07-14 07:07:00	2022-10-16 18:51:12.533376	3900	4273	480281	108645249228348139
5953	2022-07-13 20:44:00	2022-10-16 18:51:44.259875	14563	4273	480291	108642909050929411
5954	2022-07-13 20:23:00	2022-10-16 18:52:06.673716	2379	4273	480297	108640880632681797
5956	2022-07-13 17:02:00	2022-10-16 18:52:31.877601	323	4273	480304	108641588403916212
5957	2022-07-13 16:31:00	2022-10-16 18:53:04.949275	2477	4273	480308	108640219017338105
5959	2022-07-13 14:45:00	2022-10-16 18:53:43.082446	313862	4273	480319	108641444043213011
5961	2022-07-13 13:47:00	2022-10-16 18:54:11.48138	3872	4273	480325	108641270282489992
5962	2022-07-13 07:41:00	2022-10-16 18:55:03.72147	917	4273	480339	108637472551457895
5963	2022-07-12 19:21:00	2022-10-16 18:56:22.247804	2436	4273	480359	108635852854472096
5964	2022-07-12 19:05:00	2022-10-16 18:56:27.898964	55559	4273	480361	108631829037528599
5380	2022-09-02 21:50:00	2022-10-16 15:47:16.824693	143	4273	476191	108929175340798403
5955	2022-07-13 19:57:00	2022-10-16 18:52:15.577702	322	4273	480298	108642291491046861
5950	2022-07-14 09:59:00	2022-10-16 18:50:47.422088	2843	4273	480275	108645520174067508
5965	2022-07-12 17:29:00	2022-10-16 18:56:33.362017	185	4273	480362	108630959457538428
5420	2022-08-30 16:50:00	2022-10-16 15:58:45.436687	1611	4273	476655	108913011042545779
10552	2022-08-23 00:00:00	2022-11-14 07:00:37.942645	13332	13332	766300	108872915950258080
5960	2022-07-13 14:42:00	2022-10-16 18:53:58.328228	222	4273	480322	108641088885315210
5958	2022-07-13 16:30:00	2022-10-16 18:53:10.576094	9108	4273	480310	108641905538386038
5320	2022-09-11 16:37:00	2022-10-16 15:27:06.170039	695	4273	475683	108981322749272694
5288	2022-09-14 12:56:00	2022-10-16 15:19:15.689258	3872	4273	475421	108997781221651517
5289	2022-09-14 09:16:00	2022-10-16 15:19:25.47692	231541	4273	475427	108992191131059809
5302	2022-09-13 06:22:00	2022-10-16 15:22:28.048787	1343	4273	475521	108972007357146107
5315	2022-09-11 18:00:00	2022-10-16 15:26:04.975171	178467	4273	475643	108982014629221090
5326	2022-09-11 04:16:00	2022-10-16 15:28:37.020942	35232	4273	475735	108978668058681025
5336	2022-09-07 19:42:00	2022-10-16 15:32:11.676909	17353	4273	475821	108957397828892515
5364	2022-09-04 13:08:00	2022-10-16 15:42:22.457016	4589	4273	476041	108941228042720831
5366	2022-09-04 09:15:00	2022-10-16 15:43:13.097286	5236	4273	476065	108936419170196055
5373	2022-09-03 21:00:00	2022-10-16 15:45:06.128922	16704	4273	476124	108937329307743913
5384	2022-09-02 16:45:00	2022-10-16 15:48:25.584788	271	4273	476230	108930739001255788
5390	2022-09-02 05:51:00	2022-10-16 15:51:25.260726	19323	4273	476341	108924947810955006
5392	2022-09-02 05:30:00	2022-10-16 15:52:05.481498	122323	4273	476365	108925983436080333
5396	2022-10-15 15:54:00	2022-10-16 15:53:22.168643	7934	9630	476417	109173990518801357
5397	2022-09-01 20:47:00	2022-10-16 15:53:25.101087	23058	4273	476420	108926029584274681
5399	2022-09-01 17:54:00	2022-10-16 15:54:28.832727	11072	4273	476472	108919622813526104
5400	2022-09-01 17:37:00	2022-10-16 15:54:34.749255	2506	4273	476476	108925246650528717
5402	2022-09-01 16:33:00	2022-10-16 15:55:08.592862	682	4273	476491	108924061827828644
8076	2022-07-21 01:31:00	2022-10-21 04:43:11.812319	11304	11304	576435	108683683569432315
5349	2022-09-06 16:12:00	2022-10-16 15:36:27.117183	161	4273	475928	108953216143347727
5409	2022-08-31 11:36:00	2022-10-16 15:56:29.904894	2505	4273	476554	108913327695068594
5411	2022-08-31 08:26:00	2022-10-16 15:57:09.128923	5192	4273	476580	108917460098346078
5417	2022-08-30 18:47:00	2022-10-16 15:58:23.328876	2109	4273	476635	108914001365374508
5323	2022-09-11 16:10:00	2022-10-16 15:27:39.473976	199	4273	475702	108971605467770395
5423	2022-08-30 08:28:00	2022-10-16 15:59:29.948962	1613	4273	476685	108911703482957331
7075	2022-08-19 22:28:00	2022-10-19 13:11:28.388945	27	10825	534452	108371807946709517
5435	2022-08-28 20:41:00	2022-10-16 16:01:24.453064	425323	4273	476763	108903311346076184
5436	2022-08-28 20:38:00	2022-10-16 16:01:30.105698	6635	4273	476768	108903331875332953
5437	2022-08-28 19:22:00	2022-10-16 16:01:39.148929	12533	4273	476772	108902002962143171
5438	2022-08-28 19:02:00	2022-10-16 16:01:44.765462	1000	4273	476776	108901246838597429
5439	2022-08-28 18:24:00	2022-10-16 16:01:50.452916	2196	4273	476780	108901836384560042
5440	2022-09-24 11:40:00	2022-10-16 16:04:09.248911	13241	9630	476859	109054107260350619
5441	2022-08-28 14:10:00	2022-10-16 16:05:58.000898	1608	4273	476903	108901828138816172
5442	2022-08-28 12:25:00	2022-10-16 16:06:07.013142	52938	4273	476906	108901421046042296
5443	2022-08-28 11:11:00	2022-10-16 16:06:18.505008	32145	4273	476910	108823630043462274
5444	2022-08-28 08:19:00	2022-10-16 16:06:36.985005	844	4273	476918	108892397314327812
5445	2022-08-28 08:09:00	2022-10-16 16:07:19.517978	11018	4273	476936	108886703681904383
926	2022-06-20 23:15:00	2022-09-23 08:12:22.552646	27	788	76926	108511564478988131
5448	2022-08-28 07:23:00	2022-10-16 16:07:59.740407	2621	4273	476955	108894914008906391
5449	2022-08-27 20:44:00	2022-10-16 16:08:28.354087	2013	4273	476974	108897708825225941
1080	2022-09-18 21:19:00	2022-09-26 02:23:33.562062	27	114	92445	109021143394347374
5453	2022-08-27 08:38:00	2022-10-16 16:09:00.433969	5430	4273	476993	108894864637715312
5454	2022-08-27 08:37:00	2022-10-16 16:09:10.448848	9057	4273	476997	108894769890533814
5455	2022-08-27 06:00:00	2022-10-16 16:09:54.770925	26239	4273	477017	108892822642219240
5457	2022-08-26 22:29:00	2022-10-16 16:10:23.333237	1269	4273	477030	108886898126070903
5458	2022-08-26 22:11:00	2022-10-16 16:10:34.05636	12529	4273	477034	108892377847030170
5460	2022-08-26 21:50:00	2022-10-16 16:11:13.336821	2109	4273	477054	108890602113712840
5461	2022-08-26 21:43:00	2022-10-16 16:11:19.086184	7321	4273	477059	108892280329096593
5464	2022-08-26 18:32:00	2022-10-16 16:12:13.302062	24491	4273	477083	108886828332786767
5465	2022-08-26 16:57:00	2022-10-16 16:12:22.993379	17655	4273	477091	108891144736512759
5466	2022-08-26 16:52:00	2022-10-16 16:12:33.981034	2195	4273	477099	108889759143629616
5467	2022-08-26 06:14:00	2022-10-16 16:12:45.255361	31580	4273	477104	108885887593645114
5468	2022-08-26 06:07:00	2022-10-16 16:13:10.781123	293	4273	477115	108887691716569324
5469	2022-08-26 06:05:00	2022-10-16 16:13:18.457841	2319	4273	477118	108887063234890292
5470	2022-08-26 06:04:00	2022-10-16 16:13:27.40491	2319	4273	477123	108887089355012856
5471	2022-08-26 05:52:00	2022-10-16 16:13:58.201156	5236	4273	477138	108888299069256041
5472	2022-08-25 18:10:00	2022-10-16 16:14:33.469722	59023	4273	477156	108885776776866518
5473	2022-08-25 17:31:00	2022-10-16 16:14:58.341207	2555	4273	477165	108884474011058862
5474	2022-08-25 14:10:00	2022-10-16 16:15:20.814862	5236	4273	477174	108884622001189283
5477	2022-08-25 10:49:00	2022-10-16 16:15:50.763445	16994	4273	477194	108884024151689901
5478	2022-08-25 10:26:00	2022-10-16 16:16:09.616986	3301	4273	477202	108883970885022890
5479	2022-08-25 10:25:00	2022-10-16 16:16:13.96085	3185	4273	477206	108883937024739487
5480	2022-08-25 10:18:00	2022-10-16 16:16:19.009185	918	4273	477210	108881825489426009
5452	2022-08-27 15:10:00	2022-10-16 16:08:49.604858	215	4273	476988	108890385189962374
5446	2022-08-28 07:36:00	2022-10-16 16:07:30.096862	34	4273	476942	108895910981623064
5456	2022-09-19 20:29:00	2022-10-16 16:10:23.313369	1408	9630	477029	109027827618536504
5476	2022-08-25 11:01:00	2022-10-16 16:15:40.717197	143	4273	477186	108884085449774006
5352	2022-09-06 08:07:00	2022-10-16 15:37:32.047091	2843	4273	475943	108951137557887165
5450	2022-09-21 17:42:00	2022-10-16 16:08:33.848926	1118	9630	476978	109038565449080591
5325	2022-09-11 04:58:00	2022-10-16 15:28:31.10493	1611	4273	475732	108978411989536323
5422	2022-08-30 16:11:00	2022-10-16 15:59:26.205358	322	4273	476682	108913442194493889
5463	2022-08-26 19:58:00	2022-10-16 16:11:56.401064	33	4273	477076	108891553303338788
5431	2022-09-27 11:03:00	2022-10-16 16:00:56.226081	538	9630	476744	109070969901155044
5351	2022-09-06 15:55:00	2022-10-16 15:36:55.278844	974	4273	475934	108951620287936078
5395	2022-09-01 20:56:00	2022-10-16 15:53:08.384969	974	4273	476404	108924742028777336
5459	2022-08-26 22:04:00	2022-10-16 16:10:45.293049	974	4273	477038	108890492164026680
5481	2022-08-25 10:02:00	2022-10-16 16:16:28.7653	22834	4273	477218	108883867480431817
5488	2022-08-24 20:31:00	2022-10-16 16:17:47.112819	125482	4273	477269	108880668001650226
5490	2022-09-12 11:29:00	2022-10-16 16:18:15.356628	8178	9630	477284	108985979066035480
5987	2022-07-10 08:43:00	2022-10-16 19:02:43.350535	143	4273	480475	108614978913513209
5503	2022-08-24 08:38:00	2022-10-16 16:22:16.396982	269572	4273	477432	108877837169493169
5966	2022-07-12 06:53:00	2022-10-16 18:56:48.121651	28724	4273	480367	108631005784557092
5983	2022-07-10 15:49:00	2022-10-16 19:01:24.515395	2843	4273	480453	108623297433644731
5969	2022-07-12 06:28:00	2022-10-16 18:57:17.377485	2384	4273	480375	108632185805756113
5971	2022-07-11 20:32:00	2022-10-16 18:57:45.518135	323	4273	480384	108631312286088964
5976	2022-07-11 15:21:00	2022-10-16 18:59:22.285383	13460	4273	480416	108630306908520218
5977	2022-07-11 12:55:00	2022-10-16 18:59:46.266339	2197	4273	480424	108629643251021824
5978	2022-07-11 07:05:00	2022-10-16 19:00:25.521862	23730	4273	480435	108628175490169675
5984	2022-07-10 09:29:00	2022-10-16 19:02:05.019833	4479	4273	480465	108622857293139389
6015	2022-07-07 15:08:00	2022-10-16 19:09:29.049652	2013	4273	480627	108607581278812382
6027	2022-07-04 15:24:00	2022-10-16 19:15:55.622626	19184	4273	480709	108590691953665068
6034	2022-07-03 21:46:00	2022-10-16 19:18:03.889253	76052	4273	480726	108586501121104891
6038	2022-07-03 11:43:00	2022-10-16 19:19:16.697203	12981	4273	480734	108545168664002923
6042	2022-07-03 04:59:00	2022-10-16 19:21:14.617225	35179	4273	480753	108582578076467173
1090	2022-08-11 19:29:00	2022-09-26 02:24:35.234733	27	114	92517	108806472083186644
6052	2022-07-02 16:27:00	2022-10-16 19:23:27.517581	4453	4273	480794	108578722544313238
6068	2022-06-30 19:45:00	2022-10-16 19:28:14.581742	13460	4273	480876	108569076726367581
6072	2022-06-30 17:50:00	2022-10-16 19:28:49.307964	11988	4273	480896	108568626822087607
6079	2022-06-27 21:40:00	2022-10-16 19:31:29.506382	9487	4273	480946	108551331923665939
6080	2022-06-27 21:27:00	2022-10-16 19:31:35.929514	43093	4273	480948	108552472330439206
6081	2022-06-27 21:07:00	2022-10-16 19:31:44.410337	16360	4273	480951	108552396214023971
6095	2022-06-24 12:20:00	2022-10-16 19:37:45.981542	9658	4273	481090	108533355370968302
6098	2022-06-24 10:17:00	2022-10-16 19:38:35.598893	29416	4273	481116	108532872525005898
6099	2022-06-24 10:13:00	2022-10-16 19:38:43.033529	5742	4273	481119	108510084272394466
6106	2022-06-23 17:37:00	2022-10-16 19:40:21.926204	23177	4273	481176	108528931276747749
1091	2022-07-24 10:41:00	2022-09-26 02:24:48.906037	27	114	92534	108700750696658826
1110	2022-09-04 16:05:00	2022-09-26 19:22:37.84203	27	1868	94930	108941804968819376
1206	2022-09-15 07:42:00	2022-09-26 20:03:40.878146	27	805	99573	108994575631471182
1278	2022-08-30 22:39:00	2022-09-26 20:31:43.499332	27	805	100558	108914192710673336
1365	2022-08-21 22:24:00	2022-09-26 21:41:47.884154	27	1037	102093	108863397581219905
2860	2022-09-18 16:13:00	2022-10-09 03:02:49.01248	27	7630	325765	109021178712160902
8923	2022-07-22 07:01:00	2022-10-24 12:03:42.620465	27	12959	644855	108688782282561503
7847	2022-09-05 08:18:00	2022-10-20 22:58:08.629883	27	11222	566339	108945579810024728
7961	2022-09-23 02:26:00	2022-10-21 03:32:57.696808	27	11304	573066	109045603804804007
10144	2022-08-28 00:00:00	2022-11-04 05:34:10.345159	27	8017	719413	108901352587013131
1088	2022-08-17 09:09:00	2022-09-26 02:24:32.729645	27	114	92514	108836131033357071
6075	2022-06-30 15:00:00	2022-10-16 19:29:21.47368	439	4273	480909	108561491581971027
6363	2022-10-17 18:09:00	2022-10-18 18:39:44.962301	271	10804	523589	109185698220404233
6365	2022-10-17 18:00:00	2022-10-18 18:40:02.571963	2577	10804	523591	109174303433928996
6366	2022-10-17 17:58:00	2022-10-18 18:40:29.006574	9829	10804	523592	109185766382915945
6374	2022-10-17 03:36:00	2022-10-18 18:42:00.628171	74944	10804	523604	109182376539305041
6375	2022-10-17 03:34:00	2022-10-18 18:42:15.293998	9085	10804	523605	109178164852134803
6376	2022-10-17 03:31:00	2022-10-18 18:42:23.961862	26263	10804	523606	109182381336095318
6380	2022-10-17 03:21:00	2022-10-18 18:43:07.715373	12227	10804	523610	109182366196166021
6381	2022-10-17 03:13:00	2022-10-18 18:43:16.582659	63715	10804	523611	109161636373836614
1874	2022-08-12 00:00:00	2022-09-28 20:05:55.302453	27	4105	149546	108807825107261035
6385	2022-10-17 02:57:00	2022-10-18 18:43:49.59004	2402	10804	523615	109181168046769572
6388	2022-10-17 02:02:00	2022-10-18 18:44:47.43879	45098	10804	523619	109182072783306414
6389	2022-10-17 01:53:00	2022-10-18 18:45:04.76252	4420	10804	523620	109181744439687277
6390	2022-10-17 01:51:00	2022-10-18 18:45:17.514109	9596	10804	523621	109181929271477241
6391	2022-10-17 01:42:00	2022-10-18 18:45:27.086686	4398	10804	523622	109158572603486267
6392	2022-10-17 01:39:00	2022-10-18 18:47:13.626326	10889	10804	523623	109181984425856129
6395	2022-10-15 13:50:00	2022-10-18 18:48:12.965013	140522	10804	523630	109166845661525103
8079	2022-07-18 03:48:00	2022-10-21 04:45:34.213145	11304	11304	576535	108665194528973922
6399	2022-10-15 02:08:00	2022-10-18 18:48:49.828402	84362	10804	523634	109169550543772222
5500	2022-08-24 10:41:00	2022-10-16 16:21:45.785526	742	4273	477413	108878219845336898
6408	2022-10-13 22:18:00	2022-10-18 18:51:12.390192	2284	10804	523651	109164216291608853
6409	2022-10-13 22:05:00	2022-10-18 18:51:16.679337	2284	10804	523652	109164171926718225
6410	2022-10-13 22:03:00	2022-10-18 18:51:23.506889	2577	10804	523653	109153540198679034
6411	2022-10-13 21:59:00	2022-10-18 18:51:35.123939	2418	10804	523654	109152362612427439
10591	2022-08-18 00:00:00	2022-12-07 15:44:17.782326	27	20818	875529	108844755382041412
6414	2022-10-13 21:22:00	2022-10-18 18:54:08.699061	2284	10804	523658	109163993172015559
6415	2022-10-13 21:18:00	2022-10-18 18:54:13.308836	68741	10804	523659	109163989156015451
6416	2022-10-13 21:17:00	2022-10-18 18:54:15.472948	68741	10804	523660	109163973659752005
6417	2022-10-13 21:12:00	2022-10-18 18:54:18.787176	68741	10804	523661	109163623966654102
6418	2022-10-13 21:10:00	2022-10-18 18:54:24.522411	2112	10804	523662	109161093277112880
6419	2022-10-13 21:06:00	2022-10-18 18:54:31.443007	2109	10804	523663	109163241823293762
6422	2022-10-13 20:41:00	2022-10-18 18:55:00.419178	30727	10804	523667	109162977104042865
6045	2022-07-02 21:09:00	2022-10-16 19:22:14.023396	410	4273	480764	108580537056451339
139	2022-09-08 19:54:00	2022-09-16 12:54:14.502256	232	232	6656	108959587263154300
6107	2022-06-23 17:31:00	2022-10-16 19:40:25.164961	24	4273	481179	108528306561106515
6051	2022-07-02 16:31:00	2022-10-16 19:23:18.005276	628	4273	480787	108579212427031992
6393	2022-10-17 01:37:00	2022-10-18 18:47:20.439099	1285	10804	523624	109181468818270148
6086	2022-06-26 19:01:00	2022-10-16 19:32:58.341414	322	4273	480975	108544485348484761
5492	2022-08-24 14:32:00	2022-10-16 16:20:44.161524	9668	4273	477368	108879189910454519
8089	2022-07-09 21:29:00	2022-10-21 04:54:42.584655	11304	11304	576834	108620450770028590
5494	2022-08-24 13:36:00	2022-10-16 16:21:10.724528	842	4273	477382	108879037140364391
5495	2022-08-24 13:20:00	2022-10-16 16:21:14.617711	5236	4273	477386	108878915343691693
5226	2022-06-18 11:24:00	2022-10-16 14:20:41.956972	1823	1823	474173	108487735219949576
5518	2022-08-22 18:37:00	2022-10-16 16:26:00.238892	14891	4273	477545	108868552226114671
5519	2022-08-22 14:51:00	2022-10-16 16:26:10.8855	12661	4273	477547	108867866816354900
5967	2022-07-12 06:52:00	2022-10-16 18:56:53.96711	2402	4273	480369	108630994668302173
5970	2022-07-12 06:19:00	2022-10-16 18:57:26.258067	11242	4273	480378	108396607762990332
5972	2022-07-11 18:09:00	2022-10-16 18:58:15.585442	2418	4273	480391	108618665237923651
5973	2022-07-11 15:50:00	2022-10-16 18:58:32.6972	221973	4273	480399	108629592389351264
5975	2022-07-11 15:24:00	2022-10-16 18:59:19.593433	8516	4273	480414	108630306630797742
5980	2022-07-10 20:15:00	2022-10-16 19:00:56.953242	29084	4273	480444	108625644460986266
5981	2022-07-10 16:40:00	2022-10-16 19:01:11.46647	2188	4273	480448	108624237159150713
5982	2022-07-10 15:51:00	2022-10-16 19:01:18.390802	2192	4273	480451	108624065181578500
5985	2022-07-10 09:05:00	2022-10-16 19:02:16.805211	9710	4273	480468	108620699555771831
5986	2022-07-10 08:58:00	2022-10-16 19:02:38.279873	12293	4273	480473	108623157467612998
5988	2022-07-10 07:51:00	2022-10-16 19:02:57.587434	2102	4273	480479	108620623021397324
5990	2022-07-10 06:38:00	2022-10-16 19:03:12.305213	11984	4273	480483	108622582419742537
5991	2022-07-09 21:52:00	2022-10-16 19:03:34.506591	11649	4273	480492	108619638735874360
5992	2022-07-09 19:27:00	2022-10-16 19:04:04.477363	2280	4273	480501	108610015127218680
5995	2022-07-09 08:17:00	2022-10-16 19:05:34.346301	2538	4273	480535	108614333259620874
5996	2022-07-09 08:13:00	2022-10-16 19:05:40.057395	4411	4273	480537	108614365321854858
5997	2022-07-09 08:09:00	2022-10-16 19:05:47.927669	2263	4273	480539	108605550079961084
5998	2022-07-09 07:23:00	2022-10-16 19:06:03.307323	2519	4273	480543	108615499705739717
6000	2022-07-09 06:36:00	2022-10-16 19:06:22.766945	19075	4273	480551	108616907625157970
6001	2022-07-09 06:25:00	2022-10-16 19:06:31.425795	1613	4273	480554	108616252256566493
10592	2022-07-14 00:00:00	2022-12-07 15:54:20.516797	27	20818	875667	108645450025280547
6004	2022-07-08 14:57:00	2022-10-16 19:07:12.075289	7962	4273	480568	108612631063835193
5491	2022-09-11 12:10:00	2022-10-16 16:18:33.125382	1118	9630	477298	108980508220494263
6007	2022-07-08 06:53:00	2022-10-16 19:07:50.194637	2519	4273	480586	108608983618372628
6008	2022-07-07 23:32:00	2022-10-16 19:08:12.713244	18522	4273	480594	108609586362275536
6009	2022-07-07 22:00:00	2022-10-16 19:08:28.75762	48515	4273	480603	108609238185355196
6010	2022-07-07 21:24:00	2022-10-16 19:08:30.347878	2519	4273	480604	108608983618372628
6011	2022-07-07 18:35:00	2022-10-16 19:08:45.625716	13669	4273	480611	108608434438587358
6012	2022-07-07 18:29:00	2022-10-16 19:08:50.38889	13797	4273	480613	108608114724048477
6013	2022-07-07 15:59:00	2022-10-16 19:09:16.034812	28485	4273	480622	108607458716969806
6003	2022-07-08 17:07:00	2022-10-16 19:06:52.741592	28	4273	480562	108613749504411122
6056	2022-07-02 11:39:00	2022-10-16 19:24:26.179715	2103	4273	480814	108572734409729487
6017	2022-07-05 17:15:00	2022-10-16 19:11:26.100118	11743	4273	480669	108596778890989579
6018	2022-07-05 17:02:00	2022-10-16 19:11:39.649448	1608	4273	480674	108595772312632982
6019	2022-07-05 13:30:00	2022-10-16 19:11:47.63924	61555	4273	480677	108595768562003546
6020	2022-07-05 13:29:00	2022-10-16 19:11:50.6061	6765	4273	480679	108595903246626561
6021	2022-07-05 11:11:00	2022-10-16 19:12:15.467873	17353	4273	480685	108594817324399990
6022	2022-07-05 10:19:00	2022-10-16 19:12:36.882632	1344	4273	480692	108595117972586127
6023	2022-07-05 10:15:00	2022-10-16 19:12:42.577262	67923	4273	480693	108595145457200408
6025	2022-07-04 19:14:00	2022-10-16 19:15:20.733691	59839	4273	480705	108591588971453720
6026	2022-07-04 19:14:00	2022-10-16 19:15:27.081565	87949	4273	480706	108591574146920417
6028	2022-07-04 14:54:00	2022-10-16 19:16:29.081206	8442	4273	480713	108590587445144996
6029	2022-07-04 14:28:00	2022-10-16 19:16:47.197148	392815	4273	480715	108590000971348748
6033	2022-07-04 07:33:00	2022-10-16 19:17:30.08566	18705	4273	480722	108588843461182649
6035	2022-07-03 21:27:00	2022-10-16 19:18:26.347574	11743	4273	480728	108560566544715346
6036	2022-07-03 18:47:00	2022-10-16 19:18:36.56606	5236	4273	480729	108543333220690661
6037	2022-07-03 16:15:00	2022-10-16 19:18:43.046915	8545	4273	480730	108584210999536078
6039	2022-07-03 09:56:00	2022-10-16 19:19:44.497556	18757	4273	480739	108583743130970286
6040	2022-07-03 06:32:00	2022-10-16 19:20:31.489187	5236	4273	480747	108582432001177921
6041	2022-07-03 06:28:00	2022-10-16 19:20:38.565334	1999	4273	480748	108569044204343982
6044	2022-07-03 03:59:00	2022-10-16 19:21:21.01751	1999	4273	480755	108578402355850522
6046	2022-07-02 17:39:00	2022-10-16 19:22:24.490968	2110	4273	480768	108577804733363167
6047	2022-07-02 17:35:00	2022-10-16 19:22:31.160575	835	4273	480771	108579890112545324
6049	2022-07-02 16:46:00	2022-10-16 19:23:00.141437	18671	4273	480781	108579668041242620
6050	2022-07-02 16:44:00	2022-10-16 19:23:06.645294	12546	4273	480783	108579221790693709
6053	2022-07-02 15:22:00	2022-10-16 19:23:35.247392	2519	4273	480796	108577065766165178
6054	2022-07-02 15:21:00	2022-10-16 19:23:42.293206	2519	4273	480798	108577065766165178
6055	2022-07-02 14:31:00	2022-10-16 19:23:48.221198	13154	4273	480800	108547485684325866
6057	2022-07-02 08:02:00	2022-10-16 19:24:30.917677	22734	4273	480815	108577642842953980
6058	2022-07-02 07:51:00	2022-10-16 19:24:37.514874	5236	4273	480816	108576926586226014
5989	2022-07-10 07:45:00	2022-10-16 19:03:03.154583	416	4273	480480	108617647894746899
6766	2022-07-20 04:21:00	2022-10-18 20:18:45.25436	143	10846	525136	108671969958642189
5999	2022-07-09 07:21:00	2022-10-16 19:06:09.763949	105	4273	480545	108614201549533738
5993	2022-07-09 14:44:00	2022-10-16 19:04:27.634534	232	4273	480512	108618206386288201
6048	2022-07-02 16:58:00	2022-10-16 19:22:46.957393	781	4273	480776	108573321317404049
5979	2022-07-10 21:24:00	2022-10-16 19:00:43.285466	125	4273	480440	108625155249687701
8364	2022-10-17 16:27:00	2022-10-23 11:00:34.745564	143	12888	624133	109185260026216716
6005	2022-07-08 14:32:00	2022-10-16 19:07:22.701377	146	4273	480573	108613102626146274
5483	2022-08-24 23:50:00	2022-10-16 16:17:01.34954	57233	4273	477236	108881451777813452
5462	2022-08-26 20:22:00	2022-10-16 16:11:35.15391	105	4273	477068	108891932630379890
5487	2022-08-24 20:36:00	2022-10-16 16:17:42.949513	12147	4273	477265	108880706422335885
5496	2022-08-24 13:14:00	2022-10-16 16:21:19.152899	5651	4273	477390	108875434793464558
5506	2022-08-24 00:00:00	2022-10-16 16:22:39.356896	2436	4273	477454	108875596348490307
5507	2022-08-24 00:00:00	2022-10-16 16:22:46.270201	2179	4273	477461	108875132532780935
5520	2022-08-22 14:44:00	2022-10-16 16:26:24.854013	11218	4273	477550	108867035889134647
5524	2022-08-22 12:54:00	2022-10-16 16:27:19.533071	19690	4273	477565	108867032843163079
5528	2022-08-21 06:35:00	2022-10-16 16:28:44.533095	1374	4273	477595	108858435964622045
5539	2022-08-20 05:47:00	2022-10-16 16:31:36.384978	8505	4273	477650	108854434458759828
6059	2022-07-02 06:26:00	2022-10-16 19:24:46.849953	2619	4273	480819	108577240395380349
6062	2022-07-01 18:16:00	2022-10-16 19:25:05.251979	8442	4273	480823	108574387449929286
6063	2022-07-01 18:08:00	2022-10-16 19:25:11.12685	2457	4273	480824	108574351071831240
6064	2022-07-01 18:06:00	2022-10-16 19:25:15.284489	2195	4273	480825	108574231424623546
5282	2022-09-15 06:40:00	2022-10-16 15:17:35.609512	1472	4273	475365	108998049592488325
7122	2022-08-16 12:14:00	2022-10-19 13:32:48.155122	27	10825	534915	108830529259405266
6207	2022-06-26 00:00:00	2022-10-16 23:24:43.159294	28	788	487407	108540910665662923
3042	2022-08-08 22:53:00	2022-10-09 04:02:14.987372	1994	7630	330237	108790650776067298
6196	2022-09-29 12:52:00	2022-10-16 22:52:19.077437	1269	788	486922	109082615711070029
6198	2022-10-14 23:51:00	2022-10-16 22:54:08.045324	21955	454	486960	109168504229036093
6199	2022-10-09 00:00:00	2022-10-16 22:54:18.990723	4279	454	486965	109036177289730848
6200	2022-09-24 23:26:00	2022-10-16 22:54:31.46551	817	788	486971	108584789976820234
6201	2022-09-14 00:00:00	2022-10-16 23:00:08.194244	594	788	487051	108994696647425694
6202	2022-06-25 00:00:00	2022-10-16 23:06:26.841133	16431	454	487151	108536134147957346
6203	2022-06-24 00:00:00	2022-10-16 23:06:45.037318	2380	454	487156	108488923550603528
6204	2022-08-13 00:00:00	2022-10-16 23:08:13.52548	68618	788	487184	108813704996763435
5815	2022-07-23 07:39:00	2022-10-16 18:17:55.121512	10189	4273	479823	108691850175702160
5493	2022-08-24 13:39:00	2022-10-16 16:20:52.414	10191	4273	477374	108878953661542533
6211	2022-06-14 17:20:00	2022-10-16 23:32:19.861406	638	788	487535	108286764057458528
6213	2022-08-10 06:59:00	2022-10-17 00:51:27.14901	1988	10195	489236	108796466647494944
6214	2022-07-18 08:13:00	2022-10-17 00:51:45.921287	9487	10195	489255	108667212316182477
6215	2022-07-18 08:09:00	2022-10-17 00:51:48.247579	4457	10195	489257	108665595900727431
6216	2022-07-18 08:02:00	2022-10-17 00:51:53.26013	11236	10195	489262	108666810977872969
6217	2022-07-18 07:57:00	2022-10-17 00:51:56.23757	2483	10195	489264	108666076843627729
6219	2022-06-19 15:04:00	2022-10-17 00:52:38.488397	2389	10195	489307	108503719277138391
6222	2022-06-11 09:46:00	2022-10-17 00:53:30.257069	4542	10195	489366	108456159988314541
6223	2022-06-10 12:20:00	2022-10-17 00:54:32.150705	2192	10195	489427	108453143362435679
5565	2022-08-17 00:00:00	2022-10-16 16:39:07.125433	4273	4273	477813	108835790842178031
5741	2022-07-29 17:42:00	2022-10-16 17:53:48.749234	4273	4273	479214	108732759752958165
5427	2022-08-29 20:07:00	2022-10-16 16:00:17.240967	4273	4273	476713	108903408194884749
5404	2022-09-01 16:25:00	2022-10-16 15:55:21.817096	4273	4273	476500	108924617186709887
6123	2022-06-22 16:25:00	2022-10-16 19:42:42.30506	4273	4273	481283	108514937590934780
6224	2022-06-12 17:56:00	2022-10-17 02:44:21.293395	1999	10222	490411	108466407421881101
6220	2022-06-19 15:01:00	2022-10-17 00:52:42.241497	942	10195	489310	108502011849987317
6225	2022-06-11 17:40:00	2022-10-17 02:45:27.603863	10222	10222	490428	108460396265815543
6226	2022-07-12 08:54:00	2022-10-17 03:47:47.773994	36574	10223	490656	108634409221585609
6229	2022-07-25 14:20:00	2022-10-17 04:55:29.513053	271	10218	491207	108708672258274349
6232	2022-06-18 00:00:00	2022-10-17 05:01:05.670216	2197	10218	491397	108494827314203635
6233	2022-06-13 16:53:00	2022-10-17 05:02:37.033652	2379	10218	491451	108471751297092316
6235	2022-10-16 09:40:00	2022-10-17 07:41:37.690216	63074	10208	492016	109178124438687705
6237	2022-09-24 13:02:00	2022-10-17 07:46:24.05595	2120	10208	492389	109044944801796561
6238	2022-08-25 08:47:00	2022-10-17 07:55:11.391732	14391	10208	492939	108883476242155934
6239	2022-08-20 08:48:00	2022-10-17 07:56:30.074365	2450	10208	493025	108855155599327084
6240	2022-08-11 10:31:00	2022-10-17 08:01:19.925125	9566	10208	493259	108794517497232123
6218	2022-06-26 13:14:00	2022-10-17 00:52:24.516041	143	10195	489292	108544624373490719
6205	2022-08-10 00:00:00	2022-10-16 23:10:19.31772	19983	788	487221	108796598388725104
2904	2022-09-02 11:19:00	2022-10-09 03:33:24.090505	358	7630	327974	108926754368505797
6210	2022-06-16 20:23:00	2022-10-16 23:29:40.469171	234	788	487491	108485154625673944
5486	2022-09-12 15:37:00	2022-10-16 16:17:29.35322	1118	9630	477258	108987061898059131
6197	2022-09-29 11:02:00	2022-10-16 22:52:27.498222	1118	788	486926	109082288093033777
6231	2022-07-06 12:44:00	2022-10-17 04:58:21.340613	265	10218	491298	108601198928327096
6221	2022-06-15 07:37:00	2022-10-17 00:53:06.101211	376	10195	489337	108397932476371552
6234	2022-06-12 02:30:00	2022-10-17 05:03:32.690915	376	10218	491479	108431437984004246
791	2022-09-16 22:40:00	2022-09-23 07:40:48.237256	788	788	76311	109011407434810367
6212	2022-10-12 19:13:00	2022-10-17 00:50:58.31573	416	10195	489196	109143716233248019
8504	2022-09-30 10:54:00	2022-10-23 16:32:30.245856	143	12888	629112	109087608499322406
6227	2022-09-10 10:24:00	2022-10-17 04:49:12.08472	105	10218	490960	108974445607654864
6206	2022-08-04 00:00:00	2022-10-16 23:13:22.483347	367	788	487273	108762074641968011
5485	2022-08-24 23:11:00	2022-10-16 16:17:27.307029	4300	4273	477256	108878516886028095
5	2022-09-15 07:54:00	2022-09-15 22:36:32.964606	559	27	1562	108996541255337980
5511	2022-08-23 18:53:00	2022-10-16 16:23:52.574041	2013	4273	477497	108873304705651209
6060	2022-07-01 20:38:00	2022-10-16 19:24:49.019265	9674	4273	480820	108574874198771602
6070	2022-06-30 19:32:00	2022-10-16 19:28:23.41497	27545	4273	480882	108569007465655842
6071	2022-06-30 19:04:00	2022-10-16 19:28:25.318549	1613	4273	480884	108568735749475838
6089	2022-06-26 08:11:00	2022-10-16 19:33:26.385359	999	4273	480988	108541917880068262
6236	2022-10-16 09:27:00	2022-10-17 07:41:38.861267	435790	10208	492017	109139593429076714
6241	2022-08-07 10:07:00	2022-10-17 08:02:14.561924	462	10208	493316	108771372462694688
6243	2022-07-31 09:04:00	2022-10-17 08:04:51.32753	1344	10208	493460	108741610431892643
6244	2022-07-29 17:41:00	2022-10-17 08:05:14.739673	59569	10208	493483	108732162577712332
6359	2022-10-17 20:02:00	2022-10-18 18:39:17.902075	16240	10804	523585	109185977150536902
4181	2022-10-10 07:18:00	2022-10-15 04:56:32.765794	19774	9365	436363	109141486365490877
6367	2022-10-17 17:52:00	2022-10-18 18:40:39.253892	2450	10804	523593	109183475468430277
6371	2022-10-17 03:41:00	2022-10-18 18:41:37.479835	8465	10804	523601	109181197912385539
6372	2022-10-17 03:40:00	2022-10-18 18:41:44.370779	166925	10804	523602	109182373797154695
6378	2022-10-17 03:27:00	2022-10-18 18:42:43.39426	933	10804	523608	109182385885856472
6379	2022-10-17 03:24:00	2022-10-18 18:42:55.574611	2280	10804	523609	109176836346819109
6383	2022-10-17 03:01:00	2022-10-18 18:43:28.768089	2402	10804	523613	109180631502333440
6384	2022-10-17 03:00:00	2022-10-18 18:43:40.510022	687	10804	523614	109180831519952148
6386	2022-10-17 02:52:00	2022-10-18 18:44:18.83524	10863	10804	523617	109023706992292356
6402	2022-10-15 00:00:00	2022-10-18 18:49:21.202532	2197	10804	523637	109168668544075295
6405	2022-10-14 14:01:00	2022-10-18 18:49:47.298426	159537	10804	523640	109167902018757085
6406	2022-10-14 13:46:00	2022-10-18 18:50:10.682071	1343	10804	523642	109164393828657130
6407	2022-10-13 22:32:00	2022-10-18 18:50:46.20196	2284	10804	523647	109164279479729094
6413	2022-10-13 21:42:00	2022-10-18 18:51:51.286537	2195	10804	523656	109163596412401509
6421	2022-10-13 20:52:00	2022-10-18 18:54:45.358367	10889	10804	523665	109163766567247830
6423	2022-10-13 20:40:00	2022-10-18 18:55:13.620743	7934	10804	523669	109163781951504737
6424	2022-10-13 20:37:00	2022-10-18 18:55:22.463883	10903	10804	523671	109163782077453475
6425	2022-10-13 20:33:00	2022-10-18 18:55:33.773077	5035	10804	523674	109163782218158940
6428	2022-10-10 08:22:00	2022-10-18 18:56:15.281981	2505	10804	523681	108671174422449905
6434	2022-09-27 18:31:00	2022-10-18 18:57:40.618466	71566	10804	523694	109015716891816430
1267	2022-09-02 03:41:00	2022-09-26 20:27:48.170505	2151	805	100396	108925164757802271
6437	2022-09-26 20:54:00	2022-10-18 18:58:11.022486	19997	10804	523698	109066896857314562
5075	2022-08-12 20:50:00	2022-10-16 04:26:32.370709	102	7585	466796	108811306761982895
6440	2022-09-26 20:49:00	2022-10-18 18:58:37.125769	11634	10804	523701	109066877936343906
6444	2022-09-22 23:41:00	2022-10-18 18:59:06.415187	2319	10804	523705	109040557970735465
6445	2022-09-22 23:33:00	2022-10-18 18:59:15.406372	57342	10804	523706	109045542392671815
6446	2022-09-22 23:31:00	2022-10-18 18:59:23.300881	1510	10804	523707	109043413759809583
6447	2022-09-22 23:29:00	2022-10-18 18:59:31.058356	2319	10804	523708	109040569988625302
6448	2022-09-22 23:26:00	2022-10-18 18:59:40.982683	2436	10804	523709	109038870792705918
6455	2022-09-20 20:04:00	2022-10-18 19:03:08.602026	23264	10804	523716	109033399967507009
6459	2022-09-19 00:00:00	2022-10-18 19:03:44.621833	2210	10804	523720	109022666079723967
6460	2022-09-19 00:00:00	2022-10-18 19:06:28.574096	4279	10804	523721	109022663768561946
6465	2022-09-19 00:00:00	2022-10-18 19:07:09.810199	139964	10804	523726	109019422792600210
6466	2022-09-19 00:00:00	2022-10-18 19:07:12.758425	134684	10804	523727	109009555741200232
6467	2022-09-16 21:27:00	2022-10-18 19:07:18.279339	6927	10804	523728	108251676088730616
6469	2022-09-11 23:44:00	2022-10-18 19:07:29.24206	14581	10804	523730	108983268908139510
6478	2022-09-05 17:15:00	2022-10-18 19:09:00.605068	4818	10804	523740	108947845795639922
6456	2022-09-20 20:02:00	2022-10-18 19:03:17.396399	731	10804	523717	109033353719924728
6480	2022-09-05 15:17:00	2022-10-18 19:09:24.88341	11072	10804	523746	108946953584803320
6481	2022-09-05 15:14:00	2022-10-18 19:09:31.707505	11528	10804	523747	108947338231214074
6482	2022-09-05 15:04:00	2022-10-18 19:09:42.634382	2379	10804	523749	108946797235399914
6483	2022-09-05 14:59:00	2022-10-18 19:09:48.722082	7983	10804	523750	108947270476747958
6484	2022-09-05 14:57:00	2022-10-18 19:09:56.622428	9149	10804	523751	108947323209484312
6485	2022-09-03 04:20:00	2022-10-18 19:10:15.346182	72895	10804	523754	108933482827422978
6486	2022-08-31 19:50:00	2022-10-18 19:10:18.97003	12726	10804	523755	108920119981603862
6487	2022-08-31 19:45:00	2022-10-18 19:10:25.271919	2505	10804	523756	108911049090225179
6488	2022-08-31 19:13:00	2022-10-18 19:10:40.400252	10814	10804	523758	108789300482144980
6489	2022-08-31 19:12:00	2022-10-18 19:10:47.064025	10814	10804	523759	108781382069878197
6490	2022-08-30 22:18:00	2022-10-18 19:10:55.350206	13985	10804	523760	108914893033469034
6492	2022-08-26 15:55:00	2022-10-18 19:11:41.529403	711	10804	523768	108890914951851451
6493	2022-08-26 15:53:00	2022-10-18 19:11:48.721803	16786	10804	523769	108879177044094795
6494	2022-08-26 00:00:00	2022-10-18 19:11:58.502193	148306	10804	523770	108886611853291706
8090	2022-07-09 20:01:00	2022-10-21 04:55:08.47178	11304	11304	576846	108620104615801036
8091	2022-07-09 19:58:00	2022-10-21 04:55:22.287955	11304	11304	576857	108620091390399458
8094	2022-07-09 15:46:00	2022-10-21 04:58:27.483116	11304	11304	576955	108619094890762984
8093	2022-07-09 19:53:00	2022-10-21 04:55:48.471721	11304	11304	576872	108620069890907416
6362	2022-10-17 18:18:00	2022-10-18 18:39:35.886202	340	10804	523588	109185645165269151
6503	2022-08-21 12:18:00	2022-10-18 19:12:49.026333	9776	10804	523781	108861150102141181
6504	2022-08-21 12:14:00	2022-10-18 19:12:59.770038	2233	10804	523782	108859083115196491
6508	2022-08-16 21:10:00	2022-10-18 19:13:46.494407	10854	10804	523788	108835472057935315
6461	2022-09-19 00:00:00	2022-10-18 19:06:37.014679	810	10804	523722	109020628050969773
443	2022-08-16 07:32:00	2022-09-18 08:08:34.874081	322	971	40524	108832318093192346
6499	2022-08-22 16:22:00	2022-10-18 19:12:29.95033	274	10804	523777	108867237165688412
5502	2022-08-24 10:25:00	2022-10-16 16:22:12.277236	143	4273	477428	108877905987327608
6435	2022-09-26 20:58:00	2022-10-18 18:57:57.126264	143	10804	523696	109066531928725280
5489	2022-08-24 20:27:00	2022-10-16 16:17:52.045488	6648	4273	477273	108880069296461879
5499	2022-08-24 12:51:00	2022-10-16 16:21:40.989932	44155	4273	477407	108878871758323222
5501	2022-09-05 13:21:00	2022-10-16 16:21:51.672903	1129	9630	477417	108946882441694024
5509	2022-08-23 21:06:00	2022-10-16 16:23:08.333059	65800	4273	477473	108875143331600202
5517	2022-08-22 20:19:00	2022-10-16 16:25:48.96896	2555	4273	477541	108867321286411738
5525	2022-08-21 18:31:00	2022-10-16 16:27:49.113067	1000	4273	477575	108863211194701385
5526	2022-08-21 17:03:00	2022-10-16 16:27:59.508745	35984	4273	477577	108862868019901111
5529	2022-08-28 19:40:00	2022-10-16 16:28:48.285887	537	9630	477597	108902965298167573
5530	2022-08-20 21:56:00	2022-10-16 16:29:05.574277	7341	4273	477600	108858362620360590
6061	2022-07-01 20:13:00	2022-10-16 19:24:57.843708	8467	4273	480822	108573939234567183
6066	2022-07-01 15:46:00	2022-10-16 19:27:18.241284	7967	4273	480857	108573780953086754
6067	2022-07-01 12:09:00	2022-10-16 19:27:27.157845	2519	4273	480861	108572673857561669
6069	2022-06-30 19:42:00	2022-10-16 19:28:16.956609	128171	4273	480878	108569069320480015
6073	2022-06-30 17:45:00	2022-10-16 19:28:54.606118	38544	4273	480898	108568605768894015
6074	2022-06-30 16:32:00	2022-10-16 19:29:15.253576	2318	4273	480905	108568290498313516
6145	2022-06-20 19:19:00	2022-10-16 19:47:29.084967	515	4273	481573	108510434800593597
6082	2022-06-27 20:46:00	2022-10-16 19:31:56.677932	140335	4273	480956	108552245371060349
6084	2022-06-27 20:22:00	2022-10-16 19:32:16.253179	206	4273	480962	108551133112912284
6085	2022-06-27 20:03:00	2022-10-16 19:32:20.337423	3758	4273	480964	108552144128310823
6087	2022-06-26 18:51:00	2022-10-16 19:33:06.07794	1942	4273	480978	108546209072693898
6088	2022-06-26 09:13:00	2022-10-16 19:33:19.665443	10532	4273	480985	108541210373908453
6090	2022-06-25 21:59:00	2022-10-16 19:34:24.893262	24610	4273	481008	108541273431174164
1458	2022-09-02 03:41:00	2022-09-27 08:01:18.851445	2151	2151	109975	108925164757802271
6092	2022-06-25 16:29:00	2022-10-16 19:35:05.411948	9674	4273	481018	108539570756515049
6093	2022-06-24 19:14:00	2022-10-16 19:36:29.193285	917	4273	481059	108534733046983337
6094	2022-06-24 15:38:00	2022-10-16 19:37:02.934168	728	4273	481073	108534113146777689
6100	2022-06-24 07:24:00	2022-10-16 19:39:01.512964	2263	4273	481126	108532090576642837
6101	2022-06-24 03:44:00	2022-10-16 19:39:15.690579	7938	4273	481132	108527683555732201
6102	2022-06-24 02:28:00	2022-10-16 19:39:32.041221	37367	4273	481144	108523995003538122
6103	2022-06-23 19:26:00	2022-10-16 19:39:36.795957	37367	4273	481147	108523995003538122
6105	2022-06-23 17:40:00	2022-10-16 19:40:19.211427	71437	4273	481173	108528945422079519
6108	2022-06-23 17:29:00	2022-10-16 19:40:27.350394	2008	4273	481181	108527441019999636
6110	2022-06-23 15:11:00	2022-10-16 19:40:42.937234	922	4273	481190	108527771126289571
6111	2022-06-23 14:45:00	2022-10-16 19:41:09.819409	57100	4273	481206	108528246817948707
6112	2022-06-23 14:41:00	2022-10-16 19:41:12.58123	4064	4273	481208	108528208997546834
6113	2022-06-23 14:33:00	2022-10-16 19:41:15.67297	1608	4273	481210	108528101402449421
6114	2022-06-23 14:26:00	2022-10-16 19:41:21.569356	5637	4273	481214	108528160498073048
6115	2022-06-23 14:07:00	2022-10-16 19:41:27.238678	4949	4273	481218	108528032068229428
6116	2022-06-23 10:23:00	2022-10-16 19:41:40.805345	40882	4273	481227	108522999661598949
6118	2022-06-22 21:13:00	2022-10-16 19:42:08.929301	5686	4273	481251	108524052824624043
6119	2022-06-22 21:05:00	2022-10-16 19:42:14.945004	37631	4273	481258	108524087818774138
6120	2022-06-22 20:54:00	2022-10-16 19:42:17.282882	2478	4273	481261	108524009193118136
6121	2022-06-22 16:39:00	2022-10-16 19:42:33.973298	35210	4273	481277	108522982442445463
8106	2022-07-03 18:34:00	2022-10-21 05:09:12.1759	11304	11304	577338	108183330253058373
6124	2022-06-22 16:22:00	2022-10-16 19:42:46.333526	5458	4273	481288	108522967364573423
6125	2022-06-22 11:51:00	2022-10-16 19:43:17.904784	4712	4273	481314	108521868557639400
6126	2022-06-22 11:45:00	2022-10-16 19:43:53.679881	68548	4273	481345	108512345351921990
6127	2022-06-22 11:41:00	2022-10-16 19:44:00.197081	835	4273	481350	108513548360928254
6128	2022-06-22 11:40:00	2022-10-16 19:44:03.932596	2578	4273	481354	108521491401465197
6129	2022-06-21 18:59:00	2022-10-16 19:44:28.97712	2263	4273	481384	108516697348061099
6130	2022-06-21 18:55:00	2022-10-16 19:44:35.105213	2263	4273	481388	108516697348061099
6131	2022-06-21 11:42:00	2022-10-16 19:44:55.142902	25849	4273	481408	108516211855824533
6132	2022-06-21 11:29:00	2022-10-16 19:44:59.717673	7936	4273	481411	108516114563405050
6133	2022-06-21 06:53:00	2022-10-16 19:45:34.121214	19038	4273	481447	108515069029670570
6134	2022-06-21 06:49:00	2022-10-16 19:45:41.221532	7959	4273	481455	108510636657071054
6135	2022-06-21 06:35:00	2022-10-16 19:45:54.549121	98128	4273	481465	108515014051806769
6137	2022-06-21 06:30:00	2022-10-16 19:46:05.425039	388164	4273	481476	108486478942410603
6138	2022-06-21 06:21:00	2022-10-16 19:46:09.97349	166614	4273	481480	108514940902163929
6139	2022-06-21 05:55:00	2022-10-16 19:46:17.26221	9674	4273	481489	108512126127351667
6140	2022-06-20 21:41:00	2022-10-16 19:46:45.62893	10811	4273	481524	108512910057846765
6141	2022-06-20 20:27:00	2022-10-16 19:46:49.069775	11242	4273	481529	108449919696725946
6142	2022-06-20 20:25:00	2022-10-16 19:46:54.353622	6243	4273	481533	108512213049862108
5153	2022-07-17 18:43:00	2022-10-16 04:31:45.636055	102	7585	467137	108663338844898614
6146	2022-06-20 17:25:00	2022-10-16 19:47:49.797453	5236	4273	481590	108505511955048684
6147	2022-06-20 16:02:00	2022-10-16 19:48:27.643392	230486	4273	481628	108494341214763218
6148	2022-06-20 07:00:00	2022-10-16 19:48:44.242332	17110	4273	481648	108457628941116296
6149	2022-06-19 19:04:00	2022-10-16 19:49:07.093092	2233	4273	481669	108506013066371564
6097	2022-06-24 12:10:00	2022-10-16 19:38:11.213063	2843	4273	481100	108533252344536636
6143	2022-06-20 20:10:00	2022-10-16 19:46:58.920413	222	4273	481538	108512517011900079
2813	2022-10-06 07:30:00	2022-10-09 02:37:27.527939	322	7630	324929	109121004715870831
2838	2022-09-26 16:28:00	2022-10-09 02:55:39.811913	322	7630	325432	109066573452634916
6077	2022-06-27 21:45:00	2022-10-16 19:31:11.15527	805	4273	480938	108552503717642848
6083	2022-06-27 20:38:00	2022-10-16 19:32:10.341725	143	4273	480960	108552225824715746
6104	2022-06-23 17:42:00	2022-10-16 19:40:16.001027	143	4273	481170	108528788375426806
6117	2022-06-22 22:49:00	2022-10-16 19:41:55.633215	306	4273	481240	108523485292421290
5498	2022-08-24 13:02:00	2022-10-16 16:21:30.192859	5136	4273	477399	108878912960452007
5504	2022-08-24 08:08:00	2022-10-16 16:22:19.600931	2705	4273	477436	108877752194270824
5505	2022-08-24 01:09:00	2022-10-16 16:22:26.905412	410813	4273	477444	108868168011470247
5510	2022-08-23 19:57:00	2022-10-16 16:23:25.372837	2195	4273	477482	108874750991148218
6254	2022-06-16 16:27:00	2022-10-17 08:38:20.835537	146	10208	494405	108488256195361035
6245	2022-07-25 07:10:00	2022-10-17 08:06:40.673162	28	10208	493562	108703711896820896
5516	2022-08-22 20:27:00	2022-10-16 16:25:36.63147	11117	4273	477537	108869045081117143
5521	2022-08-22 14:42:00	2022-10-16 16:26:34.855675	12503	4273	477553	108852961511210637
5522	2022-08-22 14:07:00	2022-10-16 16:26:49.236042	2195	4273	477556	108867616831030334
5523	2022-08-22 13:10:00	2022-10-16 16:26:58.466701	29384	4273	477558	108867618108087566
5527	2022-08-21 15:35:00	2022-10-16 16:28:08.270845	9048	4273	477580	108862313126889599
5531	2022-08-20 19:58:00	2022-10-16 16:29:12.573242	2191	4273	477602	108844896795792683
5532	2022-08-20 19:14:00	2022-10-16 16:29:25.861042	948	4273	477607	108840216448525700
5534	2022-08-20 07:48:00	2022-10-16 16:30:37.858198	57342	4273	477630	108854909337925514
5535	2022-08-20 06:15:00	2022-10-16 16:31:02.02125	879	4273	477638	108851469679023038
6159	2022-06-17 13:06:00	2022-10-16 19:54:04.418688	232	4273	481896	108478341017639687
6150	2022-06-19 05:09:00	2022-10-16 19:49:27.696926	7827	4273	481692	108472136272887151
6157	2022-06-18 06:32:00	2022-10-16 19:50:35.931334	7951	4273	481760	108497997654643709
6163	2022-06-16 18:27:00	2022-10-16 19:55:01.681166	14170	4273	481921	108489358433837126
5514	2022-08-23 15:12:00	2022-10-16 16:24:57.19424	143	4273	477525	108873750755169078
6176	2022-06-14 00:00:00	2022-10-16 19:59:26.573451	108495	4273	482051	108473796621313365
6187	2022-06-12 20:35:00	2022-10-16 20:01:47.685184	53483	4273	482116	108209635755071050
355	2022-09-01 22:43:00	2022-09-18 04:17:27.530893	303	303	37088	108926317919860465
366	2022-07-25 21:14:00	2022-09-18 04:21:49.359413	303	303	37257	108709483058212364
365	2022-07-26 20:31:00	2022-09-18 04:21:43.368524	303	303	37253	108709145449904056
3249	2022-09-01 21:11:00	2022-10-09 09:23:45.948928	303	937	338622	108926022394766292
358	2022-08-12 01:20:00	2022-09-18 04:19:24.395927	303	303	37163	108807095693449674
362	2022-08-05 22:38:00	2022-09-18 04:20:09.869056	303	303	37198	108771611621959230
361	2022-08-08 19:56:00	2022-09-18 04:19:44.169914	303	303	37180	108716370459121524
367	2022-07-23 19:38:00	2022-09-18 04:22:15.373628	303	303	37271	108699248030787618
6191	2022-06-11 21:11:00	2022-10-16 20:03:48.676077	2188	4273	482179	108461742268776185
6287	2022-09-01 09:51:00	2022-10-17 12:10:16.616901	300	10230	502689	108891875703314818
1556	2022-08-22 23:52:00	2022-09-27 08:35:53.241127	4273	2155	111511	108867630329779737
6171	2022-06-14 07:19:00	2022-10-16 19:57:57.156704	4273	4273	482014	108475549920517220
6242	2022-08-04 08:08:00	2022-10-17 08:03:22.426827	16459	10208	493380	108760399899862029
6246	2022-07-23 09:54:00	2022-10-17 08:08:17.093978	9672	10208	493597	108696768267661223
5515	2022-08-22 22:16:00	2022-10-16 16:25:06.048957	326	4273	477528	108867118852324434
6248	2022-07-20 17:27:00	2022-10-17 08:11:04.132714	2405	10208	493633	108681745705676476
5513	2022-08-23 18:26:00	2022-10-16 16:24:16.694268	27	4273	477508	108872231294640487
6251	2022-06-21 15:58:00	2022-10-17 08:35:06.58152	163587	10208	494329	108516365543330793
6252	2022-06-21 12:03:00	2022-10-17 08:35:38.237339	11136	10208	494341	108483697491292500
6253	2022-06-21 10:05:00	2022-10-17 08:35:49.498926	4889	10208	494346	108515641342853463
6256	2022-09-15 17:46:00	2022-10-17 08:47:55.15745	2191	10178	494710	109002989180142842
6258	2022-09-12 08:39:00	2022-10-17 08:51:50.211402	2191	10178	494875	108982264859345781
6261	2022-08-03 10:48:00	2022-10-17 09:57:31.117287	6980	10178	496876	108759467101562944
6262	2022-06-16 13:02:00	2022-10-17 09:58:02.149625	323	10207	496886	108482924029818539
6263	2022-08-01 22:42:00	2022-10-17 10:01:57.357204	8465	10178	496971	108750020549094593
6264	2022-07-24 17:14:00	2022-10-17 10:38:38.736408	33634	10178	497742	108704010955364537
6265	2022-07-19 20:02:00	2022-10-17 10:52:18.005481	2263	10178	498252	108673624634607862
6268	2022-07-13 23:09:00	2022-10-17 11:11:26.481857	8944	10178	498931	108643470669606285
6273	2022-07-02 15:19:00	2022-10-17 11:28:50.208461	2837	10178	499999	108579345179575175
6274	2022-10-15 08:24:00	2022-10-17 11:48:17.025577	28635	10230	501233	109169886133724230
6275	2022-10-09 08:39:00	2022-10-17 11:49:37.452909	2421	10230	501323	109138305035545187
6276	2022-09-26 10:29:00	2022-10-17 11:54:33.501698	83953	10230	501681	109062030075423219
6277	2022-09-26 08:37:00	2022-10-17 11:55:22.417116	43894	10230	501730	109064693885108753
6278	2022-09-23 09:38:00	2022-10-17 11:55:46.27024	32306	10230	501765	109047966369972389
6279	2022-09-23 01:40:00	2022-10-17 11:56:25.947913	9059	10230	501818	109046023931395938
6280	2022-09-17 10:09:00	2022-10-17 11:58:39.376621	48670	10230	501991	109014102979168789
6284	2022-09-11 08:57:00	2022-10-17 12:03:45.125929	357806	10230	502333	108979562689076810
6285	2022-09-10 09:31:00	2022-10-17 12:04:28.844799	5503	10230	502392	108974299204173006
6289	2022-08-31 09:04:00	2022-10-17 12:11:42.828949	9893	10230	502742	108913581582313984
5508	2022-08-24 00:00:00	2022-10-16 16:22:55.85761	21474	4273	477465	108873490923528235
6257	2022-09-15 17:42:00	2022-10-17 08:48:07.352799	628	10178	494714	108994281201084771
5536	2022-08-20 06:08:00	2022-10-16 16:31:10.345038	34	4273	477641	108845512775234835
1840	2022-07-26 18:55:00	2022-09-27 19:11:28.2355	1994	908	119336	108714918879858558
5512	2022-08-23 18:39:00	2022-10-16 16:24:11.443742	23	4273	477505	108873147568194394
6144	2022-06-20 19:29:00	2022-10-16 19:47:19.601292	102	4273	481561	108348403164262621
8763	2022-08-13 21:39:00	2022-10-24 06:25:03.591696	322	12956	639635	108817629179741350
6288	2022-08-31 09:11:00	2022-10-17 12:11:33.660913	174	10230	502737	108914850029876052
6179	2022-06-14 00:00:00	2022-10-16 20:00:11.809152	274	4273	482070	108471810770261192
6272	2022-07-05 11:03:00	2022-10-17 11:25:23.720517	274	10178	499680	108595206272459685
6259	2022-08-06 09:32:00	2022-10-17 09:39:03.193595	416	10178	496493	108775260618641846
6266	2022-07-15 08:02:00	2022-10-17 11:01:28.434412	416	10247	498604	108651024281057233
6507	2022-08-19 17:29:00	2022-10-18 19:13:19.030786	215486	10804	523785	108851637029228910
6512	2022-08-16 20:51:00	2022-10-18 19:14:15.791107	2233	10804	523792	108835379084069673
6514	2022-08-15 03:05:00	2022-10-18 19:14:26.67516	7934	10804	523794	108823109567276833
6521	2022-08-15 02:32:00	2022-10-18 19:15:17.198105	26164	10804	523801	108824704731911246
6522	2022-08-15 02:29:00	2022-10-18 19:15:20.003125	55780	10804	523802	108824718279890199
6524	2022-08-15 02:18:00	2022-10-18 19:15:35.30022	16743	10804	523804	108824504987732876
6495	2022-08-22 18:10:00	2022-10-18 19:12:12.442404	10804	10804	523772	108861751179635545
8112	2022-06-30 08:03:00	2022-10-21 05:11:18.81158	11304	11304	577417	108566308829522682
8127	2022-06-23 16:21:00	2022-10-21 05:17:02.545104	11304	11304	577637	108528641212477719
8139	2022-06-19 10:15:00	2022-10-21 05:27:29.771539	11304	11304	577966	108504512021551301
8149	2022-06-17 22:20:00	2022-10-21 05:30:20.667313	11304	11304	578076	108495861084089276
8145	2022-06-18 08:33:00	2022-10-21 05:28:58.000308	11304	11304	578034	108495073231129708
8148	2022-06-17 22:21:00	2022-10-21 05:29:59.187345	11304	11304	578066	108495073231129708
8143	2022-06-18 15:36:00	2022-10-21 05:28:28.83936	11304	11304	578012	108490843876695424
8146	2022-06-17 22:22:00	2022-10-21 05:29:37.4208	11304	11304	578058	108490843876695424
8144	2022-06-18 08:36:00	2022-10-21 05:28:42.047433	11304	11304	578023	108479122714757383
8142	2022-06-18 15:39:00	2022-10-21 05:28:24.372333	11304	11304	578008	108477482039775095
8107	2022-07-03 18:31:00	2022-10-21 05:09:18.861909	11304	11304	577343	108282637271431458
8105	2022-07-03 18:35:00	2022-10-21 05:09:03.399644	11304	11304	577333	108112644857264766
7950	2022-10-04 03:08:00	2022-10-21 03:26:57.268145	11304	11304	572762	109108689182545647
7951	2022-09-28 13:21:00	2022-10-21 03:27:47.740542	11304	11304	572802	109066962434175189
7952	2022-09-28 03:12:00	2022-10-21 03:31:23.786938	11304	11304	572981	109066962434175189
7953	2022-09-25 21:40:00	2022-10-21 03:32:08.490811	11304	11304	573016	109062148258995395
7955	2022-09-25 20:25:00	2022-10-21 03:32:20.299944	11304	11304	573026	109061832730509055
7957	2022-09-25 20:17:00	2022-10-21 03:32:27.838917	11304	11304	573037	109061827598649700
7971	2022-09-07 14:20:00	2022-10-21 03:39:09.840923	11304	11304	573473	108958501429465463
7974	2022-09-02 10:30:00	2022-10-21 03:41:29.071959	11304	11304	573634	108929276513792603
7976	2022-09-01 19:45:00	2022-10-21 03:42:31.090091	11304	11304	573691	108925782936115757
7973	2022-09-02 11:16:00	2022-10-21 03:41:21.838969	11304	11304	573625	108925713562713570
7979	2022-09-01 04:17:00	2022-10-21 03:43:34.61659	11304	11304	573746	108916890476085313
7990	2022-08-28 22:18:00	2022-10-21 03:51:47.518772	11304	11304	574188	108903761294254415
7992	2022-08-26 22:47:00	2022-10-21 03:52:18.186397	11304	11304	574223	108892518796224281
7995	2022-08-26 12:48:00	2022-10-21 03:53:22.200384	11304	11304	574293	108890116624843628
7996	2022-08-26 06:14:00	2022-10-21 03:53:28.368062	11304	11304	574302	108888642576344926
8001	2022-08-24 09:34:00	2022-10-21 03:54:17.048831	11304	11304	574359	108876261578700844
8014	2022-08-18 00:00:00	2022-10-21 03:59:16.184141	11304	11304	574687	108841251817721760
8021	2022-08-13 21:17:00	2022-10-21 04:02:55.876042	11304	11304	574914	108806552995861562
8024	2022-08-11 18:17:00	2022-10-21 04:03:45.119259	11304	11304	574971	108806550870144254
8029	2022-08-09 15:43:00	2022-10-21 04:11:43.452825	11304	11304	575274	108794615177018765
8030	2022-08-09 14:58:00	2022-10-21 04:11:58.540207	11304	11304	575284	108794442441688782
8031	2022-08-09 14:07:00	2022-10-21 04:12:19.609042	11304	11304	575299	108794244773864529
8032	2022-08-09 14:07:00	2022-10-21 04:12:40.541713	11304	11304	575308	108791154097585094
8033	2022-08-08 16:18:00	2022-10-21 04:13:03.45264	11304	11304	575322	108789095641335484
8034	2022-08-08 11:38:00	2022-10-21 04:16:58.372542	11304	11304	575434	108787993717705042
8035	2022-08-08 11:37:00	2022-10-21 04:17:35.29254	11304	11304	575456	108787989525857789
8039	2022-08-05 10:30:00	2022-10-21 04:20:01.776088	11304	11304	575548	108770723510442892
8041	2022-08-05 09:51:00	2022-10-21 04:20:28.394045	11304	11304	575565	108770572517731306
8048	2022-08-02 17:45:00	2022-10-21 04:25:59.536516	11304	11304	575781	108755455378339356
8049	2022-08-02 12:16:00	2022-10-21 04:26:20.858156	11304	11304	575795	108753880195380437
8053	2022-07-30 18:55:00	2022-10-21 04:31:29.472884	11304	11304	576002	108738708850989090
8059	2022-07-28 22:39:00	2022-10-21 04:32:54.892068	11304	11304	576061	108728302853119975
8065	2022-07-22 11:27:00	2022-10-21 04:40:26.496573	11304	11304	576318	108691688029321764
8063	2022-07-26 15:52:00	2022-10-21 04:36:18.628506	11304	11304	576164	108689026662357611
8068	2022-07-21 02:59:00	2022-10-21 04:41:56.700121	11304	11304	576377	108684035245026611
8069	2022-07-21 02:41:00	2022-10-21 04:42:17.511875	11304	11304	576395	108683949878748087
8764	2022-08-13 16:25:00	2022-10-24 06:25:26.393672	13441	12956	639639	108815970339995918
8783	2022-08-09 21:41:00	2022-10-24 06:36:47.930299	400765	12956	639819	108557346582714833
8787	2022-08-09 17:30:00	2022-10-24 06:41:45.061304	917	12956	639899	108793816055909646
8993	2022-08-12 00:00:00	2022-10-26 07:44:39.421234	59807	13173	665807	108808112877366401
9004	2022-08-02 00:00:00	2022-10-26 07:52:31.492957	5897	13173	665899	108750807232198181
9019	2022-07-12 00:00:00	2022-10-26 08:08:21.260625	537	13173	666087	108630196263765308
1104	2022-09-09 21:58:00	2022-09-26 19:22:00.825724	199	1868	94879	108971605467770395
1642	2022-07-28 02:39:00	2022-09-27 08:40:31.027837	2151	2155	111766	108657627016489492
9231	2022-10-13 00:00:00	2022-10-27 21:30:28.686104	13057	13351	682073	109164353149488233
6506	2022-08-21 11:49:00	2022-10-18 19:13:13.694093	628	10804	523784	108858211869907563
2443	2022-07-14 17:28:00	2022-10-01 14:56:27.998131	2151	4869	222151	108647468762665090
9234	2022-10-13 00:00:00	2022-10-27 21:34:05.842106	11150	13351	682099	109162001255053459
3328	2022-09-08 18:01:00	2022-10-11 03:46:57.973586	1994	5315	352230	108964877615759918
9236	2022-10-13 00:00:00	2022-10-27 21:36:41.718227	68881	13351	682121	109161812246254430
4847	2022-06-27 15:22:00	2022-10-15 06:14:21.611732	1994	9365	441091	108551043998122419
9239	2022-10-13 00:00:00	2022-10-27 21:41:38.44766	73835	13351	682158	109161594439150455
9241	2022-10-13 00:00:00	2022-10-27 21:42:30.658498	1332	13351	682165	109158100427986029
9242	2022-10-13 00:00:00	2022-10-27 21:42:49.40237	1756	13351	682167	109161419023268304
9243	2022-10-13 00:00:00	2022-10-27 21:44:03.575593	11146	13351	682175	109161373657403215
3596	2022-09-22 19:51:00	2022-10-13 12:56:19.024128	2151	8374	377547	109044295895566990
4282	2022-09-17 17:30:00	2022-10-15 05:08:03.759127	2151	9365	437122	109015061868037110
9225	2022-10-14 00:00:00	2022-10-27 21:25:40.530205	742	13351	682027	109167005525960170
6509	2022-08-16 21:09:00	2022-10-18 19:13:52.534015	537	10804	523789	108833801423234029
6510	2022-08-16 20:59:00	2022-10-18 19:14:01.818901	28485	10804	523790	108823605058758522
6511	2022-08-16 20:55:00	2022-10-18 19:14:08.743816	2316	10804	523791	108834780490710216
6513	2022-08-15 17:49:00	2022-10-18 19:14:22.392033	12864	10804	523793	108827135865192296
6515	2022-08-15 02:55:00	2022-10-18 19:14:32.946283	171795	10804	523795	108813344891013543
6519	2022-08-15 02:35:00	2022-10-18 19:15:04.162865	16743	10804	523799	108824332072761032
6525	2022-08-13 20:14:00	2022-10-18 19:15:47.142617	74956	10804	523806	108818304783646580
6530	2022-08-07 21:52:00	2022-10-18 19:16:39.77694	12411	10804	523812	108783900101163143
8192	2022-10-08 23:35:00	2022-10-21 22:09:58.61566	825	10916	592731	109135961006325020
6532	2022-08-06 20:17:00	2022-10-18 19:17:10.254378	2254	10804	523817	108778645303024536
3651	2022-08-27 23:10:00	2022-10-13 13:11:18.367006	199	8374	379077	108898297195282055
6533	2022-08-06 20:14:00	2022-10-18 19:19:04.707035	15082	10804	523818	108778694838466068
6535	2022-08-06 15:15:00	2022-10-18 19:19:09.47811	2319	10804	523820	108777439430465175
6540	2022-08-06 06:04:00	2022-10-18 19:19:37.350629	4634	10804	523826	108775161853822966
6541	2022-08-06 06:01:00	2022-10-18 19:19:42.423735	4301	10804	523827	108771088938021903
6545	2022-08-06 05:45:00	2022-10-18 19:20:04.372056	2436	10804	523831	108774160709053440
6546	2022-08-06 05:40:00	2022-10-18 19:20:12.41442	4442	10804	523832	108775164123008742
6554	2022-08-02 11:59:00	2022-10-18 19:21:16.177899	213763	10804	523844	108752870538857510
6558	2022-07-26 17:57:00	2022-10-18 19:21:45.244123	140	10804	523849	108715778311836293
6559	2022-07-23 10:18:00	2022-10-18 19:21:49.464716	825	10804	523850	108697013946850497
6560	2022-07-23 10:16:00	2022-10-18 19:21:55.410343	2280	10804	523851	108607360038715828
6565	2022-07-22 07:14:00	2022-10-18 19:22:25.982211	2263	10804	523858	108690598011390148
6568	2022-07-22 06:55:00	2022-10-18 19:22:50.551057	39489	10804	523862	108681210853638361
6571	2022-07-22 06:38:00	2022-10-18 19:23:13.619965	2782	10804	523865	108690555801318420
3641	2022-08-31 12:54:00	2022-10-13 13:09:50.545075	2151	8374	378921	108913133874004464
6576	2022-07-22 06:16:00	2022-10-18 19:23:55.678617	56840	10804	523871	108690440444738167
3642	2022-08-31 12:53:00	2022-10-13 13:09:53.412034	2151	8374	378924	108913123120612441
6578	2022-07-22 06:10:00	2022-10-18 19:24:04.951696	71566	10804	523873	108690444254143251
6579	2022-07-22 06:08:00	2022-10-18 19:24:08.55053	26464	10804	523874	108669523578228494
6583	2022-07-22 02:18:00	2022-10-18 19:24:47.592152	4284	10804	523884	108688384796742163
6584	2022-07-22 02:14:00	2022-10-18 19:24:54.822984	2436	10804	523885	108688379373077848
6585	2022-07-22 02:13:00	2022-10-18 19:25:04.610145	37034	10804	523886	108688316683972660
6588	2022-07-19 14:42:00	2022-10-18 19:25:44.418395	933	10804	523892	108649198665050224
4780	2022-07-12 13:23:00	2022-10-15 06:03:47.681474	2151	9365	440519	108635200324744215
5793	2022-07-24 15:57:00	2022-10-16 18:09:23.738928	2151	4273	479673	108703877421547299
6534	2022-08-06 15:18:00	2022-10-18 19:19:07.688276	34	10804	523819	108777372764734675
6592	2022-07-19 06:55:00	2022-10-18 19:26:35.855878	64527	10804	523900	108673491976453719
6595	2022-07-19 06:49:00	2022-10-18 19:26:57.674539	73988	10804	523904	108673488358904351
6598	2022-07-19 06:41:00	2022-10-18 19:27:15.289575	2538	10804	523907	108631613185011218
6599	2022-07-19 06:39:00	2022-10-18 19:27:20.989909	5956	10804	523908	108673487133429991
6608	2022-07-17 12:13:00	2022-10-18 19:28:33.48201	2013	10804	523920	108660700053828479
6609	2022-07-17 12:12:00	2022-10-18 19:28:39.896297	2013	10804	523921	108601976278802847
6610	2022-07-17 12:09:00	2022-10-18 19:28:46.026178	2013	10804	523922	108662858984910864
6611	2022-07-17 12:09:00	2022-10-18 19:28:54.7827	2013	10804	523923	108662931949889233
6612	2022-07-17 12:07:00	2022-10-18 19:29:02.043267	13140	10804	523924	108662931368820937
6613	2022-07-17 12:04:00	2022-10-18 19:29:09.486086	2013	10804	523925	108663118271604417
6614	2022-07-17 12:03:00	2022-10-18 19:29:14.789074	2013	10804	523926	107995376156065348
6615	2022-07-17 11:54:00	2022-10-18 19:29:24.106197	1343	10804	523928	108663354831213545
4676	2022-07-27 18:13:00	2022-10-15 05:49:47.88321	103	9365	439731	108721538441526446
6621	2022-07-14 21:18:00	2022-10-18 19:30:24.57043	4458	10804	523940	108648470183835535
6625	2022-07-14 21:03:00	2022-10-18 19:30:44.446358	2348	10804	523944	108646158276362349
6632	2022-07-14 20:24:00	2022-10-18 19:31:23.655987	4885	10804	523952	108643050805592927
6633	2022-07-14 20:22:00	2022-10-18 19:31:27.482716	4885	10804	523953	108643117511318935
6638	2022-07-14 20:07:00	2022-10-18 19:31:55.214392	4885	10804	523958	108646584751686994
6641	2022-07-14 19:26:00	2022-10-18 19:32:12.574288	62020	10804	523961	108641792414707318
6642	2022-07-12 22:02:00	2022-10-18 19:32:18.405381	33671	10804	523963	108637564486097151
6643	2022-07-12 21:57:00	2022-10-18 19:32:23.146167	10876	10804	523964	108637545195368747
6564	2022-07-23 00:00:00	2022-10-18 19:22:23.222491	1408	10804	523857	108692933672905480
6646	2022-07-11 06:26:00	2022-10-18 19:32:45.651508	4421	10804	523970	108627539878734218
6647	2022-07-08 06:08:00	2022-10-18 19:34:18.274288	1593	10804	523974	108604279252817132
6650	2022-07-08 03:48:00	2022-10-18 19:34:31.387952	2379	10804	523977	108607396320958255
6651	2022-07-08 03:45:00	2022-10-18 19:34:38.943899	34305	10804	523978	108610598931214848
6653	2022-07-08 02:43:00	2022-10-18 19:34:51.1179	12293	10804	523980	108608490278364532
6529	2022-08-08 22:20:00	2022-10-18 19:16:35.41816	84	10804	523811	108790487298631678
6655	2022-07-06 18:33:00	2022-10-18 19:35:09.785278	3900	10804	523983	108600457916724588
6624	2022-07-14 21:05:00	2022-10-18 19:30:41.332304	2151	10804	523943	108646761036870021
6622	2022-07-14 21:14:00	2022-10-18 19:30:30.436945	143	10804	523941	108645657700459086
8217	2022-07-15 06:55:00	2022-10-22 00:10:31.473694	2151	10916	593443	108646377103264046
8808	2022-07-17 17:53:00	2022-10-24 07:06:36.149466	2151	12956	640288	108663275917187668
8809	2022-07-15 21:15:00	2022-10-24 07:09:25.993604	2151	12956	640330	108652423272169124
6605	2022-07-17 12:42:00	2022-10-18 19:28:10.310499	1118	10804	523916	108657673275570753
6520	2022-08-15 02:34:00	2022-10-18 19:15:11.314658	222	10804	523800	108705346318035630
6516	2022-08-15 02:51:00	2022-10-18 19:14:39.144603	2233	10804	523796	108824755754489437
6517	2022-08-15 02:48:00	2022-10-18 19:14:46.568883	40677	10804	523797	108825538736943415
6523	2022-08-15 02:21:00	2022-10-18 19:15:28.126894	16743	10804	523803	108824535870439771
6526	2022-08-12 21:50:00	2022-10-18 19:15:55.490671	181182	10804	523807	108813046112742788
6527	2022-08-12 13:48:00	2022-10-18 19:16:01.786085	215486	10804	523808	108793948171451656
6528	2022-08-08 22:22:00	2022-10-18 19:16:24.864418	2204	10804	523810	108790476954499346
6536	2022-08-06 14:58:00	2022-10-18 19:19:19.358379	11748	10804	523822	108777435532856534
6537	2022-08-06 14:52:00	2022-10-18 19:19:23.855944	15156	10804	523823	108770018957401518
6539	2022-08-06 06:09:00	2022-10-18 19:19:32.942857	64615	10804	523825	108775161416620290
6542	2022-08-06 05:57:00	2022-10-18 19:19:45.301019	5505	10804	523828	108775099141074057
6543	2022-08-06 05:54:00	2022-10-18 19:19:47.133407	4634	10804	523829	108775162811416817
6544	2022-08-06 05:51:00	2022-10-18 19:19:54.243579	63733	10804	523830	108775163397114738
6547	2022-08-06 05:32:00	2022-10-18 19:20:16.952518	4634	10804	523833	108775164813533345
6548	2022-08-06 05:27:00	2022-10-18 19:20:22.216923	426096	10804	523834	108774199520694037
6550	2022-08-06 05:16:00	2022-10-18 19:20:29.39134	2013	10804	523836	108770956156490627
6091	2022-06-25 19:05:00	2022-10-16 19:34:35.657838	300	4273	481012	108540537816315517
6555	2022-07-29 12:57:00	2022-10-18 19:21:22.458126	12293	10804	523845	108730809723165326
6556	2022-07-29 12:37:00	2022-10-18 19:21:28.546221	140	10804	523846	108731402359787870
6561	2022-07-23 10:11:00	2022-10-18 19:22:04.474578	46207	10804	523852	108697017989791430
6563	2022-07-23 00:00:00	2022-10-18 19:22:19.352248	122555	10804	523856	108694716553181461
6566	2022-07-22 07:12:00	2022-10-18 19:22:31.607293	2423	10804	523859	108688855152617649
6567	2022-07-22 06:56:00	2022-10-18 19:22:45.219791	23320	10804	523861	108690544480320220
6570	2022-07-22 06:41:00	2022-10-18 19:23:07.620046	18703	10804	523864	108690514356810098
6574	2022-07-22 06:18:00	2022-10-18 19:23:33.31843	9231	10804	523869	108670727410767279
6575	2022-07-22 06:17:00	2022-10-18 19:23:38.150249	684	10804	523870	108686017108699110
6586	2022-07-20 16:35:00	2022-10-18 19:25:24.002262	948	10804	523889	108681435380174026
6593	2022-07-19 06:53:00	2022-10-18 19:26:40.625639	16521	10804	523901	108673528435059344
6594	2022-07-19 06:51:00	2022-10-18 19:26:45.53428	57849	10804	523902	108673528491701962
6596	2022-07-19 06:49:00	2022-10-18 19:27:01.990742	37228	10804	523905	108673529008671179
6600	2022-07-19 06:37:00	2022-10-18 19:27:25.96095	5956	10804	523909	108673487133429991
6601	2022-07-19 06:33:00	2022-10-18 19:27:37.931026	7461	10804	523911	108673323676246128
6606	2022-07-17 12:23:00	2022-10-18 19:28:15.394996	2697	10804	523917	108663532175624106
6607	2022-07-17 12:20:00	2022-10-18 19:28:21.458227	12293	10804	523918	108663063948515853
6618	2022-07-15 18:11:00	2022-10-18 19:30:04.707935	7827	10804	523935	108649300595224501
6619	2022-07-15 17:03:00	2022-10-18 19:30:10.658569	17047	10804	523936	108386893576883277
6626	2022-07-14 20:55:00	2022-10-18 19:30:48.906388	2318	10804	523945	108639880225273279
6627	2022-07-14 20:53:00	2022-10-18 19:30:58.271524	46494	10804	523946	108648189535254963
6628	2022-07-14 20:50:00	2022-10-18 19:31:04.450456	4885	10804	523947	108640197233052996
6629	2022-07-14 20:35:00	2022-10-18 19:31:13.528113	4885	10804	523949	108640458109378474
6630	2022-07-14 20:32:00	2022-10-18 19:31:17.088585	4885	10804	523950	108642982582127324
6631	2022-07-14 20:28:00	2022-10-18 19:31:19.566145	4885	10804	523951	108643003518186047
6634	2022-07-14 20:20:00	2022-10-18 19:31:34.776127	4885	10804	523954	108643136461720986
6635	2022-07-14 20:13:00	2022-10-18 19:31:40.215714	4885	10804	523955	108643179284471615
6636	2022-07-14 20:10:00	2022-10-18 19:31:45.338655	4885	10804	523956	108643180575860280
6637	2022-07-14 20:09:00	2022-10-18 19:31:48.609934	4885	10804	523957	108643182338464274
8815	2022-07-08 19:01:00	2022-10-24 07:19:27.233181	2151	12956	640469	108611892711217434
6648	2022-07-08 03:53:00	2022-10-18 19:34:22.304323	2348	10804	523975	108574019662051246
6652	2022-07-08 02:46:00	2022-10-18 19:34:43.394354	196570	10804	523979	108609575251814659
9112	2022-09-09 00:00:00	2022-10-27 06:16:57.784503	2151	12056	677232	108969081798251779
6006	2022-07-08 14:30:00	2022-10-16 19:07:24.73339	340	4273	480575	108609124594577316
6661	2022-07-01 03:13:00	2022-10-18 19:35:45.196273	19391	10804	523990	108498749686640678
6662	2022-07-01 03:10:00	2022-10-18 19:36:25.746665	44651	10804	523991	108570769769429663
1816	2022-09-06 08:34:00	2022-09-27 19:03:41.827008	618	908	118838	108945977503781030
6664	2022-06-30 22:10:00	2022-10-18 19:36:59.703007	34932	10804	524004	108438207591147954
6668	2022-06-30 16:55:00	2022-10-18 19:37:17.563535	9589	10804	524009	108558306976385615
6669	2022-06-30 16:54:00	2022-10-18 19:37:20.551077	9589	10804	524010	108563529988486777
6602	2022-07-19 06:29:00	2022-10-18 19:27:42.570658	166	10804	523912	108672937063512356
6674	2022-06-14 16:08:00	2022-10-18 19:38:24.074437	10577	10804	524026	108476526347077862
6676	2022-06-14 00:00:00	2022-10-18 19:38:34.278896	2588	10804	524029	108473950015163630
6677	2022-06-12 05:39:00	2022-10-18 19:38:41.192648	47845	10804	524031	108463653121840757
6691	2022-06-11 15:56:00	2022-10-18 19:40:07.269065	55877	10804	524063	108442004068772232
3559	2022-08-09 20:27:00	2022-10-13 09:10:31.842729	618	8364	374684	108795732069460793
6712	2022-09-13 19:43:00	2022-10-18 19:57:14.385386	134683	10846	524466	108988240824021122
6684	2022-06-11 16:37:00	2022-10-18 19:39:17.771604	174	10804	524045	108454355897872070
6678	2022-06-11 16:55:00	2022-10-18 19:38:45.350015	2843	10804	524033	108460432630876332
716	2022-09-09 07:28:00	2022-09-22 05:51:11.522265	105	200	69336	108968059593675633
6581	2022-07-22 05:35:00	2022-10-18 19:24:25.818128	34	10804	523878	108687516382209885
6580	2022-07-22 06:06:00	2022-10-18 19:24:12.434447	138	10804	523875	108690238453517852
7283	2022-07-24 14:16:00	2022-10-19 14:25:21.079178	2151	10825	537117	108699608642662921
8524	2022-09-26 20:17:00	2022-10-23 17:55:02.453865	2151	12888	629816	109067473444027978
6553	2022-08-02 12:02:00	2022-10-18 19:21:09.562214	900	10804	523843	108753823026782226
6706	2022-10-04 04:23:00	2022-10-18 19:54:26.498818	781	10846	524385	109108265727689159
6685	2022-06-11 16:34:00	2022-10-18 19:39:23.306409	174	10804	524048	108457311167748170
6569	2022-07-22 06:47:00	2022-10-18 19:22:59.288148	416	10804	523863	108688862492910220
6096	2022-06-24 12:12:00	2022-10-16 19:38:03.79192	300	4273	481097	108533148627012944
6538	2022-08-06 06:15:00	2022-10-18 19:19:28.186614	2843	10804	523824	108773552425057289
6700	2022-10-12 07:53:00	2022-10-18 19:52:53.454052	211	10846	524346	109151060194189693
6660	2022-07-01 03:19:00	2022-10-18 19:35:38.942275	323	10804	523989	108570267934779018
6667	2022-06-30 17:19:00	2022-10-18 19:37:11.374497	9589	10804	524008	108558649869942081
6670	2022-06-30 16:52:00	2022-10-18 19:37:24.418358	9589	10804	524011	108564904582698928
6671	2022-06-30 16:48:00	2022-10-18 19:37:29.902064	9589	10804	524012	108567236945416548
6672	2022-06-30 16:42:00	2022-10-18 19:37:38.076198	64176	10804	524013	108526876939799196
6673	2022-06-15 21:59:00	2022-10-18 19:38:13.306706	47845	10804	524023	108463653121840757
6675	2022-06-14 00:00:00	2022-10-18 19:38:27.748645	2255	10804	524028	108472090131551692
6701	2022-10-12 07:51:00	2022-10-18 19:52:58.729868	211	10846	524347	109151335449610810
6742	2022-08-08 21:11:00	2022-10-18 20:10:18.441911	211	10846	524888	108790087787114948
6687	2022-06-11 16:05:00	2022-10-18 19:39:34.122954	2211	10804	524054	108457534763963509
6688	2022-06-11 16:01:00	2022-10-18 19:39:40.656029	63733	10804	524056	108459028877390729
6689	2022-06-11 15:59:00	2022-10-18 19:39:52.247336	29800	10804	524059	108460501525388468
6690	2022-06-11 15:57:00	2022-10-18 19:40:00.219991	15433	10804	524062	108460038492471973
6692	2022-06-11 15:54:00	2022-10-18 19:40:18.229216	2305	10804	524066	108460500459166394
6694	2022-06-11 15:48:00	2022-10-18 19:41:42.674117	12421	10804	524082	108459461224546937
6695	2022-06-11 15:45:00	2022-10-18 19:41:45.338235	74956	10804	524084	108460532382062569
6696	2022-06-11 15:40:00	2022-10-18 19:41:56.020031	27793	10804	524089	108449284075949559
6699	2022-10-15 04:04:00	2022-10-18 19:52:29.849633	61816	10846	524337	109169742165306704
6702	2022-10-10 05:21:00	2022-10-18 19:53:12.717902	58742	10846	524353	109143171879159005
6703	2022-10-09 08:31:00	2022-10-18 19:53:14.462597	8871	10846	524355	109138286750041385
6704	2022-10-04 04:38:00	2022-10-18 19:54:20.245892	167361	10846	524381	109109008089427191
6705	2022-10-04 04:25:00	2022-10-18 19:54:23.439413	30752	10846	524383	109109022553567624
6707	2022-10-02 02:38:00	2022-10-18 19:54:55.857879	386737	10846	524399	109095455426220487
6708	2022-09-29 15:42:00	2022-10-18 19:55:23.433639	5368	10846	524412	109083079224346775
6711	2022-09-14 05:32:00	2022-10-18 19:57:07.421513	1343	10846	524462	108992463891194230
6714	2022-09-10 09:07:00	2022-10-18 19:57:27.961374	537	10846	524476	108966403544224591
6718	2022-09-02 20:33:00	2022-10-18 19:58:43.073463	8392	10846	524522	108928886964099964
6666	2022-06-30 17:21:00	2022-10-18 19:37:09.640496	234	10804	524007	108535063117573578
6721	2022-08-30 10:09:00	2022-10-18 20:00:22.117265	323	10846	524568	108908793998761391
8196	2022-10-01 21:37:00	2022-10-21 22:26:33.016961	1118	10916	592836	109096071559394902
6725	2022-08-20 04:49:00	2022-10-18 20:02:20.285805	10928	10846	524629	108853880791848416
6726	2022-08-20 04:46:00	2022-10-18 20:02:25.757284	2102	10846	524632	108854048994120632
6729	2022-08-16 05:53:00	2022-10-18 20:05:23.81299	5236	10846	524716	108831882502758360
6731	2022-08-16 05:45:00	2022-10-18 20:05:42.890401	55618	10846	524725	108831889338416968
6686	2022-06-11 16:31:00	2022-10-18 19:39:25.680397	174	10804	524050	108460212155787939
6736	2022-08-12 06:37:00	2022-10-18 20:07:37.370891	29941	10846	524796	108799790077182581
6737	2022-08-10 19:12:00	2022-10-18 20:08:14.269698	2621	10846	524815	108798596470400189
6745	2022-08-04 10:54:00	2022-10-18 20:12:12.688915	28485	10846	524953	108760880637611213
6746	2022-08-04 08:37:00	2022-10-18 20:12:17.602938	4300	10846	524955	108763948471858838
6748	2022-08-03 17:52:00	2022-10-18 20:12:47.213155	8937	10846	524972	108761082236145546
6749	2022-08-03 08:47:00	2022-10-18 20:12:53.556942	7814	10846	524974	108743916683642992
6751	2022-08-03 05:52:00	2022-10-18 20:13:07.712703	64499	10846	524980	108758295623594072
6752	2022-07-30 13:27:00	2022-10-18 20:13:45.084884	148641	10846	525002	108710001323118605
6753	2022-07-29 11:29:00	2022-10-18 20:13:48.585372	16814	10846	525004	108731328344529780
6754	2022-07-28 06:02:00	2022-10-18 20:14:14.854187	2382	10846	525015	108721802238825558
6755	2022-07-28 05:58:00	2022-10-18 20:15:18.092744	2280	10846	525035	108722180878935134
6680	2022-06-11 16:49:00	2022-10-18 19:38:54.967604	279	10804	524037	108460478662517476
9123	2022-08-29 00:00:00	2022-10-27 06:25:19.096182	2151	12056	677273	108907982279168765
9139	2022-07-22 00:00:00	2022-10-27 06:48:25.913315	2151	12056	677434	108691823148576054
6760	2022-07-27 05:48:00	2022-10-18 20:16:11.237205	82269	10846	525058	108715578431399620
6762	2022-07-26 12:49:00	2022-10-18 20:16:19.201146	933	10846	525062	108712048841009316
7380	2022-07-08 17:14:00	2022-10-19 14:51:34.686223	2151	10825	538244	108611892711217434
6765	2022-07-23 22:10:00	2022-10-18 20:17:15.161962	8817	10846	525090	108699835753354915
7776	2022-10-15 11:12:00	2022-10-20 15:57:42.839316	2151	11174	561495	109172884029909688
6361	2022-10-17 18:25:00	2022-10-18 18:39:29.804138	2151	10804	523587	109184035980389790
6768	2022-07-17 05:38:00	2022-10-18 20:19:20.894588	355237	10846	525153	108647848704036897
6769	2022-07-17 05:12:00	2022-10-18 20:19:36.337396	12332	10846	525158	108654523516649593
8197	2022-09-12 14:02:00	2022-10-21 22:40:59.841462	1988	10916	592914	108983419829458057
6771	2022-07-13 06:06:00	2022-10-18 20:20:54.93678	1613	10846	525197	108638862782575016
6724	2022-08-25 19:50:00	2022-10-18 20:01:47.497381	10052	10846	524613	108886180901744841
6697	2022-10-16 18:41:00	2022-10-18 19:52:12.217604	143	10846	524327	109180349059332951
6716	2022-09-06 05:26:00	2022-10-18 19:58:01.860265	143	10846	524499	108948218669205381
6727	2022-08-18 05:45:00	2022-10-18 20:03:33.237664	416	10846	524662	108840295795744934
6763	2022-07-24 19:00:00	2022-10-18 20:16:31.43359	416	10846	525072	108703905747303015
6773	2022-07-11 05:20:00	2022-10-18 20:21:38.704964	410	10846	525217	108585480292963124
6733	2022-08-15 08:13:00	2022-10-18 20:05:59.378148	974	10846	524735	108823062901816144
6683	2022-06-11 16:38:00	2022-10-18 19:39:12.506128	2843	10804	524043	108460523719620346
1920	2022-09-22 12:51:00	2022-09-29 12:07:30.735868	27	4237	169491	109043078407948434
6710	2022-09-17 06:36:00	2022-10-18 19:56:25.466093	174	10846	524441	109009030995675190
6757	2022-07-27 06:07:00	2022-10-18 20:15:50.64908	742	10846	525051	108714283942241720
6682	2022-06-11 16:41:00	2022-10-18 19:39:07.294599	279	10804	524041	108460514258064023
6728	2022-08-17 05:50:00	2022-10-18 20:04:25.97788	143	10846	524685	108836623353774509
1922	2022-09-22 12:47:00	2022-09-29 12:07:32.885637	27	4237	169495	109043060060733391
6698	2022-10-15 04:14:00	2022-10-18 19:52:26.233714	339	10846	524335	109157439429147803
6715	2022-09-08 04:05:00	2022-10-18 19:57:44.033358	323	10846	524486	108960692470540988
6719	2022-09-02 06:29:00	2022-10-18 19:59:05.733455	2949	10846	524532	108926025920793547
6730	2022-08-16 05:49:00	2022-10-18 20:05:38.722569	12529	10846	524723	108831888757213429
6734	2022-08-14 15:33:00	2022-10-18 20:06:16.997307	28485	10846	524746	108821705218422556
6740	2022-08-10 11:43:00	2022-10-18 20:08:41.609197	2195	10846	524832	108798976675652148
6741	2022-08-09 07:12:00	2022-10-18 20:09:22.857252	218068	10846	524859	108687644005731204
6747	2022-08-04 06:18:00	2022-10-18 20:12:34.34973	8937	10846	524964	108762472868067320
6761	2022-07-27 05:42:00	2022-10-18 20:16:15.817039	2263	10846	525059	108713654026161987
6772	2022-07-11 05:46:00	2022-10-18 20:21:34.221909	20211	10846	525215	108627993283182501
6778	2022-07-03 05:10:00	2022-10-18 20:24:02.849053	2179	10846	525284	108581283267056038
6782	2022-07-01 04:43:00	2022-10-18 20:25:08.081907	5236	10846	525312	108570875101433228
8198	2022-09-10 18:28:00	2022-10-21 22:45:16.428932	2191	10916	592935	108976318300645385
8207	2022-08-09 19:12:00	2022-10-21 23:27:13.045493	12726	10916	593203	108794706885932267
8765	2022-08-12 22:11:00	2022-10-24 06:25:59.258024	9048	12956	639648	108812801172311282
8766	2022-08-12 07:28:00	2022-10-24 06:27:14.125881	12360	12956	639668	108763412547223947
8788	2022-08-08 20:52:00	2022-10-24 06:44:36.489361	2569	12956	639947	108790130980260835
8994	2022-08-11 00:00:00	2022-10-26 07:46:07.012891	2113	13173	665821	108807073716966118
8996	2022-08-10 00:00:00	2022-10-26 07:46:51.954424	537	13173	665829	108802164406652296
8997	2022-08-09 00:00:00	2022-10-26 07:47:18.422954	5897	13173	665834	108794517460515043
8998	2022-08-09 00:00:00	2022-10-26 07:47:28.15504	5897	13173	665837	108796060553669595
8206	2022-08-09 19:25:00	2022-10-21 23:25:47.457333	209	10916	593192	108794638179249375
9003	2022-08-03 00:00:00	2022-10-26 07:51:42.371551	4277	13173	665888	108761774196158702
9005	2022-07-29 00:00:00	2022-10-26 07:54:20.017151	14339	13173	665919	108722772889810613
9006	2022-07-29 00:00:00	2022-10-26 07:54:43.413244	4688	13173	665924	108727776203566379
9007	2022-07-29 00:00:00	2022-10-26 07:55:12.887267	5897	13173	665930	108727879591532381
9008	2022-07-23 00:00:00	2022-10-26 07:57:23.441379	836	13173	665955	108699387915138016
9024	2022-07-07 00:00:00	2022-10-26 08:11:30.436482	34	13173	666129	108602340460253335
9010	2022-07-22 00:00:00	2022-10-26 07:58:04.96474	825	13173	665962	108688323838833936
9014	2022-07-16 00:00:00	2022-10-26 08:03:23.556613	170104	13173	666020	108654021656818698
9044	2022-06-10 00:00:00	2022-10-26 08:37:42.725142	21233	13173	666457	108453458109739557
9016	2022-07-15 00:00:00	2022-10-26 08:04:23.70064	5897	13173	666035	108651865441826159
9017	2022-07-13 00:00:00	2022-10-26 08:06:38.460902	12584	13173	666068	108640763207299513
9018	2022-07-12 00:00:00	2022-10-26 08:06:54.380852	2102	13173	666071	108637891452971425
9020	2022-07-12 00:00:00	2022-10-26 08:08:35.257951	835	13173	666091	108637622366094328
9023	2022-07-07 00:00:00	2022-10-26 08:10:43.511446	11192	13173	666119	108609565214364227
9025	2022-07-07 00:00:00	2022-10-26 08:11:42.273562	13961	13173	666132	108603850202910630
9026	2022-07-03 00:00:00	2022-10-26 08:15:26.318996	2109	13173	666178	108586370290376276
9002	2022-08-04 00:00:00	2022-10-26 07:51:15.689048	2103	13173	665882	108765015048631861
9028	2022-07-01 00:00:00	2022-10-26 08:20:05.309519	206	13173	666236	108570126753940222
9029	2022-06-30 00:00:00	2022-10-26 08:20:36.149451	165301	13173	666244	108569926809146445
9030	2022-06-28 00:00:00	2022-10-26 08:24:11.510196	8464	13173	666288	108553141907275488
9031	2022-06-25 00:00:00	2022-10-26 08:25:47.842103	1343	13173	666308	108541274511493667
140	2022-09-07 18:55:00	2022-09-16 12:54:15.485784	232	232	6657	108924291420969777
9033	2022-06-22 00:00:00	2022-10-26 08:27:24.285119	13032	13173	666328	108521486105235288
9035	2022-06-18 00:00:00	2022-10-26 08:28:58.489304	10671	13173	666346	108501676570601559
9036	2022-06-18 00:00:00	2022-10-26 08:29:16.257186	2126	13173	666350	108491346057913288
9038	2022-06-16 00:00:00	2022-10-26 08:30:13.309443	1844	13173	666361	108488390596102441
9039	2022-06-16 00:00:00	2022-10-26 08:30:29.966854	1343	13173	666365	108489028295972501
9040	2022-06-16 00:00:00	2022-10-26 08:31:15.764801	7927	13173	666375	108490300971789357
2272	2022-07-07 15:51:00	2022-09-29 21:54:00.581991	618	4626	188299	108607793773160677
9043	2022-06-14 00:00:00	2022-10-26 08:33:05.865458	1342	13173	666400	108479265980744734
7157	2022-08-10 13:12:00	2022-10-19 13:53:22.939382	13074	10825	535505	108776534075911204
6732	2022-08-16 05:31:00	2022-10-18 20:05:45.396553	300	10846	524727	108635698712848693
9047	2022-08-13 18:04:00	2022-10-26 11:45:44.540765	2519	12967	667945	108817815644498373
9048	2022-08-06 20:54:00	2022-10-26 13:08:00.925614	365606	12967	668680	108778793901571370
8995	2022-08-11 00:00:00	2022-10-26 07:46:17.413025	26	13173	665823	108806893478646004
6743	2022-08-06 23:04:00	2022-10-18 20:10:47.749458	166	10846	524908	108777216683991620
9027	2022-07-01 00:00:00	2022-10-26 08:17:49.364715	2893	13173	666208	108575650627033626
10543	2022-10-09 00:00:00	2022-11-14 05:04:59.229437	618	13332	765737	109138871319154074
1519	2022-09-02 02:31:00	2022-09-27 08:33:36.573312	488	2155	111403	108927138062197597
8767	2022-08-12 07:25:00	2022-10-24 06:27:37.445706	439	12956	639674	108807429201710574
6781	2022-07-02 04:12:00	2022-10-18 20:24:41.448665	359	10846	525302	108574220438987552
9011	2022-07-21 00:00:00	2022-10-26 07:59:07.836913	1118	13173	665974	108688535082723062
9012	2022-07-18 00:00:00	2022-10-26 08:01:22.377466	1118	13173	665998	108671766467740018
10564	2022-11-18 00:00:00	2022-11-20 01:06:24.561717	1118	19961	794513	109365601389115994
8999	2022-08-06 00:00:00	2022-10-26 07:48:51.676954	1389	13173	665853	108770347800891167
9013	2022-07-16 00:00:00	2022-10-26 08:03:10.624861	1611	13173	666017	108654848535503121
9015	2022-07-15 00:00:00	2022-10-26 08:03:56.180909	1611	13173	666028	108654763820143684
9034	2022-06-18 00:00:00	2022-10-26 08:28:40.465696	143	13173	666343	108501308304476853
6756	2022-07-27 19:30:00	2022-10-18 20:15:25.409934	726	10846	525040	108721851054541330
6717	2022-09-03 12:04:00	2022-10-18 19:58:26.892455	726	10846	524516	108935314929118538
9021	2022-07-09 00:00:00	2022-10-26 08:09:47.248564	695	13173	666106	108615548455606160
6775	2022-07-09 20:09:00	2022-10-18 20:22:10.748679	148641	10846	525232	108489102475747970
6776	2022-07-06 05:44:00	2022-10-18 20:23:12.774203	355237	10846	525262	108483722579444209
6777	2022-07-04 10:32:00	2022-10-18 20:23:36.645568	2478	10846	525273	108584718883680633
6779	2022-07-03 04:24:00	2022-10-18 20:24:13.425169	17314	10846	525288	108581189775150214
6780	2022-07-02 11:35:00	2022-10-18 20:24:25.892541	7297	10846	525294	108575725544521285
6789	2022-06-25 05:12:00	2022-10-18 20:32:36.248837	2196	10846	525464	108535025335650686
8199	2022-09-03 21:40:00	2022-10-21 22:50:54.749039	2418	10916	592973	108937560159425973
8200	2022-08-21 13:51:00	2022-10-21 22:59:56.985579	825	10916	593029	108861889445675427
8202	2022-08-12 21:53:00	2022-10-21 23:11:11.473011	9710	10916	593100	108811963083771984
8203	2022-08-12 21:47:00	2022-10-21 23:14:47.813165	4299	10916	593118	108811273537939031
8267	2022-07-06 16:15:00	2022-10-22 16:28:07.545834	28	12844	610825	108601960101024406
8239	2022-08-21 16:10:00	2022-10-22 16:14:07.607968	416	12844	610181	108860556175591196
10565	2022-11-17 00:00:00	2022-11-20 01:07:18.780093	7827	19961	794521	109362804163829441
8210	2022-08-08 19:56:00	2022-10-21 23:31:53.869377	2948	10916	593230	108789661893248900
8211	2022-08-06 08:16:00	2022-10-21 23:33:34.732295	12503	10916	593242	108773786155132157
8212	2022-07-31 13:47:00	2022-10-21 23:38:37.05693	2232	10916	593280	108620063518887025
8224	2022-06-15 15:07:00	2022-10-22 01:04:05.341904	102	12092	593770	108427947418022854
8214	2022-07-31 00:00:00	2022-10-21 23:44:30.965125	2106	10916	593342	108739403684345064
8215	2022-07-18 21:03:00	2022-10-21 23:58:33.077054	684	10916	593425	108663951716799476
8216	2022-07-15 07:11:00	2022-10-22 00:09:20.55733	12317	10916	593441	108636790828763413
8218	2022-07-08 19:24:00	2022-10-22 00:25:30.42485	12228	10916	593485	108475555509705720
8219	2022-07-06 05:22:00	2022-10-22 00:31:01.689315	12276	10916	593516	108593053529452995
8220	2022-07-05 17:17:00	2022-10-22 00:36:27.444901	13877	10916	593554	108592972439745650
8222	2022-07-03 22:07:00	2022-10-22 00:53:14.557446	12457	10916	593662	108574390585323468
8223	2022-06-30 22:48:00	2022-10-22 01:02:08.216207	22619	10916	593751	108564619218078107
8225	2022-06-25 20:54:00	2022-10-22 01:26:42.073114	12361	10916	594014	108536182495287525
6790	2022-06-25 04:53:00	2022-10-18 20:35:49.132764	174	10846	525520	108535425898326062
8227	2022-06-23 23:57:00	2022-10-22 01:35:41.72643	34497	10916	594094	108469836621589982
8228	2022-06-21 04:53:00	2022-10-22 01:40:06.059546	1359	10916	594115	108331187386429456
8229	2022-06-17 19:28:00	2022-10-22 01:49:35.876854	2454	10916	594210	108489824519404863
8230	2022-06-17 11:51:00	2022-10-22 01:51:11.599867	917	10916	594227	108493172752844942
8231	2022-06-16 19:32:00	2022-10-22 01:54:24.357026	2203	10916	594263	108486255683042944
8232	2022-06-16 17:58:00	2022-10-22 01:58:03.848911	2203	10916	594315	108487686131450519
8233	2022-06-15 20:38:00	2022-10-22 02:03:40.04096	1999	10916	594407	108480958518084574
8234	2022-06-14 21:29:00	2022-10-22 02:08:17.541052	2233	10916	594512	108478541863058396
8235	2022-10-10 00:00:00	2022-10-22 16:08:58.045911	20371	12844	609913	109140877196661156
8237	2022-09-01 18:05:00	2022-10-22 16:10:59.468278	9286	12844	610019	108924766631352910
8201	2022-08-21 13:46:00	2022-10-21 23:01:26.945051	322	10916	593036	108856836148406138
8240	2022-08-19 14:50:00	2022-10-22 16:14:40.375392	11150	12844	610207	108851029706382581
8241	2022-08-18 18:06:00	2022-10-22 16:14:47.947069	46494	12844	610216	108846092121114308
8242	2022-08-02 23:00:00	2022-10-22 16:15:21.111276	12503	12844	610240	108756686380260247
8243	2022-08-01 19:00:00	2022-10-22 16:15:29.654371	76197	12844	610249	108713979586039655
8244	2022-07-31 17:17:00	2022-10-22 16:15:46.625214	16705	12844	610266	108524843959437126
8245	2022-07-30 17:26:00	2022-10-22 16:16:15.048481	357111	12844	610285	108728069995081562
8246	2022-07-29 20:06:00	2022-10-22 16:16:38.435576	4818	12844	610305	108733333359807104
8247	2022-07-29 10:04:00	2022-10-22 16:16:53.050935	1988	12844	610315	108730829021990895
8248	2022-07-29 09:47:00	2022-10-22 16:17:07.883351	2555	12844	610322	108730693047194248
8249	2022-07-28 16:43:00	2022-10-22 16:17:25.782992	32691	12844	610339	108726907852856204
6786	2022-06-28 05:32:00	2022-10-18 20:27:59.296669	146	10846	525366	108552468326347386
8251	2022-07-28 09:46:00	2022-10-22 16:17:55.405307	17082	12844	610362	108694041549739765
8253	2022-07-27 17:47:00	2022-10-22 16:18:14.530917	4279	12844	610377	108720325459648619
8254	2022-07-24 16:58:00	2022-10-22 16:21:08.812214	2204	12844	610486	108703375906597708
8255	2022-07-19 22:50:00	2022-10-22 16:23:34.6056	13659	12844	610603	108677383043849156
8256	2022-07-19 22:38:00	2022-10-22 16:23:40.142672	67695	12844	610607	108677315019750766
8257	2022-07-18 17:50:00	2022-10-22 16:23:43.861233	82058	12844	610612	108448625097378330
8258	2022-07-10 16:43:00	2022-10-22 16:25:40.19713	17732	12844	610705	108624983402575823
8259	2022-07-09 13:12:00	2022-10-22 16:26:07.605909	2379	12844	610731	108613637075974226
8260	2022-07-09 11:08:00	2022-10-22 16:26:13.935102	12276	12844	610737	108615883817403789
8261	2022-07-08 21:22:00	2022-10-22 16:26:39.330799	2506	12844	610757	108614633789556457
8262	2022-07-08 19:00:00	2022-10-22 16:26:44.952504	7995	12844	610763	108612659818818413
8263	2022-07-07 10:44:00	2022-10-22 16:27:25.473024	9216	12844	610797	108606589761094938
8264	2022-07-07 03:19:00	2022-10-22 16:27:29.148542	4889	12844	610801	108603794392241435
8265	2022-07-06 19:14:00	2022-10-22 16:28:03.337109	2457	12844	610821	108602919832457184
8266	2022-07-06 18:48:00	2022-10-22 16:28:05.074821	7010	12844	610823	108602820649739964
8268	2022-07-06 15:24:00	2022-10-22 16:28:12.37461	1593	12844	610829	108598439230504714
8269	2022-07-06 15:17:00	2022-10-22 16:28:14.66985	14340	12844	610832	108601994566551048
8270	2022-07-05 17:46:00	2022-10-22 16:28:29.322383	36172	12844	610847	108596913766919052
8271	2022-07-05 01:21:00	2022-10-22 16:28:59.761416	7959	12844	610871	108593028435690697
8272	2022-07-05 01:00:00	2022-10-22 16:29:26.052573	12503	12844	610891	108592291488692737
8273	2022-07-03 22:56:00	2022-10-22 16:29:34.669485	14578	12844	610896	108586594172916563
600	2022-07-06 10:10:00	2022-09-19 10:26:49.084939	27	199	53422	108600791368823038
451	2022-09-04 16:36:00	2022-09-18 13:37:06.266401	1993	987	41770	108937496505008707
8221	2022-07-03 22:22:00	2022-10-22 00:49:25.761907	410	10916	593640	108580531247541966
8236	2022-09-05 18:47:00	2022-10-22 16:10:21.771553	1168	12844	609984	108948021964125388
469	2022-08-21 18:31:00	2022-09-18 13:38:46.029115	1993	987	41812	108862054254978358
2506	2022-07-21 16:59:00	2022-10-04 01:20:57.035654	1993	5333	240584	108664639095512995
4706	2022-07-21 17:07:00	2022-10-15 05:54:11.229926	1993	9365	439972	108664639095512995
6783	2022-06-30 10:38:00	2022-10-18 20:25:37.116508	2619	10846	525321	108566095089441070
8276	2022-07-02 15:14:00	2022-10-22 16:30:10.529387	2109	12844	610922	108579261052675514
8277	2022-07-02 11:04:00	2022-10-22 16:30:21.492324	13070	12844	610933	108578348694607854
8280	2022-06-30 09:54:00	2022-10-22 16:31:48.189363	2013	12844	611018	108566535825392748
8282	2022-06-28 20:23:00	2022-10-22 16:32:34.133868	23980	12844	611059	108534857724037703
8283	2022-06-27 00:00:00	2022-10-22 16:32:43.991356	30031	12844	611070	108453639139198374
8287	2022-06-23 18:35:00	2022-10-22 16:34:35.636817	16522	12844	611164	108529167393322368
8288	2022-06-23 18:33:00	2022-10-22 16:34:38.272101	23525	12844	611166	108529149789734390
8289	2022-06-23 18:19:00	2022-10-22 16:34:48.151675	9048	12844	611175	108529090510314358
8291	2022-06-23 14:59:00	2022-10-22 16:35:17.068711	393133	12844	611198	108528160228628594
8292	2022-06-23 09:16:00	2022-10-22 16:35:19.709285	2200	12844	611201	108526224855141744
8294	2022-06-20 19:25:00	2022-10-22 16:36:35.726971	1332	12844	611260	108512373245307814
8296	2022-06-20 18:25:00	2022-10-22 16:36:55.859965	8442	12844	611279	108511763708203805
8298	2022-06-19 06:45:00	2022-10-22 16:37:49.09893	2268	12844	611315	108501717152393466
8299	2022-06-18 11:08:00	2022-10-22 16:38:29.92129	308	12844	611329	108499058182861406
8300	2022-06-17 09:35:00	2022-10-22 16:39:20.189242	2222	12844	611338	108488178021127477
8302	2022-06-12 16:27:00	2022-10-22 16:42:23.845827	2268	12844	611407	108466267694151539
8303	2022-06-12 11:43:00	2022-10-22 16:44:18.283004	42004	12844	611411	108460536321889279
8304	2022-06-12 11:41:00	2022-10-22 16:44:20.974302	2198	12844	611412	108465206934432437
8768	2022-08-12 05:58:00	2022-10-24 06:28:44.134225	17353	12956	639693	108807588956648085
8771	2022-08-10 06:30:00	2022-10-24 06:30:46.877451	2519	12956	639721	108792213262614184
8775	2022-08-10 06:14:00	2022-10-24 06:32:46.365793	105	12956	639751	108794994141110934
8777	2022-08-10 06:09:00	2022-10-24 06:33:36.845832	5236	12956	639768	108796143130998117
8799	2022-07-20 06:09:00	2022-10-24 06:59:03.309184	11634	12956	640179	108679036915958744
8803	2022-07-19 05:50:00	2022-10-24 07:03:27.55484	2519	12956	640245	108673240146349338
8805	2022-07-18 06:56:00	2022-10-24 07:05:14.615511	2977	12956	640268	108667938599671452
8811	2022-07-13 05:31:00	2022-10-24 07:12:23.244543	64109	12956	640372	108636006090053812
8774	2022-08-31 02:27:00	2022-10-24 06:32:19.330247	10856	10856	639744	108846915037754209
9050	2022-08-06 20:36:00	2022-10-26 13:08:18.412327	2569	12967	668684	108778787447811887
9245	2022-10-13 00:00:00	2022-10-27 21:44:56.270468	934	13351	682184	109160600635569159
9262	2022-10-11 00:00:00	2022-10-27 22:04:26.127359	8249	13351	682309	109150703716514789
9281	2022-08-23 00:00:00	2022-10-27 22:34:01.007621	2187	2780	682510	108317427744274262
9244	2022-10-13 00:00:00	2022-10-27 21:44:44.946883	13351	13351	682183	108850938154575108
9271	2022-10-10 00:00:00	2022-10-27 22:16:34.898378	13351	13351	682411	109135553900681871
9375	2022-07-02 00:00:00	2022-10-28 03:55:44.693232	1613	13775	683906	108574792674663940
9377	2022-09-29 00:00:00	2022-10-28 19:17:04.32997	11018	13804	685390	109085218934394924
9378	2022-07-09 00:00:00	2022-10-28 19:38:26.817026	2198	13804	685488	108617565202948473
9379	2022-06-30 00:00:00	2022-10-28 19:41:44.196335	53671	13804	685505	108569142138045551
9381	2022-10-13 00:00:00	2022-10-28 20:18:30.441796	73730	13768	685750	109154800945845174
9382	2022-10-06 00:00:00	2022-10-28 20:33:25.673711	11589	13803	685842	109030901706210298
9384	2022-09-28 00:00:00	2022-10-28 20:34:43.917711	12661	13803	685853	108988846746104916
9385	2022-09-28 00:00:00	2022-10-28 20:34:57.081708	403136	13803	685855	108988543874725158
9386	2022-08-30 00:00:00	2022-10-28 20:37:19.94165	1333	13803	685874	108889810851781342
9389	2022-08-09 00:00:00	2022-10-28 20:45:06.022241	211792	13803	685934	108776959320049050
9390	2022-08-09 00:00:00	2022-10-28 20:45:47.133717	64176	13803	685939	108258231863091454
9391	2022-07-27 00:00:00	2022-10-28 20:51:04.220182	59502	13803	685979	108722724503130089
9392	2022-07-27 00:00:00	2022-10-28 20:51:16.554118	47766	13803	685981	108722723641395120
10566	2022-11-16 00:00:00	2022-11-20 01:07:29.571837	1608	19961	794524	109357128928215317
9272	2022-10-10 00:00:00	2022-10-27 22:16:48.388098	1118	13351	682414	109144584100964602
9395	2022-07-21 00:00:00	2022-10-28 20:52:28.9799	13460	13803	685991	108688483812088909
9396	2022-07-19 00:00:00	2022-10-28 20:54:20.299029	2198	13803	686005	108674368258302225
9397	2022-07-18 00:00:00	2022-10-28 20:58:12.985428	3354	13803	686026	108664283462779830
9400	2022-07-10 00:00:00	2022-10-28 21:00:53.115315	3900	13803	686047	108583378970004573
9380	2022-06-28 00:00:00	2022-10-28 19:43:02.42005	258	13804	685513	108558015386444178
9402	2022-07-10 00:00:00	2022-10-28 21:01:44.562554	1988	13803	686053	108614387043545038
9403	2022-07-08 00:00:00	2022-10-28 21:02:00.446509	2405	13803	686054	108607760857685034
9404	2022-07-08 00:00:00	2022-10-28 21:02:16.22589	2405	13803	686056	108607735320295942
9398	2022-07-11 00:00:00	2022-10-28 20:58:48.998888	1408	13803	686030	108607957591798286
9406	2022-07-05 00:00:00	2022-10-28 21:02:50.097674	9216	13803	686061	108583617402942026
9409	2022-06-24 00:00:00	2022-10-28 21:06:01.293408	4943	13803	686087	108478557063149235
9410	2022-06-23 00:00:00	2022-10-28 21:06:29.562941	2977	13803	686091	108455809592950327
9411	2022-09-10 00:00:00	2022-10-28 21:15:17.453471	16683	13768	686144	108972042459967576
9412	2022-09-01 00:00:00	2022-10-28 21:32:26.273805	1844	13768	686278	108924108855116918
9413	2022-08-29 00:00:00	2022-10-28 21:39:55.554023	10902	13768	686333	108904220501988915
9414	2022-08-26 00:00:00	2022-10-28 21:43:11.526892	934	13768	686359	108890996792026384
9415	2022-08-16 00:00:00	2022-10-28 22:01:33.186352	2280	13768	686485	108830080192597351
9387	2022-08-27 00:00:00	2022-10-28 20:39:07.379638	416	13803	685888	108877486515139094
10568	2022-11-12 00:00:00	2022-11-20 01:14:10.706166	65514	19961	794599	109334512716636766
9399	2022-07-10 00:00:00	2022-10-28 21:00:37.256681	143	13803	686045	108569852654493326
10569	2022-11-10 00:00:00	2022-11-20 01:14:27.649791	303	19961	794603	109320740946787592
10572	2022-11-04 00:00:00	2022-11-20 01:27:02.406201	537	19961	794724	109286088014040620
8278	2022-07-01 23:37:00	2022-10-22 16:30:29.949433	222	12844	610942	108575357593389463
9376	2022-10-28 00:00:00	2022-10-28 19:10:48.018406	274	13804	685366	109240862067279532
8804	2022-07-18 12:54:00	2022-10-24 07:04:24.784329	125	12956	640257	108669340060875141
9407	2022-07-05 00:00:00	2022-10-28 21:03:09.991487	2843	13803	686063	108592465430607551
8776	2022-08-10 06:13:00	2022-10-24 06:33:24.44391	12084	12956	639765	108789923050266330
9408	2022-06-24 00:00:00	2022-10-28 21:04:33.577847	306	13803	686076	108523485292421290
6785	2022-06-28 05:53:00	2022-10-18 20:27:22.24081	143	10846	525354	108552225824715746
6788	2022-06-26 09:14:00	2022-10-18 20:30:14.357006	23320	10846	525411	108543209598672713
6791	2022-06-19 18:38:00	2022-10-18 20:37:27.405125	7321	10846	525554	108506458659354163
6858	2022-09-28 14:21:00	2022-10-19 10:28:18.086506	1445	10825	530755	109073376862880160
6856	2022-09-29 15:36:00	2022-10-19 10:26:41.474586	145	10825	530711	109083228895601898
6821	2022-06-17 13:54:00	2022-10-19 08:35:29.387048	504	10952	528262	108494088253014186
6837	2022-10-11 17:17:00	2022-10-19 10:06:47.110644	33	10825	530119	109128627415133613
6397	2022-10-15 02:50:00	2022-10-18 18:48:30.931806	10804	10804	523632	109170512087065751
6498	2022-08-22 17:59:00	2022-10-18 19:12:24.772336	10804	10804	523775	108861949730298891
6497	2022-08-22 18:02:00	2022-10-18 19:12:21.486221	10804	10804	523774	108861938368567660
6496	2022-08-22 18:08:00	2022-10-18 19:12:17.240905	10804	10804	523773	108861764513111385
6531	2022-08-06 20:31:00	2022-10-18 19:17:01.266267	10804	10804	523815	108778715088584580
6654	2022-07-06 20:34:00	2022-10-18 19:35:04.378338	10804	10804	523982	108602774909285768
6659	2022-07-02 20:33:00	2022-10-18 19:35:34.453919	10804	10804	523988	108494911301611606
6770	2022-07-13 08:45:00	2022-10-18 20:20:38.476885	10846	10846	525189	108640090869669387
6784	2022-06-29 08:39:00	2022-10-18 20:26:28.780463	10846	10846	525338	108560799669058049
6792	2022-06-19 18:20:00	2022-10-18 20:37:59.992134	10846	10846	525567	108506448229804537
6793	2022-06-19 05:32:00	2022-10-18 20:38:42.416909	10846	10846	525586	108503432365506256
6795	2022-06-14 05:50:00	2022-10-18 20:40:23.868851	10846	10846	525625	108475192735696029
6798	2022-10-17 23:15:00	2022-10-19 08:22:32.013805	15362	10952	527636	109187081611867424
6799	2022-10-05 22:18:00	2022-10-19 08:22:46.381736	10953	10952	527650	109118896925117200
6800	2022-10-05 22:16:00	2022-10-19 08:23:03.375027	2402	10952	527657	109118079528233449
6801	2022-10-05 21:01:00	2022-10-19 08:23:10.494776	10953	10952	527662	109118615434518875
6802	2022-10-04 16:05:00	2022-10-19 08:23:19.362105	1269	10952	527671	109111783256819596
6805	2022-09-30 16:09:00	2022-10-19 08:23:34.581723	386737	10952	527683	109088659859326273
6796	2022-06-12 06:42:00	2022-10-18 20:40:57.171698	83	10846	525639	108459504214600487
6807	2022-09-25 01:39:00	2022-10-19 08:24:16.083508	687	10952	527717	109025137850946515
6808	2022-09-24 13:00:00	2022-10-19 08:24:18.224036	178830	10952	527719	109054384103452423
6809	2022-09-18 20:49:00	2022-10-19 08:24:28.497943	2319	10952	527732	109022127696668247
6810	2022-09-18 06:40:00	2022-10-19 08:24:33.897461	11072	10952	527736	109018059853285930
6811	2022-09-16 01:04:00	2022-10-19 08:25:03.062879	2348	10952	527756	109005938243384666
6812	2022-09-14 17:07:00	2022-10-19 08:25:16.342265	1654	10952	527767	108998709577237916
6813	2022-09-12 21:57:00	2022-10-19 08:25:21.758145	11928	10952	527772	108988467882186980
6814	2022-08-25 23:36:00	2022-10-19 08:27:15.599274	2898	10952	527870	108886756459178849
6787	2022-06-28 05:20:00	2022-10-18 20:28:16.250817	222	10846	525371	108552682376977018
6816	2022-08-05 15:23:00	2022-10-19 08:29:19.302461	74402	10952	527985	108771589118553025
6817	2022-08-04 17:55:00	2022-10-19 08:29:39.457826	4421	10952	528004	108763555180259491
6818	2022-08-04 17:44:00	2022-10-19 08:30:36.751592	153733	10952	528032	108763452038241919
6819	2022-07-15 11:18:00	2022-10-19 08:32:03.86178	922	10952	528108	108651840182004626
6822	2022-06-16 17:48:00	2022-10-19 08:35:38.113314	2436	10952	528270	108451127409463365
6820	2022-07-06 13:32:00	2022-10-19 08:34:34.161726	10952	10952	528216	108421307445414795
6823	2022-10-17 06:49:00	2022-10-19 09:53:24.88228	12262	10825	529882	109183158319417484
6824	2022-10-17 06:44:00	2022-10-19 09:53:26.403279	4542	10825	529883	109181551046414903
6826	2022-10-15 19:26:00	2022-10-19 09:55:03.107849	39258	10825	529905	109174146421060550
6827	2022-10-15 19:13:00	2022-10-19 09:55:19.481789	6173	10825	529908	109157698895145088
6828	2022-10-14 18:00:00	2022-10-19 09:56:17.249827	2191	10825	529919	109167978712091228
10567	2022-11-15 00:00:00	2022-11-20 01:08:41.816849	4338	19961	794538	109351621689836007
6830	2022-10-13 13:16:00	2022-10-19 10:00:27.603177	933	10825	529987	109158453764681496
10570	2022-11-08 00:00:00	2022-11-20 01:21:39.290408	7820	19961	794672	109311905169602283
6832	2022-10-13 12:41:00	2022-10-19 10:00:58.257507	229830	10825	530001	109161779592087050
6833	2022-10-13 12:31:00	2022-10-19 10:01:09.206411	8465	10825	530005	109161827051714402
6834	2022-10-13 12:17:00	2022-10-19 10:01:34.727522	5343	10825	530015	109160609743781532
10571	2022-11-06 00:00:00	2022-11-20 01:24:18.426505	23847	19961	794695	109300693060550484
6836	2022-10-12 12:29:00	2022-10-19 10:04:42.392241	2191	10825	530078	109127487512299381
6839	2022-10-10 15:00:00	2022-10-19 10:11:03.989936	61686	10825	530213	109145350887846605
6840	2022-10-10 12:42:00	2022-10-19 10:11:43.838143	323	10825	530231	109144449839401768
6841	2022-10-10 12:24:00	2022-10-19 10:12:09.425964	2191	10825	530238	109144399877806170
6797	2022-06-11 11:20:00	2022-10-18 20:42:14.677811	416	10846	525672	108459019289915499
6843	2022-10-06 17:15:00	2022-10-19 10:16:03.94102	8465	10825	530404	109123360157470597
6844	2022-10-06 14:21:00	2022-10-19 10:17:40.077597	37338	10825	530474	109119729089476218
6845	2022-10-06 13:44:00	2022-10-19 10:17:50.551642	10984	10825	530478	109120681915881859
6847	2022-10-05 05:56:00	2022-10-19 10:19:50.414739	10902	10825	530522	109114680719555372
6848	2022-10-05 05:36:00	2022-10-19 10:20:21.145531	8404	10825	530534	108546031633008303
6849	2022-10-05 04:26:00	2022-10-19 10:20:42.731573	343690	10825	530542	109114695024231373
6850	2022-10-04 02:32:00	2022-10-19 10:21:01.869489	90948	10825	530551	109108495305113399
6851	2022-09-19 16:40:00	2022-10-19 10:21:14.565703	8996	10925	530558	109026845618839903
6852	2022-09-18 15:50:00	2022-10-19 10:22:29.250121	4205	10925	530594	109019620450809683
6853	2022-10-02 05:12:00	2022-10-19 10:24:35.820584	8019	10825	530652	109096865896133640
6857	2022-09-12 07:25:00	2022-10-19 10:28:00.140924	9853	10925	530745	108985172126672648
10574	2022-11-02 00:00:00	2022-11-20 01:27:47.307455	81	19961	794734	109277744883787917
6855	2022-09-29 15:43:00	2022-10-19 10:26:36.631389	322	10825	530708	109083197998326512
6860	2022-09-27 18:32:00	2022-10-19 10:32:14.082947	140532	10825	530847	109072474333236766
6863	2022-09-25 15:31:00	2022-10-19 10:38:25.58858	242830	10825	531010	109060670217221835
6867	2022-09-23 04:58:00	2022-10-19 10:42:47.63366	2195	10825	531136	109042238392723142
6868	2022-09-21 16:37:00	2022-10-19 10:45:09.051742	4600	10825	531205	109036717171977825
6869	2022-09-21 15:39:00	2022-10-19 10:45:38.6536	12559	10825	531221	109038035593444225
6870	2022-09-21 13:24:00	2022-10-19 10:47:21.835123	5721	10825	531267	109037124487591873
6876	2022-09-20 04:15:00	2022-10-19 10:51:44.972251	26182	10825	531364	109028070949133133
8275	2022-07-03 17:18:00	2022-10-22 16:29:47.976334	68966	12844	610909	108300420616882148
8279	2022-06-30 23:30:00	2022-10-22 16:31:30.533148	2095	12844	611000	108568127764054998
8281	2022-06-28 20:35:00	2022-10-22 16:32:28.705234	46494	12844	611055	108556579978401622
8284	2022-06-26 15:07:00	2022-10-22 16:33:05.246343	17769	12844	611085	108545288510517800
8285	2022-06-24 17:56:00	2022-10-22 16:33:36.366316	68548	12844	611116	108528164679785632
8286	2022-06-24 11:47:00	2022-10-22 16:33:46.486186	2228	12844	611126	108532353225606328
8293	2022-06-22 21:34:00	2022-10-22 16:35:24.882224	17769	12844	611207	108524200776958011
8295	2022-06-20 18:27:00	2022-10-22 16:36:51.655432	4026	12844	611277	108512142731573344
8297	2022-06-20 17:18:00	2022-10-22 16:36:58.60525	59065	12844	611282	108511853975381218
8301	2022-06-17 00:00:00	2022-10-22 16:40:14.94914	9159	12844	611352	108491009718630208
8314	2022-10-22 14:38:00	2022-10-23 09:41:02.090914	105	12888	622398	109207282570090709
8306	2022-08-08 06:21:00	2022-10-22 21:42:18.397874	14171	12784	613820	108786737180938908
8308	2022-08-12 16:17:00	2022-10-23 08:13:54.835524	1902	12852	621103	108788851466285014
8309	2022-10-22 11:08:00	2022-10-23 09:31:35.955574	1844	12936	622232	109146292711334216
8312	2022-10-22 14:46:00	2022-10-23 09:39:59.630664	2765	12888	622380	109212842218594863
8313	2022-10-17 10:07:00	2022-10-23 09:40:43.411062	1302	12936	622392	109183827982515322
8328	2022-10-20 20:49:00	2022-10-23 10:10:20.902887	326	12888	622997	109202033510646643
8315	2022-10-06 11:36:00	2022-10-23 09:44:29.408098	31757	12936	622473	109116160650081088
8316	2022-10-06 11:34:00	2022-10-23 09:45:13.703046	31757	12936	622488	109118771884439294
8317	2022-10-06 11:32:00	2022-10-23 09:46:39.639041	31757	12936	622515	109121711296154853
8318	2022-10-22 10:15:00	2022-10-23 09:46:39.658857	2182	12888	622516	109212260801216641
8319	2022-10-22 10:13:00	2022-10-23 09:47:01.451212	2000	12888	622521	109211665403662930
8320	2022-10-21 22:27:00	2022-10-23 09:49:48.267142	30539	12888	622580	109207596299862319
8321	2022-10-05 12:04:00	2022-10-23 09:54:27.943195	10279	12936	622676	109115996812584294
8322	2022-10-21 11:59:00	2022-10-23 09:56:26.011075	3792	12888	622712	109207072095886200
8323	2022-10-21 10:39:00	2022-10-23 09:58:06.360931	140	12888	622749	109205853629725472
8324	2022-10-21 10:33:00	2022-10-23 10:01:12.494947	140	12888	622799	109206686229372058
8326	2022-10-21 04:48:00	2022-10-23 10:02:21.358782	17396	12888	622821	109205390144175029
8327	2022-10-20 21:16:00	2022-10-23 10:07:35.433249	934	12888	622938	109202349627304117
8329	2022-10-19 18:31:00	2022-10-23 10:19:13.002731	13471	12888	623226	109197298433108437
8330	2022-08-21 23:35:00	2022-10-23 10:21:25.050779	10641	12936	623270	108838452222427655
8332	2022-08-21 23:20:00	2022-10-23 10:22:18.458501	26704	12936	623290	108863398086330356
8333	2022-10-19 16:20:00	2022-10-23 10:22:52.388113	5504	12888	623299	109105617638465324
8335	2022-10-19 14:22:00	2022-10-23 10:25:46.378948	13797	12888	623353	109196312582175806
8361	2022-10-17 19:38:00	2022-10-23 10:55:16.365582	274	12888	624027	109185972619089276
8365	2022-10-17 16:16:00	2022-10-23 11:01:07.982353	125	12888	624143	109183429258412679
8340	2022-08-15 21:14:00	2022-10-23 10:28:14.500659	173553	12936	623404	108828711544927012
8331	2022-10-19 16:54:00	2022-10-23 10:22:02.828185	103	12888	623284	109196903753452550
8342	2022-08-12 00:00:00	2022-10-23 10:30:28.142426	319	12936	623451	108804857296644041
8344	2022-10-19 12:40:00	2022-10-23 10:30:49.353927	271	12888	623458	109195507875413255
8129	2022-06-22 20:22:00	2022-10-21 05:17:26.059444	27	11304	577655	108521532911183591
8346	2022-10-19 11:44:00	2022-10-23 10:34:28.245823	142085	12888	623543	109195700866546205
8348	2022-10-18 23:28:00	2022-10-23 10:35:19.22625	95148	12888	623559	109192790192464550
8349	2022-08-08 15:46:00	2022-10-23 10:35:28.966324	2109	12936	623565	108788717396614760
8350	2022-10-18 23:17:00	2022-10-23 10:36:22.289811	36465	12888	623584	109189876196116705
8357	2022-10-18 20:11:00	2022-10-23 10:45:10.833772	103	12888	623794	109192007912999479
8352	2022-10-18 21:58:00	2022-10-23 10:41:05.077835	1333	12888	623695	109191495874101424
8353	2022-07-29 11:15:00	2022-10-23 10:42:28.142046	2280	12936	623735	108731202575737459
8356	2022-10-18 20:49:00	2022-10-23 10:44:16.477909	4542	12888	623774	109190109252860807
8359	2022-07-20 15:02:00	2022-10-23 10:50:22.963109	9425	12936	623914	108553010869997153
8360	2022-07-20 14:58:00	2022-10-23 10:51:23.418022	43894	12936	623940	108681193092762686
8362	2022-10-17 18:59:00	2022-10-23 10:57:14.87779	271	12888	624071	109185927236648295
8363	2022-10-17 16:54:00	2022-10-23 10:58:14.458223	1343	12888	624089	109185267715670977
8307	2022-06-18 19:21:00	2022-10-22 22:51:26.461919	143	12784	614861	108501030350022789
8367	2022-07-13 11:51:00	2022-10-23 11:03:00.785905	34	12936	624178	108640116499146583
8338	2022-10-19 13:55:00	2022-10-23 10:27:26.518288	198	12888	623387	109194710843191695
10576	2022-09-26 00:00:00	2022-11-20 05:24:31.650888	19951	19951	796259	109062648409203141
1865	2022-08-10 19:28:00	2022-09-28 02:53:47.999182	27	2876	122843	108798613637233543
1377	2022-09-26 14:43:00	2022-09-27 04:07:18.055425	937	185	105980	109066156576344663
8345	2022-10-19 11:47:00	2022-10-23 10:34:11.857882	198	12888	623537	109195707863548986
8336	2022-10-19 14:02:00	2022-10-23 10:26:37.930815	316	12888	623370	109196137062943600
8334	2022-10-19 15:22:00	2022-10-23 10:24:51.686561	174	12888	623338	109194585190085391
8290	2022-06-23 15:37:00	2022-10-22 16:34:57.270687	322	12844	611180	108528314867951634
8325	2022-10-21 10:31:00	2022-10-23 10:01:27.659167	322	12888	622803	109206725568869099
8343	2022-10-19 13:14:00	2022-10-23 10:30:34.538061	326	12888	623452	109195899060030902
8355	2022-07-25 10:39:00	2022-10-23 10:43:33.141945	1997	12936	623759	108705561213684828
8354	2022-07-26 20:09:00	2022-10-23 10:43:23.953997	974	12936	623753	108716251282704774
6864	2022-09-24 16:35:00	2022-10-19 10:38:47.012368	271	10825	531021	109049521620194569
6865	2022-09-23 15:22:00	2022-10-19 10:41:28.856744	22500	10825	531097	109049128319937674
6871	2022-08-28 10:02:00	2022-10-19 10:48:08.070331	31128	10925	531286	108900744789342827
10577	2022-09-18 00:00:00	2022-11-20 05:38:12.439936	81	19951	796381	109022881945149430
6878	2022-09-19 18:56:00	2022-10-19 10:52:54.938467	116430	10825	531391	109015534400463016
6890	2022-08-17 06:52:00	2022-10-19 11:07:49.149819	14294	10925	531752	108837744559816378
6894	2022-09-15 15:01:00	2022-10-19 11:09:34.577805	271	10825	531803	109003955691624227
6901	2022-09-13 18:13:00	2022-10-19 11:15:36.462919	8543	10825	531965	108992796531613431
6905	2022-09-13 08:53:00	2022-10-19 11:15:48.374513	3900	10825	531972	108990679667371436
6911	2022-09-12 17:04:00	2022-10-19 11:18:06.701426	4137	10825	532047	108987446377224370
6915	2022-07-09 16:16:00	2022-10-19 11:18:35.583899	2280	10980	532062	108528124406473778
8387	2022-10-14 12:05:00	2022-10-23 11:26:34.10177	13471	12888	624713	109167475730368745
8390	2022-06-24 10:37:00	2022-10-23 11:37:13.5216	308	12936	624981	108532864959378180
8392	2022-06-23 09:20:00	2022-10-23 11:41:24.345641	45691	12936	625087	108526831328364442
8398	2022-06-19 09:43:00	2022-10-23 11:52:29.593947	271	12936	625346	108503968611733709
8769	2022-08-12 05:56:00	2022-10-24 06:29:03.581949	12015	12956	639697	108807579480401911
8780	2022-08-10 06:00:00	2022-10-24 06:35:44.033996	7321	12956	639800	108605451106604641
8785	2022-08-09 17:56:00	2022-10-24 06:40:57.501374	2265	12956	639884	108794821893375243
8786	2022-08-09 17:39:00	2022-10-24 06:41:20.562108	917	12956	639890	108794616763709318
8792	2022-07-29 21:38:00	2022-10-24 06:49:57.647087	1312	12956	640032	108733487731545095
9051	2022-08-06 20:28:00	2022-10-26 13:08:36.708613	400229	12967	668687	108778707289974570
9053	2022-08-06 20:16:00	2022-10-26 13:09:44.069235	2120	12967	668695	108778673311793015
9054	2022-08-06 20:15:00	2022-10-26 13:10:01.674369	48511	12967	668697	108778673562334030
9055	2022-08-06 19:53:00	2022-10-26 13:11:45.244684	2319	12967	668714	108776927810378192
9056	2022-07-13 19:47:00	2022-10-26 17:38:42.786399	2195	12967	672191	108642364857291829
9057	2022-07-13 19:33:00	2022-10-26 17:41:42.889105	12341	12967	672212	108642645569725838
9058	2022-07-13 19:14:00	2022-10-26 17:42:11.160277	114200	12967	672216	108642488114422903
9059	2022-07-13 17:23:00	2022-10-26 17:42:45.339874	689	12967	672223	108612378658932655
9060	2022-07-13 16:28:00	2022-10-26 17:43:43.345062	2206	12967	672233	108640361754875037
9061	2022-07-13 16:28:00	2022-10-26 17:44:00.572397	16955	12967	672235	108641894885498517
9062	2022-07-13 16:26:00	2022-10-26 17:44:10.680739	2013	12967	672237	108640346202985409
9064	2022-07-13 13:32:00	2022-10-26 17:47:48.236489	222	12967	672276	108641088885315210
9065	2022-07-11 11:13:00	2022-10-26 18:21:54.181459	7951	12967	672574	108629337699326113
9052	2022-08-06 20:17:00	2022-10-26 13:09:25.328617	416	12967	668693	108778670962955767
9067	2022-07-04 20:32:00	2022-10-26 19:47:39.538453	55579	12967	673192	108591884877459547
9068	2022-07-04 07:42:00	2022-10-26 20:02:08.048104	2318	12967	673399	108588696165083615
9069	2022-07-04 06:52:00	2022-10-26 20:03:35.933312	4414	12967	673425	108588640018631612
9070	2022-07-03 16:33:00	2022-10-26 20:14:54.948072	52906	12967	673571	108585288573566660
9071	2022-07-03 16:30:00	2022-10-26 20:15:07.785349	13580	12967	673574	108584978686588943
9072	2022-07-03 16:01:00	2022-10-26 20:17:19.272918	2478	12967	673597	108584718883680633
6917	2022-07-07 18:10:00	2022-10-19 11:18:47.398287	731	10980	532071	108602019551622390
9076	2022-07-01 10:27:00	2022-10-26 20:49:38.940358	4300	12967	673992	108571857719980143
9078	2022-06-30 20:38:00	2022-10-26 20:50:56.660868	6996	12967	674008	108362956281318256
9079	2022-06-30 20:35:00	2022-10-26 20:51:32.433417	19394	12967	674014	108569253775458105
8793	2022-07-29 21:30:00	2022-10-24 06:50:35.165283	900	12956	640043	108730699851033744
9082	2022-06-29 07:43:00	2022-10-26 21:31:01.37298	2195	12967	674484	108560557810651019
9083	2022-06-28 19:14:00	2022-10-26 21:44:25.026796	33763	12967	674581	108557622940581447
9084	2022-06-28 14:13:00	2022-10-26 21:55:26.072544	14469	12967	674662	108555657503406870
9085	2022-06-27 14:28:00	2022-10-26 22:07:26.484745	14173	12967	674743	108550066439698503
1838	2022-08-04 10:38:00	2022-09-27 19:10:20.214484	27	908	119260	108762462000372343
9087	2022-06-27 13:59:00	2022-10-26 22:08:29.572728	2569	12967	674748	108550711083165667
9088	2022-06-27 12:30:00	2022-10-26 22:09:18.049242	2268	12967	674752	108550004065905276
9089	2022-06-27 12:22:00	2022-10-26 22:09:39.706032	2519	12967	674755	108550106951807067
9090	2022-06-27 12:21:00	2022-10-26 22:09:56.63666	2379	12967	674757	108550021807123244
9091	2022-06-27 07:09:00	2022-10-26 22:14:12.932857	825	12967	674792	108547552556684547
9092	2022-10-26 00:00:00	2022-10-27 05:53:43.975737	11164	12056	677128	109101284922026543
9093	2022-10-22 00:00:00	2022-10-27 05:54:17.13447	37743	12056	677131	109206118100154455
9094	2022-10-19 00:00:00	2022-10-27 05:54:26.97196	2395	12056	677132	109197199575018776
9095	2022-10-15 00:00:00	2022-10-27 05:57:16.30487	2519	12056	677150	109171375440561299
9097	2022-10-05 00:00:00	2022-10-27 06:00:35.077311	263938	12056	677165	109119232830592173
9098	2022-10-04 00:00:00	2022-10-27 06:06:04.904404	58027	12056	677169	109110239221206551
9099	2022-10-02 00:00:00	2022-10-27 06:06:59.636218	11018	12056	677176	109097310848707181
9101	2022-09-29 00:00:00	2022-10-27 06:07:54.492048	2319	12056	677182	109082068912529406
9102	2022-09-26 00:00:00	2022-10-27 06:08:12.424632	9674	12056	677184	109065414392071336
9106	2022-09-11 00:00:00	2022-10-27 06:14:43.42408	12503	12056	677219	108966718886689128
9073	2022-07-03 14:34:00	2022-10-26 20:21:34.792026	143	12967	673646	108584704089821934
836	2022-08-09 08:07:00	2022-09-23 07:45:39.999127	27	788	76539	108790947668067601
941	2022-07-23 14:08:00	2022-09-23 13:59:21.879715	937	222	79775	108697466307527028
9074	2022-07-01 10:37:00	2022-10-26 20:47:43.644294	102	12967	673969	108572421475401238
6879	2022-08-22 14:36:00	2022-10-19 10:57:43.761536	274	10925	531510	108867619682326304
9075	2022-07-01 10:32:00	2022-10-26 20:49:15.748514	144	12967	673986	108572516461086082
9077	2022-06-30 20:53:00	2022-10-26 20:50:13.048784	215	12967	673999	108569132256732741
9096	2022-10-05 00:00:00	2022-10-27 06:00:26.165627	143	12056	677164	109118636162994935
8371	2022-07-10 20:29:00	2022-10-23 11:06:20.395675	744	12936	624249	108550251058332187
8368	2022-10-17 11:05:00	2022-10-23 11:04:49.265652	974	12888	624219	109166729050711384
6872	2022-09-20 16:06:00	2022-10-19 10:48:36.85798	63798	10825	531300	109032072250460945
6875	2022-08-26 08:25:00	2022-10-19 10:50:39.998409	1988	10925	531341	108887048588998111
6877	2022-09-20 04:12:00	2022-10-19 10:51:49.413735	5236	10825	531366	109029337700162193
6881	2022-09-18 04:33:00	2022-10-19 11:00:28.10208	158911	10825	531571	109014348216440673
6882	2022-09-17 16:19:00	2022-10-19 11:03:09.178	328766	10825	531632	109015409996870141
6883	2022-09-17 15:41:00	2022-10-19 11:03:23.473726	50489	10825	531637	109015258366757345
6886	2022-09-17 10:35:00	2022-10-19 11:04:22.120421	55537	10825	531660	109010919351457744
6887	2022-08-18 14:44:00	2022-10-19 11:04:57.898303	18233	10925	531676	108808617575011934
6888	2022-09-16 16:19:00	2022-10-19 11:06:17.688916	12227	10825	531711	108820765646862940
6889	2022-09-16 14:47:00	2022-10-19 11:07:02.965582	2456	10825	531731	108975641228227578
8102	2022-07-06 11:29:00	2022-10-21 05:07:34.632177	27	11304	577277	108600791368823038
6892	2022-09-16 12:38:00	2022-10-19 11:08:42.771589	12227	10825	531772	108978692687930886
6895	2022-09-15 14:24:00	2022-10-19 11:09:55.993779	22896	10825	531812	109003682996598512
6942	2022-09-10 14:01:00	2022-10-19 11:26:14.212681	166	10825	532352	108975113124975674
6898	2022-09-15 12:30:00	2022-10-19 11:11:02.565986	2013	10825	531840	109002726926357089
6899	2022-08-14 08:18:00	2022-10-19 11:12:39.234929	1343	10925	531885	108818151586266021
6900	2022-08-13 08:20:00	2022-10-19 11:14:27.415862	11214	10925	531931	108815447867631390
6903	2022-09-13 16:55:00	2022-10-19 11:15:43.813864	1302	10825	531969	108992068577052596
6904	2022-09-13 16:49:00	2022-10-19 11:15:45.949826	8996	10825	531971	108991991691301088
6906	2022-08-12 08:22:00	2022-10-19 11:16:39.593987	16680	10925	531995	108805878976539423
6907	2022-09-12 17:26:00	2022-10-19 11:17:33.584995	755	10825	532027	108946497766592409
6908	2022-09-12 17:25:00	2022-10-19 11:17:38.437956	683	10825	532030	108987428642663286
6910	2022-07-11 16:52:00	2022-10-19 11:18:02.310443	2538	10980	532045	108630484976969175
6912	2022-07-11 10:01:00	2022-10-19 11:18:08.348979	296353	10980	532048	108627165749055332
6913	2022-07-10 10:53:00	2022-10-19 11:18:23.334632	31580	10980	532056	108623306419379906
6938	2022-09-10 15:07:00	2022-10-19 11:25:20.722592	211	10825	532321	108975095932738587
6916	2022-07-07 23:52:00	2022-10-19 11:18:44.110722	2263	10980	532068	108606193232150476
6918	2022-07-05 13:10:00	2022-10-19 11:18:56.213869	2519	10980	532077	108588625289994454
6919	2022-07-02 10:44:00	2022-10-19 11:19:23.031919	9487	10980	532096	108578151406822389
6896	2022-08-15 12:30:00	2022-10-19 11:10:40.985175	900	10925	531831	108826449014020312
6923	2022-06-26 23:28:00	2022-10-19 11:19:58.015213	10478	10980	532116	108241613221936576
6960	2022-08-01 07:43:00	2022-10-19 11:38:13.033679	416	10925	532788	108747315791971341
6925	2022-06-26 17:14:00	2022-10-19 11:20:11.371959	16522	10980	532122	108545680676357558
6893	2022-09-15 16:31:00	2022-10-19 11:09:17.75988	125	10825	531790	109003315072532980
6927	2022-06-26 10:46:00	2022-10-19 11:20:21.327486	687	10980	532130	108538475949210857
6928	2022-09-12 12:34:00	2022-10-19 11:20:24.791104	1593	10825	532133	108961050675689434
476	2022-08-16 17:45:00	2022-09-18 13:39:27.127347	27	987	41828	108834642886977660
6930	2022-06-22 11:49:00	2022-10-19 11:20:44.735306	2265	10980	532147	108521460930381823
6931	2022-09-11 19:15:00	2022-10-19 11:21:10.478124	70968	10825	532164	108982293238175711
6862	2022-09-26 12:22:00	2022-10-19 10:36:07.044045	326	10825	530951	109064921694431279
6932	2022-06-11 11:09:00	2022-10-19 11:21:22.249857	2305	10980	532172	108459067100591509
6933	2022-06-11 10:52:00	2022-10-19 11:21:46.178349	7938	10980	532188	108272149908140471
6936	2022-08-08 14:52:00	2022-10-19 11:24:38.226646	2519	10925	532299	108787613656444788
6940	2022-09-10 14:05:00	2022-10-19 11:26:11.181505	211217	10825	532350	108971809951634882
6941	2022-08-08 07:36:00	2022-10-19 11:26:13.397705	26940	10925	532351	108766764054553335
8369	2022-07-10 20:44:00	2022-10-23 11:05:49.037801	33	12936	624239	108625802964679042
10530	2022-10-24 00:00:00	2022-11-14 04:33:09.241414	27	13332	765568	109221220582791873
6945	2022-09-10 05:36:00	2022-10-19 11:26:59.361595	4224	10825	532380	108969378659076805
6947	2022-09-09 13:54:00	2022-10-19 11:30:24.533995	2519	10825	532515	108968829111030619
6948	2022-09-09 13:40:00	2022-10-19 11:30:41.53333	4334	10825	532526	108968669667308143
6951	2022-08-04 07:35:00	2022-10-19 11:32:47.081738	2319	10925	532597	108759577529504331
6953	2022-09-08 10:28:00	2022-10-19 11:34:00.113322	9444	10825	532644	108413769773162448
6954	2022-09-08 02:46:00	2022-10-19 11:34:49.326301	10984	10825	532669	108960042260512807
6955	2022-09-08 01:58:00	2022-10-19 11:35:09.025501	2189	10825	532676	108960046862500971
6958	2022-08-02 07:05:00	2022-10-19 11:36:35.373891	161404	10925	532729	108751887534467822
6959	2022-08-01 07:56:00	2022-10-19 11:38:03.611933	31580	10925	532783	108747395242393077
6939	2022-08-08 11:50:00	2022-10-19 11:25:39.762855	103	10925	532333	108787641668643250
6962	2022-07-30 14:14:00	2022-10-19 11:40:06.42126	358107	10925	532860	108732147134429954
6963	2022-07-30 14:09:00	2022-10-19 11:40:16.805896	39407	10925	532864	108737583727839803
6884	2022-09-17 15:11:00	2022-10-19 11:03:54.661658	10825	10825	531649	109015263504596533
6897	2022-09-15 12:38:00	2022-10-19 11:10:55.53542	10825	10825	531837	109003371624841951
6935	2022-09-10 16:03:00	2022-10-19 11:24:16.169679	290	10825	532284	108975639824855957
6937	2022-09-10 15:14:00	2022-10-19 11:25:11.124951	322	10825	532316	108975080171830159
6929	2022-08-11 04:08:00	2022-10-19 11:20:34.839278	198	10925	532140	108801783003662845
6946	2022-08-07 07:41:00	2022-10-19 11:27:55.610378	102	10925	532419	108779738594574503
6909	2022-08-11 17:59:00	2022-10-19 11:17:45.845899	1118	10925	532038	108806406550272439
6934	2022-08-09 16:22:00	2022-10-19 11:22:18.13943	1118	10925	532211	108794588655568807
6956	2022-09-08 01:15:00	2022-10-19 11:35:14.490725	174	10825	532679	108959849213057154
6921	2022-09-12 13:35:00	2022-10-19 11:19:40.765732	265	10825	532106	108986369890515090
6922	2022-09-12 13:13:00	2022-10-19 11:19:59.454165	125	10825	532118	108986115141601365
8370	2022-10-16 22:58:00	2022-10-23 11:06:02.383361	168	12888	624243	109178913531413612
6866	2022-09-23 15:15:00	2022-10-19 10:41:48.107373	664	10825	531108	109048560442428506
6964	2022-07-29 15:31:00	2022-10-19 11:42:44.017449	305	10925	532909	108256858643420374
8820	2022-07-07 09:04:00	2022-10-24 07:21:41.509459	222	12956	640504	108602962555834534
6968	2022-09-05 15:05:00	2022-10-19 11:44:20.649425	10825	10825	532951	108947328911522042
8781	2022-08-10 05:56:00	2022-10-24 06:36:20.068556	7321	12956	639810	108794161278026331
8789	2022-08-08 20:48:00	2022-10-24 06:44:57.075052	2569	12956	639951	108790130980260835
8790	2022-08-08 20:46:00	2022-10-24 06:45:17.238114	323	12956	639954	108790003619275305
8791	2022-08-04 06:33:00	2022-10-24 06:47:37.977985	4923	12956	639994	108761464467639495
8794	2022-07-24 21:35:00	2022-10-24 06:52:41.705318	12400	12956	640079	108704635171758374
8798	2022-07-20 08:16:00	2022-10-24 06:58:23.41532	143266	12956	640168	108679574739340209
8801	2022-07-19 06:02:00	2022-10-24 07:00:31.141019	2408	12956	640204	108670902898477392
8802	2022-06-12 10:59:00	2022-10-24 07:02:23.889431	1112	12933	640232	108462510055819381
8806	2022-07-18 06:52:00	2022-10-24 07:05:34.089209	25327	12956	640273	108667947382434276
8772	2022-08-10 06:29:00	2022-10-24 06:31:15.293198	19983	12956	639728	108794990970498465
8816	2022-07-08 18:57:00	2022-10-24 07:19:44.417171	26	12956	640473	108602171508385162
8812	2022-07-11 07:00:00	2022-10-24 07:14:37.213179	2198	12956	640407	108624986496101604
8813	2022-07-09 13:49:00	2022-10-24 07:18:14.489046	8715	12956	640451	108618608483588554
8832	2022-06-20 21:26:00	2022-10-24 07:38:14.466205	103	12956	640768	108512439486705683
8825	2022-07-01 20:36:00	2022-10-24 07:28:02.895356	274	12956	640605	108574204502967094
8817	2022-07-08 18:46:00	2022-10-24 07:20:32.072106	97227	12956	640485	108612311829023732
8836	2022-06-10 09:44:00	2022-10-24 07:41:03.509005	416	12933	640808	108453449818057324
8823	2022-07-04 16:42:00	2022-10-24 07:23:36.741379	38102	12956	640539	108589079148425597
8824	2022-07-01 20:38:00	2022-10-24 07:27:38.898622	4300	12956	640600	108571963855764715
8828	2022-06-24 13:52:00	2022-10-24 07:31:59.419706	922	12956	640666	108528097363384841
8829	2022-06-24 07:30:00	2022-10-24 07:32:41.565127	17288	12956	640676	108437469903793727
8831	2022-06-21 22:07:00	2022-10-24 07:37:05.849259	20442	12956	640748	108518566452487372
8834	2022-06-20 21:14:00	2022-10-24 07:39:46.717088	2195	12956	640790	108510835380147413
8835	2022-06-20 21:04:00	2022-10-24 07:40:39.349527	8937	12956	640804	108483554342596029
8837	2022-06-19 17:24:00	2022-10-24 07:41:45.669006	2382	12956	640821	108505185020355281
8838	2022-06-18 21:51:00	2022-10-24 07:42:08.589651	11634	12956	640828	108501213935020626
10548	2022-08-28 00:00:00	2022-11-14 06:27:57.396867	27	13332	766099	108901369238769979
8840	2022-06-18 21:48:00	2022-10-24 07:42:20.113524	11928	12956	640831	108501592441160362
8842	2022-06-18 21:46:00	2022-10-24 07:42:35.59503	11634	12956	640837	108501593389266570
8843	2022-06-15 21:42:00	2022-10-24 07:44:02.557025	2228	12956	640857	108481322965223856
8844	2022-06-15 21:41:00	2022-10-24 07:44:23.045184	2268	12956	640862	108483536158494280
8845	2022-06-14 16:48:00	2022-10-24 07:45:24.437075	23776	12956	640875	108477771040008840
8846	2022-06-13 06:14:00	2022-10-24 07:48:32.821711	13634	12956	640921	108469017589896912
8847	2022-06-13 06:10:00	2022-10-24 07:49:01.064887	13634	12956	640926	108469017589896912
8848	2022-06-13 06:09:00	2022-10-24 07:49:24.144928	13634	12956	640932	108469017589896912
8849	2022-06-12 18:30:00	2022-10-24 07:50:19.642305	37139	12956	640943	108444441854311690
8850	2022-06-12 18:28:00	2022-10-24 07:50:37.116901	58016	12956	640947	108443478174246036
8851	2022-06-12 18:18:00	2022-10-24 07:52:03.30183	16861	12956	640966	108465078999933531
8852	2022-06-12 17:09:00	2022-10-24 07:53:22.853055	4412	12956	640986	108466128622941580
8853	2022-06-12 17:01:00	2022-10-24 07:55:07.589132	37624	12956	641013	108454670222216552
8854	2022-06-12 11:04:00	2022-10-24 07:56:08.577019	2283	12956	641030	108464270691139284
8773	2022-08-10 06:26:00	2022-10-24 06:31:27.709442	143	12956	639732	108795463230032879
8858	2022-10-04 21:59:00	2022-10-24 08:28:08.797165	19339	12959	641546	109113173623142539
8859	2022-10-03 23:03:00	2022-10-24 08:30:37.225028	7820	12959	641589	109104294879338280
8860	2022-10-01 21:30:00	2022-10-24 08:34:38.493669	8465	12959	641664	109095360640741786
8819	2022-07-07 09:08:00	2022-10-24 07:21:27.241471	102	12956	640500	108602789047510713
8863	2022-09-06 20:10:00	2022-10-24 09:02:46.139445	144	12959	642119	108953116547563161
8862	2022-09-18 18:14:00	2022-10-24 08:52:44.541144	10456	12959	641961	109021676647087114
8864	2022-08-08 19:02:00	2022-10-24 09:08:15.324887	7819	10856	642197	108788705145987247
8865	2022-08-08 16:23:00	2022-10-24 09:12:57.420935	4441	10856	642268	108760685776967918
8866	2022-08-07 18:20:00	2022-10-24 09:24:26.376663	398229	10856	642449	108753901594703472
8857	2022-10-18 07:31:00	2022-10-24 08:15:59.193299	536	12959	641340	109186003295714177
8868	2022-08-13 13:58:00	2022-10-24 09:56:10.84488	129076	12959	642976	108816715309397988
8128	2022-06-23 14:13:00	2022-10-21 05:17:14.235587	27	11304	577644	108527373544835934
219	2022-06-15 18:28:00	2022-09-17 07:14:25.736167	27	645	19169	108447741996543436
8871	2022-08-08 22:14:00	2022-10-24 10:12:48.460965	10456	12959	643249	108790345862019678
8872	2022-08-08 22:13:00	2022-10-24 10:14:02.825101	129076	12959	643271	108790458333576233
8810	2022-07-15 21:08:00	2022-10-24 07:10:20.957019	143	12956	640340	108652798404810335
8373	2022-10-16 12:40:00	2022-10-23 11:12:38.813337	33	12888	624386	109175692513529828
8827	2022-06-26 21:25:00	2022-10-24 07:29:31.105147	24	12956	640630	108546232028296311
8807	2022-07-17 18:04:00	2022-10-24 07:05:54.166004	322	12956	640278	108663332159760723
8372	2022-07-10 19:51:00	2022-10-23 11:06:32.285849	744	12936	624255	108606783793845510
8800	2022-07-19 09:45:00	2022-10-24 07:00:08.099368	1168	12956	640201	108643433955845368
8833	2022-06-20 21:24:00	2022-10-24 07:38:52.872939	358	12956	640777	108512428087104357
8826	2022-06-28 21:11:00	2022-10-24 07:28:24.349507	781	12956	640610	108557333802675285
8830	2022-06-24 07:13:00	2022-10-24 07:34:03.882711	322	12956	640697	108523195680516556
8818	2022-07-07 09:10:00	2022-10-24 07:21:14.963501	2843	12956	640496	108602784043082761
8821	2022-07-04 20:28:00	2022-10-24 07:21:48.333886	1120	12956	640509	108470899756302172
6969	2022-09-05 03:15:00	2022-10-19 11:45:29.637117	4279	10825	532981	108940592543565459
6970	2022-09-04 10:53:00	2022-10-19 11:47:23.637425	7262	10825	533023	108933956437791889
6976	2022-09-02 09:31:00	2022-10-19 11:54:57.057329	15034	10825	533191	108928626859371324
6980	2022-07-21 13:30:00	2022-10-19 11:59:06.326404	19773	10925	533256	108686272314783853
6987	2022-08-31 12:02:00	2022-10-19 12:05:46.902032	375653	10825	533361	108918198637216005
6989	2022-07-18 07:48:00	2022-10-19 12:06:26.714113	19997	10925	533371	108668106350801062
6993	2022-08-30 12:18:00	2022-10-19 12:09:32.011103	8465	10825	533420	108912602139995902
6997	2022-07-14 20:11:00	2022-10-19 12:12:07.469823	25299	10925	533459	108642265305492169
6998	2022-08-29 11:36:00	2022-10-19 12:19:07.625104	948	10825	533558	108844926205944840
8374	2022-07-08 22:20:00	2022-10-23 11:12:59.767359	13477	12936	624392	108614595245027712
10438	2022-09-06 00:00:00	2022-11-10 11:27:21.416906	27	105	751123	108952218794170664
8376	2022-10-16 11:03:00	2022-10-23 11:15:25.645416	8625	12888	624449	109178536059654669
8377	2022-10-16 10:57:00	2022-10-23 11:15:36.501462	12559	12888	624456	109032422573544946
8378	2022-07-07 15:56:00	2022-10-23 11:16:09.221807	168091	12936	624469	108604947126298004
8379	2022-07-07 12:21:00	2022-10-23 11:16:36.189715	23980	12936	624482	108595561641946311
8380	2022-07-06 23:44:00	2022-10-23 11:18:24.14453	2268	12936	624525	108603045290881434
8381	2022-07-06 19:55:00	2022-10-23 11:18:32.790565	23980	12936	624530	108595782039092692
8382	2022-07-05 10:16:00	2022-10-23 11:19:49.085769	10279	12936	624558	108595095567751191
8383	2022-10-15 14:25:00	2022-10-23 11:21:42.586008	38345	12888	624598	109173682862266173
10456	2022-10-18 00:00:00	2022-11-10 15:15:26.948382	27	174	752101	109189686782374432
8386	2022-06-29 12:58:00	2022-10-23 11:24:28.149827	63093	12936	624669	108560812379186578
8388	2022-06-25 18:41:00	2022-10-23 11:32:04.698441	62249	12936	624840	108536751205368198
8389	2022-06-25 08:01:00	2022-10-23 11:35:19.763114	19773	12936	624930	108535034058667648
8391	2022-06-23 22:20:00	2022-10-23 11:39:13.062547	4457	12936	625034	108529059404727891
8393	2022-10-13 13:00:00	2022-10-23 11:48:47.822723	27845	12888	625265	109161943788791338
8394	2022-10-13 11:20:00	2022-10-23 11:49:19.813745	19997	12888	625278	109161316101825616
8395	2022-10-13 11:11:00	2022-10-23 11:50:11.429521	9487	12888	625293	109160435053088482
8396	2022-10-13 10:36:00	2022-10-23 11:51:55.981809	602	12888	625335	109161178337617792
8399	2022-06-17 22:57:00	2022-10-23 11:58:19.65368	1304	12936	625482	108495297495831880
8400	2022-06-17 17:45:00	2022-10-23 12:00:22.58568	398981	12936	625529	108494967436366171
8401	2022-10-12 15:38:00	2022-10-23 12:02:47.829556	98	12888	625576	109156970364213289
8402	2022-06-17 17:19:00	2022-10-23 12:03:30.825718	12944	12936	625586	108494300790249143
8403	2022-10-12 10:47:00	2022-10-23 12:07:13.487494	13797	12888	625672	109155834916041129
8435	2022-10-09 17:55:00	2022-10-23 13:12:55.08669	731	12888	626757	109140464241094112
8405	2022-06-14 20:27:00	2022-10-23 12:13:31.88562	398993	12936	625815	108477826420180648
8406	2022-06-14 14:46:00	2022-10-23 12:15:13.520181	147384	12936	625852	108476165579139246
8407	2022-10-11 21:56:00	2022-10-23 12:16:24.145887	10279	12888	625872	109151410446162259
8408	2022-06-14 08:47:00	2022-10-23 12:19:39.270038	9674	12936	625944	108360895340284648
1138	2022-06-21 15:14:00	2022-09-26 19:26:16.490123	937	1868	95417	108516826030121097
8412	2022-10-11 17:14:00	2022-10-23 12:25:01.557731	141717	12888	626039	109151699120616745
8413	2022-10-11 16:39:00	2022-10-23 12:26:45.349679	3354	12888	626069	109151386565725836
8385	2022-06-29 13:30:00	2022-10-23 11:23:57.933773	34	12936	624658	108555835031115914
8415	2022-06-13 17:12:00	2022-10-23 12:34:05.649466	904	12936	626187	107951789006984579
8416	2022-06-13 17:08:00	2022-10-23 12:34:38.717557	904	12936	626197	108244508675045238
8419	2022-10-10 21:37:00	2022-10-23 12:43:50.537116	9411	12888	626321	109146710836402502
8420	2022-10-10 18:21:00	2022-10-23 12:51:12.666866	1844	12888	626422	109146242914011600
1217	2022-09-12 15:06:00	2022-09-26 20:07:05.617499	937	805	99733	108986265791269461
8164	2022-08-18 11:46:00	2022-10-21 05:40:39.275665	937	11313	578422	108844199937350709
8423	2022-06-11 21:50:00	2022-10-23 12:55:26.685164	19768	12936	626489	108450368369475980
8424	2022-06-11 21:41:00	2022-10-23 12:57:02.405098	50552	12936	626508	108460086641776460
8426	2022-06-11 21:12:00	2022-10-23 12:58:48.808875	96023	12936	626536	108460927435070472
8427	2022-06-11 18:38:00	2022-10-23 12:59:44.673256	69269	12936	626552	108460916099262649
8428	2022-06-11 13:21:00	2022-10-23 13:07:28.037122	14100	12936	626663	108459928381512568
8429	2022-10-09 19:13:00	2022-10-23 13:08:11.056889	169351	12888	626675	109140848044515503
8430	2022-06-11 12:50:00	2022-10-23 13:10:09.501051	11682	12936	626711	108459846333997659
8431	2022-10-09 18:12:00	2022-10-23 13:10:19.133376	825	12888	626714	109140600981208657
8432	2022-06-11 12:46:00	2022-10-23 13:10:27.041183	4292	12936	626720	108459842408509988
8436	2022-10-09 17:49:00	2022-10-23 13:13:20.672876	74095	12888	626764	109140385848348910
8437	2022-10-09 17:40:00	2022-10-23 13:13:49.120871	6852	12888	626772	109140481558984245
8438	2022-10-09 17:37:00	2022-10-23 13:14:30.318431	17305	12888	626785	109140394100644667
8439	2022-10-09 17:27:00	2022-10-23 13:14:47.296963	2102	12888	626789	109139952607522705
8440	2022-10-09 17:19:00	2022-10-23 13:15:33.168917	12949	12888	626800	109139387995707657
8441	2022-10-09 15:58:00	2022-10-23 13:17:27.512888	2837	12888	626824	109139938969690303
8442	2022-10-09 11:51:00	2022-10-23 13:19:06.637516	62100	12888	626842	109139103591192669
8443	2022-10-09 11:46:00	2022-10-23 13:19:43.605381	12291	12888	626854	109139072482969865
8444	2022-10-09 11:15:00	2022-10-23 13:20:11.22899	14257	12888	626858	109138948325536132
8445	2022-10-09 10:57:00	2022-10-23 13:20:37.180819	140	12888	626865	109138703175481343
8446	2022-10-08 22:15:00	2022-10-23 13:28:32.153043	32557	12888	626966	109135892264180507
8414	2022-10-11 11:22:00	2022-10-23 12:32:41.605595	974	12888	626164	109150286283300398
8418	2022-10-10 21:47:00	2022-10-23 12:43:08.08523	2058	12888	626313	109117318197781151
8425	2022-06-11 21:25:00	2022-10-23 12:58:20.85021	185	12936	626527	108460794713741288
6965	2022-07-29 10:40:00	2022-10-19 11:43:16.249424	174	10925	532919	108730772870506143
8434	2022-10-09 17:58:00	2022-10-23 13:11:36.961045	178	12888	626738	109138933813282405
6981	2022-09-01 14:23:00	2022-10-19 11:59:44.117685	125	10825	533265	108924093900099035
8375	2022-10-16 12:36:00	2022-10-23 11:13:25.413451	20615	12888	624405	109178920281955173
8448	2022-10-08 20:17:00	2022-10-23 13:30:26.641149	1374	12888	626989	109135302870308656
8449	2022-10-08 20:16:00	2022-10-23 13:30:53.453545	11214	12888	626995	109135097913258791
6967	2022-07-28 07:16:00	2022-10-19 11:44:20.305946	10925	10925	532950	108724451732898774
6966	2022-09-05 15:25:00	2022-10-19 11:43:43.037217	10825	10825	532934	108941724054767219
8873	2022-08-08 20:26:00	2022-10-24 10:19:51.193296	13036	12959	643382	108790063512887453
9103	2022-09-14 00:00:00	2022-10-27 06:12:56.533441	2569	12056	677209	108997566063961523
9104	2022-09-12 00:00:00	2022-10-27 06:14:10.488465	4299	12056	677216	108986308034484682
9105	2022-09-12 00:00:00	2022-10-27 06:14:21.666596	386184	12056	677217	108986191702223540
9119	2022-09-08 00:00:00	2022-10-27 06:20:14.171047	918	12056	677245	108963103728118376
9120	2022-09-08 00:00:00	2022-10-27 06:20:44.4883	2191	12056	677247	108962893840379305
9124	2022-08-29 00:00:00	2022-10-27 06:25:28.066433	34	12056	677274	108886571948051019
9250	2022-10-12 00:00:00	2022-10-27 21:48:09.942583	4225	13351	682209	109156130736017572
9255	2022-10-12 00:00:00	2022-10-27 21:55:10.718577	207560	13351	682250	109153505806416948
9319	2022-10-06 00:00:00	2022-10-27 23:29:47.437221	215	13351	682826	109121912744270122
9275	2022-09-08 00:00:00	2022-10-27 22:18:26.359092	125	2780	682428	108963553779727661
9257	2022-10-11 00:00:00	2022-10-27 21:59:44.544928	11150	13351	682279	108567067981864970
9258	2022-10-11 00:00:00	2022-10-27 22:00:01.810421	78101	13351	682281	109151386601910990
9260	2022-10-11 00:00:00	2022-10-27 22:02:21.216915	271	13351	682295	109152882019178843
9261	2022-10-03 00:00:00	2022-10-27 22:04:17.146231	6860	2780	682308	109105255549101090
9314	2022-07-14 00:00:00	2022-10-27 23:14:19.594179	102	2780	682760	108646424545167315
9264	2022-10-11 00:00:00	2022-10-27 22:06:18.358253	2852	13351	682322	109150416340303934
9266	2022-10-11 00:00:00	2022-10-27 22:12:44.064279	271	13351	682376	109150117824922032
9306	2022-07-26 00:00:00	2022-10-27 23:03:57.03408	781	2780	682694	108364634454089273
9269	2022-10-10 00:00:00	2022-10-27 22:15:41.97563	7642	13351	682403	109144961676742930
9270	2022-10-10 00:00:00	2022-10-27 22:16:20.546453	9095	13351	682409	109139840372127264
9273	2022-10-10 00:00:00	2022-10-27 22:18:04.144482	1593	13351	682425	109116786139196282
9276	2022-10-10 00:00:00	2022-10-27 22:20:58.994472	296556	13351	682444	109144446323256207
9294	2022-08-08 00:00:00	2022-10-27 22:52:32.854388	198	2780	682624	108790496311334700
9295	2022-08-08 00:00:00	2022-10-27 22:53:24.203903	198	2780	682629	108790371736303168
9259	2022-10-11 00:00:00	2022-10-27 22:01:42.163157	1118	13351	682291	109152917586401648
9282	2022-10-09 00:00:00	2022-10-27 22:38:12.582511	57964	13351	682535	109138882975505443
9274	2022-10-10 00:00:00	2022-10-27 22:18:23.017158	1118	13351	682427	109144556274729378
9287	2022-10-08 00:00:00	2022-10-27 22:43:54.382389	72568	13351	682569	109006011437024770
9288	2022-10-08 00:00:00	2022-10-27 22:45:19.870654	85494	13351	682578	109133711228292941
6971	2022-07-25 08:35:00	2022-10-19 11:50:19.993726	146	10925	533100	108705822445450059
9291	2022-10-08 00:00:00	2022-10-27 22:49:29.739885	1332	13351	682604	109131256655241764
9292	2022-10-08 00:00:00	2022-10-27 22:49:46.819425	11190	13351	682606	109133459405893971
9297	2022-10-07 00:00:00	2022-10-27 22:54:13.313976	20767	13351	682634	109130180721592978
10474	2022-11-10 00:00:00	2022-11-10 17:39:06.497712	27	27	752541	109318186008274878
1385	2022-08-30 01:46:00	2022-09-27 04:07:59.472709	27	232	106060	108906909057160138
638	2022-09-19 18:15:00	2022-09-21 14:05:04.576343	27	469	67155	109027351625916609
9302	2022-10-07 00:00:00	2022-10-27 22:58:23.910152	4013	13351	682663	109124780400571507
313	2022-08-07 17:08:00	2022-09-17 10:21:32.380889	27	147	22894	108782590592287127
3521	2022-09-15 07:29:00	2022-10-13 04:28:09.641549	27	8287	371017	109002000673166438
312	2022-06-09 10:56:00	2022-09-17 10:13:20.475823	27	365	22721	108211822140637685
9307	2022-10-07 00:00:00	2022-10-27 23:04:01.254013	9566	13351	682695	109127369599525164
9308	2022-10-07 00:00:00	2022-10-27 23:05:11.195063	11146	13351	682698	109127374694358297
9309	2022-10-07 00:00:00	2022-10-27 23:05:53.434077	211006	13351	682704	109127370434077258
9311	2022-10-07 00:00:00	2022-10-27 23:06:27.005916	159	13351	682708	109127303865145988
9312	2022-10-06 00:00:00	2022-10-27 23:12:19.990049	19366	13351	682748	109124614474679573
147	2022-07-31 19:03:00	2022-09-17 01:50:48.738643	27	439	12758	108742189401812078
9318	2022-10-06 00:00:00	2022-10-27 23:28:58.773843	2099	13351	682823	109121911382699635
2815	2022-10-05 14:11:00	2022-10-09 02:38:10.897061	937	7630	324963	109117008410895363
2836	2022-09-26 16:40:00	2022-10-09 02:55:36.833885	937	7630	325430	109066597460491344
9321	2022-10-06 00:00:00	2022-10-27 23:31:41.67008	834	13351	682834	109121735281424198
9322	2022-10-05 00:00:00	2022-10-27 23:32:58.237693	13146	13351	682841	109114163135728164
9328	2022-10-05 00:00:00	2022-10-27 23:38:41.601058	240634	13351	682869	109116430127659398
9246	2022-10-12 00:00:00	2022-10-27 21:45:47.158367	416	13351	682190	109154983480456361
9305	2022-10-07 00:00:00	2022-10-27 23:01:16.954018	416	13351	682684	109127201572848271
2565	2022-09-13 09:12:00	2022-10-07 06:02:16.505842	937	6126	267791	108986265791269461
9265	2022-10-11 00:00:00	2022-10-27 22:12:01.438491	143	13351	682370	109150249377055904
9277	2022-10-10 00:00:00	2022-10-27 22:21:33.655715	143	13351	682448	109144443980486505
3198	2022-06-24 14:31:00	2022-10-09 09:14:47.007883	937	7785	337688	108533738025409118
3920	2022-06-21 23:45:00	2022-10-14 01:09:08.634356	937	8575	401614	108516826030121097
9109	2022-09-10 00:00:00	2022-10-27 06:15:32.118072	222	12056	677223	108970826415247704
9121	2022-09-08 00:00:00	2022-10-27 06:21:04.864494	279	12056	677249	108963270296232712
9293	2022-10-07 00:00:00	2022-10-27 22:51:40.544829	125	13351	682618	109130354927913768
6974	2022-07-23 14:07:00	2022-10-19 11:54:00.078	258914	10925	533173	108694124831084188
7043	2022-08-22 15:17:00	2022-10-19 12:56:37.825492	1118	10825	534147	108868042995866699
7051	2022-06-27 15:15:00	2022-10-19 13:00:59.790044	1118	10925	534208	108550856062643362
6990	2022-07-18 07:15:00	2022-10-19 12:06:52.698257	4300	10925	533378	108667447076914303
6991	2022-07-17 13:49:00	2022-10-19 12:08:17.366134	4459	10925	533400	108663724294690790
6992	2022-08-30 13:05:00	2022-10-19 12:08:54.553593	2839	10825	533409	108906462485176540
6995	2022-08-30 10:37:00	2022-10-19 12:11:12.381374	2405	10825	533447	108908786436489231
6996	2022-08-30 10:11:00	2022-10-19 12:11:40.229945	10906	10825	533454	108911943520846662
6999	2022-08-28 16:48:00	2022-10-19 12:20:41.285534	14264	10825	533582	108902379551596715
7000	2022-08-28 14:55:00	2022-10-19 12:20:49.389419	1115	10825	533586	108897595366845312
7001	2022-08-28 14:45:00	2022-10-19 12:21:08.93969	395582	10825	533591	108893295167277020
7002	2022-08-28 14:11:00	2022-10-19 12:21:18.537567	298184	10825	533593	108898369142106416
7003	2022-08-28 07:15:00	2022-10-19 12:22:56.973855	12227	10825	533617	108873995477388101
7004	2022-08-28 06:20:00	2022-10-19 12:23:21.8095	14223	10825	533624	108898812333564017
7005	2022-08-27 20:43:00	2022-10-19 12:23:32.993301	12726	10825	533628	108771080281764014
7006	2022-07-09 06:27:00	2022-10-19 12:24:38.873505	4598	10925	533644	108616851500415682
7009	2022-08-27 12:19:00	2022-10-19 12:27:39.718108	10600	10825	533694	108892666050256853
7010	2022-08-27 12:06:00	2022-10-19 12:28:06.93945	1569	10825	533700	108895383428515442
7011	2022-08-26 13:48:00	2022-10-19 12:31:42.797314	2406	10825	533755	108889324946599287
7012	2022-07-06 16:42:00	2022-10-19 12:31:50.073651	19499	10925	533758	108602282457100676
7013	2022-07-06 15:10:00	2022-10-19 12:32:48.645788	17946	10925	533774	108601958926567487
7015	2022-08-26 11:47:00	2022-10-19 12:34:14.65514	138	10825	533795	108837506572482021
6983	2022-09-01 14:08:00	2022-10-19 12:00:22.162038	125	10825	533274	108924182381739876
7018	2022-07-05 14:55:00	2022-10-19 12:35:29.129239	911	10925	533816	108594886951174630
8111	2022-06-30 15:56:00	2022-10-21 05:10:45.647709	27	11304	577397	108567396952771187
7021	2022-08-25 13:18:00	2022-10-19 12:40:23.129544	2191	10825	533894	108884355198590908
7022	2022-08-25 12:03:00	2022-10-19 12:41:00.701611	9674	10825	533902	108884176566164278
7024	2022-08-25 11:12:00	2022-10-19 12:41:26.683497	43147	10825	533912	108875046161933771
7025	2022-08-25 10:36:00	2022-10-19 12:41:56.035076	2014	10825	533918	108839615104515047
7026	2022-08-24 22:37:00	2022-10-19 12:42:53.095823	28485	10825	533932	108874034462400146
8450	2022-10-08 20:14:00	2022-10-23 13:31:20.081862	2461	12888	626999	109135405527704174
8123	2022-06-23 23:46:00	2022-10-21 05:16:18.083633	27	11304	577609	108530082209372852
7030	2022-08-24 01:22:00	2022-10-19 12:46:56.253216	404610	10825	533995	108843866178387183
8124	2022-06-23 19:04:00	2022-10-21 05:16:31.553545	27	11304	577619	108527373544835934
7032	2022-08-23 22:15:00	2022-10-19 12:47:15.237263	8387	10825	533999	108794397633125849
4256	2022-09-21 15:20:00	2022-10-15 05:05:39.591072	937	9365	436957	109037986634687984
7034	2022-07-01 12:05:00	2022-10-19 12:47:35.757579	39451	10925	534006	108572924381057241
7037	2022-08-23 11:37:00	2022-10-19 12:51:32.147317	2199	10825	534065	108872891927009965
7039	2022-06-30 12:30:00	2022-10-19 12:52:38.605969	92006	10925	534079	108566823568751760
7041	2022-06-29 08:44:00	2022-10-19 12:56:14.35415	134937	10925	534140	108557928840790636
7044	2022-08-22 15:08:00	2022-10-19 12:56:54.249429	2195	10825	534151	108867820578543672
7045	2022-08-22 15:02:00	2022-10-19 12:57:04.677384	2013	10825	534153	108867915649067070
7046	2022-08-22 15:01:00	2022-10-19 12:57:22.473389	12305	10825	534158	108867821990888863
7047	2022-08-22 12:41:00	2022-10-19 12:58:28.325278	148960	10825	534173	108864819755369044
4979	2022-06-13 19:26:00	2022-10-15 17:31:23.601082	937	9525	455754	108472689682815400
7534	2022-06-15 06:02:00	2022-10-19 15:20:45.358139	937	10825	540197	108472689682815400
7050	2022-06-28 12:37:00	2022-10-19 12:59:47.097409	11984	10925	534192	108556064285104484
7052	2022-06-27 09:57:00	2022-10-19 13:02:25.686659	2519	10925	534232	108548539522464766
9983	2022-06-14 00:00:00	2022-11-03 23:53:18.544885	937	16675	717533	108470973367469897
7042	2022-08-22 15:30:00	2022-10-19 12:56:25.701477	974	10825	534143	108867842804508655
7055	2022-06-27 09:06:00	2022-10-19 13:03:01.963069	5823	10925	534244	108547350612307834
7056	2022-08-21 10:54:00	2022-10-19 13:03:11.867262	8819	10825	534247	108835431499418057
7057	2022-08-21 10:16:00	2022-10-19 13:04:01.885667	4718	10825	534267	108861061482164692
7058	2022-06-26 19:15:00	2022-10-19 13:04:09.401664	323	10925	534269	108545996999573710
6973	2022-07-24 08:06:00	2022-10-19 11:52:45.176266	2103	10925	533150	108694164845834706
7060	2022-06-26 10:14:00	2022-10-19 13:05:07.893626	2228	10925	534291	108544053686556531
7061	2022-06-25 10:21:00	2022-10-19 13:06:01.124143	9232	10925	534313	108538541678458421
7062	2022-08-20 13:16:00	2022-10-19 13:06:09.345638	12434	10825	534315	108856309003436634
7063	2022-08-20 13:01:00	2022-10-19 13:06:20.722432	72881	10825	534320	108844875083900885
6984	2022-09-01 13:49:00	2022-10-19 12:00:29.445126	416	10825	533277	108924234791585639
7017	2022-08-26 11:27:00	2022-10-19 12:34:45.493293	103	10825	533804	108884180195778466
7027	2022-08-24 22:04:00	2022-10-19 12:43:04.259317	515	10825	533934	108880945638587864
7038	2022-08-23 10:01:00	2022-10-19 12:52:27.482029	498	10825	534077	108862617585664836
7049	2022-06-28 12:42:00	2022-10-19 12:59:40.389472	144	10925	534190	108556007173065797
7007	2022-08-27 13:48:00	2022-10-19 12:26:47.381171	322	10825	533680	108895865016991886
7035	2022-07-01 09:22:00	2022-10-19 12:47:51.766094	416	10925	534010	108572085215590524
7040	2022-08-22 17:06:00	2022-10-19 12:55:19.473582	144	10825	534125	108867950727553021
6978	2022-09-02 02:09:00	2022-10-19 11:57:43.971075	222	10825	533235	108918120242811950
6979	2022-09-02 02:05:00	2022-10-19 11:57:49.389667	222	10825	533237	108918705056792306
7008	2022-08-27 13:30:00	2022-10-19 12:27:07.534316	895	10825	533686	108892925961247934
7036	2022-08-23 14:16:00	2022-10-19 12:47:59.750189	12084	10825	534012	108869036296365306
7064	2022-08-20 12:50:00	2022-10-19 13:06:28.08667	72881	10825	534324	108847642653689306
7066	2022-06-23 20:58:00	2022-10-19 13:06:46.869922	6672	10925	534332	108524725616156187
7069	2022-08-20 10:58:00	2022-10-19 13:08:12.292012	948	10825	534368	108850854486401787
7070	2022-08-20 09:46:00	2022-10-19 13:08:43.763584	57342	10825	534380	108523373088935686
7071	2022-08-20 02:49:00	2022-10-19 13:10:44.692819	1844	10825	534434	108842439537197990
7072	2022-08-20 01:21:00	2022-10-19 13:11:08.188798	28485	10825	534442	108852732638413010
7073	2022-08-20 01:17:00	2022-10-19 13:11:12.786149	28485	10825	534444	108849907432600501
8451	2022-10-08 13:48:00	2022-10-23 13:41:39.979255	941	12888	627142	109122450315412475
7078	2022-06-17 07:08:00	2022-10-19 13:12:20.570352	713	10925	534473	108489897989976545
7080	2022-08-19 14:42:00	2022-10-19 13:13:01.852989	82269	10825	534485	108805171084473615
7082	2022-08-19 12:43:00	2022-10-19 13:13:28.873912	2198	10825	534494	108839017476825428
7086	2022-08-19 11:56:00	2022-10-19 13:14:22.978863	2102	10825	534511	108847956175782424
7094	2022-08-19 00:00:00	2022-10-19 13:18:27.538583	28485	10825	534583	108844778396070720
7098	2022-08-18 13:49:00	2022-10-19 13:19:05.935092	43894	10825	534595	108845078048911538
7107	2022-06-10 07:46:00	2022-10-19 13:23:45.325285	1118	10925	534704	108452932352843677
7103	2022-06-12 09:23:00	2022-10-19 13:21:36.354219	1112	10925	534653	108464632110958681
7111	2022-08-17 14:53:00	2022-10-19 13:25:18.357344	199055	10825	534739	108815869521905981
7114	2022-08-17 13:21:00	2022-10-19 13:26:42.417571	2839	10825	534774	108833559245381116
74	2022-07-31 16:03:00	2022-09-15 22:46:22.150891	27	27	2100	108336236723485338
7097	2022-06-13 19:23:00	2022-10-19 13:18:55.677698	146	10925	534592	108472411787074633
7137	2022-08-15 13:58:00	2022-10-19 13:37:14.122864	393117	10825	535020	108827926627705048
7138	2022-08-15 13:41:00	2022-10-19 13:37:33.055341	24904	10825	535027	108827988435522379
7143	2022-08-15 12:57:00	2022-10-19 13:38:31.341558	28223	10825	535049	108827898921958845
7144	2022-08-15 10:26:00	2022-10-19 13:40:27.243449	32408	10825	535091	108819359405990891
7145	2022-08-14 17:06:00	2022-10-19 13:42:35.085479	4453	10825	535139	108792660611385539
7140	2022-08-15 13:16:00	2022-10-19 13:38:10.367113	125	10825	535040	108827600645232781
7171	2022-08-08 17:21:00	2022-10-19 13:59:24.46987	103	10825	535786	108787364483200835
7159	2022-08-10 12:55:00	2022-10-19 13:53:49.562959	12726	10825	535530	108793170576860940
7162	2022-08-10 11:27:00	2022-10-19 13:54:24.486445	13985	10825	535565	108798793686728155
7128	2022-08-15 22:32:00	2022-10-19 13:34:34.949684	515	10825	534955	108830079778373126
7165	2022-08-10 10:28:00	2022-10-19 13:54:57.041796	5045	10825	535591	108794808358762707
7167	2022-08-09 12:23:00	2022-10-19 13:55:31.367728	11190	10825	535620	108793562537623586
8456	2022-10-06 21:25:00	2022-10-23 14:08:12.244821	2206	12888	627545	109124059146506624
8887	2022-07-29 09:52:00	2022-10-24 10:56:13.672506	398347	12959	643978	108730864597219715
8888	2022-07-29 09:51:00	2022-10-24 10:56:30.808696	137807	12959	643984	108730856681035425
8889	2022-07-29 09:49:00	2022-10-24 10:57:21.400856	12964	12959	643997	108730847402704146
9107	2022-09-11 00:00:00	2022-10-27 06:14:50.3865	2013	12056	677220	108974066808989486
9442	2022-08-20 00:00:00	2022-10-28 23:23:01.667972	102	13807	687151	108857499009817371
203	2022-08-31 08:43:00	2022-09-17 06:54:43.796446	27	316	18415	108917523934541907
9113	2022-09-09 00:00:00	2022-10-27 06:17:06.432354	10893	12056	677233	108940969063046136
9115	2022-09-09 00:00:00	2022-10-27 06:17:26.169694	5236	12056	677235	108969213818744871
9116	2022-09-09 00:00:00	2022-10-27 06:17:49.472095	1844	12056	677237	108966592330831290
9117	2022-09-08 00:00:00	2022-10-27 06:18:49.140506	4300	12056	677242	108957443106935488
9128	2022-08-26 00:00:00	2022-10-27 06:29:39.555228	9893	12056	677297	108892648844606914
9133	2022-08-26 00:00:00	2022-10-27 06:30:55.805404	35424	12056	677305	108892358553088560
9136	2022-10-20 00:00:00	2022-10-27 06:40:25.344802	26464	13306	677362	109201292529772966
9141	2022-07-21 00:00:00	2022-10-27 06:49:59.181327	682	12056	677450	108686150049600466
9323	2022-10-05 00:00:00	2022-10-27 23:33:16.538379	60601	13351	682842	109116663625426158
9416	2022-08-15 00:00:00	2022-10-28 22:03:42.954312	12503	13768	686500	108830240642842763
9423	2022-10-25 00:00:00	2022-10-28 22:49:45.8683	81	13807	686872	109225829881060971
9434	2022-09-04 00:00:00	2022-10-28 23:10:29.525475	13827	13807	687042	108940860882314835
9437	2022-09-01 00:00:00	2022-10-28 23:14:52.951598	43894	13807	687079	108926121251079286
9439	2022-08-26 00:00:00	2022-10-28 23:18:25.678142	134680	13807	687109	108889441454075638
9441	2022-08-23 00:00:00	2022-10-28 23:21:33.393419	162468	13807	687135	108870216407295899
9444	2022-08-18 00:00:00	2022-10-28 23:29:12.44542	11018	13807	687200	108844637803849744
9445	2022-08-14 00:00:00	2022-10-28 23:39:02.276028	419	13807	687284	108821480093141330
9045	2022-06-10 00:00:00	2022-10-26 08:37:55.169198	21233	13173	666460	108453236450838051
9447	2022-08-10 00:00:00	2022-10-28 23:46:20.29497	51102	13807	687337	108777355754800665
3087	2022-09-03 11:16:00	2022-10-09 09:05:49.362162	2851	7785	336915	108930986691842893
9435	2022-09-04 00:00:00	2022-10-28 23:11:33.386674	416	13807	687049	108940313054934233
8874	2022-08-08 20:23:00	2022-10-24 10:20:24.419892	143	12959	643390	108789947601234687
1086	2022-08-29 19:07:00	2022-09-26 02:24:09.195905	4780	114	92485	108908661696223589
1122	2022-08-03 18:48:00	2022-09-26 19:23:37.948854	4780	1868	95024	108761290732344435
8453	2022-10-07 21:34:00	2022-10-23 13:45:27.56883	33	12888	627202	109129714757962286
7155	2022-08-11 06:19:00	2022-10-19 13:52:14.321291	144	10825	535429	108799508940292661
7116	2022-08-16 14:38:00	2022-10-19 13:29:30.94991	1118	10825	534837	108833650185355627
7130	2022-08-15 15:48:00	2022-10-19 13:35:11.550823	270	10825	534968	108826846293876316
9446	2022-08-10 00:00:00	2022-10-28 23:45:25.954321	742	13807	687330	108799436750036575
9438	2022-08-30 00:00:00	2022-10-28 23:16:17.553322	143	13807	687090	108912102187439596
7085	2022-08-19 12:01:00	2022-10-19 13:14:19.981726	695	10825	534509	108847201811851599
9135	2022-08-10 00:00:00	2022-10-27 06:38:42.4697	974	12056	677346	108800703785327993
9449	2022-08-01 00:00:00	2022-10-28 23:54:27.418021	2103	13807	687401	108750952886484466
7065	2022-06-24 16:16:00	2022-10-19 13:06:38.329884	2197	10925	534327	108533629334592157
7090	2022-06-14 17:47:00	2022-10-19 13:17:27.060375	1118	10925	534562	108477984493557896
7079	2022-08-19 15:50:00	2022-10-19 13:12:23.889898	173295	10825	534474	108851068802235462
7084	2022-08-19 12:11:00	2022-10-19 13:14:00.725847	9674	10825	534503	108850392538217013
7088	2022-06-15 07:58:00	2022-10-19 13:15:52.657865	2619	10925	534533	108480819665024340
7093	2022-08-19 00:00:00	2022-10-19 13:18:16.805507	271	10825	534579	108845246718773613
7095	2022-08-19 00:00:00	2022-10-19 13:18:35.901354	28485	10825	534586	108829558496699938
7096	2022-08-18 20:49:00	2022-10-19 13:18:49.206934	28485	10825	534591	108844792180562415
7100	2022-06-13 17:25:00	2022-10-19 13:19:47.05756	6609	10925	534609	108472266583494112
7104	2022-06-11 16:58:00	2022-10-19 13:22:21.375643	239965	10925	534670	108460794517843420
7112	2022-08-17 14:45:00	2022-10-19 13:25:47.124935	4353	10825	534753	108838737040577010
7113	2022-08-17 14:12:00	2022-10-19 13:26:27.575904	1000	10825	534769	108830145156460268
7115	2022-08-17 12:46:00	2022-10-19 13:26:44.309604	1000	10825	534776	108837571560809204
7135	2022-08-15 15:24:00	2022-10-19 13:36:19.324982	8763	10825	534999	108818263616654228
7131	2022-08-15 15:46:00	2022-10-19 13:35:24.957946	152	10825	534975	108828269761200713
7151	2022-08-12 15:27:00	2022-10-19 13:49:57.417423	13109	10825	535329	108794535469602090
8452	2022-10-07 22:12:00	2022-10-23 13:43:47.396442	4205	12888	627176	109112187920539780
8454	2022-10-07 19:08:00	2022-10-23 13:49:19.953417	38667	12888	627262	109129489864804213
8455	2022-10-06 22:34:00	2022-10-23 14:04:59.721601	64797	12888	627495	109124644731979932
8457	2022-10-06 16:18:00	2022-10-23 14:20:02.681957	40306	12888	627702	108863385325596265
8460	2022-10-05 22:49:00	2022-10-23 14:32:16.878272	174	12888	627860	109118143903796421
8411	2022-06-13 18:46:00	2022-10-23 12:24:51.003316	12936	12936	626036	108472479318225998
8410	2022-06-13 18:47:00	2022-10-23 12:24:27.613918	12936	12936	626030	108472420809952848
8461	2022-10-05 18:02:00	2022-10-23 14:37:52.254927	271	12888	627925	109117838616535063
8462	2022-10-05 14:16:00	2022-10-23 14:42:46.265811	2836	12888	627974	109117021128137332
8464	2022-10-05 13:52:00	2022-10-23 14:45:14.070605	4396	12888	627999	109116929903861949
8465	2022-10-05 13:51:00	2022-10-23 14:45:35.422632	11164	12888	628004	109116906335934317
8466	2022-10-05 12:44:00	2022-10-23 14:47:12.078624	323	12888	628025	109113333569236276
8468	2022-10-05 12:26:00	2022-10-23 14:49:27.950732	2191	12888	628052	109116521182490035
8474	2022-10-04 11:44:00	2022-10-23 15:10:49.677937	222	12888	628300	109110403149928721
8471	2022-10-05 11:37:00	2022-10-23 14:53:29.32514	2402	12888	628104	109115305221146752
8472	2022-10-04 21:49:00	2022-10-23 14:57:57.52184	10279	12888	628152	109113063045669155
8473	2022-10-04 20:05:00	2022-10-23 15:02:49.617774	107	12888	628206	109112463631791297
8475	2022-10-03 23:20:00	2022-10-23 15:12:18.069376	43894	12888	628318	109100358801359132
8476	2022-10-03 23:18:00	2022-10-23 15:12:35.837369	148179	12888	628323	109107612233850058
8477	2022-10-03 21:16:00	2022-10-23 15:19:00.909318	68881	12888	628406	109107338944780663
8478	2022-10-03 21:04:00	2022-10-23 15:19:41.705221	267105	12888	628414	109102254022124399
7139	2022-08-15 13:25:00	2022-10-19 13:37:49.511978	152	10825	535033	108826264130012065
8480	2022-10-03 16:32:00	2022-10-23 15:25:32.314787	4817	12888	628479	109105303188636345
8481	2022-10-03 11:56:00	2022-10-23 15:33:34.477145	4205	12888	628578	109104808680534385
8487	2022-10-02 16:08:00	2022-10-23 15:47:14.793485	2197	12888	628722	109100271895750453
8489	2022-10-02 15:10:00	2022-10-23 15:49:24.541497	42327	12888	628745	109100095250485757
8491	2022-10-02 14:51:00	2022-10-23 15:52:08.621384	4420	12888	628772	109096530158782287
8492	2022-10-02 14:34:00	2022-10-23 15:53:15.025669	1343	12888	628784	109066732271566486
8493	2022-10-02 14:26:00	2022-10-23 15:53:33.09757	1154	12888	628787	109091088031662166
8494	2022-10-02 14:00:00	2022-10-23 15:55:43.833291	5462	12888	628810	109099973060150773
8495	2022-10-01 22:30:00	2022-10-23 16:00:59.849471	5236	12888	628859	108866710792603699
8486	2022-10-02 17:18:00	2022-10-23 15:47:04.313473	269	12888	628720	109089133071616793
8499	2022-09-30 17:54:00	2022-10-23 16:15:30.869213	10279	12888	628983	109089538556091979
8500	2022-09-30 14:20:00	2022-10-23 16:17:34.613082	35179	12888	629000	109088727962721065
8501	2022-09-30 11:43:00	2022-10-23 16:30:20.546544	39728	12888	629093	109082636734242944
7099	2022-06-13 17:46:00	2022-10-19 13:19:24.585617	103	10925	534602	108472078853574548
8463	2022-10-05 14:01:00	2022-10-23 14:44:47.367525	103	12888	627996	109116811961432631
8505	2022-09-30 10:49:00	2022-10-23 16:33:07.029975	364300	12888	629118	109087825023233533
7141	2022-08-15 13:05:00	2022-10-19 13:38:20.618134	80	10825	535044	108827872583087459
7067	2022-06-23 20:22:00	2022-10-19 13:07:22.537833	628	10925	534347	108529448892234981
8496	2022-10-01 22:18:00	2022-10-23 16:01:45.597327	498	12888	628865	109096096532742838
9267	2022-10-10 00:00:00	2022-10-27 22:14:25.939971	27	13351	682394	109144999074599256
236	2022-08-27 14:44:00	2022-09-17 10:04:44.706743	27	365	22404	108896251785772444
7149	2022-08-13 12:48:00	2022-10-19 13:47:15.536316	33	10825	535257	108807239822560175
7092	2022-08-19 00:00:00	2022-10-19 13:17:56.575972	279	10825	534572	108845208674419293
8490	2022-10-02 15:04:00	2022-10-23 15:50:47.941435	198	12888	628758	109100104215970590
2043	2022-08-15 14:20:00	2022-09-29 17:52:01.34196	4780	4248	179858	108825651846396731
7146	2022-08-14 06:07:00	2022-10-19 13:44:24.449012	143	10825	535185	108817242974034650
8467	2022-10-05 12:41:00	2022-10-23 14:47:28.262966	339	12888	628029	109116305085529688
8488	2022-10-02 15:52:00	2022-10-23 15:47:29.453429	731	12888	628726	108994006412898525
8459	2022-10-06 10:30:00	2022-10-23 14:28:05.09842	144	12888	627804	109118032679075149
8469	2022-10-05 12:03:00	2022-10-23 14:52:05.323917	144	12888	628084	109111149101369746
8497	2022-10-01 22:16:00	2022-10-23 16:02:12.910324	144	12888	628868	109096072981196835
7148	2022-08-13 19:39:00	2022-10-19 13:45:38.392806	143	10825	535215	108817558173955980
7068	2022-08-20 11:09:00	2022-10-19 13:08:06.809717	13546	10825	534365	108855814725251462
7074	2022-08-20 01:09:00	2022-10-19 13:11:21.39337	28485	10825	534449	108852477113717565
7190	2022-08-06 12:35:00	2022-10-19 14:03:50.098598	146	10825	536025	108774005914335756
7109	2022-08-17 15:21:00	2022-10-19 13:24:24.273546	274	10825	534718	108839742742408033
7087	2022-08-19 11:25:00	2022-10-19 13:15:41.565782	51401	10825	534530	108845211078136255
7089	2022-06-15 07:35:00	2022-10-19 13:16:15.875431	2619	10925	534539	108480913006176119
7102	2022-06-12 09:30:00	2022-10-19 13:21:27.491878	2283	10925	534648	108464270691139284
7105	2022-08-17 20:08:00	2022-10-19 13:23:14.615264	28485	10825	534689	108839917096162706
7106	2022-06-10 09:56:00	2022-10-19 13:23:17.673819	52193	10925	534691	108453492614079730
7110	2022-08-17 15:18:00	2022-10-19 13:24:39.608088	7669	10825	534727	108839760159857837
7117	2022-08-16 13:02:00	2022-10-19 13:31:12.889782	2198	10825	534877	108833200828605035
7121	2022-08-16 12:22:00	2022-10-19 13:31:38.843435	34937	10825	534889	108172876821548289
7123	2022-08-16 10:41:00	2022-10-19 13:33:21.77208	445290	10825	534927	108829991657580968
7124	2022-08-16 10:31:00	2022-10-19 13:33:29.009713	445290	10825	534930	108829991657580968
7125	2022-08-16 10:08:00	2022-10-19 13:33:42.030796	26415	10825	534934	108832768579805372
7126	2022-08-16 09:56:00	2022-10-19 13:33:56.357614	177312	10825	534939	108832043105542918
7127	2022-08-15 22:33:00	2022-10-19 13:34:30.851695	108880	10825	534953	108830077298402940
7133	2022-08-15 15:32:00	2022-10-19 13:35:57.999355	2013	10825	534989	108775077482851855
7134	2022-08-15 15:29:00	2022-10-19 13:36:08.441907	4000	10825	534993	108828298580073797
7147	2022-08-13 20:26:00	2022-10-19 13:45:23.999909	62121	10825	535212	108817156590663260
7150	2022-08-13 11:47:00	2022-10-19 13:47:47.264886	28477	10825	535271	108815995251850717
7152	2022-08-12 15:26:00	2022-10-19 13:50:04.04296	13109	10825	535331	108794535469602090
7154	2022-08-11 21:47:00	2022-10-19 13:51:15.301513	39258	10825	535370	108806991143800157
60	2022-08-24 14:13:00	2022-09-15 22:41:47.542595	27	27	1836	108879199938007093
7158	2022-08-10 13:08:00	2022-10-19 13:53:25.013342	12274	10825	535507	108781591195217135
7160	2022-08-10 12:54:00	2022-10-19 13:53:54.645907	26699	10825	535534	108793145245433672
7161	2022-08-10 12:36:00	2022-10-19 13:53:59.101706	28485	10825	535538	108794743676000420
7164	2022-08-10 10:44:00	2022-10-19 13:54:36.942201	2198	10825	535576	108799025918042632
7166	2022-08-10 00:00:00	2022-10-19 13:55:07.265515	1343	10825	535597	108789813113974476
7168	2022-08-09 11:41:00	2022-10-19 13:55:39.277498	13462	10825	535628	108793441220165892
2164	2022-06-17 12:28:00	2022-09-29 18:30:05.864887	4780	4248	182517	108492641005816865
3203	2022-06-15 00:00:00	2022-10-09 09:15:29.163712	4780	7785	337769	108479452265935680
7170	2022-08-08 21:21:00	2022-10-19 13:56:48.691665	6291	10825	535696	108449831721722123
7172	2022-08-08 14:59:00	2022-10-19 14:00:02.399209	343690	10825	535821	108730017469598826
7174	2022-08-07 12:46:00	2022-10-19 14:01:52.329367	2195	10825	535925	108781754264191575
4369	2022-09-04 13:55:00	2022-10-15 05:15:29.717715	4780	9365	437689	108940216153766123
7176	2022-08-06 17:17:00	2022-10-19 14:02:07.503189	28485	10825	535939	108760679492934892
7177	2022-08-06 17:13:00	2022-10-19 14:02:09.993438	4231	10825	535941	108776926041762023
7178	2022-08-06 16:53:00	2022-10-19 14:02:13.213377	4680	10825	535944	108777416721153131
7179	2022-08-06 16:36:00	2022-10-19 14:02:33.00994	363103	10825	535961	108761488841459574
7181	2022-08-06 14:41:00	2022-10-19 14:03:05.03079	135084	10825	535986	108765681152280472
7182	2022-08-06 14:38:00	2022-10-19 14:03:07.361665	135084	10825	535989	108771332592418530
7183	2022-08-06 14:19:00	2022-10-19 14:03:15.608559	15250	10825	535997	108765400311091326
7184	2022-08-06 13:57:00	2022-10-19 14:03:22.937693	15250	10825	536003	108773518608493247
7185	2022-08-06 13:50:00	2022-10-19 14:03:25.225679	73752	10825	536005	108775984858166399
5178	2022-06-17 10:14:00	2022-10-16 04:34:50.568313	4780	7585	467350	108493056198293595
8875	2022-08-08 20:04:00	2022-10-24 10:22:08.324718	230	12959	643419	108789941487867425
7189	2022-08-06 13:05:00	2022-10-19 14:03:43.857997	384438	10825	536019	108774092539257288
7173	2022-08-07 12:50:00	2022-10-19 14:01:48.015114	166	10825	535923	108778658068068035
9226	2022-10-14 00:00:00	2022-10-27 21:25:49.418443	4780	13351	682029	109167152588476938
7192	2022-08-05 22:25:00	2022-10-19 14:04:15.933544	81633	10825	536045	108772743513419110
7136	2022-08-15 15:17:00	2022-10-19 13:36:34.337921	416	10825	535005	108827982375070420
7193	2022-08-05 20:29:00	2022-10-19 14:04:18.135544	23980	10825	536047	108771103155252291
10575	2022-11-01 00:00:00	2022-11-20 01:29:44.533101	4780	19961	794753	109272008885129760
7196	2022-08-05 14:07:00	2022-10-19 14:04:27.664213	2198	10825	536058	108771485369242200
7197	2022-08-05 14:04:00	2022-10-19 14:04:42.107327	2200	10825	536066	108770310569045811
7198	2022-08-05 13:59:00	2022-10-19 14:05:00.239474	135084	10825	536076	108765681152280472
7199	2022-08-05 13:54:00	2022-10-19 14:05:07.64847	43688	10825	536080	108771529047415447
7200	2022-08-05 04:41:00	2022-10-19 14:05:20.882321	287	10825	536093	108766188550738010
7201	2022-08-05 04:39:00	2022-10-19 14:05:22.636905	1448	10825	536094	108766884256143516
7202	2022-08-05 02:39:00	2022-10-19 14:05:40.955439	353122	10825	536111	108768483581983972
7203	2022-08-05 02:27:00	2022-10-19 14:05:46.66645	10411	10825	536116	108768404733375840
8521	2022-09-27 11:35:00	2022-10-23 17:33:32.849548	4780	12888	629642	109070944628377467
7205	2022-08-05 00:00:00	2022-10-19 14:06:07.609711	135084	10825	536132	108765669703214338
7206	2022-08-04 23:11:00	2022-10-19 14:06:13.485523	12250	10825	536137	108767871860318700
7207	2022-08-04 17:48:00	2022-10-19 14:06:24.110792	12726	10825	536148	108765339459510568
7208	2022-08-04 17:26:00	2022-10-19 14:06:26.264459	72172	10825	536150	108766524391917805
7210	2022-08-04 16:30:00	2022-10-19 14:06:54.235047	28485	10825	536172	108732480876942648
7211	2022-08-04 14:43:00	2022-10-19 14:07:15.673595	45098	10825	536187	108765504097297841
7213	2022-08-04 12:37:00	2022-10-19 14:07:32.515448	271	10825	536200	108765048650662835
7142	2022-08-15 12:57:00	2022-10-19 13:38:27.94911	143	10825	535047	108827631110167118
6283	2022-09-12 09:43:00	2022-10-17 12:03:20.620867	4780	10230	502299	108935395842547211
7212	2022-08-04 14:34:00	2022-10-19 14:07:18.636657	974	10825	536189	108765629609235178
7153	2022-08-11 22:58:00	2022-10-19 13:51:07.786842	410	10825	535363	108806640968737753
7194	2022-08-05 14:19:00	2022-10-19 14:04:21.766645	105	10825	536051	108771415015652283
7209	2022-08-04 16:56:00	2022-10-19 14:06:38.942412	322	10825	536161	108766364750346835
7091	2022-08-19 01:03:00	2022-10-19 13:17:48.693412	125	10825	534570	108845201162741818
7214	2022-08-04 05:18:00	2022-10-19 14:08:07.089725	44145	10825	536226	108763621465403782
7215	2022-08-04 04:50:00	2022-10-19 14:08:19.529847	10891	10825	536237	108351379230351953
7219	2022-08-03 21:58:00	2022-10-19 14:08:51.622231	47061	10825	536267	108761122523695384
7222	2022-08-03 14:37:00	2022-10-19 14:11:13.093504	2197	10825	536346	108754900343781728
7223	2022-08-03 14:28:00	2022-10-19 14:11:21.709592	13863	10825	536354	108760211105502120
7225	2022-08-03 14:13:00	2022-10-19 14:11:32.610656	16683	10825	536364	108690602664280581
7280	2022-07-25 12:57:00	2022-10-19 14:23:26.033714	109	10825	537010	108707780098932192
7240	2022-08-01 12:04:00	2022-10-19 14:14:40.489471	8387	10825	536522	108727163204924015
7245	2022-07-31 11:44:00	2022-10-19 14:15:30.01329	322	10825	536571	108738835630137060
7244	2022-07-31 12:09:00	2022-10-19 14:15:28.26717	230490	10825	536569	108739961914413966
7247	2022-07-30 20:53:00	2022-10-19 14:15:46.544005	328766	10825	536587	108738779473480837
7249	2022-07-30 13:48:00	2022-10-19 14:16:23.535441	15112	10825	536619	108736137578257954
7250	2022-07-30 13:16:00	2022-10-19 14:16:34.094439	836	10825	536627	108733948595308059
8507	2022-09-29 18:47:00	2022-10-23 16:46:51.919923	211891	12888	629255	109084119327961301
7261	2022-07-28 11:18:00	2022-10-19 14:19:42.412274	77873	10825	536801	108725366250768557
7263	2022-07-28 02:31:00	2022-10-19 14:19:57.223881	20533	10825	536815	108699213752346282
7264	2022-07-28 02:17:00	2022-10-19 14:20:14.761603	14236	10825	536828	108723486142244392
7269	2022-07-27 02:40:00	2022-10-19 14:21:37.183695	2946	10825	536905	108716184075165068
7270	2022-07-27 02:32:00	2022-10-19 14:21:44.362187	2311	10825	536911	108716035407992164
7271	2022-07-26 18:14:00	2022-10-19 14:22:06.217774	3900	10825	536931	108709848147822826
7272	2022-07-26 18:09:00	2022-10-19 14:22:13.174867	1001	10825	536937	108660852713221587
7273	2022-07-26 12:08:00	2022-10-19 14:22:30.09195	375455	10825	536955	108714272333669341
7274	2022-07-26 11:44:00	2022-10-19 14:22:37.701947	23980	10825	536962	108704749843809058
7276	2022-07-26 01:52:00	2022-10-19 14:22:54.349653	62121	10825	536978	108712031265518081
7277	2022-07-26 00:00:00	2022-10-19 14:22:59.396405	13797	10825	536983	108711375375230785
7278	2022-07-25 23:54:00	2022-10-19 14:23:04.598127	2402	10825	536987	108710003748883440
88	2022-07-21 22:47:00	2022-09-15 22:47:42.093229	27	27	2178	108677593396833263
6891	2022-08-17 06:26:00	2022-10-19 11:08:03.299544	10925	10925	531756	108837719491017077
6924	2022-08-11 06:19:00	2022-10-19 11:20:08.666004	10925	10925	532121	108800005835836930
7285	2022-07-23 13:27:00	2022-10-19 14:26:28.83517	11242	10825	537167	108696267933643908
7286	2022-07-23 12:51:00	2022-10-19 14:26:35.004	135084	10825	537171	108691985465534402
7287	2022-07-22 13:53:00	2022-10-19 14:28:17.026126	11109	10825	537191	108692257655525833
7288	2022-07-22 12:58:00	2022-10-19 14:28:19.48585	2471	10825	537193	108691956354859583
7408	2022-07-07 01:54:00	2022-10-19 14:54:27.723282	2843	10825	538464	108603396095304487
7291	2022-07-22 12:13:00	2022-10-19 14:28:31.962595	843	10825	537201	108689283384277897
7227	2022-08-03 13:41:00	2022-10-19 14:11:47.733514	300	10825	536377	108700232379675510
7293	2022-07-22 05:57:00	2022-10-19 14:28:43.601727	2423	10825	537206	108688760979926177
7294	2022-07-22 04:57:00	2022-10-19 14:28:52.00723	179559	10825	537210	108690143915727058
7295	2022-07-21 16:54:00	2022-10-19 14:29:02.783238	351280	10825	537216	108682105632527027
7296	2022-07-21 13:39:00	2022-10-19 14:29:18.151046	51514	10825	537222	108686531531303513
7297	2022-07-21 11:44:00	2022-10-19 14:29:33.399477	2208	10825	537230	108685618748239213
7299	2022-07-20 18:27:00	2022-10-19 14:31:18.07048	166925	10825	537238	108659336095774050
7300	2022-07-20 15:40:00	2022-10-19 14:31:21.143501	15463	10825	537239	108658326443439299
7301	2022-07-20 15:36:00	2022-10-19 14:31:28.790735	15463	10825	537241	108665265670093686
7303	2022-07-20 13:50:00	2022-10-19 14:32:09.014164	2103	10825	537247	108677124667128556
7366	2022-07-11 13:18:00	2022-10-19 14:49:11.01599	948	10825	538060	108515964629355408
7376	2022-07-08 22:34:00	2022-10-19 14:51:14.244034	183934	10825	538217	108609473550322551
7216	2022-08-04 03:27:00	2022-10-19 14:08:28.911694	731	10825	536245	108759700290336005
7383	2022-07-08 04:57:00	2022-10-19 14:52:21.661937	27745	10825	538300	108569357172978808
7384	2022-07-08 04:18:00	2022-10-19 14:52:28.843842	190255	10825	538309	108608403624110713
7385	2022-07-08 04:05:00	2022-10-19 14:52:30.746295	82559	10825	538312	108606555745749287
7388	2022-07-07 20:10:00	2022-10-19 14:52:43.702095	28485	10825	538331	108608794254514151
87	2022-07-21 23:06:00	2022-09-15 22:47:41.418473	27	27	2177	108686769356131726
7392	2022-07-07 15:26:00	2022-10-19 14:52:59.298012	21533	10825	538352	108603288163076863
7393	2022-07-07 14:26:00	2022-10-19 14:53:06.292971	24503	10825	538360	108591001781064153
7395	2022-07-07 13:51:00	2022-10-19 14:53:18.033727	203197	10825	538377	108606831309096539
7396	2022-07-07 13:35:00	2022-10-19 14:53:26.889335	271	10825	538391	108606477699893475
7404	2022-07-07 11:50:00	2022-10-19 14:54:06.847075	849	10825	538439	108398668259361176
7407	2022-07-07 02:35:00	2022-10-19 14:54:20.709765	11018	10825	538454	108604210505808947
7411	2022-07-06 13:37:00	2022-10-19 14:55:33.801945	23980	10825	538545	108601547981714339
7417	2022-07-05 13:18:00	2022-10-19 14:57:07.069834	12317	10825	538666	108579481467894896
7419	2022-07-05 13:02:00	2022-10-19 14:57:15.026784	1593	10825	538678	108595285564413510
7421	2022-07-05 11:47:00	2022-10-19 14:57:27.101997	28485	10825	538696	108591135191258335
7426	2022-07-04 16:36:00	2022-10-19 14:59:31.398121	2265	10825	538851	108454041413966458
91	2022-07-17 19:37:00	2022-09-15 22:48:00.323598	27	27	2205	108645450025280547
7255	2022-07-29 03:56:00	2022-10-19 14:18:25.596658	10825	10825	536728	108726448292170856
7230	2022-08-02 22:25:00	2022-10-19 14:13:14.54153	110	10825	536448	108736503877206105
7077	2022-08-19 21:24:00	2022-10-19 13:12:13.603888	27	10825	534469	108850443037853583
7279	2022-07-25 14:46:00	2022-10-19 14:23:09.60565	1118	10825	536992	108709386875395482
7409	2022-07-07 01:53:00	2022-10-19 14:54:30.881897	174	10825	538469	108603323832530888
7228	2022-08-03 12:59:00	2022-10-19 14:12:20.791091	788	10825	536406	108759945324465801
7266	2022-07-27 12:01:00	2022-10-19 14:20:58.282099	322	10825	536875	108719751607549746
7251	2022-07-30 12:39:00	2022-10-19 14:16:58.3216	513	10825	536644	108736429662176604
7403	2022-07-07 12:10:00	2022-10-19 14:54:03.222822	101	10825	538433	108606042117148062
7220	2022-08-03 14:47:00	2022-10-19 14:09:15.59778	4279	10825	536285	108760292575364792
7221	2022-08-03 14:41:00	2022-10-19 14:11:04.18039	2280	10825	536340	108754809444434178
7224	2022-08-03 14:17:00	2022-10-19 14:11:28.397553	4421	10825	536361	108638397414515829
7229	2022-08-03 10:31:00	2022-10-19 14:12:57.849	32408	10825	536436	108755803231185522
7231	2022-08-02 13:04:00	2022-10-19 14:13:43.447522	2588	10825	536469	108754007642577486
7232	2022-08-02 12:42:00	2022-10-19 14:13:48.427246	8387	10825	536473	108739473395033424
7234	2022-08-02 03:10:00	2022-10-19 14:14:09.29617	9718	10825	536490	108751966652141015
7235	2022-08-02 03:07:00	2022-10-19 14:14:11.297531	31311	10825	536492	108751956868561871
7236	2022-08-02 02:59:00	2022-10-19 14:14:14.010869	1101	10825	536495	108222284928046023
7238	2022-08-01 17:04:00	2022-10-19 14:14:20.885676	8387	10825	536502	108739473395033424
7239	2022-08-01 12:53:00	2022-10-19 14:14:35.567904	135084	10825	536516	108747526869685941
7242	2022-07-31 15:01:00	2022-10-19 14:15:21.473795	32656	10825	536562	108738836389862408
7248	2022-07-30 15:27:00	2022-10-19 14:15:47.837563	61873	10825	536588	108737896871110815
7253	2022-07-29 23:49:00	2022-10-19 14:17:27.56627	9167	10825	536669	108039051235639780
7254	2022-07-29 11:40:00	2022-10-19 14:17:55.177715	386	10825	536697	108731225395601734
7256	2022-07-29 02:56:00	2022-10-19 14:18:34.173535	8387	10825	536736	108719288068998413
7257	2022-07-29 02:41:00	2022-10-19 14:18:38.818986	922	10825	536741	108726526651681726
7258	2022-07-28 23:44:00	2022-10-19 14:18:56.081491	63464	10825	536754	108723128903644385
7260	2022-07-28 11:50:00	2022-10-19 14:19:28.925697	2569	10825	536789	108725745529994495
7262	2022-07-28 10:43:00	2022-10-19 14:19:48.653599	9893	10825	536808	108723389564190138
7265	2022-07-27 12:34:00	2022-10-19 14:20:53.629009	441597	10825	536870	108716977272568340
7267	2022-07-27 11:33:00	2022-10-19 14:21:03.485589	135084	10825	536879	108703494416359138
7268	2022-07-27 02:42:00	2022-10-19 14:21:34.25064	36059	10825	536904	108703872878168712
7252	2022-07-29 23:54:00	2022-10-19 14:17:22.969793	322	10825	536665	108731917239766166
7284	2022-07-24 12:51:00	2022-10-19 14:25:45.70174	214676	10825	537140	108703289145622848
7302	2022-07-20 15:13:00	2022-10-19 14:31:34.334282	13797	10825	537242	108681160541025624
7305	2022-07-20 13:28:00	2022-10-19 14:32:36.458179	4367	10825	537252	108672073365538204
7275	2022-07-26 02:01:00	2022-10-19 14:22:52.026988	322	10825	536976	108709615124378591
7237	2022-08-01 19:31:00	2022-10-19 14:14:16.525216	416	10825	536497	108747731805921488
7311	2022-07-19 15:43:00	2022-10-19 14:34:48.866542	948	10825	537292	108673507551824491
7312	2022-07-19 14:14:00	2022-10-19 14:35:15.32367	13434	10825	537310	108674972318571005
7314	2022-07-19 13:47:00	2022-10-19 14:35:39.28597	1000	10825	537329	108675194114673528
7316	2022-07-18 16:47:00	2022-10-19 14:37:11.437915	63832	10825	537415	108670232433493148
7317	2022-07-17 13:38:00	2022-10-19 14:38:08.815568	9059	10825	537475	108653298389777974
7318	2022-07-17 13:36:00	2022-10-19 14:38:11.731038	38143	10825	537478	108660550232671516
7319	2022-07-17 13:33:00	2022-10-19 14:38:14.269082	5236	10825	537481	108660133427465976
7241	2022-07-31 15:28:00	2022-10-19 14:15:17.956441	125	10825	536558	108741904616710772
7325	2022-07-16 15:40:00	2022-10-19 14:39:21.572121	5368	10825	537547	108657489564086429
7326	2022-07-16 14:09:00	2022-10-19 14:39:34.889852	271	10825	537561	108657907934001564
7327	2022-07-16 14:02:00	2022-10-19 14:39:40.041849	2206	10825	537564	108657492314037789
7328	2022-07-16 12:17:00	2022-10-19 14:39:56.117676	5129	10825	537577	108657446681796014
7329	2022-07-15 16:04:00	2022-10-19 14:40:36.314739	271	10825	537612	108652826535466809
7330	2022-07-15 15:57:00	2022-10-19 14:40:38.79967	271	10825	537614	108652837903278264
7217	2022-08-04 03:24:00	2022-10-19 14:08:30.138057	731	10825	536247	108760404296617382
7226	2022-08-03 13:44:00	2022-10-19 14:11:36.552544	1345	10825	536368	108556342832742082
7334	2022-07-15 15:34:00	2022-10-19 14:40:49.664889	11022	10825	537623	108653009712271662
7298	2022-07-20 22:44:00	2022-10-19 14:31:15.542147	1408	10825	537237	108682083327633420
7336	2022-07-15 13:43:00	2022-10-19 14:41:03.755245	271	10825	537633	108652003449751146
7337	2022-07-15 13:30:00	2022-10-19 14:41:16.70337	2948	10825	537642	108648675463313472
7338	2022-07-15 13:06:00	2022-10-19 14:41:24.645802	4542	10825	537649	108648021310309607
7340	2022-07-14 15:23:00	2022-10-19 14:42:11.302109	11242	10825	537690	108450750287281305
7341	2022-07-14 13:29:00	2022-10-19 14:42:20.062146	323	10825	537700	108643955439999105
7342	2022-07-14 12:54:00	2022-10-19 14:42:49.179339	141717	10825	537730	108642545551262304
7345	2022-07-14 11:21:00	2022-10-19 14:43:16.66217	1000	10825	537753	108645891354591319
7246	2022-07-31 01:17:00	2022-10-19 14:15:41.445787	1408	10825	536582	108731413284652002
7321	2022-07-17 12:04:00	2022-10-19 14:38:29.85088	1345	10825	537500	108657306710228122
7348	2022-07-13 12:54:00	2022-10-19 14:44:19.644179	22895	10825	537809	108640498006966760
7344	2022-07-14 11:39:00	2022-10-19 14:43:11.314536	143	10825	537746	108645719315131367
7339	2022-07-15 11:47:00	2022-10-19 14:41:48.277854	274	10825	537671	108646381734538814
1140	2022-07-21 22:47:00	2022-09-26 19:26:47.396929	27	1855	95500	108677593396833263
1540	2022-08-27 02:09:00	2022-09-27 08:35:15.239547	27	2155	111467	108893302784826723
7335	2022-07-15 15:32:00	2022-10-19 14:40:52.130342	144	10825	537625	108651973258349132
7281	2022-07-25 03:04:00	2022-10-19 14:23:58.513769	2103	10825	537038	108698833199213601
7343	2022-07-14 12:37:00	2022-10-19 14:43:05.431647	215	10825	537740	108646495601699142
7315	2022-07-19 04:46:00	2022-10-19 14:36:23.781879	805	10825	537371	108669240201960947
7349	2022-07-13 12:45:00	2022-10-19 14:44:23.298071	416	10825	537812	108639908761966633
1549	2022-08-24 22:17:00	2022-09-27 08:35:36.983953	27	2155	111493	108880936511546199
8483	2022-10-03 09:49:00	2022-10-23 15:35:28.120872	4780	12888	628597	109103878376348860
7304	2022-07-20 13:44:00	2022-10-19 14:32:21.486372	2103	10825	537249	108680258783230102
7313	2022-07-19 14:06:00	2022-10-19 14:35:36.045462	144	10825	537325	108675316857657368
7320	2022-07-17 12:30:00	2022-10-19 14:38:21.44182	322	10825	537489	108658986631040453
7259	2022-07-28 13:47:00	2022-10-19 14:19:09.252066	2843	10825	536766	108724947683337467
7322	2022-07-17 11:33:00	2022-10-19 14:38:41.887996	2843	10825	537512	108658763050976145
7351	2022-07-13 10:26:00	2022-10-19 14:45:07.057996	35146	10825	537849	108640288374096251
7352	2022-07-13 02:47:00	2022-10-19 14:45:16.125885	23530	10825	537858	108632760628161150
7353	2022-07-13 02:42:00	2022-10-19 14:45:37.258282	9589	10825	537872	108602899403346181
7356	2022-07-12 18:33:00	2022-10-19 14:46:09.426311	1844	10825	537895	108633200018063026
7359	2022-07-12 16:02:00	2022-10-19 14:46:30.429776	2947	10825	537917	108636139617984504
7362	2022-07-12 01:17:00	2022-10-19 14:48:24.985966	8419	10825	538024	108628873945276279
7367	2022-07-11 11:26:00	2022-10-19 14:49:16.220854	2195	10825	538066	108629351339340292
7368	2022-07-10 21:44:00	2022-10-19 14:49:22.545654	11242	10825	538076	108489907332540685
7369	2022-07-10 08:18:00	2022-10-19 14:49:25.229152	56996	10825	538080	108622863249281249
7371	2022-07-09 13:12:00	2022-10-19 14:50:22.169789	2268	10825	538154	108617960633497764
7372	2022-07-09 12:06:00	2022-10-19 14:50:43.671241	1000	10825	538180	108618174096954032
7374	2022-07-09 11:44:00	2022-10-19 14:50:51.098907	135084	10825	538190	108614213404168390
7381	2022-07-08 11:16:00	2022-10-19 14:51:43.2701	922	10825	538256	108607598923559777
7387	2022-07-07 20:16:00	2022-10-19 14:52:40.063814	14943	10825	538325	108608801205607295
1450	2022-09-12 19:20:00	2022-09-27 05:49:31.637488	27	2141	109519	108986647164814452
7401	2022-07-07 12:20:00	2022-10-19 14:53:58.518018	37278	10825	538427	108568238425061284
7406	2022-07-07 10:39:00	2022-10-19 14:54:17.40808	2192	10825	538450	108603496878892333
7416	2022-07-05 14:23:00	2022-10-19 14:56:59.04394	22126	10825	538659	108594361103352448
7422	2022-07-05 11:28:00	2022-10-19 14:57:36.547216	73952	10825	538705	108595152076628032
1596	2022-08-11 16:19:00	2022-09-27 08:38:19.403463	27	2155	111632	108806026529772871
7436	2022-07-03 16:03:00	2022-10-19 15:01:12.662099	2109	10825	538964	108581358975105620
7437	2022-07-03 14:11:00	2022-10-19 15:01:20.609948	1119	10825	538974	108522069570467037
8518	2022-09-28 00:00:00	2022-10-23 17:16:59.010197	143	12888	629488	109073446089889117
1151	2022-09-25 09:45:00	2022-09-26 19:50:51.909409	27	805	98119	109052362543183221
7442	2022-07-03 13:22:00	2022-10-19 15:02:14.623164	2519	10825	539039	108582723511047314
7447	2022-07-03 05:55:00	2022-10-19 15:02:38.910053	1000	10825	539071	108505736901376625
9138	2022-07-22 00:00:00	2022-10-27 06:47:49.328917	340	12056	677428	108691611241662007
7452	2022-07-02 14:41:00	2022-10-19 15:03:28.771289	9084	10825	539136	108568614951456566
7454	2022-07-02 04:10:00	2022-10-19 15:04:12.599408	37585	10825	539191	108576700288998532
7455	2022-07-01 12:40:00	2022-10-19 15:04:43.173949	2179	10825	539235	108570924298281981
7459	2022-07-01 11:48:00	2022-10-19 15:05:26.666648	39894	10825	539296	108538458093985656
7466	2022-06-30 16:03:00	2022-10-19 15:06:24.515356	2228	10825	539377	108568106751556021
7467	2022-06-30 14:43:00	2022-10-19 15:06:42.62997	9718	10825	539404	108567292752829465
7469	2022-06-30 14:40:00	2022-10-19 15:06:47.454348	9718	10825	539411	108567322776175579
7473	2022-06-30 13:34:00	2022-10-19 15:07:28.289932	323	10825	539463	108564498952000861
7474	2022-06-30 13:33:00	2022-10-19 15:07:32.993998	9147	10825	539467	108567615184046035
7478	2022-06-30 11:48:00	2022-10-19 15:08:00.298323	2505	10825	539503	108552599687423811
8509	2022-09-29 15:56:00	2022-10-23 16:49:36.057165	42667	12888	629277	108639096248224111
8510	2022-09-28 22:13:00	2022-10-23 17:01:33.601723	9670	12888	629364	109079268984919216
8516	2022-09-28 10:39:00	2022-10-23 17:16:03.694062	7630	12888	629482	109075774808100039
8517	2022-09-28 10:37:00	2022-10-23 17:16:34.853629	63452	12888	629485	109076470705639022
1157	2022-09-24 04:09:00	2022-09-26 19:52:18.864335	27	805	98256	109045610050140698
8520	2022-09-27 22:27:00	2022-10-23 17:19:40.241847	164930	12888	629513	109072930747854387
7363	2022-07-11 18:30:00	2022-10-19 14:48:41.949697	322	10825	538035	108624331512074223
7433	2022-07-04 05:18:00	2022-10-19 15:00:47.375312	199	10825	538935	108586508066313091
8525	2022-09-26 14:15:00	2022-10-23 17:59:17.467394	141717	12888	629861	109066045278319632
8527	2022-09-25 20:27:00	2022-10-23 18:03:30.06579	19964	12888	629905	109055837352805772
8514	2022-09-28 10:52:00	2022-10-23 17:14:04.121733	1445	12888	629466	109076418242433272
8915	2022-07-29 09:14:00	2022-10-24 11:11:46.160567	401845	12959	644219	108730786508245361
8916	2022-07-29 09:12:00	2022-10-24 11:12:09.158871	12964	12959	644225	108730617723821027
8917	2022-07-29 09:11:00	2022-10-24 11:12:31.96371	160243	12959	644233	108730615704122618
9108	2022-09-10 00:00:00	2022-10-27 06:15:22.496344	122323	12056	677222	108977170775865935
9114	2022-09-09 00:00:00	2022-10-27 06:17:15.944695	58027	12056	677234	108969169149236879
9118	2022-09-08 00:00:00	2022-10-27 06:19:27.316289	684	12056	677244	108963510376350108
7364	2022-07-11 15:21:00	2022-10-19 14:48:47.603137	146	10825	538040	108629853388268436
9125	2022-08-29 00:00:00	2022-10-27 06:25:41.132496	106278	12056	677275	108909359225538597
9126	2022-08-29 00:00:00	2022-10-27 06:26:11.860266	5471	12056	677278	108900303545880026
9127	2022-08-26 00:00:00	2022-10-27 06:27:28.257408	2450	12056	677288	108889781572865841
9130	2022-08-26 00:00:00	2022-10-27 06:29:57.850494	19445	12056	677299	108891009886442665
9131	2022-08-26 00:00:00	2022-10-27 06:30:21.214241	170261	12056	677301	108850869703528893
9132	2022-08-26 00:00:00	2022-10-27 06:30:28.972392	12529	12056	677302	108892437643170748
9134	2022-08-12 00:00:00	2022-10-27 06:37:46.218876	5236	12056	677337	108793110400676784
9137	2022-08-05 00:00:00	2022-10-27 06:43:14.392679	78342	12056	677387	108773249578415348
9140	2022-07-22 00:00:00	2022-10-27 06:48:52.701975	209972	12056	677439	108691890842971321
7350	2022-07-13 11:12:00	2022-10-19 14:44:54.100984	33	10825	537842	108629741524531644
8511	2022-09-28 13:32:00	2022-10-23 17:07:00.409658	302	12888	629405	109077215286575200
8512	2022-09-28 12:01:00	2022-10-23 17:08:45.401663	974	12888	629424	109076826837266236
7427	2022-07-04 14:26:00	2022-10-19 14:59:58.168646	290	10825	538881	108570405862078554
7375	2022-07-08 22:39:00	2022-10-19 14:51:06.779015	731	10825	538205	108597418134235904
8881	2022-07-31 10:26:00	2022-10-24 10:40:14.104575	1118	12959	643713	108739080144713632
8513	2022-09-28 11:57:00	2022-10-23 17:09:10.70938	110	12888	629427	109070693930757234
7402	2022-07-07 12:13:00	2022-10-19 14:54:00.14197	101	10825	538430	108605905927456054
7354	2022-07-13 02:08:00	2022-10-19 14:45:56.535221	2405	10825	537886	108638324301485416
7355	2022-07-13 01:48:00	2022-10-19 14:46:04.203492	2538	10825	537891	108636245073163246
7357	2022-07-12 18:08:00	2022-10-19 14:46:26.2442	2405	10825	537913	108636471505792496
7358	2022-07-12 16:03:00	2022-10-19 14:46:28.022292	57847	10825	537915	108636124199834034
7360	2022-07-12 14:15:00	2022-10-19 14:47:31.600498	140	10825	537973	108635630111641507
7361	2022-07-12 13:51:00	2022-10-19 14:47:35.777607	1000	10825	537977	108635002006720824
7370	2022-07-09 14:43:00	2022-10-19 14:49:53.538225	2222	10825	538118	108577874077832833
7373	2022-07-09 11:58:00	2022-10-19 14:50:46.973828	1000	10825	538185	108614521297976120
7399	2022-07-07 12:49:00	2022-10-19 14:53:44.670179	232	10825	538413	108354479965886014
7423	2022-07-05 02:08:00	2022-10-19 14:57:49.492225	125	10825	538725	108591663422934572
7382	2022-07-08 10:20:00	2022-10-19 14:52:06.478049	5687	10825	538279	108607373109384373
7397	2022-07-07 13:05:00	2022-10-19 14:53:28.629996	32408	10825	538394	108578732805681932
7405	2022-07-07 11:42:00	2022-10-19 14:54:09.900084	2013	10825	538443	108606259168733621
7410	2022-07-07 01:33:00	2022-10-19 14:54:42.510027	1593	10825	538485	108604243422603774
7414	2022-07-06 11:07:00	2022-10-19 14:56:20.882042	8457	10825	538606	108598620155817992
1160	2022-09-22 20:57:00	2022-09-26 19:52:52.641539	27	805	98338	109043740621968138
7418	2022-07-05 13:12:00	2022-10-19 14:57:11.337954	120959	10825	538673	108465178963421235
7429	2022-07-04 14:06:00	2022-10-19 15:00:24.412958	19997	10825	538906	108155609207233039
7431	2022-07-04 13:05:00	2022-10-19 15:00:37.407581	10218	10825	538923	108590117665685016
7434	2022-07-03 20:11:00	2022-10-19 15:00:58.839012	9145	10825	538949	108580834535639414
7443	2022-07-03 13:16:00	2022-10-19 15:02:17.824204	68667	10825	539044	108584521506373865
7444	2022-07-03 13:10:00	2022-10-19 15:02:19.479241	19920	10825	539047	108583970088095856
7483	2022-06-29 12:34:00	2022-10-19 15:10:17.914463	2893	10825	539607	108558322909164967
7449	2022-07-03 04:57:00	2022-10-19 15:02:44.408241	2263	10825	539080	108577576126475020
7460	2022-07-01 11:33:00	2022-10-19 15:05:44.011075	61403	10825	539318	108570775051001422
7461	2022-07-01 10:47:00	2022-10-19 15:05:53.412905	140265	10825	539329	108561601327633366
7470	2022-06-30 14:27:00	2022-10-19 15:06:49.320176	922	10825	539414	108567584696083274
7471	2022-06-30 14:08:00	2022-10-19 15:07:07.101788	3900	10825	539433	108567565976865403
7472	2022-06-30 13:57:00	2022-10-19 15:07:10.203497	2210	10825	539438	108564988746765547
7479	2022-06-30 11:29:00	2022-10-19 15:08:07.615392	8387	10825	539510	108562552136986603
7481	2022-06-29 21:09:00	2022-10-19 15:09:48.218992	9040	10825	539597	108527964544795326
7485	2022-06-28 23:34:00	2022-10-19 15:11:11.474972	266	10825	539635	108558339999337293
7490	2022-06-28 11:38:00	2022-10-19 15:12:29.636663	17353	10825	539716	108551802325897325
7492	2022-06-28 10:21:00	2022-10-19 15:13:06.809029	11018	10825	539751	108552792606647378
7497	2022-06-27 08:54:00	2022-10-19 15:14:03.261856	948	10825	539808	108549308372446722
7498	2022-06-26 17:21:00	2022-10-19 15:14:26.672581	2972	10825	539833	108545707921883331
7499	2022-06-26 16:54:00	2022-10-19 15:14:32.715695	2232	10825	539839	108545663537254205
7500	2022-06-26 16:45:00	2022-10-19 15:14:45.458012	2232	10825	539854	108545139125374491
7501	2022-06-26 16:37:00	2022-10-19 15:14:57.204183	14203	10825	539866	108545063005477106
1165	2022-09-22 14:39:00	2022-09-26 19:54:16.918131	27	805	98539	109043078407948434
1226	2022-09-12 13:44:00	2022-09-26 20:07:58.727693	27	805	99783	108982116395810950
7515	2022-06-23 12:10:00	2022-10-19 15:17:05.405927	392087	10825	539988	108449274666285565
7521	2022-06-21 15:57:00	2022-10-19 15:18:03.374279	45016	10825	540047	108516755392890422
7524	2022-06-21 13:18:00	2022-10-19 15:18:12.117324	9048	10825	540058	108439368984503948
7525	2022-06-21 12:54:00	2022-10-19 15:18:22.466273	271	10825	540069	108516226027285622
7508	2022-06-25 11:51:00	2022-10-19 15:15:39.018456	10825	10825	539909	108538877803173141
7506	2022-06-25 12:48:00	2022-10-19 15:15:28.194203	10825	10825	539900	108533548917743698
8528	2022-09-25 18:29:00	2022-10-23 18:07:23.571102	246734	12888	629945	109053787464921900
8529	2022-09-24 21:05:00	2022-10-23 18:27:02.033705	2577	12888	630108	109048855685620787
8530	2022-09-24 19:35:00	2022-10-23 18:28:18.05805	2837	12888	630119	109055956678967216
8531	2022-09-24 19:28:00	2022-10-23 18:28:36.013803	2275	12888	630122	109055960679056823
8532	2022-09-24 12:40:00	2022-10-23 18:30:57.552072	2025	12888	630149	109053532058560884
7389	2022-07-07 15:41:00	2022-10-19 14:52:46.947456	322	10825	538335	108603191346020065
7386	2022-07-08 00:00:00	2022-10-19 14:52:38.252901	340	10825	538322	108609124594577316
8536	2022-09-23 15:05:00	2022-10-23 18:44:17.837634	9401	12888	630285	109049073905449597
8537	2022-09-23 15:02:00	2022-10-23 18:44:48.621863	13033	12888	630289	109045264860775646
8538	2022-09-23 14:53:00	2022-10-23 18:45:20.42585	2111	12888	630292	109048628063215141
8540	2022-09-23 14:26:00	2022-10-23 18:46:53.813674	22896	12888	630309	109048036677571020
7451	2022-07-02 15:04:00	2022-10-19 15:03:23.646888	166	10825	539130	108570640024368832
7394	2022-07-07 14:08:00	2022-10-19 14:53:14.77063	340	10825	538373	108597087011281534
7517	2022-06-23 10:15:00	2022-10-19 15:17:14.786378	416	10825	539999	108526768682137668
7398	2022-07-07 13:01:00	2022-10-19 14:53:32.434428	143	10825	538398	108606709582041975
8522	2022-09-26 22:12:00	2022-10-23 17:44:19.993886	215	12888	629728	109067303739388809
7412	2022-07-06 13:00:00	2022-10-19 14:55:40.210099	143	10825	538553	108600927347050091
7413	2022-07-06 12:55:00	2022-10-19 14:55:43.916398	143	10825	538557	108601347922187263
8484	2022-10-03 09:46:00	2022-10-23 15:35:41.889853	4780	12888	628600	109104157976287987
8485	2022-10-03 09:44:00	2022-10-23 15:35:56.121797	4780	12888	628602	109104171434882490
7415	2022-07-05 14:28:00	2022-10-19 14:56:55.334956	198	10825	538652	108595559241585191
7453	2022-07-02 14:15:00	2022-10-19 15:03:39.442003	270	10825	539150	108573330072794474
7420	2022-07-05 12:37:00	2022-10-19 14:57:21.461797	110	10825	538688	108590935833711677
7440	2022-07-03 13:31:00	2022-10-19 15:01:59.038938	322	10825	539023	108584571840982557
7484	2022-06-29 10:00:00	2022-10-19 15:11:02.566526	322	10825	539626	108561044302352668
7365	2022-07-11 14:33:00	2022-10-19 14:49:00.41118	2843	10825	538051	108629689518256194
7503	2022-06-25 13:22:00	2022-10-19 15:15:23.699094	2843	10825	539894	108538831484919934
7430	2022-07-04 13:08:00	2022-10-19 15:00:35.489639	9492	10825	538920	108586423798416927
7435	2022-07-03 18:51:00	2022-10-19 15:01:06.182355	25354	10825	538955	108580540647969369
7438	2022-07-03 14:05:00	2022-10-19 15:01:38.018483	2228	10825	538996	108583814648410899
7445	2022-07-03 12:40:00	2022-10-19 15:02:26.478361	140	10825	539055	108584032275674013
7448	2022-07-03 05:03:00	2022-10-19 15:02:40.497925	2280	10825	539074	108555881404044506
7456	2022-07-01 12:33:00	2022-10-19 15:04:46.967565	28485	10825	539240	108572849644443401
7457	2022-07-01 12:27:00	2022-10-19 15:04:49.13003	28485	10825	539244	108572882404301255
7458	2022-07-01 12:19:00	2022-10-19 15:04:58.665075	11156	10825	539256	108438427396744006
7463	2022-07-01 10:32:00	2022-10-19 15:06:05.743879	64160	10825	539349	108569885251351058
7464	2022-06-30 20:04:00	2022-10-19 15:06:19.943503	8387	10825	539370	108551308615002453
7465	2022-06-30 20:00:00	2022-10-19 15:06:22.761198	2228	10825	539374	108568106751556021
7468	2022-06-30 14:41:00	2022-10-19 15:06:45.05509	9718	10825	539407	108567313514730017
7475	2022-06-30 12:18:00	2022-10-19 15:07:34.971795	121690	10825	539469	108556348060098428
7476	2022-06-30 12:10:00	2022-10-19 15:07:38.546111	6701	10825	539477	108517500799235165
7477	2022-06-30 12:07:00	2022-10-19 15:07:42.78611	64160	10825	539483	108563003560687236
7482	2022-06-29 14:15:00	2022-10-19 15:10:02.035303	2280	10825	539602	108561561189102956
7511	2022-06-24 12:35:00	2022-10-19 15:16:04.454409	322	10825	539930	108512010808941446
7487	2022-06-28 12:55:00	2022-10-19 15:11:59.273254	2204	10825	539687	108555681784125563
7488	2022-06-28 12:31:00	2022-10-19 15:12:06.954376	2280	10825	539692	108555723621473355
7489	2022-06-28 12:23:00	2022-10-19 15:12:10.791978	2013	10825	539696	108556006942747022
7491	2022-06-28 10:38:00	2022-10-19 15:12:55.458501	11018	10825	539742	108546738608790998
7493	2022-06-28 02:26:00	2022-10-19 15:13:10.614932	2456	10825	539754	108553661094433983
7557	2022-06-28 11:53:00	2022-10-20 01:04:06.992494	339	11049	543114	108555588629252134
7495	2022-06-27 09:45:00	2022-10-19 15:13:57.630924	59281	10825	539804	108549705906309819
7496	2022-06-27 08:59:00	2022-10-19 15:14:00.101657	2200	10825	539807	108548622535240913
7502	2022-06-25 13:34:00	2022-10-19 15:15:19.873993	13592	10825	539888	108538914978713545
7504	2022-06-25 13:18:00	2022-10-19 15:15:25.82292	13592	10825	539897	108538862294808498
7505	2022-06-25 13:02:00	2022-10-19 15:15:27.070767	13592	10825	539899	108538854125753397
7507	2022-06-25 12:05:00	2022-10-19 15:15:37.594469	141717	10825	539907	108538841337060577
7509	2022-06-25 11:04:00	2022-10-19 15:15:54.087264	65776	10825	539923	108536900874046011
7510	2022-06-24 13:08:00	2022-10-19 15:16:00.398613	140	10825	539928	108533501236188170
7512	2022-06-24 10:38:00	2022-10-19 15:16:18.731517	7995	10825	539947	108527854050337514
7514	2022-06-23 12:17:00	2022-10-19 15:16:58.675502	687	10825	539983	108527626829184860
7518	2022-06-22 13:26:00	2022-10-19 15:17:42.814409	14932	10825	540031	108522141549163888
7519	2022-06-21 21:22:00	2022-10-19 15:17:55.582053	2222	10825	540040	108515255845441594
7522	2022-06-21 14:00:00	2022-10-19 15:18:05.54695	271	10825	540049	108516244436766146
7523	2022-06-21 13:28:00	2022-10-19 15:18:07.884197	9048	10825	540053	108415988797851579
7526	2022-06-21 12:36:00	2022-10-19 15:18:36.563941	727	10825	540084	108511598140180976
7535	2022-06-15 05:19:00	2022-10-19 15:20:52.442303	742	10825	540202	108472232949111805
1246	2022-09-04 19:28:00	2022-09-26 20:21:25.50878	27	805	100233	108941658758194539
7539	2022-06-13 14:32:00	2022-10-19 15:21:38.157905	742	10825	540248	108471348863848907
7531	2022-06-17 13:15:00	2022-10-19 15:20:18.970551	2898	10825	540170	108493340685886854
7532	2022-06-16 10:44:00	2022-10-19 15:20:30.015776	2222	10825	540183	108487022932484693
7533	2022-06-15 12:49:00	2022-10-19 15:20:42.039815	2405	10825	540192	108481585224805686
7537	2022-06-13 22:30:00	2022-10-19 15:21:25.413919	839	10825	540236	108473421260867586
7538	2022-06-13 22:28:00	2022-10-19 15:21:27.757978	7939	10825	540238	108473421753468947
7540	2022-06-13 14:26:00	2022-10-19 15:21:44.504586	80267	10825	540255	108471397140470235
7541	2022-06-13 13:43:00	2022-10-19 15:21:46.746145	7321	10825	540257	108461708942114310
7542	2022-06-13 13:23:00	2022-10-19 15:21:50.146235	4542	10825	540262	108471218205160694
7543	2022-06-13 13:19:00	2022-10-19 15:21:54.82332	36958	10825	540264	108471281090826904
7544	2022-06-13 02:06:00	2022-10-19 15:22:15.55524	3900	10825	540282	108467149237434500
7545	2022-06-12 15:29:00	2022-10-19 15:22:25.265825	11018	10825	540292	108440140979316877
7546	2022-06-12 15:28:00	2022-10-19 15:22:28.250649	11018	10825	540295	108456716778713820
7547	2022-06-12 15:24:00	2022-10-19 15:22:32.426192	2204	10825	540299	108465362894755835
7548	2022-06-12 13:53:00	2022-10-19 15:22:38.756028	8419	10825	540305	108465556101908372
7549	2022-06-12 13:07:00	2022-10-19 15:22:43.230693	10889	10825	540308	108457339828937163
7550	2022-06-12 13:03:00	2022-10-19 15:22:45.48003	366527	10825	540310	108464776569338820
7551	2022-06-12 12:40:00	2022-10-19 15:22:47.286801	54007	10825	540312	108459673948895587
7553	2022-06-12 05:11:00	2022-10-19 15:23:13.655933	7311	10825	540332	108443540751243671
1248	2022-09-04 16:13:00	2022-09-26 20:22:26.083025	27	805	100248	108941804968819376
7029	2022-08-24 01:43:00	2022-10-19 12:46:15.849301	10825	10825	533983	108876220642815639
7169	2022-08-09 04:32:00	2022-10-19 13:56:08.416721	10825	10825	535653	108791892066204098
7187	2022-08-06 13:26:00	2022-10-19 14:03:37.877543	10825	10825	536014	108776930878841531
7180	2022-08-06 15:28:00	2022-10-19 14:02:40.274698	10825	10825	535966	108777016494526076
7186	2022-08-06 13:37:00	2022-10-19 14:03:34.276319	10825	10825	536012	108773556465985422
7307	2022-07-20 12:58:00	2022-10-19 14:33:01.712408	10825	10825	537257	108680617576222301
7428	2022-07-04 14:16:00	2022-10-19 15:00:13.187718	10825	10825	538893	108590399974956935
7536	2022-06-14 16:27:00	2022-10-19 15:20:58.096744	10825	10825	540208	108477603190619502
7552	2022-06-12 11:35:00	2022-10-19 15:22:49.586236	10825	10825	540314	108465041948555323
7555	2022-09-09 15:16:00	2022-10-20 00:30:11.68526	11048	11048	542884	108931277640907689
7556	2022-06-13 18:27:00	2022-10-20 00:32:40.64384	11048	11048	542995	108255864541516651
7558	2022-10-18 20:41:00	2022-10-20 01:37:25.536641	4600	11044	543168	109192152034996237
7494	2022-06-28 01:55:00	2022-10-19 15:13:25.235466	144	10825	539768	108552862261695240
1250	2022-09-03 22:40:00	2022-09-26 20:22:34.82257	27	805	100254	108937817013986946
7559	2022-10-18 17:40:00	2022-10-20 01:37:26.7255	2450	11044	543169	109191440662598226
7560	2022-10-15 09:29:00	2022-10-20 01:38:16.844543	2770	11044	543192	109172496842827792
7561	2022-10-14 18:03:00	2022-10-20 01:38:23.300307	123517	11044	543196	109168874295551157
1453	2022-06-18 16:10:00	2022-09-27 07:19:02.773605	27	2150	109574	108499767164660467
7564	2022-10-12 20:03:00	2022-10-20 01:38:43.234019	24352	11044	543209	109157990300475617
7566	2022-10-10 12:34:00	2022-10-20 01:39:17.796984	24749	11044	543234	109144824856143824
7567	2022-10-05 17:21:00	2022-10-20 01:39:48.984716	35890	11044	543257	109117744726401904
7569	2022-10-04 11:51:00	2022-10-20 01:40:51.376237	5071	11044	543297	109110788371197203
7570	2022-09-30 09:13:00	2022-10-20 01:41:48.610129	60182	11044	543341	109087444441681601
7571	2022-09-26 19:19:00	2022-10-20 01:42:21.217295	12529	11044	543361	109067255812070931
7573	2022-09-25 12:16:00	2022-10-20 01:42:42.569014	152159	11044	543375	109059768710773565
7574	2022-09-20 20:28:00	2022-10-20 01:43:35.392482	12147	11044	543410	109033551425206140
7575	2022-09-20 20:07:00	2022-10-20 01:43:39.832336	7354	11044	543413	109032626913212295
7576	2022-09-20 17:13:00	2022-10-20 01:43:40.859691	6887	11044	543414	109032790192088278
7577	2022-09-12 17:47:00	2022-10-20 01:44:29.541358	33675	11044	543445	108987613184828143
7578	2022-09-12 17:35:00	2022-10-20 01:44:32.821067	2382	11044	543447	108987052974838626
7580	2022-08-30 17:46:00	2022-10-20 01:47:21.412457	2509	11044	543508	108913984489276085
7581	2022-08-26 21:00:00	2022-10-20 01:47:31.308414	29908	11044	543515	108891966451184849
7582	2022-08-26 14:40:00	2022-10-20 01:47:37.642114	8356	11044	543519	108890584522964130
7583	2022-08-24 17:47:00	2022-10-20 01:47:48.826328	1593	11044	543528	108879978802866090
7584	2022-08-18 14:50:00	2022-10-20 01:48:15.142714	9353	11044	543538	108845358717573268
7585	2022-08-17 16:34:00	2022-10-20 01:48:18.733292	33675	11044	543541	108840102996558067
7586	2022-08-05 20:22:00	2022-10-20 01:48:26.851935	26940	11044	543547	108773049305966892
7587	2022-07-25 18:39:00	2022-10-20 01:48:53.498008	12158	11044	543565	108710354914824452
7588	2022-07-23 18:37:00	2022-10-20 01:49:25.270244	28238	11044	543586	108698987499005621
7589	2022-07-21 20:01:00	2022-10-20 01:49:38.553983	10811	11044	543596	108687863095597947
7591	2022-07-10 15:51:00	2022-10-20 01:52:35.125468	1608	11044	543710	108624713179603438
7592	2022-07-10 14:49:00	2022-10-20 01:52:36.139908	7970	11044	543711	108612646258122718
7593	2022-07-09 23:36:00	2022-10-20 01:52:50.244488	6499	11044	543718	108620925250460599
7594	2022-07-09 17:01:00	2022-10-20 01:53:05.970936	20814	11044	543727	108619271450322238
7595	2022-07-09 14:52:00	2022-10-20 01:53:14.127547	39314	11044	543732	108618760799134808
7596	2022-07-09 14:45:00	2022-10-20 01:53:17.793011	2519	11044	543734	108618785147660935
7597	2022-07-08 07:41:00	2022-10-20 01:54:06.186088	3745	11044	543762	108611438892856728
7598	2022-07-07 17:53:00	2022-10-20 01:54:18.349014	140558	11044	543771	108602346663817439
7599	2022-07-07 17:38:00	2022-10-20 01:54:19.372845	51514	11044	543772	108608138291587154
7600	2022-07-06 15:21:00	2022-10-20 01:54:41.356743	1608	11044	543786	108601956610660270
7601	2022-07-03 22:07:00	2022-10-20 01:55:23.463168	9670	11044	543809	108585679314241527
7602	2022-07-02 21:14:00	2022-10-20 01:55:42.096632	43631	11044	543821	108580154665428044
7603	2022-07-02 13:49:00	2022-10-20 01:55:52.094042	2188	11044	543825	108578090214006055
7604	2022-07-01 11:55:00	2022-10-20 01:56:40.368976	683	11044	543858	108521609398029792
7605	2022-06-30 19:39:00	2022-10-20 01:56:45.235936	22183	11044	543861	108569035354108683
7606	2022-06-28 11:10:00	2022-10-20 01:57:29.056888	10811	11044	543893	108555703876023786
7607	2022-06-28 08:44:00	2022-10-20 01:57:36.56587	159691	11044	543897	108555037122769211
7608	2022-06-27 18:51:00	2022-10-20 01:57:47.29337	35712	11044	543904	108551876695878746
7609	2022-06-27 09:03:00	2022-10-20 01:57:59.193912	13797	11044	543911	108549456035835213
7610	2022-06-26 17:51:00	2022-10-20 01:58:16.48209	23667	11044	543913	108545957449392984
7611	2022-06-25 20:37:00	2022-10-20 01:58:20.322397	16717	11044	543916	108540879387888296
7612	2022-06-22 21:02:00	2022-10-20 01:58:48.905916	40214	11044	543935	108524080359110877
7613	2022-06-20 22:12:00	2022-10-20 01:59:04.537057	8178	11044	543946	108511482088706981
7614	2022-06-20 15:14:00	2022-10-20 01:59:09.349684	7443	11044	543948	108511345945857942
7615	2022-06-18 20:29:00	2022-10-20 01:59:33.832566	2509	11044	543965	108501291611024899
7616	2022-06-16 14:01:00	2022-10-20 01:59:57.278686	34706	11044	543980	108488412631188979
7617	2022-06-13 11:27:00	2022-10-20 02:01:14.913967	7198	11044	544022	108470805615033430
7618	2022-06-12 20:06:00	2022-10-20 02:01:24.161967	56887	11044	544030	108467241210065531
7619	2022-06-12 20:05:00	2022-10-20 02:01:25.344895	2263	11044	544031	108467234935337685
7620	2022-06-12 20:04:00	2022-10-20 02:01:40.517348	12158	11044	544032	108467195936641853
7572	2022-09-26 17:17:00	2022-10-20 01:42:29.328604	11044	11044	543367	109066775878280211
7621	2022-10-17 14:13:00	2022-10-20 03:00:49.396796	842	11021	545091	109184398509519793
7622	2022-10-17 14:12:00	2022-10-20 03:00:53.449778	2102	11021	545092	109184406215021496
7623	2022-10-17 14:11:00	2022-10-20 03:00:58.739549	842	11021	545093	109184930057135228
7624	2022-10-09 13:40:00	2022-10-20 03:01:45.413977	11072	11021	545108	109134132529036416
7625	2022-10-05 14:57:00	2022-10-20 03:02:58.91832	7321	11021	545121	109117185426443750
7627	2022-09-27 15:45:00	2022-10-20 03:05:46.276938	2102	11021	545157	109071412033543218
7628	2022-09-27 15:42:00	2022-10-20 03:05:55.94771	842	11021	545158	109071906415139515
7629	2022-09-27 15:41:00	2022-10-20 03:06:02.582599	842	11021	545159	109071938803127284
7565	2022-10-10 13:23:00	2022-10-20 01:39:14.338215	731	11044	543231	109145121293064870
7631	2022-09-12 13:18:00	2022-10-20 03:08:45.979497	2196	11021	545191	108977082275201063
7632	2022-09-12 13:17:00	2022-10-20 03:12:22.089896	2196	11021	545192	108985758234783712
7633	2022-09-01 15:54:00	2022-10-20 03:19:33.035371	842	11021	545221	108923394606657233
94	2022-07-08 08:02:00	2022-09-15 22:49:38.660692	27	27	2313	108602345703010672
7636	2022-07-20 20:02:00	2022-10-20 03:29:28.744345	2405	11021	545455	108682366799639571
7635	2022-07-27 20:13:00	2022-10-20 03:27:29.990984	102	11021	545409	108721309225818717
7638	2022-06-27 13:35:00	2022-10-20 03:33:28.95721	2621	11021	545547	108550448468544803
7639	2022-06-26 18:08:00	2022-10-20 03:33:41.873427	271	11021	545551	108545135730324068
7562	2022-10-14 13:07:00	2022-10-20 01:38:25.369173	1118	11044	543198	109167712792792335
7579	2022-09-01 10:08:00	2022-10-20 01:47:07.541439	410	11044	543498	108923479727813514
7568	2022-10-05 08:23:00	2022-10-20 01:40:10.162854	143	11044	543267	109115500151907306
7640	2022-06-20 12:27:00	2022-10-20 03:35:09.482294	10043	11021	545586	108500752426983826
7641	2022-06-17 13:36:00	2022-10-20 03:35:17.485381	11111	11021	545591	108490742295077081
7642	2022-06-13 13:39:00	2022-10-20 03:39:36.433001	2222	11021	545654	108470812496543251
7645	2022-06-10 18:06:00	2022-10-20 03:41:39.700856	2588	11021	545708	108446480736681720
7647	2022-06-10 13:48:00	2022-10-20 03:42:28.056691	7461	11021	545740	108453673906178258
8549	2022-08-10 12:23:00	2022-10-23 19:26:47.054087	12305	12953	630663	108772270680866593
8555	2022-07-18 09:12:00	2022-10-23 19:35:45.354304	19997	12953	630740	108668491513145558
8576	2022-06-27 11:18:00	2022-10-23 19:49:59.342533	2095	12953	630865	108546155470181731
8577	2022-06-27 09:08:00	2022-10-23 19:50:58.490571	395399	12953	630874	108549425937837267
8579	2022-06-26 20:48:00	2022-10-23 19:51:33.954463	335033	12953	630879	108546133231404602
8878	2022-08-08 08:32:00	2022-10-24 10:25:50.347614	4300	12959	643484	108786584228264508
8904	2022-07-29 09:32:00	2022-10-24 11:04:40.547012	231289	12959	644111	108730728257258502
8907	2022-07-29 09:26:00	2022-10-24 11:06:48.508516	133432	12959	644143	108730686971641191
8912	2022-07-29 09:20:00	2022-10-24 11:08:43.186523	38491	12959	644171	108730656130014270
8913	2022-07-29 09:19:00	2022-10-24 11:09:04.228576	398123	12959	644177	108730649735978453
9142	2022-07-18 00:00:00	2022-10-27 06:54:16.976925	133540	12056	677486	108669065387099680
9152	2022-07-07 00:00:00	2022-10-27 07:09:33.665449	1844	12056	677618	108607578553750898
9156	2022-07-01 00:00:00	2022-10-27 07:18:58.682996	2948	12056	677703	108572265960993915
9158	2022-06-24 00:00:00	2022-10-27 07:23:25.923813	21303	12056	677746	108535943495782704
9159	2022-06-24 00:00:00	2022-10-27 07:23:33.085288	948	12056	677748	108535017235681010
9333	2022-06-24 00:00:00	2022-10-27 23:45:35.035147	2843	2780	682894	108532976781789425
9329	2022-10-05 00:00:00	2022-10-27 23:39:44.859086	140	13351	682874	109116156789612169
9330	2022-10-05 00:00:00	2022-10-27 23:42:51.328282	4013	13351	682884	109113859118628106
8551	2022-07-28 08:00:00	2022-10-23 19:30:27.771572	941	12953	630695	108724846127760002
9336	2022-10-05 00:00:00	2022-10-27 23:49:42.893637	19445	13351	682910	109113731327413406
9338	2022-10-05 00:00:00	2022-10-27 23:51:01.56292	60994	13351	682914	109113668377040537
9369	2022-10-02 00:00:00	2022-10-28 00:36:35.805279	222	13351	683120	109102243667903148
9359	2022-10-04 00:00:00	2022-10-28 00:18:29.921806	145	13351	683036	109110405707618050
9326	2022-06-28 00:00:00	2022-10-27 23:35:44.745959	279	2780	682856	108555937783373706
9340	2022-10-04 00:00:00	2022-10-27 23:52:44.169619	60994	13351	682921	109113622330446869
9327	2022-10-05 00:00:00	2022-10-27 23:37:20.849805	2151	13351	682863	109116035240020095
179	2022-08-25 08:58:00	2022-09-17 03:11:13.411887	27	416	14886	108883616055719500
9343	2022-10-04 00:00:00	2022-10-27 23:57:23.358368	3981	13351	682945	109113495624040118
9345	2022-10-04 00:00:00	2022-10-27 23:58:51.71433	3981	13351	682953	109113481774520242
96	2022-06-23 10:42:00	2022-09-15 22:51:08.819398	27	27	2423	108521081651523004
8542	2022-09-21 11:18:00	2022-10-23 19:11:29.998336	125	12888	630532	109036695722127812
9344	2022-10-04 00:00:00	2022-10-27 23:58:09.697609	143	13351	682949	109113366967571981
9350	2022-10-04 00:00:00	2022-10-28 00:06:25.994684	58742	13351	682983	109113209862352006
9352	2022-10-04 00:00:00	2022-10-28 00:09:07.225511	72568	13351	682995	109111022082008431
9354	2022-06-20 00:00:00	2022-10-28 00:13:07.181085	323	2780	683011	108505543282563544
9355	2022-10-04 00:00:00	2022-10-28 00:14:08.725148	72568	13351	683016	109110866745935525
9356	2022-10-04 00:00:00	2022-10-28 00:15:50.497561	72568	13351	683024	109110829657677120
9358	2022-10-04 00:00:00	2022-10-28 00:17:04.38505	2000	13351	683029	109110726212815034
9360	2022-10-04 00:00:00	2022-10-28 00:18:58.217583	5928	13351	683038	108806111160067512
9363	2022-10-03 00:00:00	2022-10-28 00:23:25.0766	11146	13351	683060	109105125458389379
9364	2022-10-03 00:00:00	2022-10-28 00:27:47.260346	11146	13351	683078	109104961218137152
9365	2022-10-03 00:00:00	2022-10-28 00:28:30.157034	345973	13351	683081	109104929817487386
9366	2022-10-03 00:00:00	2022-10-28 00:32:03.172532	19360	13351	683100	109102409823186188
9368	2022-06-09 00:00:00	2022-10-28 00:36:13.672387	55817	2780	683119	108430489005873076
9370	2022-06-09 00:00:00	2022-10-28 00:36:36.518392	917	2780	683121	108448369983983639
9371	2022-10-02 00:00:00	2022-10-28 00:37:08.533113	19366	13351	683123	109102164004389882
9372	2022-10-02 00:00:00	2022-10-28 00:41:08.248704	61558	13351	683140	109090965631773336
9362	2022-06-15 00:00:00	2022-10-28 00:21:56.295461	279	2780	683053	108482254994620704
5418	2022-08-30 18:44:00	2022-10-16 15:58:28.056972	13351	4273	476640	108914176358753713
9229	2022-10-14 00:00:00	2022-10-27 21:27:19.006561	13351	13351	682044	108868516115940669
9233	2022-10-13 00:00:00	2022-10-27 21:32:36.04855	13351	13351	682089	109164177250981975
9235	2022-10-13 00:00:00	2022-10-27 21:36:19.390326	13351	13351	682117	108405513041381528
9237	2022-10-13 00:00:00	2022-10-27 21:36:53.74242	13351	13351	682123	108375594533451122
9256	2022-10-12 00:00:00	2022-10-27 21:57:19.20267	13351	13351	682264	109153327194392798
9263	2022-10-11 00:00:00	2022-10-27 22:04:42.366255	13351	13351	682311	109150697912903768
9278	2022-10-09 00:00:00	2022-10-27 22:25:57.74289	13351	13351	682473	109140411958169493
9285	2022-10-08 00:00:00	2022-10-27 22:41:06.938729	13351	13351	682553	109043273395957928
9286	2022-10-08 00:00:00	2022-10-27 22:43:07.318118	13351	13351	682564	108845192911400808
9290	2022-10-08 00:00:00	2022-10-27 22:49:03.550205	13351	13351	682600	108861130496378766
9296	2022-10-07 00:00:00	2022-10-27 22:53:34.422221	13351	13351	682630	108962971897775616
1843	2022-07-22 10:11:00	2022-09-27 19:12:16.17285	258	908	119391	108686683755788774
9361	2022-06-15 00:00:00	2022-10-28 00:19:05.169679	2843	2780	683039	108481720621361794
812	2022-08-23 10:53:00	2022-09-23 07:43:12.383951	258	788	76425	108872748083392348
1334	2022-08-22 22:43:00	2022-09-26 20:49:50.344219	258	805	101179	108868878909411971
3576	2022-10-08 20:36:00	2022-10-13 12:53:23.213303	258	8374	377239	109135499938105177
9367	2022-06-09 00:00:00	2022-10-28 00:35:49.940648	618	2780	683117	108448279532799542
9353	2022-10-04 00:00:00	2022-10-28 00:11:13.775193	1994	13351	683004	109110930700515223
7643	2022-06-12 09:06:00	2022-10-20 03:40:25.400821	23372	11021	545673	108456791474496812
7644	2022-06-10 18:18:00	2022-10-20 03:41:15.961024	2380	11021	545698	108455431688534156
8543	2022-09-19 22:10:00	2022-10-23 19:19:41.347254	2114	12888	630605	109028148553896005
8590	2022-09-16 14:12:00	2022-10-23 19:59:19.560726	274	12888	630974	109009337525672792
8569	2022-07-05 10:57:00	2022-10-23 19:44:08.356242	1118	12953	630812	108595309901349794
8547	2022-09-19 18:36:00	2022-10-23 19:23:38.158742	2319	12888	630634	109027352092638558
8550	2022-07-29 10:21:00	2022-10-23 19:29:15.93488	5661	12953	630686	108727384086923106
8552	2022-07-20 12:39:00	2022-10-23 19:33:22.818003	47645	12953	630723	108680129243951808
8553	2022-07-18 09:18:00	2022-10-23 19:35:02.916654	11649	12953	630734	108668152908797817
8556	2022-07-12 08:52:00	2022-10-23 19:38:39.09111	2588	12953	630766	108633775502894605
8558	2022-07-11 22:17:00	2022-10-23 19:39:15.314343	2106	12953	630770	108631370853849221
8559	2022-09-18 14:30:00	2022-10-23 19:39:41.57895	2569	12888	630775	109020619590231270
8562	2022-07-10 15:28:00	2022-10-23 19:41:06.642921	2405	12953	630786	108624680310591441
8563	2022-07-09 08:40:00	2022-10-23 19:41:28.370505	2268	12953	630789	108615781078532031
8564	2022-09-18 13:45:00	2022-10-23 19:41:35.294936	1998	12888	630790	109019805722672040
8565	2022-07-08 17:49:00	2022-10-23 19:42:10.223678	19997	12953	630795	108613857080514725
8566	2022-07-08 17:40:00	2022-10-23 19:42:31.306074	51684	12953	630797	108613880823412610
8568	2022-07-08 15:02:00	2022-10-23 19:42:46.105682	2782	12953	630800	108613247270031942
8570	2022-07-05 09:22:00	2022-10-23 19:44:31.767619	1928	12953	630815	108592519861508241
8571	2022-09-18 09:58:00	2022-10-23 19:45:40.98647	14880	12888	630826	109019512656572456
8572	2022-07-02 09:52:00	2022-10-23 19:46:15.310623	10377	12953	630830	108522868077917382
8573	2022-09-17 23:33:00	2022-10-23 19:46:48.358626	271	12888	630835	109016344231963746
8574	2022-09-17 23:28:00	2022-10-23 19:47:14.434127	2044	12888	630840	109016914788510949
8575	2022-06-28 08:11:00	2022-10-23 19:47:40.836291	19997	12953	630843	108554972420732607
8580	2022-09-16 22:15:00	2022-10-23 19:53:38.950064	2837	12888	630901	109011265894030790
8581	2022-09-16 20:42:00	2022-10-23 19:55:19.698374	111743	12888	630921	109010186142082809
8582	2022-09-16 20:31:00	2022-10-23 19:55:55.058177	134679	12888	630928	109010718612458238
8583	2022-06-22 08:21:00	2022-10-23 19:56:09.919046	185016	12953	630931	108520912899494366
8584	2022-06-19 10:39:00	2022-10-23 19:56:49.506306	39747	12953	630941	108504581141751052
8585	2022-09-16 19:48:00	2022-10-23 19:56:59.922337	841	12888	630943	109010737542617714
8586	2022-06-18 17:46:00	2022-10-23 19:57:07.414268	4680	12953	630944	108500653987297450
8588	2022-06-18 10:23:00	2022-10-23 19:58:18.966143	10561	12953	630960	108485250351570592
8591	2022-09-16 14:08:00	2022-10-23 19:59:37.566831	242181	12888	630977	108985246559889433
8592	2022-06-13 06:50:00	2022-10-23 20:03:14.09034	2233	12953	631021	108467409690428007
359	2022-08-12 01:19:00	2022-09-18 04:19:26.744278	27	303	37164	108808071539815619
8595	2022-06-11 08:13:00	2022-10-23 20:04:33.799293	3417	12953	631041	108456989706587559
8597	2022-09-16 09:50:00	2022-10-23 20:04:59.306381	2569	12888	631044	109005346108650805
8601	2022-09-14 16:44:00	2022-10-23 20:14:47.707984	2198	12888	631184	108998144002439638
8602	2022-09-11 12:41:00	2022-10-23 20:34:45.173552	20211	12888	631414	108448142647927778
8612	2022-10-23 10:29:00	2022-10-23 22:56:09.09287	199	12933	633063	109217809962014358
8604	2022-09-11 10:58:00	2022-10-23 20:36:03.187679	5236	12888	631428	108979421446407503
8605	2022-09-11 10:39:00	2022-10-23 20:36:42.514626	84362	12888	631435	108979747885726466
8606	2022-10-20 13:16:00	2022-10-23 21:48:14.678272	232604	10856	632328	109201617084062686
8607	2022-10-17 08:50:00	2022-10-23 22:20:28.702667	214956	10856	632682	109172348901672821
8608	2022-10-15 22:22:00	2022-10-23 22:43:23.621279	12957	10856	632891	109100327780096296
8609	2022-10-14 16:16:00	2022-10-23 22:54:02.92148	13903	10856	633031	109168230911648430
8600	2022-09-15 13:41:00	2022-10-23 20:09:19.107098	326	12888	631104	109003586791380927
8611	2022-10-23 10:36:00	2022-10-23 22:55:53.573405	8763	12933	633059	109217953162958320
8587	2022-06-18 12:40:00	2022-10-23 19:57:54.970283	105	12953	630956	108494245529076304
360	2022-08-09 01:01:00	2022-09-18 04:19:39.253037	27	303	37175	108790947668067601
8557	2022-07-12 08:47:00	2022-10-23 19:38:59.075721	628	12953	630768	108631221633738449
8617	2022-10-10 21:25:00	2022-10-23 23:35:50.029236	12966	10856	633525	109146931095650534
8560	2022-07-11 22:03:00	2022-10-23 19:39:46.870033	34	12953	630776	108629631717971470
8589	2022-09-16 15:07:00	2022-10-23 19:58:59.26366	26	12888	630969	109009242324785873
8603	2022-09-11 11:14:00	2022-10-23 20:35:08.638808	23	12888	631417	108969142611639962
8621	2022-10-02 15:23:00	2022-10-24 00:13:21.693023	9567	12933	633955	109098894882616114
8624	2022-10-02 12:44:00	2022-10-24 00:15:26.464897	11018	12933	633989	109084222189981517
8625	2022-10-02 10:20:00	2022-10-24 00:16:39.39324	1844	12933	634003	109094881268452722
8613	2022-10-22 07:40:00	2022-10-23 23:00:28.41914	12933	12933	633133	109211731446944411
8561	2022-09-18 14:25:00	2022-10-23 19:40:13.474302	161	12888	630779	109020137324500715
7649	2022-06-10 13:39:00	2022-10-20 03:42:46.022224	416	11021	545753	108453686065486279
8593	2022-06-13 06:33:00	2022-10-23 20:03:29.636204	138	12953	631025	108469593672978419
8623	2022-10-02 12:48:00	2022-10-24 00:15:12.588461	143	12933	633985	109099538844987960
8567	2022-09-18 13:23:00	2022-10-23 19:42:34.386544	28	12888	630798	109016582818403761
2751	2022-06-15 12:36:00	2022-10-08 16:52:21.073275	258	1673	309321	108478524887216577
4584	2022-08-05 07:05:00	2022-10-15 05:38:38.319114	258	9365	439203	108766459601916386
8548	2022-08-12 20:18:00	2022-10-23 19:26:07.602874	339	12953	630657	108812409010621602
8596	2022-09-16 10:09:00	2022-10-23 20:04:33.338309	198	12888	631039	109008263572260587
8578	2022-09-17 17:35:00	2022-10-23 19:51:18.937271	144	12888	630877	109015575530314870
8545	2022-09-19 20:05:00	2022-10-23 19:22:47.046134	742	12888	630628	109025619779312800
8544	2022-09-19 21:24:00	2022-10-23 19:20:29.514593	461	12888	630611	109027964769293527
7646	2022-06-10 13:56:00	2022-10-20 03:42:22.129694	942	11021	545735	108454441604369715
8554	2022-09-18 16:58:00	2022-10-23 19:35:07.356502	125	12888	630736	109021241997680508
5738	2022-07-29 17:59:00	2022-10-16 17:53:13.949226	258	4273	479195	108726270862440675
7650	2022-10-14 17:18:00	2022-10-20 05:09:15.345398	62061	11050	548884	109073744428061428
8626	2022-09-29 15:25:00	2022-10-24 00:23:54.02896	271	12933	634088	109082341652277191
7685	2022-07-02 11:59:00	2022-10-20 05:52:39.949475	232	11050	551541	108295081321265615
7653	2022-10-08 17:35:00	2022-10-20 05:13:51.797014	87153	11050	549045	109134714923852957
8879	2022-08-07 21:52:00	2022-10-24 10:26:35.940671	2118	12959	643500	108770149570759612
8880	2022-08-02 22:22:00	2022-10-24 10:31:47.440524	10456	12959	643590	108756531882926427
8886	2022-07-29 11:08:00	2022-10-24 10:55:51.413073	1589	12959	643971	108730951549964263
8890	2022-07-29 09:48:00	2022-10-24 10:57:37.200622	398347	12959	644002	108730842954383951
7663	2022-09-16 12:11:00	2022-10-20 05:26:59.07825	93474	11050	549630	109008562256715074
649	2022-08-07 21:22:00	2022-09-21 14:08:49.755444	27	469	67380	108782590592287127
7667	2022-08-30 20:37:00	2022-10-20 05:34:24.949058	20236	11050	550121	108914659377908156
8893	2022-07-29 09:44:00	2022-10-24 10:59:23.569688	401771	12959	644030	108730798614900542
8894	2022-07-29 09:43:00	2022-10-24 10:59:47.171829	398269	12959	644037	108730787919034741
8895	2022-07-29 09:42:00	2022-10-24 11:00:19.376529	398329	12959	644043	108730778536024519
8896	2022-07-29 09:41:00	2022-10-24 11:00:44.940781	307666	12959	644050	108730761912985635
7672	2022-08-17 10:22:00	2022-10-20 05:39:17.829107	682	11050	550493	108838556350502944
7673	2022-08-17 08:55:00	2022-10-20 05:39:20.770958	1001	11050	550498	108835786298036546
7674	2022-08-15 17:49:00	2022-10-20 05:40:35.84645	28485	11050	550601	108823605058758522
8897	2022-07-29 09:40:00	2022-10-24 11:01:11.744466	401877	12959	644056	108730759329519205
8898	2022-07-29 09:39:00	2022-10-24 11:01:37.824585	105076	12959	644063	108730753494854974
8899	2022-07-29 09:37:00	2022-10-24 11:01:59.582652	219388	12959	644069	108730747104677839
8900	2022-07-29 09:36:00	2022-10-24 11:02:36.909213	390776	12959	644077	108730741953776779
7679	2022-08-13 21:22:00	2022-10-20 05:43:49.116846	4037	11050	550853	108818590431384132
8901	2022-07-29 09:35:00	2022-10-24 11:03:22.58051	9055	12959	644089	108730736671022166
8902	2022-07-29 09:34:00	2022-10-24 11:03:51.868357	231289	12959	644098	108730734529658664
8903	2022-07-29 09:33:00	2022-10-24 11:04:08.772696	398311	12959	644103	108730731216750804
7683	2022-07-16 18:38:00	2022-10-20 05:49:20.033081	11145	11050	551268	108659414716754296
8905	2022-07-29 09:29:00	2022-10-24 11:06:04.864662	68327	12959	644132	108730704814577635
8906	2022-07-29 09:27:00	2022-10-24 11:06:32.088623	398318	12959	644138	108730687693227540
8910	2022-07-29 09:24:00	2022-10-24 11:07:59.976986	210125	12959	644161	108730665619927898
7691	2022-06-13 21:48:00	2022-10-20 06:04:00.708742	8780	11050	552307	108468473126729299
7692	2022-06-13 21:45:00	2022-10-20 06:04:06.917681	8780	11050	552311	108468323728261596
7693	2022-06-13 18:36:00	2022-10-20 06:04:35.770776	20554	11050	552346	108472536504710603
7637	2022-07-20 19:56:00	2022-10-20 03:29:39.497238	11021	11021	545460	108682258719518999
8911	2022-07-29 09:22:00	2022-10-24 11:08:27.172918	398351	12959	644166	108730746564268062
7654	2022-10-08 13:41:00	2022-10-20 05:14:45.099032	11050	11050	549077	109133661526760057
7656	2022-10-05 15:47:00	2022-10-20 05:17:40.477074	11050	11050	549196	109117385140577172
7657	2022-10-05 15:17:00	2022-10-20 05:17:53.805336	11050	11050	549207	109117263317161188
7658	2022-10-05 15:17:00	2022-10-20 05:18:05.263893	11050	11050	549213	109117184823521091
7659	2022-10-05 11:58:00	2022-10-20 05:18:38.437227	11050	11050	549232	109116226975305951
7660	2022-10-02 22:30:00	2022-10-20 05:20:43.50608	11050	11050	549330	109101479771659087
7662	2022-09-27 14:29:00	2022-10-20 05:23:25.728918	11050	11050	549447	109071719768617485
7665	2022-08-31 23:27:00	2022-10-20 05:32:45.690741	11050	11050	549992	108920758287712272
7666	2022-08-30 23:29:00	2022-10-20 05:33:41.724884	11050	11050	550063	108914901510270423
7668	2022-08-30 18:37:00	2022-10-20 05:34:34.864968	11050	11050	550135	108914185343942404
7670	2022-08-29 16:48:00	2022-10-20 05:36:25.665239	11050	11050	550279	108908116819204593
7669	2022-08-30 17:29:00	2022-10-20 05:35:19.575455	11050	11050	550196	108907330314363922
7671	2022-08-19 15:19:00	2022-10-20 05:38:41.21429	11050	11050	550449	108851147703993968
7675	2022-08-15 17:46:00	2022-10-20 05:40:39.232866	11050	11050	550605	108829070584961749
7676	2022-08-15 17:28:00	2022-10-20 05:41:02.945045	11050	11050	550631	108829000790990447
7677	2022-08-15 11:09:00	2022-10-20 05:41:22.208867	11050	11050	550658	108827462171450349
7678	2022-08-15 10:47:00	2022-10-20 05:41:32.940944	11050	11050	550674	108827415813072217
7680	2022-08-13 21:19:00	2022-10-20 05:43:54.272878	11050	11050	550858	108818586183442547
7681	2022-08-11 16:57:00	2022-10-20 05:45:14.15722	11050	11050	550954	108806207987116534
7682	2022-08-10 18:28:00	2022-10-20 05:46:30.211994	11050	11050	551052	108800933157096098
7686	2022-07-01 19:16:00	2022-10-20 05:52:55.382296	11050	11050	551558	108574624987045381
7687	2022-06-28 20:20:00	2022-10-20 05:55:27.593892	11050	11050	551739	108557888766057663
7688	2022-06-28 19:55:00	2022-10-20 05:55:59.205321	11050	11050	551771	108557744367545053
7689	2022-06-28 18:51:00	2022-10-20 05:56:50.304799	11050	11050	551837	108557493802949660
7690	2022-06-14 11:50:00	2022-10-20 06:03:20.846467	11050	11050	552263	108476593630989862
7651	2022-10-13 12:23:00	2022-10-20 05:09:36.917877	11050	11050	548899	108319256685082509
7652	2022-10-12 14:16:00	2022-10-20 05:10:09.061031	11050	11050	548912	108319256685082509
8914	2022-07-29 09:15:00	2022-10-24 11:11:25.136956	38491	12959	644213	108730743872520719
8918	2022-07-29 09:09:00	2022-10-24 11:13:16.720808	35359	12959	644244	108730601883156378
8919	2022-07-29 09:08:00	2022-10-24 11:13:48.260871	401874	12959	644251	108730585077548760
8884	2022-07-31 10:23:00	2022-10-24 10:41:16.10683	322	12959	643730	108738835630137060
8920	2022-07-27 22:21:00	2022-10-24 11:17:47.113212	8465	12959	644312	108710335351260361
8921	2022-07-27 22:15:00	2022-10-24 11:18:14.78872	10456	12959	644318	108722525537497826
8885	2022-07-31 10:22:00	2022-10-24 10:41:37.781352	306	12959	643735	108738110454284822
8909	2022-07-24 23:01:00	2022-10-24 11:07:55.315068	10856	10856	644160	108705727941006170
6623	2022-07-14 21:06:00	2022-10-18 19:30:35.225387	258	10804	523942	108648661779266384
7661	2022-09-30 17:30:00	2022-10-20 05:23:15.299089	11050	11050	549436	108315368384297043
7694	2022-09-21 13:22:00	2022-10-20 13:42:10.259596	27932	11071	559562	109037512146723133
8627	2022-09-27 23:55:00	2022-10-24 00:26:18.131443	2295	12933	634118	109070890769603492
7696	2022-06-24 10:58:00	2022-10-20 15:24:22.039133	13434	11071	560787	108533011407691491
7698	2022-10-14 08:07:00	2022-10-20 15:27:21.529715	140	11178	560824	109162226515240026
7699	2022-10-12 14:52:00	2022-10-20 15:27:54.556885	11192	11178	560834	109156764834660078
7697	2022-10-16 13:47:00	2022-10-20 15:26:38.621382	143	11178	560813	109178253361616196
7703	2022-06-22 13:30:00	2022-10-20 15:31:19.061883	55800	11071	560906	108522288359776434
7704	2022-09-13 13:35:00	2022-10-20 15:31:23.813617	934	11178	560908	108992294265208493
7705	2022-09-09 20:55:00	2022-10-20 15:32:17.85755	1001	11178	560927	108970845183904883
7707	2022-09-05 19:38:00	2022-10-20 15:32:46.041787	140	11178	560938	108948389707972594
7709	2022-09-01 11:29:00	2022-10-20 15:33:10.461368	2107	11178	560946	108919361393799028
7710	2022-09-01 10:29:00	2022-10-20 15:33:15.655792	2107	11178	560948	108919361393799028
7712	2022-08-31 08:55:00	2022-10-20 15:33:26.038885	5503	11178	560953	108917547168967615
7714	2022-06-19 16:49:00	2022-10-20 15:34:07.833373	10887	11071	560970	108505108889499906
7724	2022-08-08 21:46:00	2022-10-20 15:37:00.605516	202	11178	561035	108790356925725097
7717	2022-08-25 21:26:00	2022-10-20 15:34:50.182925	8804	11178	560990	108886524877057433
7718	2022-08-25 21:19:00	2022-10-20 15:34:58.653165	8804	11178	560992	108886526297882536
7741	2022-07-17 17:20:00	2022-10-20 15:39:57.663028	340	11178	561103	108664138969963004
7719	2022-08-25 20:05:00	2022-10-20 15:35:12.56211	4231	11178	560995	108879784307085157
7720	2022-08-25 10:17:00	2022-10-20 15:35:27.202288	9674	11178	561002	108883927885354032
7721	2022-08-15 01:16:00	2022-10-20 15:36:00.777553	5503	11178	561014	108821245577304789
7722	2022-08-08 21:53:00	2022-10-20 15:36:49.194603	2350	11178	561031	108790411920817757
7727	2022-08-08 20:38:00	2022-10-20 15:37:14.82922	2107	11178	561041	108789865118851553
7728	2022-08-06 14:35:00	2022-10-20 15:37:20.539819	10953	11178	561045	108777351259480745
7729	2022-06-17 15:44:00	2022-10-20 15:37:29.006573	14138	11071	561050	108493027338096668
7730	2022-06-17 14:23:00	2022-10-20 15:37:41.35322	121862	11071	561052	108494021588719692
7731	2022-06-17 13:25:00	2022-10-20 15:37:46.737029	39788	11071	561054	108493951907389462
7732	2022-06-17 13:23:00	2022-10-20 15:37:56.213442	72368	11071	561056	108493949939836457
7768	2022-06-25 22:47:00	2022-10-20 15:48:44.654916	234	11178	561266	108535063117573578
7734	2022-06-17 13:20:00	2022-10-20 15:38:01.491327	292509	11071	561058	108493950495955844
7735	2022-06-17 13:17:00	2022-10-20 15:38:07.863346	340681	11071	561060	108493885484485765
7701	2022-09-19 20:57:00	2022-10-20 15:30:02.492471	215	11178	560879	109028002599983331
7737	2022-07-22 20:31:00	2022-10-20 15:38:44.877154	11192	11178	561075	108693735606280524
7738	2022-07-22 20:25:00	2022-10-20 15:38:49.59904	1928	11178	561077	108693790347048585
7739	2022-07-21 08:53:00	2022-10-20 15:39:11.831872	40850	11178	561083	108685338993119617
7740	2022-07-21 08:49:00	2022-10-20 15:39:15.50647	221973	11178	561085	108681038632931579
7742	2022-07-17 15:23:00	2022-10-20 15:40:10.905116	8464	11178	561107	108664191925758510
7743	2022-06-15 15:43:00	2022-10-20 15:40:44.485163	25585	11071	561121	108483170176361415
7744	2022-07-13 20:03:00	2022-10-20 15:41:26.02121	10470	11178	561133	108642756442593998
7745	2022-07-11 20:55:00	2022-10-20 15:42:05.157735	1127	11178	561145	108630531943210950
7746	2022-06-14 19:41:00	2022-10-20 15:42:13.166581	214146	11071	561148	108478388110498606
7747	2022-06-14 16:10:00	2022-10-20 15:42:33.431979	183567	11071	561156	108476629823538570
7748	2022-07-10 20:16:00	2022-10-20 15:42:56.42718	5503	11178	561162	108625812978265791
7749	2022-07-09 18:35:00	2022-10-20 15:44:02.493957	1000	11178	561180	108619682679664391
7750	2022-07-09 18:33:00	2022-10-20 15:44:11.501213	11192	11178	561182	108619696128480778
7771	2022-06-24 17:22:00	2022-10-20 15:49:16.448983	279	11178	561275	108534249811500862
7754	2022-07-03 17:51:00	2022-10-20 15:45:16.829334	2619	11178	561204	108584420220138528
7755	2022-07-03 17:26:00	2022-10-20 15:45:21.485788	8464	11178	561206	108585427914171889
7756	2022-06-11 15:28:00	2022-10-20 15:45:47.181322	313166	11071	561212	108460480372677741
7757	2022-07-02 09:11:00	2022-10-20 15:46:06.467965	5503	11178	561217	108577898593215925
7758	2022-07-01 17:19:00	2022-10-20 15:46:14.118423	7939	11178	561219	108573144090007337
7759	2022-06-10 15:57:00	2022-10-20 15:46:16.441474	2517	11071	561220	108451678505017498
7760	2022-06-10 15:14:00	2022-10-20 15:47:06.497112	353537	11071	561233	108444357336571363
7762	2022-06-29 20:36:00	2022-10-20 15:47:27.297253	1629	11178	561241	108563575600317931
7763	2022-06-29 20:32:00	2022-10-20 15:47:30.549378	11192	11178	561243	108563578421338773
7765	2022-06-27 22:48:00	2022-10-20 15:48:17.73374	1629	11178	561256	108552722901149856
7766	2022-06-27 22:47:00	2022-10-20 15:48:22.494177	1844	11178	561257	108551415537765805
7767	2022-06-27 22:42:00	2022-10-20 15:48:26.609516	405130	11178	561259	108552490708950542
7769	2022-06-25 19:22:00	2022-10-20 15:48:48.461512	10532	11178	561267	108539718107205158
7770	2022-06-25 19:16:00	2022-10-20 15:49:01.033321	844	11178	561270	108540574567007323
7772	2022-06-24 17:08:00	2022-10-20 15:49:23.357206	738	11178	561279	108533931470611614
7773	2022-06-23 09:30:00	2022-10-20 15:49:30.981484	1844	11178	561283	108526837261607745
7695	2022-08-07 15:30:00	2022-10-20 14:45:55.483727	11071	11071	560056	108782334440537021
7706	2022-09-06 21:02:00	2022-10-20 15:32:34.63357	498	11178	560934	108954385112911269
907	2022-07-11 21:41:00	2022-09-23 07:51:50.767408	27	788	76783	108623824813001801
7708	2022-09-02 19:27:00	2022-10-20 15:32:55.031331	105	11178	560941	108931345748563663
921	2022-06-25 18:58:00	2022-09-23 07:56:26.583332	27	788	76880	108540080397963288
8629	2022-09-22 15:36:00	2022-10-24 00:43:24.600187	1118	12933	634410	109043522718268074
7713	2022-08-28 13:22:00	2022-10-20 15:33:28.909688	1118	11178	560955	108901545147484223
7700	2022-09-27 14:49:00	2022-10-20 15:29:35.05752	274	11178	560868	109071850593812284
7726	2022-08-08 21:41:00	2022-10-20 15:37:10.975342	274	11178	561039	108790241456712356
7753	2022-07-04 19:51:00	2022-10-20 15:44:48.621491	178	11178	561196	108590999000628796
7725	2022-08-08 21:43:00	2022-10-20 15:37:06.89782	2843	11178	561037	108790368760633401
7775	2022-06-14 20:47:00	2022-10-20 15:51:25.46144	11192	11178	561331	108477635478757080
9185	2022-10-24 00:00:00	2022-10-27 20:47:48.5911	33	13351	681672	109225553461515158
8922	2022-07-24 00:00:00	2022-10-24 11:46:22.168531	10456	12959	644663	108700325760725935
8630	2022-09-14 21:45:00	2022-10-24 01:02:46.004383	12933	12933	634686	108994290667717370
9144	2022-07-13 00:00:00	2022-10-27 06:59:54.00621	4299	12056	677533	108640510228309551
9146	2022-07-10 00:00:00	2022-10-27 07:03:08.898457	4300	12056	677558	108625576248658804
9147	2022-07-10 00:00:00	2022-10-27 07:03:21.39293	2379	12056	677559	108623546551356603
9195	2022-10-22 00:00:00	2022-10-27 20:57:10.851483	143	13351	681776	109215337420010176
9149	2022-07-09 00:00:00	2022-10-27 07:05:26.833949	64160	12056	677579	108615830994320403
9151	2022-07-08 00:00:00	2022-10-27 07:09:05.748681	13015	12056	677612	108614585967789380
9153	2022-07-07 00:00:00	2022-10-27 07:09:46.011957	5686	12056	677620	108609032779440245
9154	2022-07-03 00:00:00	2022-10-27 07:12:49.136928	2197	12056	677646	108581485870000240
9155	2022-07-02 00:00:00	2022-10-27 07:16:02.061697	380265	12056	677673	108575816892659571
9157	2022-06-25 00:00:00	2022-10-27 07:23:11.625137	11018	12056	677743	108538412867009733
9160	2022-06-23 00:00:00	2022-10-27 07:25:59.281692	60132	12056	677770	108529793933583627
9161	2022-06-23 00:00:00	2022-10-27 07:26:59.436801	5368	12056	677780	108528273229689524
9163	2022-06-10 00:00:00	2022-10-27 07:32:47.041244	323	12056	677824	108453959653096622
9165	2022-06-23 00:00:00	2022-10-27 12:06:35.621221	2385	12476	679648	108526836058600705
9166	2022-06-21 00:00:00	2022-10-27 12:06:42.808437	13436	12476	679652	108441795105338956
9167	2022-06-18 00:00:00	2022-10-27 12:08:02.254861	22622	12476	679663	108495697931630087
9168	2022-06-13 00:00:00	2022-10-27 12:08:36.02825	4554	12476	679673	108471016436191669
9169	2022-06-13 00:00:00	2022-10-27 12:08:43.85611	10839	12476	679674	108470947653614222
9170	2022-06-13 00:00:00	2022-10-27 12:08:45.875923	13441	12476	679675	108470780050137621
9171	2022-06-13 00:00:00	2022-10-27 12:09:07.039181	934	12476	679679	108470414381896682
9172	2022-06-13 00:00:00	2022-10-27 12:09:26.509387	2222	12476	679681	108469934682060848
9173	2022-06-13 00:00:00	2022-10-27 12:10:23.389505	13445	12476	679687	108470531975454740
9174	2022-06-13 00:00:00	2022-10-27 12:10:26.195901	2013	12476	679689	108470086652303386
9175	2022-06-12 00:00:00	2022-10-27 12:11:13.764334	2379	12476	679695	108464632914877052
9176	2022-06-12 00:00:00	2022-10-27 12:11:17.248321	356170	12476	679696	108464861125032159
9177	2022-06-11 00:00:00	2022-10-27 12:11:18.740685	13449	12476	679697	108462295522949157
9178	2022-06-11 00:00:00	2022-10-27 12:11:50.064069	13450	12476	679700	108462281116182861
9179	2022-06-11 00:00:00	2022-10-27 12:11:54.048057	13451	12476	679701	108462277504798961
9180	2022-06-11 00:00:00	2022-10-27 12:12:42.540406	2500	12476	679705	108462246236999212
9181	2022-10-25 00:00:00	2022-10-27 20:42:02.703363	7959	13351	681595	109229831467037589
9182	2022-10-25 00:00:00	2022-10-27 20:43:10.533018	142812	13351	681612	109229802324827096
9203	2022-10-20 00:00:00	2022-10-27 21:06:50.108106	1118	13351	681847	109203494438439487
9186	2022-10-24 00:00:00	2022-10-27 20:51:17.099551	17075	13351	681705	109224098649387618
9187	2022-10-23 00:00:00	2022-10-27 20:52:48.253982	948	13351	681724	109217718370506297
9190	2022-10-22 00:00:00	2022-10-27 20:54:33.637679	13769	13351	681747	109215547603571811
9191	2022-10-22 00:00:00	2022-10-27 20:55:34.757636	12864	13351	681755	109215522430517699
7774	2022-06-23 08:53:00	2022-10-20 15:49:35.76164	152	11178	561285	108525807839140236
9148	2022-07-09 00:00:00	2022-10-27 07:04:50.467343	742	12056	677576	108617962644327610
8409	2022-10-11 20:55:00	2022-10-23 12:21:45.821588	258	12888	625983	109150909550603140
9194	2022-10-22 00:00:00	2022-10-27 20:56:49.017777	1608	13351	681771	109215440940059233
9150	2022-07-08 00:00:00	2022-10-27 07:08:55.257599	781	12056	677610	108613968164080328
925	2022-06-20 23:19:00	2022-09-23 08:12:20.550072	27	788	76925	108513135823434626
9183	2022-10-25 00:00:00	2022-10-27 20:43:34.774113	27	13351	681621	109229577465088103
9210	2022-10-19 00:00:00	2022-10-27 21:12:57.718266	27	13351	681901	109192932417704564
9196	2022-10-22 00:00:00	2022-10-27 20:57:19.027909	27	13351	681778	109215336686253498
9223	2022-10-14 00:00:00	2022-10-27 21:24:56.098323	198	13351	682019	109167193686454870
9145	2022-07-11 00:00:00	2022-10-27 07:01:18.564976	145	12056	677543	108629547493080667
9164	2022-06-10 00:00:00	2022-10-27 08:23:56.432069	322	13306	678228	108453206822975898
9206	2022-10-20 00:00:00	2022-10-27 21:08:06.223295	1092	13351	681860	109199511934164208
9207	2022-10-20 00:00:00	2022-10-27 21:09:49.350905	271	13351	681872	109201187623873662
9208	2022-10-19 00:00:00	2022-10-27 21:11:41.087047	229286	13351	681888	109195968759274223
9209	2022-10-19 00:00:00	2022-10-27 21:12:24.634355	229439	13351	681896	109195927109245554
1082	2022-09-15 19:15:00	2022-09-26 02:23:41.843182	27	114	92454	109004339670601150
9212	2022-10-18 00:00:00	2022-10-27 21:14:20.230244	1344	13351	681915	109192333166423283
9213	2022-10-17 00:00:00	2022-10-27 21:16:14.730255	140548	13351	681934	109184625788468075
9214	2022-10-17 00:00:00	2022-10-27 21:16:24.209849	43731	13351	681936	109184614801185451
9215	2022-10-17 00:00:00	2022-10-27 21:16:51.302007	5236	13351	681940	109181705814729924
9216	2022-10-17 00:00:00	2022-10-27 21:17:02.746362	34401	13351	681942	109184520492156421
9162	2022-06-13 00:00:00	2022-10-27 07:31:00.701054	937	12056	677813	108471136473994474
9219	2022-10-17 00:00:00	2022-10-27 21:19:44.806102	537	13351	681971	109184062863924487
9220	2022-10-17 00:00:00	2022-10-27 21:19:58.987643	2210	13351	681972	109183963517975496
9221	2022-10-17 00:00:00	2022-10-27 21:20:18.490071	537	13351	681975	109184003959113229
7332	2022-07-15 15:46:00	2022-10-19 14:40:44.709954	258	10825	537620	108648565072695728
9324	2022-06-28 00:00:00	2022-10-27 23:35:08.337706	258	2780	682853	108555582447899514
9205	2022-10-20 00:00:00	2022-10-27 21:07:49.062526	322	13351	681857	109200502185965633
7777	2022-09-09 18:25:00	2022-10-20 16:23:46.27761	209	11174	562280	108970371774536171
7702	2022-09-19 12:44:00	2022-10-20 15:30:15.901472	11178	11178	560883	109026064799340192
7715	2022-08-25 21:46:00	2022-10-20 15:34:40.264376	11178	11178	560985	108886493425577023
7778	2022-09-03 09:21:00	2022-10-20 16:32:30.124902	8618	11174	562430	108934566957611570
7780	2022-08-29 18:32:00	2022-10-20 16:34:56.093474	19420	11174	562489	108908231356368165
7783	2022-10-19 10:05:00	2022-10-20 22:10:15.662257	2519	11185	565033	109193181121098878
7784	2022-10-19 10:02:00	2022-10-20 22:10:41.2447	2191	11185	565037	109195293195884760
7786	2022-10-18 09:45:00	2022-10-20 22:11:22.188611	1176	11185	565047	109189459170142344
7787	2022-10-18 09:40:00	2022-10-20 22:11:30.014825	8925	11185	565050	109189530452325741
7788	2022-10-17 17:42:00	2022-10-20 22:12:07.040206	11295	11185	565058	109185385896533765
7789	2022-10-17 09:58:00	2022-10-20 22:12:15.360627	5315	11185	565060	109181377341487516
7790	2022-10-17 09:55:00	2022-10-20 22:12:20.064375	7311	11185	565061	109180451295505008
7791	2022-10-17 09:50:00	2022-10-20 22:12:28.126845	2569	11185	565063	109183881714598235
7792	2022-10-13 10:24:00	2022-10-20 22:14:08.405969	17101	11185	565090	109161410749913938
7795	2022-10-01 10:27:00	2022-10-20 22:20:48.189172	2436	11185	565253	109088469337934320
7781	2022-08-06 19:31:00	2022-10-20 16:50:53.614808	116	11174	562880	108778510460915058
7797	2022-09-23 14:46:00	2022-10-20 22:22:11.524472	342126	11185	565288	109048093555029156
7798	2022-09-21 10:09:00	2022-10-20 22:24:57.385952	11236	11185	565351	109032366340862811
7801	2022-09-05 12:06:00	2022-10-20 22:31:57.343669	73848	11185	565556	108946602301246496
7802	2022-09-02 13:04:00	2022-10-20 22:32:45.773069	323	11185	565580	108929505788809021
7804	2022-08-27 10:54:00	2022-10-20 22:38:30.449155	2189	11185	565740	108889458237404316
7805	2022-08-27 09:19:00	2022-10-20 22:38:42.16825	253424	11185	565743	108892708178521212
7806	2022-08-27 09:15:00	2022-10-20 22:38:46.228703	28485	11185	565746	108892734726725432
7807	2022-08-26 10:13:00	2022-10-20 22:39:47.595659	19997	11185	565770	108889559142116969
7808	2022-09-14 23:15:00	2022-10-20 22:40:39.431915	85	11222	565789	108909180947781771
7809	2022-08-23 11:09:00	2022-10-20 22:41:25.054315	1154	11185	565803	108851947197975794
7810	2022-08-23 11:08:00	2022-10-20 22:41:29.539725	16516	11185	565806	108872807353853433
1222	2022-09-12 22:14:00	2022-09-26 20:07:19.326158	27	805	99749	108988575126246652
7813	2022-08-23 10:19:00	2022-10-20 22:41:59.063863	2197	11185	565816	108868432060957888
7815	2022-08-23 10:12:00	2022-10-20 22:42:12.11756	140032	11185	565821	108872591823090381
7816	2022-08-23 10:11:00	2022-10-20 22:42:18.092499	76310	11185	565825	108872574288457262
7817	2022-08-23 10:09:00	2022-10-20 22:42:21.311729	22441	11185	565828	108872574597421034
7818	2022-08-23 10:07:00	2022-10-20 22:42:24.3299	372193	11185	565829	108870665481881327
7819	2022-08-23 10:05:00	2022-10-20 22:42:27.899733	323	11185	565832	108869717247027586
7820	2022-08-23 10:04:00	2022-10-20 22:42:36.934295	70114	11185	565836	108872531145097691
7821	2022-08-22 11:43:00	2022-10-20 22:43:22.815456	55285	11185	565853	108841663391029090
7822	2022-09-12 15:19:00	2022-10-20 22:44:28.536392	10154	11222	565877	108986953632414384
7823	2022-08-22 11:38:00	2022-10-20 22:45:46.407937	29647	11185	565898	108867268094942835
7824	2022-09-12 14:01:00	2022-10-20 22:45:45.751423	323	11222	565897	108986046412657932
7825	2022-09-12 12:53:00	2022-10-20 22:46:46.907792	11285	11222	565923	108985024750547583
7826	2022-08-19 09:57:00	2022-10-20 22:48:18.515936	13705	11185	565951	108849866980821399
7828	2022-08-15 09:42:00	2022-10-20 22:50:27.035651	42693	11185	565985	108827149275461181
7829	2022-08-14 10:30:00	2022-10-20 22:51:57.435793	271	11185	566005	108821697711162396
7830	2022-08-14 10:28:00	2022-10-20 22:52:09.255618	32145	11185	566007	108787916140236240
8631	2022-09-04 14:46:00	2022-10-24 01:28:15.687947	12933	12933	635066	108941425672491375
7833	2022-08-12 10:24:00	2022-10-20 22:53:21.727813	9040	11185	566073	108806678223681881
7834	2022-08-12 09:54:00	2022-10-20 22:53:24.351471	2195	11185	566076	108810082134810715
7835	2022-08-12 09:53:00	2022-10-20 22:53:29.936787	2195	11185	566081	108810069450949078
7836	2022-08-12 09:53:00	2022-10-20 22:53:34.306147	2195	11185	566084	108810058815367642
7837	2022-08-10 09:01:00	2022-10-20 22:54:49.891708	28485	11185	566165	108784341475889273
7838	2022-08-10 08:52:00	2022-10-20 22:54:55.309899	4300	11185	566168	108797638855251386
7839	2022-08-07 13:25:00	2022-10-20 22:56:16.460446	2198	11185	566241	108779039410128810
7840	2022-08-05 08:30:00	2022-10-20 22:57:13.571582	2192	11185	566290	108767324247002455
7841	2022-08-05 08:28:00	2022-10-20 22:57:17.636745	1342	11185	566293	108767977721378905
7842	2022-08-05 08:24:00	2022-10-20 22:57:19.175907	1844	11185	566295	108767330277815477
7843	2022-08-04 10:38:00	2022-10-20 22:57:58.001723	2405	11185	566329	108764604428369583
7844	2022-08-04 10:15:00	2022-10-20 22:58:00.795456	836	11185	566332	108763231783363175
7846	2022-08-04 10:12:00	2022-10-20 22:58:06.642872	34019	11185	566337	108765001989345139
1255	2022-09-03 07:43:00	2022-09-26 20:24:44.205655	27	805	100307	108934229127770082
7848	2022-08-03 12:45:00	2022-10-20 22:58:38.732881	1608	11185	566376	108759922663124462
7849	2022-08-03 12:42:00	2022-10-20 22:58:41.5377	2569	11185	566378	108759926809415874
7851	2022-08-03 12:34:00	2022-10-20 22:58:47.35173	16038	11185	566384	108759885447369369
7852	2022-08-02 12:59:00	2022-10-20 22:59:11.524568	1613	11185	566410	108741012461987181
7782	2022-08-22 10:15:00	2022-10-20 19:23:28.657543	6334	11219	564570	108852235484490812
7814	2022-08-23 10:16:00	2022-10-20 22:42:08.464724	416	11185	565819	108872417552196765
7855	2022-07-29 09:30:00	2022-10-20 23:00:57.931193	9040	11185	566527	108715222836445002
7803	2022-09-27 16:57:00	2022-10-20 22:33:14.637022	11222	11222	565592	109068194936086117
7831	2022-09-11 23:47:00	2022-10-20 22:52:37.421282	11222	11222	566025	108982566326225753
7785	2022-10-19 09:37:00	2022-10-20 22:10:58.998977	143	11185	565042	109194896717098583
7850	2022-08-03 12:38:00	2022-10-20 22:58:44.392644	34	11185	566381	108759850796996954
7799	2022-09-20 09:00:00	2022-10-20 22:25:42.980621	900	11185	565368	109030731790863138
7779	2022-08-30 23:32:00	2022-10-20 16:33:59.268004	908	11174	562461	108914871202301395
7827	2022-08-15 09:46:00	2022-10-20 22:50:21.987968	908	11185	565983	108826906757913278
7845	2022-08-04 10:13:00	2022-10-20 22:58:04.076385	174	11185	566334	108764752285039240
7812	2022-08-23 10:36:00	2022-10-20 22:41:48.363987	125	11185	565813	108872076687600265
7856	2022-07-25 12:34:00	2022-10-20 23:02:25.644045	16986	11185	566625	108708914787481864
7857	2022-07-25 12:30:00	2022-10-20 23:02:27.661194	4458	11185	566627	108708668281599879
7859	2022-07-21 10:52:00	2022-10-20 23:04:26.575903	2457	11185	566709	108685875548949818
7862	2022-07-20 09:20:00	2022-10-20 23:05:45.599048	10478	11185	566754	108671291150649435
7866	2022-07-14 11:47:00	2022-10-20 23:06:58.923978	4600	11185	566826	108646448711836345
7877	2022-08-19 10:13:00	2022-10-20 23:12:46.196	242273	11222	567153	108849925225221533
7881	2022-08-16 08:14:00	2022-10-20 23:14:56.398474	12312	11222	567275	108832453781753753
7888	2022-08-10 20:09:00	2022-10-20 23:20:36.261277	2625	11222	567591	108801305086880218
7894	2022-08-04 22:49:00	2022-10-20 23:22:30.189614	64595	11222	567708	108767968891765048
7896	2022-08-02 21:03:00	2022-10-20 23:22:49.869883	2977	11222	567725	108756189176225561
7897	2022-08-02 00:00:00	2022-10-20 23:22:59.996653	210128	11222	567733	108749119600278023
7904	2022-07-29 23:16:00	2022-10-20 23:25:42.68856	12503	11222	567900	108727897183233989
7908	2022-07-29 00:00:00	2022-10-20 23:26:22.378913	63707	11222	567942	108728659264475618
8616	2022-10-12 20:13:00	2022-10-23 23:30:22.798348	12933	12933	633468	109158061159783371
7917	2022-07-26 09:54:00	2022-10-20 23:28:30.165789	12312	11222	568071	108713877750456748
7885	2022-08-12 20:19:00	2022-10-20 23:18:03.372709	11222	11222	567439	108806270333025196
7910	2022-07-28 15:17:00	2022-10-20 23:26:44.008269	11222	11222	567965	108726159747384140
8619	2022-10-08 13:03:00	2022-10-23 23:47:18.957243	12933	12933	633641	109133140308253421
8620	2022-10-04 14:15:00	2022-10-24 00:10:00.753055	12933	12933	633900	109111353881180903
8628	2022-09-25 18:07:00	2022-10-24 00:32:49.55757	12933	12933	634228	109053204679226070
8632	2022-09-01 18:41:00	2022-10-24 01:48:25.885873	12933	12933	635386	108925524920900116
8633	2022-08-12 10:43:00	2022-10-24 02:05:23.484999	12933	12933	635648	108810409604992856
8635	2022-08-07 11:04:00	2022-10-24 02:19:15.342176	12933	12933	635844	108781687787664159
8636	2022-08-04 19:03:00	2022-10-24 02:21:47.498704	12933	12933	635889	108760073813505190
8638	2022-07-31 15:39:00	2022-10-24 02:25:47.242583	12933	12933	635955	108743503219913018
8639	2022-07-31 10:34:00	2022-10-24 02:26:30.282158	12933	12933	635967	108738583252561423
8640	2022-07-26 17:04:00	2022-10-24 02:31:00.333311	12933	12933	636039	108715655815706146
8641	2022-07-23 10:35:00	2022-10-24 02:33:50.262485	12933	12933	636089	108697113418216161
8642	2022-07-23 10:25:00	2022-10-24 02:34:09.977875	12933	12933	636093	108697094414349750
5811	2022-07-23 08:08:00	2022-10-16 18:17:25.692249	12933	4273	479816	108696572154371544
8643	2022-07-23 09:59:00	2022-10-24 02:35:01.523961	12933	12933	636108	108640789588254317
8924	2022-07-17 21:13:00	2022-10-24 12:53:11.169226	7819	10856	645408	108630288479032362
8966	2022-06-16 20:31:00	2022-10-26 00:04:56.989515	234	13156	661256	108485154625673944
8908	2022-07-29 09:25:00	2022-10-24 11:07:21.51327	12959	12959	644151	108730685538263317
8927	2022-07-08 23:21:00	2022-10-24 14:38:14.822969	17247	10856	646920	108609122685706908
8928	2022-07-07 01:12:00	2022-10-24 14:54:16.333382	1000	10856	647113	108331234775243852
8929	2022-07-06 17:29:00	2022-10-24 14:55:24.489605	11018	10856	647128	108586571506112810
8930	2022-09-17 15:33:00	2022-10-24 16:18:13.096922	4279	13016	648089	109014979281695559
8931	2022-08-17 10:38:00	2022-10-24 16:29:17.565339	8625	13016	648252	108838687600201134
8932	2022-08-09 12:58:00	2022-10-24 16:32:54.301732	537	13016	648294	108793907725168640
8934	2022-07-02 15:04:00	2022-10-24 16:41:02.277389	2319	13016	648414	108578755711964629
7916	2022-07-26 22:22:00	2022-10-20 23:27:59.577392	326	11222	568041	108714972703419496
8861	2022-08-10 16:59:00	2022-10-24 08:50:26.50485	10856	10856	641924	108800577932975401
8926	2022-07-09 20:01:00	2022-10-24 14:33:41.756945	10856	10856	646860	108620025632055453
8938	2022-10-02 18:01:00	2022-10-25 06:30:30.500091	7936	2484	653905	109100897529031287
8939	2022-09-11 14:43:00	2022-10-25 06:32:59.083927	61963	2484	653929	108981214871124323
8940	2022-08-27 21:01:00	2022-10-25 06:40:48.149867	13093	2484	653996	108897052634740426
8941	2022-08-26 23:41:00	2022-10-25 06:41:07.697326	13093	2484	653998	108892463301819188
8942	2022-08-26 23:39:00	2022-10-25 06:41:17.059949	13093	2484	654000	108892541713693733
8943	2022-08-26 22:28:00	2022-10-25 06:41:24.900116	13093	2484	654002	108892449736731039
8944	2022-08-26 22:23:00	2022-10-25 06:41:39.382529	13093	2484	654004	108892449736731039
8945	2022-08-24 13:21:00	2022-10-25 06:43:27.256057	14118	2484	654018	108875844891106812
8946	2022-08-22 13:04:00	2022-10-25 06:43:44.240086	13094	2484	654020	108867518294542299
8947	2022-08-22 12:56:00	2022-10-25 06:44:03.058733	5484	2484	654022	108756171967094852
8948	2022-08-15 23:34:00	2022-10-25 06:47:49.392006	9669	2484	654048	108830402486589522
8949	2022-08-14 18:56:00	2022-10-25 06:53:34.156082	9143	2484	654081	108822451623229826
8950	2022-07-25 21:44:00	2022-10-25 06:56:12.497667	13115	2484	654107	108710993122592269
8952	2022-07-25 21:01:00	2022-10-25 06:56:46.23611	13115	2484	654113	108710890702945519
8953	2022-07-12 05:18:00	2022-10-25 07:02:03.705842	4421	2484	654156	108633593025053616
8954	2022-06-12 23:55:00	2022-10-25 07:11:05.526295	2198	2484	654238	108465499678757293
8955	2022-06-12 23:53:00	2022-10-25 07:14:43.675987	2194	2484	654261	108465638134952127
8956	2022-10-13 13:51:00	2022-10-25 21:41:08.449597	10907	13158	660131	109162204596301192
8957	2022-09-21 15:34:00	2022-10-25 21:44:05.682726	1343	13158	660150	108790473508968217
8958	2022-06-11 13:44:00	2022-10-25 22:48:12.854688	61107	13158	660639	108459334254754333
8959	2022-06-26 20:49:00	2022-10-25 23:41:04.754545	4889	13156	660982	108546672909536300
8933	2022-07-10 21:20:00	2022-10-24 16:37:49.157715	33	13016	648365	108625802964679042
8962	2022-06-13 00:00:00	2022-10-26 00:00:39.550781	917	13169	661209	108466673760274932
8963	2022-06-10 00:00:00	2022-10-26 00:01:13.462299	416	13169	661216	108453686065486279
1280	2022-08-30 17:35:00	2022-09-26 20:31:57.748044	27	805	100567	108913667688599088
8965	2022-06-17 04:27:00	2022-10-26 00:02:48.453028	13156	13156	661234	108491836174419456
8935	2022-06-11 08:53:00	2022-10-24 16:58:16.182247	2591	13016	648686	108257388939811723
8964	2022-06-18 01:26:00	2022-10-26 00:02:20.854299	166	13156	661228	108494793180921144
8961	2022-07-08 00:00:00	2022-10-25 23:56:36.18019	143	13169	661158	108609111304610105
8937	2022-10-23 19:56:00	2022-10-25 06:26:42.213539	322	2484	653874	109219682694669840
8925	2022-07-14 18:06:00	2022-10-24 13:50:42.649136	265	10856	646236	108550621727948624
7903	2022-07-30 08:53:00	2022-10-20 23:25:33.955665	4423	11222	567891	108731903698500398
8644	2022-07-13 15:08:00	2022-10-24 02:49:38.313364	125	12933	636334	108641468572236039
8645	2022-07-10 08:46:00	2022-10-24 02:57:26.885252	416	12933	636469	108622971231115037
8634	2022-08-07 14:26:00	2022-10-24 02:17:49.245003	1844	12933	635820	108772253662203422
7858	2022-09-01 20:24:00	2022-10-20 23:03:58.65518	11222	11222	566696	108923580575100003
7864	2022-08-28 23:22:00	2022-10-20 23:05:59.897806	11222	11222	566765	108883597638439330
7873	2022-08-24 14:40:00	2022-10-20 23:09:34.538078	11222	11222	566976	108855925155776264
8647	2022-07-08 23:19:00	2022-10-24 03:01:49.459278	1118	12933	636539	108615113844331305
8697	2022-09-13 15:56:00	2022-10-24 05:36:48.33321	202	12956	638693	108991401882183939
8670	2022-09-22 19:49:00	2022-10-24 05:25:39.144807	359	12956	638473	109044641158720073
8637	2022-08-04 17:34:00	2022-10-24 02:22:03.076936	730	12933	635894	108765258517997008
8685	2022-09-16 22:31:00	2022-10-24 05:31:18.641835	198	12956	638579	109010495471473554
8696	2022-09-13 16:06:00	2022-10-24 05:36:38.136941	103	12956	638689	108992466758671040
8648	2022-07-05 19:30:00	2022-10-24 03:19:17.741977	105	12933	636841	108597188992242374
8681	2022-09-19 09:42:00	2022-10-24 05:29:23.654035	742	12956	638545	109022442684722443
8661	2022-09-26 21:28:00	2022-10-24 05:20:10.392139	215	12956	638373	109067255116645497
8658	2022-09-27 21:27:00	2022-10-24 05:18:27.839421	33	12956	638340	109073213561976718
166	2022-09-06 14:04:00	2022-09-17 03:06:20.033163	1018	416	14654	108952297641253844
1312	2022-08-28 22:40:00	2022-09-26 20:38:38.621029	27	805	100802	108883707707614939
1313	2022-08-28 22:46:00	2022-09-26 20:38:39.706745	27	805	100803	108880935875773578
1318	2022-08-27 01:58:00	2022-09-26 20:41:35.243208	27	805	100907	108790947668067601
1320	2022-08-26 13:53:00	2022-09-26 20:42:46.653322	27	805	100945	108890236953567273
8663	2022-06-17 19:24:00	2022-10-24 05:21:09.625547	23	12933	638388	108494119598888647
7870	2022-07-09 19:35:00	2022-10-20 23:08:15.521468	145	11185	566896	108619999432447877
8649	2022-09-20 22:10:00	2022-10-24 03:28:14.542383	5236	10856	636956	108066720519377498
8650	2022-06-23 13:44:00	2022-10-24 04:16:18.382456	2379	12933	637573	108527921938383999
8651	2022-09-14 03:04:00	2022-10-24 04:40:59.624892	397958	10856	637844	108988912692567581
8652	2022-06-20 17:50:00	2022-10-24 04:50:10.889023	22648	12933	637928	108510919837360519
8654	2022-06-18 12:48:00	2022-10-24 05:12:22.853285	1343	12933	638218	108499390388253196
8656	2022-10-04 08:51:00	2022-10-24 05:15:30.096495	33749	12956	638285	109110051998283521
8657	2022-10-01 21:13:00	2022-10-24 05:16:57.228286	9487	12956	638313	109096010368801235
8659	2022-09-26 21:41:00	2022-10-24 05:19:29.288049	11649	12956	638360	109066948095620926
8660	2022-09-26 21:39:00	2022-10-24 05:19:41.131444	11649	12956	638364	109066856524205489
8662	2022-09-26 21:17:00	2022-10-24 05:20:54.725785	8387	12956	638385	109067306722176683
8664	2022-09-26 21:13:00	2022-10-24 05:21:26.940902	2319	12956	638394	109066233617763168
8668	2022-09-24 19:44:00	2022-10-24 05:23:31.968219	215	12956	638434	109055794032288310
8666	2022-09-24 21:25:00	2022-10-24 05:22:29.339112	168904	12956	638415	109056226895683084
8671	2022-09-22 19:45:00	2022-10-24 05:25:53.6939	682	12956	638479	109038730650007329
8672	2022-09-22 19:42:00	2022-10-24 05:26:10.545813	4411	12956	638484	109044492932590092
8673	2022-09-22 19:37:00	2022-10-24 05:26:33.90034	14748	12956	638492	109044633054739156
8674	2022-09-22 07:29:00	2022-10-24 05:27:23.197135	8465	12956	638507	109040809426909737
8675	2022-09-21 08:26:00	2022-10-24 05:27:45.527203	9487	12956	638513	109032929268906005
8676	2022-09-21 06:55:00	2022-10-24 05:28:14.528964	2191	12956	638521	109034320478859914
8677	2022-09-21 06:51:00	2022-10-24 05:28:28.42472	33270	12956	638525	109034322977190631
8678	2022-09-21 06:46:00	2022-10-24 05:28:40.315397	2191	12956	638529	109034304544067497
8679	2022-09-20 13:09:00	2022-10-24 05:29:05.40936	537	12956	638537	109031730859125027
8684	2022-09-16 22:34:00	2022-10-24 05:30:51.792957	2195	12956	638573	109009961047445855
8686	2022-09-16 16:57:00	2022-10-24 05:31:51.445047	6483	12956	638588	109009529535900494
8687	2022-09-16 09:07:00	2022-10-24 05:33:01.413327	2263	12956	638610	109007866354902638
8690	2022-09-16 06:06:00	2022-10-24 05:34:03.633078	6942	12956	638629	108973556023006283
8691	2022-09-16 06:03:00	2022-10-24 05:34:21.133339	20548	12956	638639	109007451753209268
8692	2022-09-16 06:00:00	2022-10-24 05:35:09.585146	2519	12956	638657	109007168681628506
8693	2022-09-15 22:28:00	2022-10-24 05:35:46.637191	6907	12956	638671	109005698570430269
8695	2022-09-14 17:01:00	2022-10-24 05:36:15.270887	39258	12956	638681	108764664065892683
8698	2022-09-13 15:54:00	2022-10-24 05:36:59.209416	22333	12956	638696	108992632928684994
8680	2022-09-19 09:45:00	2022-10-24 05:29:16.432839	322	12956	638541	109020374782639839
8700	2022-09-13 15:48:00	2022-10-24 05:37:12.285395	2191	12956	638700	108988242522228618
8701	2022-09-13 15:18:00	2022-10-24 05:37:25.420956	2191	12956	638705	108991487341251558
8702	2022-09-13 15:11:00	2022-10-24 05:37:40.625111	2191	12956	638709	108991951052509562
8703	2022-09-13 15:08:00	2022-10-24 05:37:56.325228	2898	12956	638715	108981476889779658
8704	2022-09-13 15:06:00	2022-10-24 05:38:10.241048	4767	12956	638718	108992635682391598
8705	2022-09-13 15:03:00	2022-10-24 05:38:22.558482	38173	12956	638724	108988927526512421
8706	2022-09-13 09:08:00	2022-10-24 05:38:29.530883	2222	12956	638728	108990987653938411
8618	2022-10-09 09:28:00	2022-10-23 23:42:11.093649	10856	10856	633588	109062917530092271
8699	2022-09-06 05:00:00	2022-10-24 05:37:08.281556	10856	10856	638698	108950624944102684
8655	2022-10-07 22:42:00	2022-10-24 05:13:33.568319	2591	12956	638243	109032356159649817
8669	2022-09-22 19:50:00	2022-10-24 05:25:26.516454	143	12956	638469	109044534038746149
8689	2022-09-16 06:50:00	2022-10-24 05:33:50.385279	143	12956	638627	109005898711607957
8688	2022-09-16 06:58:00	2022-10-24 05:33:42.425279	322	12956	638623	109004817520645811
8683	2022-09-17 22:08:00	2022-10-24 05:30:20.196739	1168	12956	638562	109016056458438089
8653	2022-09-12 20:34:00	2022-10-24 04:56:26.061012	695	10856	637998	108970158516246585
8646	2022-07-09 12:07:00	2022-10-24 02:59:25.761782	695	12933	636505	108615548455606160
7948	2022-10-14 19:41:00	2022-10-21 03:24:44.614935	11304	11304	572642	109168575008811218
7909	2022-07-28 23:13:00	2022-10-20 23:26:30.194938	274	11222	567952	108727679133851489
7863	2022-07-20 09:14:00	2022-10-20 23:05:49.352291	10478	11185	566758	108589645155149583
7887	2022-08-11 18:26:00	2022-10-20 23:19:12.612493	439	11222	567510	108806390145981437
7890	2022-08-09 14:21:00	2022-10-20 23:21:28.670635	8765	11222	567651	108794287478947259
7882	2022-06-13 09:38:00	2022-10-20 23:15:08.923148	143	11185	567287	108470396821407811
7871	2022-07-07 09:45:00	2022-10-20 23:09:14.779898	159267	11185	566956	108605964443709814
1355	2022-08-15 13:55:00	2022-09-26 21:03:34.475638	27	805	101652	108828041518355960
7874	2022-07-01 10:15:00	2022-10-20 23:12:09.486482	683	11185	567112	108572039842731830
7875	2022-06-24 10:16:00	2022-10-20 23:12:36.628141	2588	11185	567141	108530518043305515
7876	2022-06-24 10:01:00	2022-10-20 23:12:41.624217	152105	11185	567147	108532784961367102
7878	2022-06-20 10:17:00	2022-10-20 23:13:40.69248	323	11185	567209	108507937610042488
1616	2022-08-08 21:09:00	2022-09-27 08:39:04.510791	27	2155	111678	108789700493889917
7886	2022-08-11 22:12:00	2022-10-20 23:18:42.971819	2319	11222	567483	108807459443903933
7889	2022-08-10 19:40:00	2022-10-20 23:20:39.528836	4459	11222	567596	108801148996849596
7892	2022-08-07 03:28:00	2022-10-20 23:21:59.03436	45098	11222	567679	108780395822929509
7893	2022-08-04 23:18:00	2022-10-20 23:22:28.440603	212198	11222	567705	108768029062173274
7895	2022-08-03 08:20:00	2022-10-20 23:22:43.684228	14171	11222	567720	108758888845278297
7898	2022-08-01 08:44:00	2022-10-20 23:23:43.28812	12312	11222	567776	108747649444987477
7899	2022-08-01 08:14:00	2022-10-20 23:23:52.249807	2198	11222	567785	108747396457746236
7901	2022-07-31 10:53:00	2022-10-20 23:24:21.43248	96220	11222	567811	108739819857242812
7902	2022-07-31 10:51:00	2022-10-20 23:24:24.604621	8467	11222	567814	108739726578693654
7905	2022-07-29 15:24:00	2022-10-20 23:25:54.928371	2405	11222	567912	108732231113359130
7906	2022-07-29 08:30:00	2022-10-20 23:26:10.603705	11634	11222	567927	108730591621163244
7907	2022-07-29 00:00:00	2022-10-20 23:26:17.702352	1000	11222	567936	108728417422919283
7911	2022-07-28 13:32:00	2022-10-20 23:26:47.996621	45098	11222	567969	108726088240724978
7912	2022-07-28 08:49:00	2022-10-20 23:26:54.568838	2457	11222	567974	108725028048554256
7913	2022-07-27 23:03:00	2022-10-20 23:27:16.981217	13524	11222	567996	108722716069923742
7914	2022-07-27 22:11:00	2022-10-20 23:27:21.102528	8068	11222	568002	108722437797743240
7915	2022-07-27 20:00:00	2022-10-20 23:27:25.511335	2110	11222	568008	108721999161258147
7794	2022-10-05 09:59:00	2022-10-20 22:18:33.036807	11185	11185	565199	109115981667637649
7811	2022-08-23 11:03:00	2022-10-20 22:41:44.143828	11185	11185	565811	108872690182533731
7854	2022-07-29 09:39:00	2022-10-20 23:00:46.303725	11185	11185	566515	108730905101139841
7865	2022-07-14 11:51:00	2022-10-20 23:06:57.574448	11185	11185	566824	108641664918265792
7867	2022-07-14 11:45:00	2022-10-20 23:07:02.213299	11185	11185	566827	108641664918265792
7919	2022-07-25 17:10:00	2022-10-20 23:29:04.325821	16339	11222	568093	108709989935506084
7920	2022-07-25 14:16:00	2022-10-20 23:29:06.252918	15292	11222	568095	108709321639622227
7921	2022-07-25 00:00:00	2022-10-20 23:29:31.465466	45098	11222	568114	108706122266367894
7922	2022-07-24 15:23:00	2022-10-20 23:30:05.208669	2569	11222	568124	108703866057564768
7923	2022-07-24 14:05:00	2022-10-20 23:30:21.897732	4712	11222	568130	108703624590928049
7924	2022-07-23 00:00:00	2022-10-20 23:31:44.580677	63707	11222	568170	108694831220442895
7926	2022-07-22 16:51:00	2022-10-20 23:32:12.136484	11634	11222	568177	108692939794107027
7927	2022-07-22 10:22:00	2022-10-20 23:32:14.956704	12312	11222	568179	108691384108443186
7928	2022-07-22 08:05:00	2022-10-20 23:32:25.99671	2977	11222	568186	108639733556465857
7929	2022-07-21 09:17:00	2022-10-20 23:33:04.011375	76430	11222	568200	108684814746362757
7930	2022-07-21 07:33:00	2022-10-20 23:33:25.233009	934	11222	568208	108685055721223396
7932	2022-07-20 13:46:00	2022-10-20 23:34:07.564825	537	11222	568225	108680882481036869
7933	2022-07-20 11:27:00	2022-10-20 23:34:29.301641	2519	11222	568232	108678788109042862
7934	2022-07-20 10:42:00	2022-10-20 23:34:48.75743	10869	11222	568237	108680129655861517
7935	2022-07-19 20:30:00	2022-10-20 23:35:23.149175	8387	11222	568249	108647918175810593
7936	2022-07-19 17:06:00	2022-10-20 23:35:38.765482	3872	11222	568255	108676009422861109
7937	2022-07-19 11:07:00	2022-10-20 23:36:20.044519	189043	11222	568266	108672371655666424
7938	2022-07-17 18:58:00	2022-10-20 23:37:17.720937	2977	11222	568287	108658441695558410
7939	2022-07-14 17:19:00	2022-10-20 23:40:18.381016	56138	11222	568352	108647767037020254
7940	2022-07-14 17:13:00	2022-10-20 23:40:25.378662	2348	11222	568354	108646158276362349
7942	2022-07-07 11:18:00	2022-10-20 23:42:31.172485	4412	11222	568399	108606682434371673
7891	2022-08-09 14:17:00	2022-10-20 23:21:31.160918	8765	11222	567653	108794274498126499
7860	2022-08-31 16:10:00	2022-10-20 23:04:29.345858	11222	11222	566712	108909675753233187
7861	2022-08-29 23:22:00	2022-10-20 23:05:44.104952	11222	11222	566753	108897976380015165
7868	2022-08-25 11:31:00	2022-10-20 23:08:06.6158	11222	11222	566885	108883654705977460
7869	2022-08-25 11:28:00	2022-10-20 23:08:08.34821	11222	11222	566887	108883597638439330
7872	2022-08-24 14:47:00	2022-10-20 23:09:33.019734	11222	11222	566974	108877699850564413
7883	2022-08-15 22:42:00	2022-10-20 23:15:18.621049	11222	11222	567300	108830193797801548
7884	2022-08-13 16:09:00	2022-10-20 23:17:24.99614	11222	11222	567407	108816125865750899
7900	2022-07-31 23:16:00	2022-10-20 23:24:00.490375	11222	11222	567791	108739654143461996
7918	2022-07-25 23:11:00	2022-10-20 23:28:51.186817	11222	11222	568086	108657776847400168
7941	2022-07-07 11:40:00	2022-10-20 23:42:26.525025	11222	11222	568398	108596950961416473
7931	2022-07-20 14:27:00	2022-10-20 23:33:55.624038	198	11222	568219	108680154600634309
7945	2022-06-11 06:58:00	2022-10-21 02:10:15.642896	229845	11160	569594	108458469936337274
7946	2022-06-11 06:15:00	2022-10-21 02:10:43.134084	2189	11160	569599	108456193660415937
7947	2022-06-10 13:19:00	2022-10-21 03:08:47.880623	10492	11291	571886	108453389039362464
7925	2022-07-22 18:34:00	2022-10-20 23:32:01.308698	322	11222	568174	108690987407006634
7949	2022-10-04 07:13:00	2022-10-21 03:26:40.660552	41680	11304	572748	109109698667408741
7954	2022-09-25 21:38:00	2022-10-21 03:32:11.616459	11304	11304	573019	109061859572728602
7956	2022-09-25 20:18:00	2022-10-21 03:32:24.221325	11304	11304	573032	109061830496704344
7958	2022-09-25 20:16:00	2022-10-21 03:32:34.178715	11304	11304	573042	109061816435992577
8707	2022-09-13 06:51:00	2022-10-24 05:38:46.034997	13077	12956	638734	108990438802621686
8711	2022-09-12 17:53:00	2022-10-24 05:40:10.467283	8387	12956	638764	108986661591727729
8712	2022-09-12 17:49:00	2022-10-24 05:40:23.269644	12360	12956	638769	108976190806070659
8721	2022-08-28 21:49:00	2022-10-24 05:49:45.969381	4137	12956	638966	108897605555407984
8968	2022-06-12 20:44:00	2022-10-26 00:08:22.126124	31301	13156	661292	108467325785408909
9224	2022-10-14 00:00:00	2022-10-27 21:25:20.89391	68151	13351	682022	109167224325116183
9248	2022-10-12 00:00:00	2022-10-27 21:47:08.023028	140548	13351	682201	109156147961693353
9249	2022-10-12 00:00:00	2022-10-27 21:47:20.979469	86904	13351	682203	109156006339713366
9251	2022-10-12 00:00:00	2022-10-27 21:49:20.426692	65163	13351	682217	109156055093939883
9240	2022-10-13 00:00:00	2022-10-27 21:41:59.979563	536	13351	682161	109161072802649726
9254	2022-10-12 00:00:00	2022-10-27 21:51:59.194436	14329	13351	682232	109155798731534157
9331	2022-10-05 00:00:00	2022-10-27 23:43:44.257424	4013	13351	682888	109113857634563138
9332	2022-10-05 00:00:00	2022-10-27 23:44:52.362969	12864	13351	682892	109113837555589117
9334	2022-10-05 00:00:00	2022-10-27 23:45:36.697456	2350	13351	682895	109113264802512882
9298	2022-10-07 00:00:00	2022-10-27 22:56:55.152171	13351	13351	682654	109054875723598682
9299	2022-10-07 00:00:00	2022-10-27 22:57:13.934003	13351	13351	682656	108931197404676026
9300	2022-10-07 00:00:00	2022-10-27 22:57:38.218106	13351	13351	682659	108931175953419335
9301	2022-10-07 00:00:00	2022-10-27 22:58:08.066396	13351	13351	682661	108841318627918739
9303	2022-10-07 00:00:00	2022-10-27 22:59:24.869387	13351	13351	682671	108906937257335723
9304	2022-10-07 00:00:00	2022-10-27 22:59:59.362038	13351	13351	682675	109127676890766069
9310	2022-10-07 00:00:00	2022-10-27 23:06:14.174294	13351	13351	682706	108931552388367963
9313	2022-10-06 00:00:00	2022-10-27 23:12:42.682439	13351	13351	682750	108402951744695504
9316	2022-10-06 00:00:00	2022-10-27 23:26:14.509987	13351	13351	682811	108212946253279277
9317	2022-10-06 00:00:00	2022-10-27 23:27:56.253621	13351	13351	682818	108337370156407738
9320	2022-10-06 00:00:00	2022-10-27 23:30:22.686503	13351	13351	682829	109121864335010753
9279	2022-10-09 00:00:00	2022-10-27 22:26:19.216383	13351	13351	682475	109116637533864247
9335	2022-10-05 00:00:00	2022-10-27 23:47:07.08303	13351	13351	682901	109113774797965470
9337	2022-10-05 00:00:00	2022-10-27 23:50:30.393637	13351	13351	682913	109113651986253869
9339	2022-10-04 00:00:00	2022-10-27 23:51:36.185426	13351	13351	682917	109113637456457835
9341	2022-10-04 00:00:00	2022-10-27 23:53:47.197872	13351	13351	682928	109113583475591523
9342	2022-10-04 00:00:00	2022-10-27 23:55:25.818928	13351	13351	682935	109112607089227846
9346	2022-10-04 00:00:00	2022-10-28 00:00:46.509853	13351	13351	682960	109038004013529145
9347	2022-10-04 00:00:00	2022-10-28 00:01:22.949923	13351	13351	682962	109082333037483448
9348	2022-10-04 00:00:00	2022-10-28 00:02:28.977598	13351	13351	682967	108850950646004061
9349	2022-10-04 00:00:00	2022-10-28 00:03:59.393357	13351	13351	682973	109113328546522307
9351	2022-10-04 00:00:00	2022-10-28 00:08:04.865936	13351	13351	682991	109111053599584283
9357	2022-10-04 00:00:00	2022-10-28 00:16:26.053171	13351	13351	683027	109015858448124852
9373	2022-10-02 00:00:00	2022-10-28 00:42:25.017131	13351	13351	683145	108483092725966024
9184	2022-10-25 00:00:00	2022-10-27 20:44:26.793786	13351	13351	681636	109015858448124852
9188	2022-10-23 00:00:00	2022-10-27 20:53:30.5653	13351	13351	681733	109215632767081522
9189	2022-10-22 00:00:00	2022-10-27 20:54:15.842853	13351	13351	681744	109208458922002704
9192	2022-10-22 00:00:00	2022-10-27 20:55:55.361577	13351	13351	681759	108433397615665875
9193	2022-10-22 00:00:00	2022-10-27 20:56:19.589819	13351	13351	681766	109215466298845934
9197	2022-10-22 00:00:00	2022-10-27 20:57:26.303853	13351	13351	681780	108643353182005922
9198	2022-10-22 00:00:00	2022-10-27 20:59:13.706158	13351	13351	681796	108721414333076243
9199	2022-10-22 00:00:00	2022-10-27 20:59:37.554496	13351	13351	681801	108624552039905493
9200	2022-10-20 00:00:00	2022-10-27 21:04:21.13774	13351	13351	681830	109204044969472138
9201	2022-10-20 00:00:00	2022-10-27 21:05:48.282013	13351	13351	681839	109203948963295433
9202	2022-10-20 00:00:00	2022-10-27 21:06:26.38338	13351	13351	681844	109203888881576384
9204	2022-10-20 00:00:00	2022-10-27 21:07:09.830063	13351	13351	681849	108484869777711666
9211	2022-10-18 00:00:00	2022-10-27 21:13:37.426165	13351	13351	681908	109095437552493677
9222	2022-10-14 00:00:00	2022-10-27 21:22:12.963516	13351	13351	681994	109167646844084726
9247	2022-10-12 00:00:00	2022-10-27 21:46:12.650286	13351	13351	682193	108643548720883884
9417	2022-08-14 00:00:00	2022-10-28 22:11:49.641438	83915	13768	686558	108806564106003664
9418	2022-08-13 00:00:00	2022-10-28 22:21:12.905726	1115	13768	686632	108812998601072232
9419	2022-10-28 00:00:00	2022-10-28 22:45:27.028336	50479	13807	686817	109246621041950853
9420	2022-10-28 00:00:00	2022-10-28 22:46:26.733541	225951	13807	686829	109246794908799765
9421	2022-10-25 00:00:00	2022-10-28 22:48:02.444456	13460	13807	686850	109232096799207561
9422	2022-10-25 00:00:00	2022-10-28 22:49:18.353676	230162	13807	686867	109226353904210421
9425	2022-10-21 00:00:00	2022-10-28 22:50:51.575443	141244	13807	686887	109206730739656636
8716	2022-09-08 21:47:00	2022-10-24 05:43:36.681198	146	12956	638841	108965532916184756
9238	2022-10-13 00:00:00	2022-10-27 21:39:56.794334	33	13351	682146	109161624646567188
9429	2022-09-10 00:00:00	2022-10-28 23:02:27.381877	11236	13807	686982	108977527691460738
9325	2022-10-05 00:00:00	2022-10-27 23:35:14.545963	1118	13351	682854	109116200018396320
9432	2022-09-06 00:00:00	2022-10-28 23:09:20.931431	122323	13807	687034	108947369097653724
9433	2022-09-05 00:00:00	2022-10-28 23:09:40.237974	11018	13807	687036	108937834925951277
8720	2022-09-03 11:07:00	2022-10-24 05:47:16.566343	143	12956	638916	108934710152225701
9426	2022-07-29 00:00:00	2022-10-28 22:55:19.837231	274	13768	686922	108733483663096791
9252	2022-10-12 00:00:00	2022-10-27 21:51:22.272093	416	13351	682228	109155145836728663
9430	2022-09-10 00:00:00	2022-10-28 23:03:24.61744	2843	13807	686989	108973637937241892
7959	2022-09-23 21:27:00	2022-10-21 03:32:43.008038	252990	11304	573050	109049140543619062
8713	2022-09-10 16:39:00	2022-10-24 05:41:25.937075	322	12956	638792	108975079083457978
8751	2022-08-15 19:27:00	2022-10-24 06:18:41.425822	103	12956	639541	108828024562734691
7989	2022-08-28 22:47:00	2022-10-21 03:51:33.401161	1445	11304	574169	107831324395158994
7964	2022-09-21 22:01:00	2022-10-21 03:33:36.415881	11304	11304	573112	109039539778389363
7965	2022-09-21 00:00:00	2022-10-21 03:33:46.244351	11304	11304	573124	109034452373180153
8732	2022-08-19 21:06:00	2022-10-24 06:02:54.325427	105	12956	639226	108851802060306832
7978	2022-09-01 10:30:00	2022-10-21 03:42:57.804472	11304	11304	573720	108923601563557651
8736	2022-08-18 17:34:00	2022-10-24 06:06:34.741643	28	12956	639314	108845637502782737
7987	2022-08-29 01:09:00	2022-10-21 03:50:29.433815	46207	11304	574093	108904408508434641
7988	2022-08-28 22:51:00	2022-10-21 03:51:27.432797	303	11304	574162	107826950237611564
7991	2022-08-28 13:37:00	2022-10-21 03:52:05.988505	4313	11304	574207	108901704067017824
7980	2022-09-01 04:15:00	2022-10-21 03:46:28.08022	11304	11304	573827	108919179762795736
2226	2022-07-29 12:40:00	2022-09-29 20:51:22.176571	27	4333	186973	108730813188866088
7993	2022-08-26 22:33:00	2022-10-21 03:53:04.692332	11304	11304	574269	108892494142644500
8000	2022-08-25 06:30:00	2022-10-21 03:53:48.148161	11304	11304	574325	108883025554729641
8004	2022-08-21 21:59:00	2022-10-21 03:55:44.594219	35455	11304	574468	108864024225070755
3564	2022-08-04 21:55:00	2022-10-13 09:11:48.196342	27	8364	374740	108689194787620302
8002	2022-08-22 07:48:00	2022-10-21 03:54:50.258046	11304	11304	574405	108866350458006826
8749	2022-08-15 21:39:00	2022-10-24 06:16:23.513733	198	12956	639506	108829836500627902
8003	2022-08-22 07:30:00	2022-10-21 03:54:58.412262	11304	11304	574413	108864048500067993
8007	2022-08-20 06:36:00	2022-10-21 03:56:36.728083	11304	11304	574513	108854753746249274
8015	2022-08-16 11:22:00	2022-10-21 04:00:21.576315	14223	11304	574750	108833225276711024
8016	2022-08-16 07:38:00	2022-10-21 04:00:28.052242	10982	11304	574761	108832332899101673
8012	2022-08-19 07:14:00	2022-10-21 03:58:08.132028	11304	11304	574617	108849239965773258
8018	2022-08-14 18:04:00	2022-10-21 04:02:23.405699	11304	11304	574883	108822216992764539
8013	2022-08-19 05:43:00	2022-10-21 03:58:27.300264	11304	11304	574644	108818585483613807
8020	2022-08-14 10:11:00	2022-10-21 04:02:47.058951	11304	11304	574908	108818585483613807
8025	2022-08-11 10:57:00	2022-10-21 04:03:49.640863	11304	11304	574979	108804820266384002
8026	2022-08-10 17:43:00	2022-10-21 04:04:07.065792	11304	11304	574993	108800750981998211
8040	2022-08-05 10:00:00	2022-10-21 04:20:22.181856	11304	11304	575561	108770591307067176
8042	2022-08-04 05:09:00	2022-10-21 04:22:40.465935	11304	11304	575635	108763819325085814
8043	2022-08-03 16:24:00	2022-10-21 04:23:08.93244	11304	11304	575651	108760795328196375
8708	2022-09-13 06:48:00	2022-10-24 05:39:00.925419	8434	12956	638740	108989790654658319
8709	2022-09-13 06:45:00	2022-10-24 05:39:14.490522	56126	12956	638744	108988661783907884
8710	2022-09-13 06:39:00	2022-10-24 05:39:32.824993	51684	12956	638753	108990571039752232
8715	2022-09-09 13:09:00	2022-10-24 05:43:15.545255	135084	12956	638832	108965559326738570
8717	2022-09-06 06:28:00	2022-10-24 05:45:09.718974	9095	12956	638869	108950847114369317
8719	2022-09-04 15:30:00	2022-10-24 05:45:47.37322	918	12956	638885	108938608972616271
8722	2022-08-26 08:32:00	2022-10-24 05:52:31.733324	2578	12956	639024	108889146714227899
8723	2022-08-23 07:38:00	2022-10-24 05:54:08.044515	32653	12956	639056	108871929433337440
8724	2022-08-23 07:35:00	2022-10-24 05:54:18.658222	4817	12956	639062	108777044940277325
8725	2022-08-22 19:51:00	2022-10-24 05:55:38.501574	13888	12956	639088	108620588041850338
8726	2022-08-22 19:50:00	2022-10-24 05:55:58.333371	38143	12956	639096	108675966834198207
8727	2022-08-22 19:43:00	2022-10-24 05:56:43.314885	38143	12956	639109	108840137454624954
8728	2022-08-22 19:33:00	2022-10-24 05:57:21.145807	38143	12956	639121	108862238275391210
8729	2022-08-20 15:01:00	2022-10-24 05:59:18.078165	684	12956	639158	108855878047025225
8730	2022-08-20 09:47:00	2022-10-24 05:59:28.765694	2519	12956	639164	108854261994253672
8731	2022-08-19 21:35:00	2022-10-24 06:01:11.353641	12503	12956	639189	108852572663851433
8735	2022-08-18 20:15:00	2022-10-24 06:06:05.817985	8784	12956	639301	108828172106690904
8737	2022-08-18 05:51:00	2022-10-24 06:08:02.46539	12226	12956	639347	108841297494244470
8738	2022-08-17 08:33:00	2022-10-24 06:09:00.481377	3903	12956	639371	108838226635050254
8739	2022-08-17 05:56:00	2022-10-24 06:11:06.873877	12227	12956	639412	108835579404444408
8740	2022-08-16 09:25:00	2022-10-24 06:12:17.229522	7461	12956	639434	108832427685794267
8741	2022-08-16 07:58:00	2022-10-24 06:12:34.793357	2013	12956	639442	108829830102140938
8742	2022-08-16 07:27:00	2022-10-24 06:13:29.847463	39258	12956	639459	108832189051334555
8743	2022-08-16 07:25:00	2022-10-24 06:13:43.082392	3903	12956	639462	108832226391755281
8744	2022-08-16 07:22:00	2022-10-24 06:14:02.32939	33696	12956	639468	108832227365344556
8745	2022-08-16 07:21:00	2022-10-24 06:14:15.461347	2195	12956	639472	108829385339280451
8746	2022-08-15 22:06:00	2022-10-24 06:15:18.361938	19199	12956	639487	108811654407849617
8747	2022-08-15 22:02:00	2022-10-24 06:15:38.165594	2013	12956	639492	108830056269259280
8748	2022-08-15 22:02:00	2022-10-24 06:16:01.160317	173295	12956	639498	108822843532651136
8752	2022-06-14 12:26:00	2022-10-24 06:18:39.113258	374091	12933	639540	108476614283972774
8753	2022-08-15 15:27:00	2022-10-24 06:20:09.009921	4279	12956	639559	108827431813972028
8754	2022-08-15 15:17:00	2022-10-24 06:21:00.382464	13483	12956	639570	108828479306225402
3464	2022-06-09 11:06:00	2022-10-13 00:25:54.493572	1018	8194	365579	108448074940043095
8750	2022-06-14 13:04:00	2022-10-24 06:18:24.629348	143	12933	639536	108476620771457948
8734	2022-08-19 17:40:00	2022-10-24 06:05:10.173334	110	12956	639275	108851187786601369
8718	2022-09-04 15:31:00	2022-10-24 05:45:37.969456	416	12956	638881	108941161941869317
8017	2022-08-14 20:00:00	2022-10-21 04:02:21.144267	359	11304	574880	108822532507876205
8756	2022-08-15 07:11:00	2022-10-24 06:21:17.217933	781	12956	639576	108819158239113525
8714	2022-09-09 21:52:00	2022-10-24 05:42:27.961883	222	12956	638817	108970826415247704
8070	2022-07-21 02:37:00	2022-10-21 04:42:25.868236	11304	11304	576401	108683945872960937
8757	2022-08-15 06:59:00	2022-10-24 06:21:59.17766	105	12956	639585	108822313526032422
7963	2022-09-22 00:00:00	2022-10-21 03:33:27.457014	11304	11304	573104	109040043208135950
7968	2022-09-16 04:11:00	2022-10-21 03:35:21.188852	11304	11304	573232	109007061817668078
2297	2022-08-17 17:56:00	2022-09-29 23:15:11.306125	27	4646	190031	108839584471745547
7970	2022-09-09 18:56:00	2022-10-21 03:37:48.306201	11304	11304	573380	108970911112966146
2308	2022-08-16 18:16:00	2022-09-29 23:15:26.981593	27	4646	190059	108830529259405266
8058	2022-07-29 17:35:00	2022-10-21 04:32:38.990482	313	11304	576049	108674735231068052
2309	2022-08-16 18:15:00	2022-09-29 23:15:27.923288	27	4646	190061	108834642886977660
7982	2022-08-31 05:44:00	2022-10-21 03:48:36.953226	12472	11304	573957	108916803454497868
8778	2022-08-10 06:07:00	2022-10-24 06:34:20.777824	2555	12956	639780	108794450613213634
8779	2022-08-10 06:05:00	2022-10-24 06:34:33.324354	8387	12956	639783	108794338630293297
7994	2022-08-26 13:57:00	2022-10-21 03:53:13.407053	35455	11304	574281	108890436743482906
8782	2022-08-10 05:53:00	2022-10-24 06:36:35.2576	7321	12956	639815	108781678271484234
8784	2022-08-09 21:20:00	2022-10-24 06:39:30.019405	2195	12956	639864	108793708199345888
8005	2022-08-20 19:14:00	2022-10-21 03:56:17.824241	22336	11304	574495	108857669735522786
8008	2022-08-19 22:41:00	2022-10-21 03:56:47.410481	271	11304	574529	108852444901957047
8019	2022-08-14 12:27:00	2022-10-21 04:02:40.324657	1608	11304	574898	108822092100244201
8796	2022-07-20 08:43:00	2022-10-24 06:57:03.43041	5505	12956	640148	108679637221986519
8971	2022-10-10 00:00:00	2022-10-26 07:14:26.269082	1118	13173	665527	109147086686356927
8797	2022-07-20 08:19:00	2022-10-24 06:57:32.550409	135084	12956	640155	108676995484873895
8758	2022-08-15 06:53:00	2022-10-24 06:22:24.341433	222	12956	639595	108824746518769051
8795	2022-07-24 09:01:00	2022-10-24 06:53:06.906023	2103	12956	640085	108694275119001685
8011	2022-08-19 10:30:00	2022-10-21 03:57:59.368214	103	11304	574609	108849728891642975
551	2022-06-21 16:56:00	2022-09-19 02:40:34.210534	1018	1112	46071	108517446563893834
8969	2022-06-12 01:35:00	2022-10-26 00:10:32.946268	1593	13156	661315	108460601847540000
1381	2022-09-24 17:30:00	2022-09-27 04:07:40.833165	1018	185	106028	109055386578559842
8970	2022-06-11 18:38:00	2022-10-26 00:15:42.058216	462	13156	661361	108403784240387554
8967	2022-06-12 20:54:00	2022-10-26 00:07:44.746692	13156	13156	661285	108462842436653472
8972	2022-10-08 00:00:00	2022-10-26 07:16:36.101553	140	13173	665548	109130675820428440
8973	2022-10-08 00:00:00	2022-10-26 07:16:46.003783	1343	13173	665550	109129931251295511
8036	2022-08-06 11:42:00	2022-10-21 04:18:36.049869	3388	11304	575494	108776646864544512
8037	2022-08-06 11:37:00	2022-10-21 04:18:50.15628	5008	11304	575503	108776652457409169
8038	2022-08-06 05:26:00	2022-10-21 04:19:06.07286	53744	11304	575511	108775174470839540
8975	2022-09-21 00:00:00	2022-10-26 07:24:25.809046	5897	13173	665617	109035299443028724
8044	2022-08-03 13:42:00	2022-10-21 04:23:42.13691	271	11304	575683	108760046563879457
8046	2022-08-03 10:35:00	2022-10-21 04:25:21.768396	98128	11304	575756	108759385939967338
8977	2022-09-20 00:00:00	2022-10-26 07:25:22.305332	3900	13173	665625	109030922379855056
8050	2022-08-01 00:00:00	2022-10-21 04:28:45.457235	5542	11304	575882	108745732064116334
8051	2022-07-31 10:03:00	2022-10-21 04:30:11.740105	32535	11304	575935	108742319956768187
8052	2022-07-31 08:57:00	2022-10-21 04:30:26.496368	34306	11304	575952	108742041177114380
8978	2022-09-05 00:00:00	2022-10-26 07:30:04.053146	413722	13173	665667	108943337607902053
8055	2022-07-29 17:56:00	2022-10-21 04:32:08.47385	16113	11304	576029	108125563277887186
8056	2022-07-29 17:53:00	2022-10-21 04:32:12.583902	16113	11304	576033	108249816010448437
8979	2022-08-31 00:00:00	2022-10-26 07:31:57.637579	1998	13173	665688	108920661743930329
8060	2022-07-28 22:32:00	2022-10-21 04:33:15.121122	63686	11304	576073	108728283146221419
8062	2022-07-28 22:19:00	2022-10-21 04:33:46.728342	63686	11304	576091	108728191559175038
8064	2022-07-25 11:33:00	2022-10-21 04:38:04.18519	5661	11304	576241	108703303756923844
8981	2022-08-23 00:00:00	2022-10-26 07:35:24.618957	9674	13173	665721	108872521826913920
8982	2022-08-23 00:00:00	2022-10-26 07:35:38.937679	1000	13173	665723	108870247098010637
8983	2022-08-22 00:00:00	2022-10-26 07:36:33.63085	11236	13173	665733	108869481482839552
8984	2022-08-20 00:00:00	2022-10-26 07:39:13.603283	143202	13173	665757	108853255230997381
8986	2022-08-17 00:00:00	2022-10-26 07:41:00.101193	71217	13173	665774	108841454521127217
8987	2022-08-17 00:00:00	2022-10-26 07:41:26.073125	124656	13173	665779	108841445067318071
8988	2022-08-17 00:00:00	2022-10-26 07:41:43.84504	1844	13173	665781	108840540580332114
8989	2022-08-15 00:00:00	2022-10-26 07:42:47.585032	1348	13173	665789	108829703641816209
8990	2022-08-12 00:00:00	2022-10-26 07:43:43.029543	2405	13173	665799	108812057269225281
8991	2022-08-12 00:00:00	2022-10-26 07:44:15.406475	19445	13173	665803	108806649201061623
8992	2022-08-12 00:00:00	2022-10-26 07:44:27.961124	1343	13173	665805	108807193041379996
7967	2022-09-17 04:08:00	2022-10-21 03:35:15.872251	166	11304	573225	109010299221439559
9448	2022-08-09 00:00:00	2022-10-28 23:48:41.605659	13807	13807	687354	108796161425449217
9458	2022-06-29 00:00:00	2022-10-29 00:31:37.745616	19191	13807	687691	108564150488644666
10047	2022-10-17 00:00:00	2022-11-04 04:18:05.247376	974	8017	718679	109184426145121792
3469	2022-09-26 15:04:00	2022-10-13 01:21:09.46568	1018	8197	365829	109065758303685600
1790	2022-08-08 12:14:00	2022-09-27 10:25:39.174984	1018	2173	113364	108788112604123110
809	2022-08-24 15:29:00	2022-09-23 07:43:04.620958	1018	788	76417	108878387343474198
5807	2022-07-23 11:07:00	2022-10-16 18:16:32.293575	1018	4273	479807	108697132402492678
135	2022-07-18 11:38:00	2022-09-16 02:20:03.882846	1018	155	5711	108668881293814729
3463	2022-06-13 11:58:00	2022-10-13 00:25:35.418066	1018	8194	365559	108470878641715205
9450	2022-07-29 00:00:00	2022-10-29 00:00:04.38364	163	13807	687445	108720413538606369
9451	2022-07-26 00:00:00	2022-10-29 00:01:45.769476	2402	13807	687458	108714068339872419
9454	2022-07-22 00:00:00	2022-10-29 00:06:04.833683	2228	13807	687494	108693603566797346
3482	2022-09-21 21:30:00	2022-10-13 02:10:57.918282	28	8212	367314	109039190219522091
3989	2022-07-12 10:33:00	2022-10-14 13:51:50.267585	28	8771	418548	108634834201806683
1567	2022-08-17 21:51:00	2022-09-27 08:37:06.033954	1997	2155	111551	108840670016394802
1185	2022-09-14 21:01:00	2022-09-26 19:57:59.781303	1997	805	99048	108994466231687381
1655	2022-07-26 01:10:00	2022-09-27 08:41:02.545234	1997	2155	111792	108710815858988005
6518	2022-08-15 02:46:00	2022-10-18 19:14:55.674179	1997	10804	523798	108825539034331186
8274	2022-07-03 17:20:00	2022-10-22 16:29:45.993257	1997	12844	610907	108584947589978617
9383	2022-09-28 00:00:00	2022-10-28 20:34:28.424328	1997	13803	685851	109079451356272851
10604	2022-07-25 00:00:00	2022-12-10 11:44:22.692839	70011	538	909415	108710206201608864
10605	2022-06-19 00:00:00	2022-12-10 12:51:43.067141	4279	58	910052	108504194899478650
6604	2022-07-17 12:45:00	2022-10-18 19:28:03.354128	536	10804	523915	108663639881731422
912	2022-07-05 13:14:00	2022-09-23 07:52:26.739126	302	788	76820	108595829244143735
6076	2022-06-29 21:23:00	2022-10-16 19:29:37.762602	302	4273	480914	108562318509566886
9022	2022-07-08 00:00:00	2022-10-26 08:10:29.096558	114	13173	666115	108615331723404180
1498	2022-09-09 17:53:00	2022-09-27 08:32:38.542657	974	2155	111350	108970458585323192
1868	2022-09-22 21:51:00	2022-09-28 05:54:24.833225	974	2924	127621	109044975458918111
6616	2022-07-16 01:15:00	2022-10-18 19:29:50.092412	974	10804	523933	108654710913075352
1587	2022-08-14 14:44:00	2022-09-27 08:37:54.412234	974	2155	111605	108822518716654243
1626	2022-08-04 14:38:00	2022-09-27 08:39:33.928738	974	2155	111705	108765980374501596
1639	2022-07-29 23:11:00	2022-09-27 08:40:24.470339	974	2155	111758	108733966427479107
1641	2022-07-29 10:36:00	2022-09-27 08:40:28.308137	974	2155	111763	108731020775508905
1643	2022-07-27 22:28:00	2022-09-27 08:40:32.357908	974	2155	111768	108722518524106510
1652	2022-07-26 08:46:00	2022-09-27 08:40:53.993499	974	2155	111787	108713668554161160
1657	2022-07-24 13:26:00	2022-09-27 08:41:40.473919	974	2155	111798	108703456863703435
1690	2022-07-15 21:08:00	2022-09-27 08:42:50.913525	974	2155	111867	108654290872942295
1685	2022-07-16 23:49:00	2022-09-27 08:42:42.394331	974	2155	111857	108660404904939867
1732	2022-07-08 18:59:00	2022-09-27 08:44:45.325246	974	2155	111952	108614182432068714
1733	2022-07-08 13:44:00	2022-09-27 08:44:49.801343	974	2155	111956	108612689720052292
1729	2022-07-08 23:38:00	2022-09-27 08:44:42.369842	974	2155	111949	108615177546554082
1749	2022-07-02 21:14:00	2022-09-27 08:46:34.940687	974	2155	112003	108580683144952582
1759	2022-06-26 02:12:00	2022-09-27 08:47:28.696466	974	2155	112064	108541496117727086
3374	2022-07-08 19:11:00	2022-10-11 03:52:17.584246	155	735	352531	108613288583734080
5407	2022-10-05 21:54:00	2022-10-16 15:55:49.068705	2058	9630	476523	109117318197781151
1780	2022-06-13 22:32:00	2022-09-27 08:49:08.996875	974	2155	112137	108473429314108306
9455	2022-07-17 00:00:00	2022-10-29 00:11:30.667955	9216	13807	687539	108663418908742954
9456	2022-07-09 00:00:00	2022-10-29 00:16:02.953898	238349	13807	687570	108618351801375776
9457	2022-07-01 00:00:00	2022-10-29 00:27:55.561931	825	13807	687666	108572875702023504
7309	2022-07-20 12:45:00	2022-10-19 14:33:26.463661	27	10825	537265	108677202766684032
9460	2022-06-24 00:00:00	2022-10-29 00:40:17.159096	74298	13807	687750	108528011214374288
9461	2022-06-24 00:00:00	2022-10-29 00:42:59.910032	12500	13807	687781	108533273050546785
9462	2022-06-22 00:00:00	2022-10-29 00:44:03.681768	825	13807	687790	108521954193295768
9463	2022-06-19 00:00:00	2022-10-29 00:45:44.093733	64012	13807	687807	108504909327172706
9428	2022-09-11 00:00:00	2022-10-28 23:02:00.278007	13807	13807	686979	108980667367657517
9452	2022-07-24 00:00:00	2022-10-29 00:02:18.707403	13807	13807	687462	108694342581435257
9464	2022-09-02 00:00:00	2022-10-29 02:09:37.575902	17314	13825	688697	108930093307545438
9080	2022-06-30 20:21:00	2022-10-26 20:52:35.499003	13810	12967	674026	108569104449745636
9467	2022-10-22 00:00:00	2022-10-29 23:03:49.842123	2519	12630	691463	109213995226994146
9468	2022-10-16 00:00:00	2022-10-29 23:08:01.093399	5687	12630	691474	109181197248159437
9469	2022-10-16 00:00:00	2022-10-29 23:08:17.505623	2210	12630	691475	109180917396866812
9470	2022-10-14 00:00:00	2022-10-29 23:08:48.585539	398506	12630	691477	109169186317288393
9471	2022-10-09 00:00:00	2022-10-29 23:15:24.777814	42954	12630	691497	109136309211111468
9472	2022-10-09 00:00:00	2022-10-29 23:15:59.193472	3281	12630	691499	108959985725182266
9473	2022-09-29 00:00:00	2022-10-29 23:28:21.679414	398506	12630	691535	109082658058954457
9474	2022-09-26 00:00:00	2022-10-29 23:30:34.874343	62249	12630	691542	109064692290060568
9475	2022-09-23 00:00:00	2022-10-29 23:33:24.910948	17406	12630	691551	109050774652975306
9476	2022-09-23 00:00:00	2022-10-29 23:33:41.185108	30872	12630	691552	108406117660790550
9477	2022-09-22 00:00:00	2022-10-29 23:34:08.933387	576	12630	691554	109044620528484046
9478	2022-09-22 00:00:00	2022-10-29 23:34:39.707594	2375	12630	691556	109045433517871287
9497	2022-07-24 00:00:00	2022-10-30 00:29:48.105276	34	12630	691762	108699321456306347
9481	2022-09-06 00:00:00	2022-10-29 23:46:05.442536	1312	12630	691601	108954186915934670
9482	2022-09-03 00:00:00	2022-10-29 23:49:41.649847	2948	12630	691616	108937557342266461
9483	2022-08-22 00:00:00	2022-10-29 23:58:30.64554	2263	12630	691654	108523245335023508
9484	2022-08-22 00:00:00	2022-10-29 23:58:47.309426	166935	12630	691655	108870120650302182
9488	2022-08-09 00:00:00	2022-10-30 00:17:02.401638	11649	12630	691713	108795828434123893
9489	2022-08-07 00:00:00	2022-10-30 00:20:42.858556	4300	12630	691727	108782235539368366
9490	2022-08-06 00:00:00	2022-10-30 00:21:46.573333	11690	12630	691730	108772799104671953
9491	2022-08-05 00:00:00	2022-10-30 00:22:13.365018	2191	12630	691732	108759126075482324
9465	2022-06-19 00:00:00	2022-10-29 02:12:22.938083	21233	13825	688720	108492989886705870
9494	2022-08-03 00:00:00	2022-10-30 00:24:31.169392	12503	12630	691741	108756708934684637
9495	2022-07-26 00:00:00	2022-10-30 00:27:45.309164	178234	12630	691754	108607383189497193
9496	2022-07-26 00:00:00	2022-10-30 00:28:02.934231	12503	12630	691755	108717004630522759
9498	2022-07-24 00:00:00	2022-10-30 00:30:41.805078	2311	12630	691765	108698304876148211
9499	2022-07-24 00:00:00	2022-10-30 00:31:08.290222	2948	12630	691766	108697981539867421
9500	2022-07-24 00:00:00	2022-10-30 00:31:31.401324	10788	12630	691767	108688399361398514
9501	2022-07-23 00:00:00	2022-10-30 00:31:58.206145	11170	12630	691769	108700079519404529
9502	2022-07-23 00:00:00	2022-10-30 00:32:24.233544	13467	12630	691771	108700281063287398
9503	2022-07-22 00:00:00	2022-10-30 00:33:39.609209	2319	12630	691776	108693987040365828
9504	2022-07-22 00:00:00	2022-10-30 00:34:04.55793	4542	12630	691777	108692739816694897
9505	2022-07-22 00:00:00	2022-10-30 00:34:21.097036	2120	12630	691778	108688589185403438
9506	2022-07-19 00:00:00	2022-10-30 00:39:04.664926	181741	12630	691797	108664731590869516
9507	2022-07-17 00:00:00	2022-10-30 00:41:21.653065	342357	12630	691805	108499589781375069
9508	2022-07-17 00:00:00	2022-10-30 00:41:41.733326	31374	12630	691806	108666019251078456
9509	2022-07-17 00:00:00	2022-10-30 00:42:04.085475	3945	12630	691807	108665440665815706
9510	2022-07-17 00:00:00	2022-10-30 00:42:24.930142	23776	12630	691808	108647425347778774
9512	2022-07-17 00:00:00	2022-10-30 00:43:11.559085	7461	12630	691811	108663197331381099
9513	2022-07-16 00:00:00	2022-10-30 00:43:31.133122	35679	12630	691812	108660313312893638
9514	2022-07-16 00:00:00	2022-10-30 00:43:48.200658	57828	12630	691813	108660305529428223
9515	2022-07-16 00:00:00	2022-10-30 00:44:07.146719	16571	12630	691814	108660207934855273
9516	2022-07-16 00:00:00	2022-10-30 00:44:23.366994	14470	12630	691815	108655055217627077
9517	2022-07-15 00:00:00	2022-10-30 00:45:02.385046	8945	12630	691818	108654708604224349
9519	2022-07-09 00:00:00	2022-10-30 00:52:33.778369	57342	12630	691849	108620764146036475
9520	2022-07-09 00:00:00	2022-10-30 00:53:18.739253	18863	12630	691851	108620765052378926
9521	2022-07-09 00:00:00	2022-10-30 00:53:28.87307	1344	12630	691852	108620673645097085
9522	2022-07-09 00:00:00	2022-10-30 00:53:42.057004	2232	12630	691853	108614442856542533
9523	2022-10-14 00:00:00	2022-10-30 00:55:41.2997	251498	13836	691864	109169519710011041
9524	2022-10-14 00:00:00	2022-10-30 00:56:09.21441	679	13836	691867	108768324909390360
9525	2022-07-07 00:00:00	2022-10-30 00:56:25.501162	323	12630	691870	108609323494369864
9526	2022-07-02 00:00:00	2022-10-30 00:59:33.129644	2319	12630	691892	108574171277941773
9527	2022-06-30 00:00:00	2022-10-30 00:59:56.741413	52859	12630	691895	108569802593003533
9528	2022-06-30 00:00:00	2022-10-30 01:00:17.189269	12967	12630	691897	108569349052743211
9529	2022-06-30 00:00:00	2022-10-30 01:00:50.536176	4817	12630	691901	108568751534646093
9530	2022-06-30 00:00:00	2022-10-30 01:01:17.706331	231912	12630	691905	108569659441959161
9492	2022-08-05 00:00:00	2022-10-30 00:22:41.949246	628	12630	691734	108770708903340163
9533	2022-06-28 00:00:00	2022-10-30 01:03:48.345261	323	12630	691924	108558298952511742
9487	2022-08-14 00:00:00	2022-10-30 00:07:01.98928	166	12630	691685	108820330154659146
9466	2022-10-22 00:00:00	2022-10-29 23:02:47.293531	908	12630	691460	109212255685990412
9531	2022-06-30 00:00:00	2022-10-30 01:01:31.841266	105	12630	691907	108561481599633376
9485	2022-08-17 00:00:00	2022-10-30 00:00:26.993626	222	12630	691660	108841331231579442
9459	2022-06-24 00:00:00	2022-10-29 00:39:19.337438	265	13807	687738	108533185397509749
9511	2022-07-17 00:00:00	2022-10-30 00:42:38.673239	805	12630	691809	108662727445478644
9453	2022-07-23 00:00:00	2022-10-29 00:04:08.249522	20846	13807	687478	108696878642960503
7439	2022-07-03 14:02:00	2022-10-19 15:01:42.373954	27	10825	539003	108579969809199239
9547	2022-06-18 00:00:00	2022-10-30 01:18:49.565519	2110	12630	692022	108495309654824894
9548	2022-06-18 00:00:00	2022-10-30 01:19:14.717359	13352	12630	692027	108498722539609259
9549	2022-06-18 00:00:00	2022-10-30 01:19:22.668986	38102	12630	692028	108498528869175852
9550	2022-06-17 00:00:00	2022-10-30 01:19:53.006657	11000	12630	692032	108493503783564835
2579	2022-08-15 08:08:00	2022-10-07 06:56:36.34866	974	1432	270706	108824652738063096
3339	2022-09-03 18:55:00	2022-10-11 03:47:45.684578	974	5315	352285	108936911562469688
3346	2022-08-31 18:52:00	2022-10-11 03:48:05.61381	974	5315	352302	108919922553111360
3348	2022-08-31 18:43:00	2022-10-11 03:48:08.58331	974	5315	352307	108919887924348349
3382	2022-07-27 08:34:00	2022-10-11 03:53:15.796201	974	5315	352581	108719318571257892
3388	2022-07-23 09:31:00	2022-10-11 03:53:40.438801	974	5315	352604	108696600404594313
3390	2022-07-23 09:22:00	2022-10-11 03:53:43.846675	974	5315	352608	108696679750693244
3410	2022-06-19 10:36:00	2022-10-11 03:57:03.145658	974	5315	352768	108504539180079780
5952	2022-07-14 07:05:00	2022-10-16 18:51:25.422492	974	4273	480286	108643033654955980
5475	2022-08-25 11:10:00	2022-10-16 16:15:33.597889	974	4273	477182	108884113056395315
6617	2022-07-16 01:03:00	2022-10-18 19:29:57.979529	974	10804	523934	108654507676458687
6744	2022-08-04 14:05:00	2022-10-18 20:12:00.077212	974	10846	524947	108764716968854435
8397	2022-06-19 09:49:00	2022-10-23 11:52:20.218519	974	12936	625342	108504300651771949
6861	2022-09-06 06:33:00	2022-10-19 10:34:11.754114	974	10925	530902	108949227998846443
1738	2022-07-07 01:22:00	2022-09-27 08:44:57.960097	974	2155	111966	108603795607667883
1739	2022-07-07 01:11:00	2022-09-27 08:44:58.634022	974	2155	111967	108603775786034930
9535	2022-06-27 00:00:00	2022-10-30 01:06:36.849396	2399	12630	691946	108529027047048685
9540	2022-09-22 00:00:00	2022-10-30 01:10:25.653004	675	13836	691965	109042775787513825
6640	2022-07-14 19:56:00	2022-10-18 19:32:05.878518	258	10804	523960	108647126882869760
717	2022-08-25 20:59:00	2022-09-22 05:53:13.515713	200	200	69432	108886221344272932
9532	2022-06-28 00:00:00	2022-10-30 01:03:27.761249	200	12630	691921	108558317008676381
749	2022-09-01 22:46:00	2022-09-23 04:38:26.481269	2103	367	75765	108926381225493693
4068	2022-08-26 15:43:00	2022-10-15 02:41:58.488548	2103	9367	432549	108890168206977490
4688	2022-07-25 09:09:00	2022-10-15 05:51:37.845366	2103	9365	439825	108703342689056551
5974	2022-07-11 15:49:00	2022-10-16 18:58:44.953334	2103	4273	480403	108630148437787245
5537	2022-08-26 12:44:00	2022-10-16 16:31:16.163025	2103	9630	477642	108890168206977490
3626	2022-09-02 09:54:00	2022-10-13 13:03:20.369572	1018	8374	378200	108929136035908055
2925	2022-08-29 14:23:00	2022-10-09 03:39:06.624471	1018	7630	328425	108907480630192626
2979	2022-08-15 17:47:00	2022-10-09 03:50:58.103403	1018	7630	329377	108828891841759251
165	2022-09-06 17:00:00	2022-09-17 03:06:16.128174	1018	416	14651	108952146361146263
3317	2022-09-13 12:35:00	2022-10-11 03:46:21.55888	1018	5315	352201	108992046798548692
3332	2022-09-06 18:15:00	2022-10-11 03:47:17.72974	1018	5315	352250	108953633361007450
3468	2022-09-29 17:29:00	2022-10-13 01:21:07.294917	1018	8197	365827	109083245674754442
6902	2022-09-13 18:06:00	2022-10-19 11:15:40.241869	1018	10825	531967	108992046798548692
9283	2022-10-09 00:00:00	2022-10-27 22:38:30.087364	1018	13351	682536	109138594211853097
8622	2022-10-02 14:19:00	2022-10-24 00:14:37.101042	1018	12933	633977	109098251244538225
9143	2022-07-13 00:00:00	2022-10-27 06:59:29.937904	1018	12056	677530	108640076757130562
7793	2022-10-06 11:37:00	2022-10-20 22:18:04.552427	1018	11185	565183	109121542030489667
5676	2022-08-03 20:43:00	2022-10-16 17:26:22.049073	208	4273	478618	108761635104270136
6723	2022-08-26 20:15:00	2022-10-18 20:01:17.593366	208	10846	524597	108891919810713955
1149	2022-09-25 22:15:00	2022-09-26 19:50:00.624716	208	805	98032	108965802138266359
3701	2022-07-31 22:19:00	2022-10-13 13:23:40.399892	208	8374	380323	108742588883436637
8252	2022-07-27 23:05:00	2022-10-22 16:17:57.987246	208	12844	610364	108722744342426492
8384	2022-07-01 17:38:00	2022-10-23 11:22:29.29769	208	12936	624619	108563772480182404
4306	2022-09-15 14:23:00	2022-10-15 05:09:53.238137	339	9365	437269	109003630671153835
10256	2022-10-20 00:00:00	2022-11-05 22:13:05.354583	339	18552	729834	109197929639781188
153	2022-07-01 14:49:00	2022-09-17 02:32:36.336305	1994	91	14080	108569551025268838
158	2022-09-12 20:02:00	2022-09-17 03:04:42.226023	1994	416	14570	108987886315543743
161	2022-09-08 19:14:00	2022-09-17 03:05:44.797541	1994	416	14625	108965144608848449
175	2022-08-30 20:12:00	2022-09-17 03:08:55.996551	1994	416	14775	108913745075208105
1084	2022-09-12 22:55:00	2022-09-26 02:23:50.1316	1994	114	92469	108987886315543743
2776	2022-07-06 18:04:00	2022-10-08 17:17:26.625199	1994	1772	311189	108602644023144008
3202	2022-06-16 23:18:00	2022-10-09 09:15:22.819814	1994	7785	337756	108489155902360405
3310	2022-09-14 20:03:00	2022-10-11 03:45:35.00704	1994	5315	352177	108999482682419134
6656	2022-07-06 02:29:00	2022-10-18 19:35:16.018519	197	10804	523984	108596422426988411
200	2022-07-06 13:17:00	2022-09-17 04:57:48.749062	549	131	16343	108600712261418952
948	2022-07-06 19:39:00	2022-09-23 14:03:06.776157	549	222	79966	108602923616875449
10573	2022-11-03 00:00:00	2022-11-20 01:27:14.005178	549	19961	794727	109280248216663510
810	2022-08-23 15:28:00	2022-09-23 07:43:07.11307	163	788	76420	108873798124727038
10606	2022-07-31 00:00:00	2022-12-11 15:58:23.287304	27	12876	931940	108742189401812078
4038	2022-07-19 20:42:00	2022-10-15 00:41:42.836724	816	9379	431472	108676881524182554
1492	2022-09-11 00:00:00	2022-09-27 08:32:24.806479	816	2155	111336	108977691825490685
10607	2022-06-17 00:00:00	2022-12-11 16:54:26.822797	358	12876	932793	108493362591928181
183	2022-08-17 13:27:00	2022-09-17 03:49:23.082906	256	300	14955	108837881894493687
724	2022-09-21 14:05:00	2022-09-23 04:34:57.470274	256	367	75137	108994000880004823
4787	2022-07-11 06:35:00	2022-10-15 06:04:29.910276	823	9365	440564	108627730115997620
3362	2022-07-29 16:19:00	2022-10-11 03:50:36.430821	1212	735	352433	108732071729449740
10608	2022-12-06 00:00:00	2022-12-13 11:22:45.785008	731	21800	954671	109467492993439360
10609	2022-09-09 00:00:00	2022-12-14 22:49:36.276962	19374	19374	968549	108969329687410910
9536	2022-06-26 00:00:00	2022-10-30 01:07:43.24926	3354	12630	691951	108382576602786931
9537	2022-06-26 00:00:00	2022-10-30 01:08:00.968979	178492	12630	691953	108546143862141027
9538	2022-06-26 00:00:00	2022-10-30 01:08:22.018011	12503	12630	691956	108547270634206288
9539	2022-06-26 00:00:00	2022-10-30 01:09:03.191353	2441	12630	691960	108547238645005074
4037	2022-07-25 22:34:00	2022-10-15 00:41:33.748599	27	9379	431464	108709669681083624
5430	2022-08-29 19:27:00	2022-10-16 16:00:56.181056	27	4273	476743	108908720075435732
9227	2022-10-14 00:00:00	2022-10-27 21:26:00.767569	27	13351	682031	109166766198263014
9228	2022-10-14 00:00:00	2022-10-27 21:26:31.699942	27	13351	682037	109166494759216472
9042	2022-06-15 00:00:00	2022-10-26 08:32:50.133078	27	13173	666396	108481803157892070
6873	2022-09-20 13:44:00	2022-10-19 10:49:30.153583	27	10825	531317	109027157133888452
6874	2022-09-20 12:55:00	2022-10-19 10:50:23.466784	27	10825	531335	109027174635258276
6885	2022-09-17 14:55:00	2022-10-19 11:04:16.249684	27	10825	531657	109014296943822615
6920	2022-09-12 13:40:00	2022-10-19 11:19:35.193638	27	10825	532102	108948071458149558
8841	2022-06-10 09:07:00	2022-10-24 07:42:23.121035	27	12933	640833	108453011225436250
6977	2022-07-22 12:16:00	2022-10-19 11:57:25.610644	27	10925	533230	108689194787620302
9268	2022-10-10 00:00:00	2022-10-27 22:14:49.762601	27	13351	682397	109144989390237817
9289	2022-10-08 00:00:00	2022-10-27 22:47:22.115361	27	13351	682591	109133355325858082
7108	2022-06-09 21:48:00	2022-10-19 13:24:14.822361	27	10925	534713	108447741996543436
7118	2022-08-16 12:32:00	2022-10-19 13:31:23.753503	27	10825	534882	108821126050255412
7119	2022-08-16 12:30:00	2022-10-19 13:31:26.599876	27	10825	534884	108822523381013124
6420	2022-10-13 20:59:00	2022-10-18 18:54:39.394027	27	10804	523664	109162944419953126
6505	2022-08-21 12:07:00	2022-10-18 19:13:08.309988	27	10804	523783	108860797625226845
7425	2022-07-04 17:48:00	2022-10-19 14:59:28.995658	27	10825	538848	108397641376875033
8526	2022-09-26 14:06:00	2022-10-23 17:59:42.81786	27	12888	629866	109065190772412675
7711	2022-08-31 19:27:00	2022-10-20 15:33:21.510012	27	11178	560951	108919551852852903
7751	2022-07-06 19:26:00	2022-10-20 15:44:35.933725	27	11178	561192	108602031509359408
7764	2022-06-28 22:01:00	2022-10-20 15:48:09.538717	27	11178	561253	108558171792858831
9218	2022-10-17 00:00:00	2022-10-27 21:19:20.417971	27	13351	681967	109181362098769081
7800	2022-09-07 10:41:00	2022-10-20 22:31:28.004944	27	11185	565544	108952357401844059
9217	2022-10-17 00:00:00	2022-10-27 21:17:56.737357	27	13351	681950	109184387016819050
8311	2022-10-17 10:51:00	2022-10-23 09:38:49.011004	27	12936	622361	109181342763734088
9280	2022-10-09 00:00:00	2022-10-27 22:27:09.701988	27	13351	682478	109141516203740062
9315	2022-10-06 00:00:00	2022-10-27 23:20:18.781994	27	13351	682788	109122377141144115
9284	2022-08-18 00:00:00	2022-10-27 22:38:36.974281	27	2780	682537	108844755382041412
9001	2022-08-04 00:00:00	2022-10-26 07:50:45.696969	27	13173	665876	108768148223575735
9541	2022-06-26 00:00:00	2022-10-30 01:10:27.415036	2621	12630	691966	108535294014473242
9542	2022-06-26 00:00:00	2022-10-30 01:11:04.957634	7321	12630	691970	108538798911924022
9544	2022-06-23 00:00:00	2022-10-30 01:12:42.137444	4299	12630	691983	108528612376804466
8667	2022-09-24 19:54:00	2022-10-24 05:23:18.980786	27	12956	638429	109055679174351069
8682	2022-09-19 06:12:00	2022-10-24 05:29:34.26754	27	12956	638547	109022566838019216
7880	2022-06-15 09:58:00	2022-10-20 23:14:41.339054	27	11185	567261	108481803157892070
10179	2022-08-27 00:00:00	2022-11-04 06:07:43.617936	27	16733	719721	108897286622067100
10235	2022-09-05 00:00:00	2022-11-05 07:46:22.201221	27	17778	723117	108947258427791319
10246	2022-10-26 00:00:00	2022-11-05 22:04:01.994862	27	18552	729771	109232650889121088
10253	2022-10-22 00:00:00	2022-11-05 22:10:18.164368	27	18552	729815	109208239238261726
10257	2022-10-20 00:00:00	2022-11-05 22:13:57.618097	27	18552	729840	109200474396415790
6382	2022-10-17 03:10:00	2022-10-18 18:43:23.033981	80	10804	523612	109182214509234161
1747	2022-07-03 19:50:00	2022-09-27 08:46:23.476857	80	2155	111988	108586040610231462
1756	2022-06-29 19:58:00	2022-09-27 08:46:58.814805	80	2155	112031	108563454314459250
9401	2022-07-10 00:00:00	2022-10-28 21:01:15.223398	781	13803	686049	108584591854517882
521	2022-06-09 19:28:00	2022-09-18 22:55:28.182836	781	366	43608	108450046573001831
1821	2022-08-28 11:52:00	2022-09-27 19:05:02.713345	781	908	118931	108901239796918921
1820	2022-08-28 12:15:00	2022-09-27 19:04:59.657842	781	908	118929	108898256646882960
7554	2022-06-11 16:41:00	2022-10-19 15:23:17.042112	2053	10825	540337	108438557056327663
9543	2022-06-23 00:00:00	2022-10-30 01:12:28.413419	628	12630	691981	108529448892234981
5909	2022-07-17 20:52:00	2022-10-16 18:37:54.793419	102	4273	480076	108664318701814972
6950	2022-08-05 07:01:00	2022-10-19 11:31:23.018915	102	10925	532553	108767404952821584
8515	2022-09-28 10:43:00	2022-10-23 17:15:14.349665	697	12888	629476	109072727900496079
8506	2022-09-30 10:46:00	2022-10-23 16:33:28.457324	198	12888	629122	109084559493177678
8519	2022-09-27 23:57:00	2022-10-23 17:18:05.550451	198	12888	629497	109073747841023659
8594	2022-09-16 10:12:00	2022-10-23 20:04:17.2003	198	12888	631035	109005832795781108
4913	2022-08-12 07:22:00	2022-10-15 07:34:10.989143	198	9264	444824	108807677721684965
7218	2022-08-04 03:21:00	2022-10-19 14:08:33.317367	731	10825	536249	108759478353046775
6603	2022-07-17 12:47:00	2022-10-18 19:27:53.718694	1345	10804	523914	108657306710228122
7323	2022-07-16 21:56:00	2022-10-19 14:38:54.35257	1345	10825	537523	108657306710228122
223	2022-06-18 05:12:00	2022-09-17 08:18:30.104796	144	411	20078	108494332323591953
170	2022-09-03 16:49:00	2022-09-17 03:07:30.822173	144	416	14704	108935698285160551
160	2022-09-12 12:53:00	2022-09-17 03:04:50.778932	144	416	14579	108986399195406719
1428	2022-09-01 16:14:00	2022-09-27 04:15:56.294584	185	185	106795	108919820399666418
1432	2022-08-29 22:39:00	2022-09-27 04:16:57.656032	185	185	106917	107888525252559327
1447	2022-08-10 20:11:00	2022-09-27 04:24:25.24209	185	185	107293	107888525252559327
1449	2022-08-07 12:26:00	2022-09-27 04:25:30.504707	185	185	107363	107888525252559327
779	2022-08-24 21:49:00	2022-09-23 04:42:23.1008	185	367	76108	108880821019100359
8694	2022-09-14 22:54:00	2022-10-24 05:36:04.698493	27	12956	638677	109000157653810326
10233	2022-06-16 00:00:00	2022-11-04 19:51:16.03448	27	17786	722791	108487673512460517
10578	2022-08-15 00:00:00	2022-11-28 22:43:10.830136	27	20477	835124	108828041518355960
536	2022-06-24 13:01:00	2022-09-19 02:38:02.236178	1118	1112	45918	108533511067031032
987	2022-07-18 14:02:00	2022-09-26 00:07:05.489777	1118	1549	85880	108669587207251662
1051	2022-06-15 23:29:00	2022-09-26 00:13:55.897881	1118	1549	86285	108484808290794641
2927	2022-08-29 14:08:00	2022-10-09 03:39:10.944038	1118	7630	328432	108907445544112577
2939	2022-08-26 05:50:00	2022-10-09 03:41:10.547908	1118	7630	328595	108886530270967475
2940	2022-08-25 10:23:00	2022-10-09 03:41:16.440592	1118	7630	328604	108883817481916869
3040	2022-08-08 23:24:00	2022-10-09 04:02:08.798957	1118	7630	330229	108790712213597252
3043	2022-08-08 22:48:00	2022-10-09 04:02:20.515739	1118	7630	330245	108790602538445384
4212	2022-10-03 11:56:00	2022-10-15 04:59:09.598913	1118	9365	436537	109100663247066349
6957	2022-08-02 07:20:00	2022-10-19 11:36:24.108233	1118	10925	532722	108751319586627792
9546	2022-06-21 00:00:00	2022-10-30 01:16:16.241139	64378	12630	692001	108479562272562219
9551	2022-06-17 00:00:00	2022-10-30 01:20:20.658322	4542	12630	692035	108496169973778949
9552	2022-09-10 00:00:00	2022-10-30 01:22:38.336988	2148	13836	692053	108975694665991088
9596	2022-06-15 00:00:00	2022-10-30 22:46:02.964721	27	13853	697477	108481803157892070
9557	2022-08-31 00:00:00	2022-10-30 01:29:12.962911	6648	13836	692094	108915543889652519
9558	2022-08-10 00:00:00	2022-10-30 01:35:34.521234	8467	13836	692138	108799394162124291
9561	2022-08-06 00:00:00	2022-10-30 01:38:29.353126	2697	13836	692160	108775719876983091
9562	2022-06-10 00:00:00	2022-10-30 02:34:00.927314	2190	13836	692628	108456340370826010
9518	2022-07-09 00:00:00	2022-10-30 00:52:22.809272	12630	12630	691848	108552415805894607
9563	2022-09-08 00:00:00	2022-10-30 06:02:22.453891	1928	13841	693325	108964508641684525
9564	2022-09-03 00:00:00	2022-10-30 06:19:24.618397	2195	13841	693381	108931472153786957
9565	2022-09-02 00:00:00	2022-10-30 06:27:18.566024	2384	13841	693402	108926405485948759
9566	2022-09-02 00:00:00	2022-10-30 06:27:41.661722	348280	13841	693403	108925160900591186
9567	2022-08-23 00:00:00	2022-10-30 06:56:26.616994	332880	13841	693564	108872321735177230
9569	2022-08-15 00:00:00	2022-10-30 07:23:00.093891	9400	13841	693819	108345756752907272
9570	2022-08-14 00:00:00	2022-10-30 07:32:21.181006	13985	13841	693900	108818943767461519
9571	2022-08-08 00:00:00	2022-10-30 08:08:09.188939	14027	13841	694129	108790829868409974
9572	2022-08-09 00:00:00	2022-10-30 08:15:35.314261	4421	10769	694181	108795467990752931
9573	2022-07-30 00:00:00	2022-10-30 16:33:20.807864	2621	14192	696140	108732954538044822
9576	2022-07-11 00:00:00	2022-10-30 16:35:51.423876	16390	14192	696158	108628993451486456
9578	2022-07-01 00:00:00	2022-10-30 16:37:41.469178	4402	14192	696172	108572481581151931
9579	2022-06-20 00:00:00	2022-10-30 16:39:20.200964	15233	14192	696186	108510233947375439
9580	2022-06-18 00:00:00	2022-10-30 16:39:58.695154	1304	14192	696191	108498909474259537
9581	2022-06-17 00:00:00	2022-10-30 16:40:24.090719	825	14192	696194	108493524696546146
9582	2022-06-17 00:00:00	2022-10-30 16:40:43.513209	17594	14192	696197	108493527846056392
9545	2022-06-21 00:00:00	2022-10-30 01:16:00.509139	1408	12630	692000	108518650922698697
9585	2022-10-23 00:00:00	2022-10-30 17:05:58.098712	10905	14078	696368	109215624567669377
9586	2022-10-20 00:00:00	2022-10-30 17:06:13.04057	2837	14078	696370	109200962422135708
9588	2022-06-19 00:00:00	2022-10-30 17:10:38.237613	2634	14078	696392	108504706563076264
9589	2022-06-12 00:00:00	2022-10-30 17:11:18.510798	64910	14078	696396	108421042788666841
9591	2022-06-19 00:00:00	2022-10-30 19:56:27.408321	69327	14310	696745	108496611615936948
7195	2022-08-05 14:14:00	2022-10-19 14:04:26.409592	152	10825	536056	108771489194239520
9593	2022-06-15 00:00:00	2022-10-30 20:04:20.455232	162157	14310	696776	108481908976256367
9594	2022-06-15 00:00:00	2022-10-30 20:04:44.642958	428284	14310	696778	108482441969398780
9595	2022-06-19 00:00:00	2022-10-30 22:44:09.58186	13853	13853	697467	108504538878075064
9597	2022-10-16 00:00:00	2022-10-31 10:04:28.298958	2806	12828	698362	109179004984482476
9598	2022-06-20 00:00:00	2022-10-31 10:06:19.049935	323	12828	698378	108510512508312224
9599	2022-06-22 00:00:00	2022-10-31 11:40:57.405168	10904	11224	698988	108524558247843424
9600	2022-10-04 00:00:00	2022-10-31 17:15:22.454793	1302	6334	699686	109081729753317797
9601	2022-09-12 00:00:00	2022-10-31 17:56:41.03304	7642	6334	699832	108964892743477525
9602	2022-09-04 00:00:00	2022-10-31 18:16:23.187856	5236	6334	699884	108927916344787993
9604	2022-08-12 00:00:00	2022-10-31 19:13:54.748686	11018	6334	700069	108805702586008302
9605	2022-08-06 00:00:00	2022-10-31 19:24:15.092004	684	6334	700113	108776622731641464
9606	2022-07-25 00:00:00	2022-10-31 19:50:47.991269	370308	6334	700210	108711255638674174
9603	2022-08-13 00:00:00	2022-10-31 19:09:00.574265	6334	6334	700050	108815959270256010
9608	2022-09-30 00:00:00	2022-11-01 06:26:19.165516	2191	14998	701473	109089417659959251
9609	2022-07-19 00:00:00	2022-11-01 06:27:20.739957	14080	14998	701475	108672054090794118
9610	2022-07-18 00:00:00	2022-11-01 06:28:13.897969	2195	14998	701477	108670539335941847
7563	2022-10-13 16:01:00	2022-10-20 01:38:41.454789	1118	11044	543208	109162714881018905
9612	2022-06-21 00:00:00	2022-11-01 08:19:26.709133	22697	14588	701777	108509654901733391
9613	2022-06-14 00:00:00	2022-11-01 08:38:28.567273	2623	14588	701835	108475860789144998
9611	2022-07-08 00:00:00	2022-11-01 07:54:28.065851	14588	14588	701716	108609725738157053
9614	2022-06-27 00:00:00	2022-11-01 16:26:37.929066	1593	2335	703425	108533210128754526
9615	2022-06-10 00:00:00	2022-11-01 17:35:13.452975	5678	2335	703811	108453217081155159
9616	2022-10-29 00:00:00	2022-11-01 21:33:31.187293	56303	15009	705345	109247373986811480
9617	2022-10-28 00:00:00	2022-11-01 21:35:05.628618	5746	15009	705352	109246508861145313
9618	2022-10-28 00:00:00	2022-11-01 21:35:33.948681	222504	15009	705354	109246099055483310
6657	2022-07-06 02:18:00	2022-10-18 19:35:21.775342	482	10804	523985	108003895140615012
9620	2022-10-24 00:00:00	2022-11-01 21:41:35.332722	682	15009	705387	109226219631529090
9621	2022-10-19 00:00:00	2022-11-01 21:47:53.857776	4542	15009	705429	109196913904603695
9622	2022-10-19 00:00:00	2022-11-01 21:48:17.140545	2195	15009	705431	109196872439462061
9623	2022-09-26 00:00:00	2022-11-01 22:11:52.456661	2000	15009	705562	109064423620798511
9624	2022-09-24 00:00:00	2022-11-01 22:15:04.924395	166798	15009	705577	109053710209546834
9625	2022-09-23 00:00:00	2022-11-01 22:16:46.084872	5661	15009	705592	108965243403402496
9626	2022-09-23 00:00:00	2022-11-01 22:17:01.51643	10561	15009	705593	108970400457291688
9627	2022-09-15 00:00:00	2022-11-01 22:27:11.308881	366307	15009	705661	108995679651097460
9560	2022-08-06 00:00:00	2022-10-30 01:38:02.515254	143	13836	692156	108776512305677398
9575	2022-07-11 00:00:00	2022-10-30 16:35:45.35687	125	14192	696157	108629066865540285
9553	2022-09-03 00:00:00	2022-10-30 01:27:26.941253	628	13836	692084	108936218866238747
9554	2022-09-03 00:00:00	2022-10-30 01:27:48.333392	628	13836	692086	108936352558310894
9555	2022-09-03 00:00:00	2022-10-30 01:28:12.452706	628	13836	692088	108937267756809043
9559	2022-08-06 00:00:00	2022-10-30 01:37:46.457117	274	13836	692154	108776478422933963
9587	2022-06-22 00:00:00	2022-10-30 17:10:27.245885	102	14078	696391	108517114220554610
9583	2022-06-13 00:00:00	2022-10-30 16:41:50.277406	222	14192	696208	108461396125536049
1724	2022-07-10 22:52:00	2022-09-27 08:44:32.85196	178	2155	111940	108626403229675858
9568	2022-08-18 00:00:00	2022-10-30 07:09:18.677024	143	13841	693684	108844660373797015
9629	2022-09-05 00:00:00	2022-11-01 22:37:26.51704	948	15009	705742	108941469919044464
9630	2022-09-03 00:00:00	2022-11-01 22:40:32.10073	20442	15009	705762	108889372467871602
9632	2022-08-27 00:00:00	2022-11-01 22:52:35.75515	12503	15009	705852	108892080907538283
9633	2022-08-27 00:00:00	2022-11-01 22:54:21.152719	59011	15009	705865	108895448883745782
9634	2022-08-27 00:00:00	2022-11-01 22:55:38.780022	1343	15009	705876	108895678376648398
9636	2022-08-21 00:00:00	2022-11-01 23:02:38.893039	11018	15009	705923	108856666217835894
9637	2022-08-18 00:00:00	2022-11-01 23:11:44.248525	247296	15009	705990	108846193703800319
9638	2022-07-31 00:00:00	2022-11-01 23:18:22.289578	301836	15009	706043	108742722770461372
9641	2022-07-25 00:00:00	2022-11-01 23:27:49.638887	8404	15009	706107	108602487633596043
9642	2022-07-20 00:00:00	2022-11-01 23:31:58.712623	12332	15009	706138	108678293274512217
9643	2022-07-20 00:00:00	2022-11-01 23:32:45.643138	11285	15009	706143	108646143801607198
9644	2022-07-04 00:00:00	2022-11-01 23:55:45.351909	2204	15009	706308	108584103853078426
9646	2022-07-03 00:00:00	2022-11-01 23:59:22.908989	11285	15009	706340	108585449197857045
9704	2022-07-25 00:00:00	2022-11-02 18:51:30.501468	125	16661	710222	108710433972876138
9649	2022-06-28 00:00:00	2022-11-02 01:58:29.08485	1000	15018	707227	108552878354747033
9650	2022-06-23 00:00:00	2022-11-02 02:02:32.888473	1000	15018	707250	108526710084799400
9651	2022-06-11 00:00:00	2022-11-02 02:15:53.248937	10893	15018	707334	108344385633531024
9619	2022-10-28 00:00:00	2022-11-01 21:36:01.276625	15009	15009	705357	109241407325140931
9631	2022-09-01 00:00:00	2022-11-01 22:44:27.137988	15009	15009	705797	108918686330217915
9640	2022-07-25 00:00:00	2022-11-01 23:26:25.460624	15009	15009	706098	108700785684759393
9647	2022-07-01 00:00:00	2022-11-02 00:02:39.732075	15009	15009	706363	108572456869325302
9652	2022-07-10 00:00:00	2022-11-02 04:46:12.875238	61675	15556	707579	108626495233094314
9653	2022-06-12 00:00:00	2022-11-02 04:56:23.771256	10561	15556	707609	108461873395090721
9654	2022-06-25 00:00:00	2022-11-02 07:23:31.655862	7939	15341	708097	108538883669940120
3702	2022-07-31 22:18:00	2022-10-13 13:23:43.827599	15341	8374	380330	108744872691085989
9655	2022-10-24 00:00:00	2022-11-02 09:31:59.507286	922	16651	708672	109223760351644462
9657	2022-11-01 00:00:00	2022-11-02 13:01:56.29209	72444	16662	709454	109268912387953079
9659	2022-10-26 00:00:00	2022-11-02 13:04:15.152285	2493	16662	709471	109237315384485045
9660	2022-10-17 00:00:00	2022-11-02 13:05:11.876411	271	16662	709480	109184389400086153
9661	2022-10-16 00:00:00	2022-11-02 13:05:28.707608	72444	16662	709483	109178503193512663
9664	2022-10-09 00:00:00	2022-11-02 13:08:15.946232	33655	16662	709509	109139117365427859
9665	2022-10-06 00:00:00	2022-11-02 13:10:22.895298	11580	16662	709530	109124812861456453
9666	2022-10-03 00:00:00	2022-11-02 13:10:50.332682	9180	16662	709535	109099019119952578
9667	2022-09-22 00:00:00	2022-11-02 13:11:54.077385	13878	16662	709546	109042708836508565
9669	2022-09-17 00:00:00	2022-11-02 13:14:17.823806	4008	16662	709571	109011401897724858
9670	2022-09-17 00:00:00	2022-11-02 13:14:32.648878	72444	16662	709574	109014304481544938
9671	2022-09-09 00:00:00	2022-11-02 13:16:16.170429	271	16662	709583	108968915429556018
9672	2022-09-15 00:00:00	2022-11-02 17:02:44.060825	2923	16661	709660	109005571684766826
9674	2022-09-10 00:00:00	2022-11-02 17:05:10.634623	232949	16661	709667	108974297703685399
9675	2022-09-06 00:00:00	2022-11-02 17:05:35.881005	2013	16661	709668	108952970154198648
9676	2022-09-06 00:00:00	2022-11-02 17:09:07.07691	11376	16661	709678	108949421688088519
9677	2022-09-06 00:00:00	2022-11-02 17:11:03.293818	1269	16661	709683	108948491446441812
9679	2022-09-01 00:00:00	2022-11-02 17:20:43.800819	8387	16661	709719	108907428406990199
9680	2022-08-31 00:00:00	2022-11-02 17:23:40.66554	271	16661	709729	108920423360340789
9681	2022-08-24 00:00:00	2022-11-02 17:30:15.602904	15023	16661	709756	108881077067950009
9682	2022-08-24 00:00:00	2022-11-02 17:30:48.74091	7995	16661	709760	108861557635273132
9662	2022-10-11 00:00:00	2022-11-02 13:07:23.510994	697	16662	709501	109149037794660665
9684	2022-08-22 00:00:00	2022-11-02 17:34:21.269131	2198	16661	709782	108866536546418264
9685	2022-08-19 00:00:00	2022-11-02 17:44:21.547071	11018	16661	709837	108853098196945605
9686	2022-08-18 00:00:00	2022-11-02 17:46:12.557601	9408	16661	709847	108847057131647806
9688	2022-08-10 00:00:00	2022-11-02 17:55:45.554151	2110	16661	709900	108801780696706244
9689	2022-08-10 00:00:00	2022-11-02 17:56:33.7888	64332	16661	709906	108801666603326289
9690	2022-08-10 00:00:00	2022-11-02 17:57:01.250771	13985	16661	709908	108801659592658841
9691	2022-08-10 00:00:00	2022-11-02 18:01:22.436786	2210	16661	709934	108772443925874532
9692	2022-08-10 00:00:00	2022-11-02 18:03:26.205159	323	16661	709947	108795986705448372
9693	2022-08-09 00:00:00	2022-11-02 18:07:13.959049	1204	16661	709968	108790775899097494
9694	2022-08-07 00:00:00	2022-11-02 18:12:30.90082	12503	16661	710000	108779028809168515
9695	2022-08-03 00:00:00	2022-11-02 18:17:32.132978	16876	16661	710030	108261416401371864
9696	2022-08-02 00:00:00	2022-11-02 18:23:09.889988	8387	16661	710063	108727163204924015
9697	2022-07-31 00:00:00	2022-11-02 18:23:46.66882	2806	16661	710067	108745122188528784
9698	2022-07-31 00:00:00	2022-11-02 18:24:55.379005	400604	16661	710074	108737962317610820
9699	2022-07-29 00:00:00	2022-11-02 18:32:07.894255	1118	16661	710115	108727946125882661
9701	2022-07-28 00:00:00	2022-11-02 18:35:24.389958	1989	16661	710138	108724738735450750
9702	2022-07-28 00:00:00	2022-11-02 18:37:41.841549	2319	16661	710152	108721088193732229
9703	2022-07-27 00:00:00	2022-11-02 18:38:22.745517	2382	16661	710155	108721799013829945
9705	2022-07-25 00:00:00	2022-11-02 18:52:06.775961	2210	16661	710226	108708712731602570
9706	2022-07-25 00:00:00	2022-11-02 18:55:46.385529	843	16661	710234	108709146991756295
9707	2022-07-25 00:00:00	2022-11-02 18:56:48.46202	12503	16661	710237	108711195894428595
9687	2022-08-11 00:00:00	2022-11-02 17:50:37.764915	19208	16661	709873	108800508437729635
1188	2022-09-18 09:10:00	2022-09-26 19:59:33.607546	174	805	99273	108934529109328831
9645	2022-07-04 00:00:00	2022-11-01 23:56:18.031895	410	15009	706313	108566991747120404
9639	2022-07-25 00:00:00	2022-11-01 23:25:56.050839	805	15009	706096	108711052953876757
9663	2022-10-09 00:00:00	2022-11-02 13:07:55.521188	1168	16662	709507	109141047269113765
1205	2022-09-15 05:05:00	2022-09-26 20:03:36.343208	174	805	99567	108934529109328831
1741	2022-07-07 00:00:00	2022-09-27 08:45:00.652936	178	2155	111969	108603956744383784
9708	2022-07-25 00:00:00	2022-11-02 18:59:08.098666	75204	16661	710251	108706096373222911
9709	2022-07-24 00:00:00	2022-11-02 19:06:22.117152	2948	16661	710292	108705676149204004
9711	2022-07-24 00:00:00	2022-11-02 19:11:35.481768	2192	16661	710331	108702541821500522
9713	2022-07-23 00:00:00	2022-11-02 19:18:18.969937	2948	16661	710376	108694922812499342
9716	2022-07-22 00:00:00	2022-11-02 19:31:41.725871	160209	16661	710453	108687216137234794
9718	2022-07-21 00:00:00	2022-11-02 19:33:43.256712	4048	16661	710467	108688827569979382
9719	2022-07-21 00:00:00	2022-11-02 19:34:20.809437	4391	16661	710471	108688819598241617
9723	2022-07-20 00:00:00	2022-11-02 19:41:33.895911	323	16661	710529	108675579775383286
9728	2022-07-16 00:00:00	2022-11-02 19:55:43.755648	43093	16661	710631	108655068750607584
9729	2022-07-14 00:00:00	2022-11-02 19:58:14.357425	74625	16661	710653	108522969672706087
1169	2022-09-21 07:50:00	2022-09-26 19:56:02.552518	174	805	98770	109028523788092552
1180	2022-09-20 03:02:00	2022-09-26 19:57:25.770298	174	805	98966	109028523788092552
5122	2022-07-29 20:56:00	2022-10-16 04:29:41.624689	174	7585	466997	108733224778091948
1757	2022-06-28 21:01:00	2022-09-27 08:47:09.687689	178	2155	112045	108557892492466514
1456	2022-06-16 21:19:00	2022-09-27 07:19:05.883322	178	2150	109577	108489047139684087
1629	2022-08-03 19:00:00	2022-09-27 08:39:43.211692	178	2155	111712	108761410169949355
1649	2022-07-26 17:38:00	2022-09-27 08:40:45.496596	178	2155	111780	108715784484696724
1659	2022-07-23 16:38:00	2022-09-27 08:41:42.853823	178	2155	111801	108697693039369796
1696	2022-07-14 17:16:00	2022-09-27 08:43:06.117124	178	2155	111884	108647672775058288
1775	2022-06-16 18:30:00	2022-09-27 08:48:48.748348	178	2155	112120	108489047139684087
1787	2022-06-19 18:59:00	2022-09-27 09:15:13.254845	178	1285	113052	108177283706016468
2325	2022-06-30 12:42:00	2022-09-29 23:15:52.337237	178	4646	190101	108567228213446945
4312	2022-09-13 19:26:00	2022-10-15 05:10:41.667704	178	9365	437323	108993274213441756
4126	2022-09-03 16:51:00	2022-10-15 04:34:11.473586	178	1371	435101	108936437939589211
3812	2022-06-25 18:18:00	2022-10-13 20:06:15.395929	178	8415	393803	108536178586716107
2645	2022-10-05 21:07:00	2022-10-08 13:55:20.51022	178	269	305470	109118617080377314
3848	2022-08-24 06:44:00	2022-10-13 22:01:13.650951	178	8539	397125	108874347955047483
5118	2022-07-31 18:07:00	2022-10-16 04:29:26.548237	178	7585	466978	108737515965011765
9710	2022-07-24 00:00:00	2022-11-02 19:08:16.721548	143	16661	710305	108699591148575849
9725	2022-07-18 00:00:00	2022-11-02 19:49:43.450646	733	16661	710592	108671670419835733
9712	2022-07-24 00:00:00	2022-11-02 19:12:20.714071	56163	16661	710335	108702964030475900
9714	2022-07-22 00:00:00	2022-11-02 19:21:57.4909	2195	16661	710405	108687623441354323
9715	2022-07-22 00:00:00	2022-11-02 19:27:26.141338	2195	16661	710431	108687580914460229
9717	2022-06-11 00:00:00	2022-11-02 19:32:19.381581	2305	16667	710458	108459038204689446
9720	2022-07-21 00:00:00	2022-11-02 19:36:50.094735	14170	16661	710491	108686176007645124
9743	2022-06-20 00:00:00	2022-11-02 20:34:47.489788	515	16661	710959	108512940129042113
9722	2022-07-20 00:00:00	2022-11-02 19:40:49.118054	2191	16661	710524	108675603741627248
9724	2022-07-19 00:00:00	2022-11-02 19:45:17.618013	2948	16661	710556	108677350405906157
9726	2022-07-18 00:00:00	2022-11-02 19:51:59.930426	33350	16661	710606	108543848438053824
9730	2022-07-13 00:00:00	2022-11-02 19:58:55.105042	2948	16661	710659	108643593530283614
9731	2022-07-12 00:00:00	2022-11-02 20:00:28.150035	7642	16661	710669	108631710522774687
9732	2022-07-11 00:00:00	2022-11-02 20:01:28.049496	14170	16661	710676	108631821712393345
9733	2022-07-11 00:00:00	2022-11-02 20:02:10.798367	14170	16661	710681	108631822513225293
9735	2022-06-28 00:00:00	2022-11-02 20:12:15.073881	12789	16661	710776	108553078978449148
9736	2022-06-26 00:00:00	2022-11-02 20:15:17.733662	2190	16661	710803	108453521345489071
9737	2022-06-23 00:00:00	2022-11-02 20:25:35.422075	10889	16661	710890	108523555272428652
9738	2022-06-22 00:00:00	2022-11-02 20:27:54.72292	836	16661	710907	108513843505393523
9739	2022-06-22 00:00:00	2022-11-02 20:28:47.910589	38350	16661	710913	108521992874651597
9740	2022-06-22 00:00:00	2022-11-02 20:29:15.154674	4284	16661	710917	108524423571295543
9741	2022-06-22 00:00:00	2022-11-02 20:30:19.577651	71760	16661	710925	108524589732247293
9744	2022-06-19 00:00:00	2022-11-02 20:36:17.185676	4506	16661	710973	108439872076124332
9745	2022-06-15 00:00:00	2022-11-02 20:48:19.446564	134966	16661	711096	108483387939964456
9700	2022-07-28 00:00:00	2022-11-02 18:34:59.51399	16661	16661	710136	108728383020187764
9747	2022-09-12 00:00:00	2022-11-03 08:55:03.618328	398701	16772	714820	108980856025156682
9748	2022-09-12 00:00:00	2022-11-03 08:55:28.092975	63131	16772	714822	108986214947433607
10579	2022-11-10 00:00:00	2022-12-01 04:12:43.429311	847	847	851733	109320479943389360
9749	2022-09-10 00:00:00	2022-11-03 08:56:19.392808	27	16772	714824	108971516020870532
9750	2022-09-10 00:00:00	2022-11-03 08:56:31.292815	27	16772	714825	108971517455193704
9762	2022-09-10 00:00:00	2022-11-03 09:00:23.920927	2493	16772	714841	108974307277759822
9763	2022-09-08 00:00:00	2022-11-03 09:00:54.479889	2348	16772	714843	108960116236465540
9764	2022-09-01 00:00:00	2022-11-03 09:02:11.621503	9776	16772	714848	108923725783285480
9765	2022-07-12 00:00:00	2022-11-03 09:06:10.348573	47959	16772	714864	108635235749611059
9766	2022-07-12 00:00:00	2022-11-03 09:06:22.906182	4884	16772	714865	108632359446315450
9767	2022-07-12 00:00:00	2022-11-03 09:06:53.049073	2197	16772	714867	108634947873104083
9769	2022-07-12 00:00:00	2022-11-03 09:07:56.578718	2379	16772	714873	108630095179394114
9770	2022-07-12 00:00:00	2022-11-03 09:08:23.685347	23980	16772	714875	108629755205641104
9771	2022-07-12 00:00:00	2022-11-03 09:08:37.509633	23980	16772	714876	108630120550918250
9772	2022-07-12 00:00:00	2022-11-03 09:09:03.660644	23980	16772	714878	108631066405707347
9768	2022-07-12 00:00:00	2022-11-03 09:07:39.515509	258	16772	714871	108631848144237764
9774	2022-07-12 00:00:00	2022-11-03 09:09:28.61359	62044	16772	714880	108634963279119201
9775	2022-07-12 00:00:00	2022-11-03 09:09:46.670805	2013	16772	714881	108630139313418535
9776	2022-07-12 00:00:00	2022-11-03 09:10:45.340869	61241	16772	714885	108634536518074077
9777	2022-07-10 00:00:00	2022-11-03 09:11:23.164965	12503	16772	714888	108623860234514589
9778	2022-07-10 00:00:00	2022-11-03 09:11:47.929527	2405	16772	714890	108623595873985437
9779	2022-07-10 00:00:00	2022-11-03 09:12:39.329943	9057	16772	714894	108546465368841907
9780	2022-07-10 00:00:00	2022-11-03 09:12:47.833384	9057	16772	714895	108549525329565961
9781	2022-07-10 00:00:00	2022-11-03 09:13:02.284701	9057	16772	714897	108512966497228492
9783	2022-07-08 00:00:00	2022-11-03 09:16:54.964988	2519	16772	714914	108611275450593861
9784	2022-07-08 00:00:00	2022-11-03 09:17:10.707412	2222	16772	714915	108612131695698813
9785	2022-07-08 00:00:00	2022-11-03 09:17:37.978896	2519	16772	714917	108611262461151150
9786	2022-07-08 00:00:00	2022-11-03 09:17:48.797177	231000	16772	714918	108612106651565173
9787	2022-07-06 00:00:00	2022-11-03 09:19:05.653766	41947	16772	714924	108600929369068841
9788	2022-07-06 00:00:00	2022-11-03 09:19:41.890047	922	16772	714927	108596132749710667
9789	2022-07-03 00:00:00	2022-11-03 09:27:39.894977	12503	16772	714955	108575773024905194
9790	2022-07-01 00:00:00	2022-11-03 09:32:12.645255	238450	16772	714970	108572814740835106
9393	2022-07-25 00:00:00	2022-10-28 20:51:45.110611	279	13803	685985	108702223204208381
9742	2022-06-22 00:00:00	2022-11-02 20:31:00.349162	178	16661	710932	108524576847102663
9794	2022-06-30 00:00:00	2022-11-03 09:35:44.434009	1343	16772	714989	108567226199594829
9795	2022-06-27 00:00:00	2022-11-03 09:37:29.858297	13574	16772	714996	108550359186154335
9796	2022-06-27 00:00:00	2022-11-03 09:37:42.810643	11907	16772	714998	108550359452382199
9799	2022-06-27 00:00:00	2022-11-03 09:38:47.429155	80267	16772	715004	108547679843568537
9800	2022-06-26 00:00:00	2022-11-03 09:39:29.562374	2197	16772	715007	108544562726384726
9746	2022-07-07 00:00:00	2022-11-02 22:23:57.27743	416	14716	712331	108608772362680245
9757	2022-09-10 00:00:00	2022-11-03 08:59:12.624553	416	16772	714836	108973760166761781
9727	2022-07-18 00:00:00	2022-11-02 19:52:33.971899	146	16661	710612	108666225687106295
9753	2022-09-10 00:00:00	2022-11-03 08:57:16.714908	125	16772	714828	108971533328914662
9754	2022-09-10 00:00:00	2022-11-03 08:57:25.916414	781	16772	714829	108960354332633514
9755	2022-09-10 00:00:00	2022-11-03 08:57:39.557785	805	16772	714830	108971618679829911
9782	2022-07-08 00:00:00	2022-11-03 09:16:41.905174	908	16772	714913	108612130681012509
9791	2022-06-30 00:00:00	2022-11-03 09:33:21.709119	144	16772	714977	108567132199595722
10580	2022-11-08 00:00:00	2022-12-01 14:27:41.763509	840	1611	853895	109311896980237998
9759	2022-09-10 00:00:00	2022-11-03 08:59:32.212802	125	16772	714838	108973904179955165
131	2022-09-13 17:20:00	2022-09-16 02:19:24.414728	27	155	5669	108993180439356764
9802	2022-06-24 00:00:00	2022-11-03 09:41:26.241397	32840	16772	715015	108533119297025109
9721	2022-07-21 00:00:00	2022-11-02 19:38:09.081396	209	16661	710501	108686049807069832
10581	2022-09-12 00:00:00	2022-12-01 14:52:32.312834	27	1611	853983	108982040583925033
2517	2022-08-20 17:38:00	2022-10-05 21:36:29.673821	279	5462	241549	108856870168066254
4771	2022-07-13 07:41:00	2022-10-15 06:02:49.543241	279	9365	440463	108635767473979461
4957	2022-09-18 13:29:00	2022-10-15 15:17:43.129039	279	5368	452576	109020372073260255
6759	2022-07-27 05:56:00	2022-10-18 20:16:06.501112	279	10846	525057	108715486837463501
8208	2022-08-08 20:22:00	2022-10-21 23:28:44.13443	279	10916	593211	108789695927710421
9394	2022-07-25 00:00:00	2022-10-28 20:52:00.227238	279	13803	685987	108704724015284381
9801	2022-06-24 00:00:00	2022-11-03 09:40:33.869404	105	16772	715011	108533245750101640
9803	2022-06-18 00:00:00	2022-11-03 09:45:23.063065	7669	16772	715033	108499458357191686
9804	2022-06-17 00:00:00	2022-11-03 09:45:58.245353	15836	16772	715036	108493300447387627
10582	2022-08-30 00:00:00	2022-12-01 14:59:23.080949	27	1611	854009	108911667750013117
9806	2022-06-12 00:00:00	2022-11-03 09:49:09.72544	2197	16772	715050	108464263866508958
9807	2022-06-12 00:00:00	2022-11-03 09:49:36.245153	12503	16772	715052	108465111487470683
9808	2022-06-12 00:00:00	2022-11-03 09:50:03.114676	16772	16772	715054	108465113637224439
5757	2022-07-27 19:20:00	2022-10-16 18:01:46.445228	105	4273	479441	108721770025050932
10583	2022-07-15 00:00:00	2022-12-01 15:17:53.788071	1000	1611	854079	108654036910168001
6016	2022-07-07 14:50:00	2022-10-16 19:09:41.243326	222	4273	480632	108607457444521252
6024	2022-07-04 22:19:00	2022-10-16 19:13:36.120798	222	4273	480700	108592075810932667
6249	2022-06-30 09:37:00	2022-10-17 08:25:37.660674	222	10208	494120	108564773205648163
6982	2022-09-01 14:16:00	2022-10-19 12:00:15.477919	222	10825	533272	108924177102342102
8883	2022-07-31 10:24:00	2022-10-24 10:40:58.084688	222	12959	643724	108734252050684713
6369	2022-10-17 04:02:00	2022-10-18 18:41:17.182798	110	10804	523597	109181184629354927
8339	2022-10-19 13:50:00	2022-10-23 10:27:39.602741	110	12888	623392	109195570220602481
8770	2022-08-10 14:19:00	2022-10-24 06:29:20.769971	110	12956	639702	108796663058442307
9792	2022-06-30 00:00:00	2022-11-03 09:33:44.068304	110	16772	714979	108567148403049631
9793	2022-06-30 00:00:00	2022-11-03 09:34:31.833734	110	16772	714983	108567174605004242
9761	2022-09-10 00:00:00	2022-11-03 08:59:55.064953	110	16772	714840	108974293910677270
9041	2022-06-16 00:00:00	2022-10-26 08:31:58.593399	1611	13173	666385	108490358834268729
5921	2022-07-16 21:44:00	2022-10-16 18:42:25.329892	193	4273	480156	108659311448837498
580	2022-07-28 10:49:00	2022-09-19 05:47:30.659187	322	206	53202	108725459977851397
1038	2022-06-19 14:11:00	2022-09-26 00:12:48.297048	322	1549	86212	108504562258100125
6358	2022-10-17 22:41:00	2022-10-18 18:39:06.336494	322	10804	523583	109185363498724020
6502	2022-08-21 12:35:00	2022-10-18 19:12:43.219884	322	10804	523780	108857483193708138
7333	2022-07-15 15:40:00	2022-10-19 14:40:48.07319	322	10825	537622	108647133678061058
7590	2022-07-19 17:39:00	2022-10-20 01:50:19.345669	105	11044	543619	108676165060272256
6713	2022-09-10 09:16:00	2022-10-18 19:57:24.29508	300	10846	524472	108816867362637001
9805	2022-06-17 00:00:00	2022-11-03 09:46:12.55801	720	16772	715037	108493300983945854
1478	2022-09-16 22:00:00	2022-09-27 08:31:50.921154	80	2155	111304	109011193473723103
1470	2022-09-20 12:52:00	2022-09-27 08:31:31.458259	80	2155	111283	109031672252075161
1471	2022-09-19 00:00:00	2022-09-27 08:31:37.632583	80	2155	111290	109022883826057931
1472	2022-09-18 23:10:00	2022-09-27 08:31:39.950349	80	2155	111293	109022785357876323
1477	2022-09-17 00:00:00	2022-09-27 08:31:50.263527	80	2155	111303	109011744062839926
1476	2022-09-17 00:00:00	2022-09-27 08:31:49.5955	80	2155	111302	109011582857713136
1505	2022-09-07 22:04:00	2022-09-27 08:32:52.379968	80	2155	111363	108960323537956523
1502	2022-09-08 02:20:00	2022-09-27 08:32:49.988805	80	2155	111360	108961330593424926
1503	2022-09-08 01:47:00	2022-09-27 08:32:50.674511	80	2155	111361	108961165490445527
1578	2022-08-15 20:12:00	2022-09-27 08:37:39.220998	80	2155	111589	108829634703305130
1580	2022-08-15 15:21:00	2022-09-27 08:37:43.726185	80	2155	111595	108828470608767476
1673	2022-07-21 15:29:00	2022-09-27 08:42:21.356723	80	2155	111833	108686972043505483
1636	2022-07-31 01:55:00	2022-09-27 08:40:12.652434	80	2155	111746	108740012005001590
1669	2022-07-21 23:22:00	2022-09-27 08:42:04.115772	80	2155	111821	108688823239118562
1703	2022-07-13 20:16:00	2022-09-27 08:43:15.781896	80	2155	111897	108642769487278290
1704	2022-07-13 20:03:00	2022-09-27 08:43:17.330404	80	2155	111898	108642738245312124
1705	2022-07-13 19:05:00	2022-09-27 08:43:18.038896	80	2155	111899	108642514378693299
1707	2022-07-13 16:46:00	2022-09-27 08:43:22.157731	80	2155	111903	108641959652990172
1708	2022-07-13 16:09:00	2022-09-27 08:43:24.021635	80	2155	111905	108641833713132728
1717	2022-07-12 16:09:00	2022-09-27 08:43:42.420199	80	2155	111920	108636159848831792
7346	2022-07-14 11:17:00	2022-10-19 14:43:18.281928	322	10825	537755	108642309178784626
8960	2022-06-24 05:15:00	2022-10-25 23:45:33.450039	322	13156	661023	108528753433262859
8839	2022-06-10 09:08:00	2022-10-24 07:42:08.125027	322	12933	640826	108453277988126271
7282	2022-07-24 19:18:00	2022-10-19 14:25:05.754022	322	10825	537100	108703627641461709
7391	2022-07-07 15:37:00	2022-10-19 14:52:55.775852	322	10825	538346	108607124463622846
7390	2022-07-07 15:38:00	2022-10-19 14:52:49.154487	322	10825	538339	108603145701527145
7424	2022-07-04 21:31:00	2022-10-19 14:58:35.74203	322	10825	538785	108574039262690847
3881	2022-08-29 09:18:00	2022-10-13 22:24:55.654713	199	8418	398013	108903305017515083
6988	2022-07-18 07:57:00	2022-10-19 12:06:02.609696	146	10925	533364	108666225687106295
9773	2022-07-12 00:00:00	2022-11-03 09:09:18.236703	146	16772	714879	108631858670871229
8855	2022-06-10 21:08:00	2022-10-24 07:58:55.391391	103	12956	641071	108454918888730877
8615	2022-10-15 14:09:00	2022-10-23 23:16:38.009396	105	12933	633327	109173236702515879
9668	2022-09-20 00:00:00	2022-11-02 13:13:22.016832	105	16662	709562	109031423717954059
2311	2022-08-16 18:10:00	2022-09-29 23:15:30.00501	27	4646	190064	108830529259405266
9810	2022-06-12 00:00:00	2022-11-03 09:50:47.717334	9216	16772	715058	108464859141331603
9811	2022-06-12 00:00:00	2022-11-03 09:51:14.820515	9216	16772	715060	108464871549104399
9812	2022-07-31 00:00:00	2022-11-03 11:44:47.874975	23980	16781	715725	108732375266187599
2313	2022-08-16 16:56:00	2022-09-29 23:15:33.445528	27	4646	190069	108829535226496408
9815	2022-11-02 00:00:00	2022-11-03 19:48:52.650925	308	16675	716583	109271523701964836
7441	2022-07-03 13:28:00	2022-10-19 15:02:03.077939	322	10825	539026	108583813454795164
7516	2022-06-23 10:58:00	2022-10-19 15:17:11.67765	322	10825	539996	108526674103287480
9818	2022-10-31 00:00:00	2022-11-03 19:56:48.142828	8870	16675	716614	109257126801243023
9819	2022-10-31 00:00:00	2022-11-03 19:57:16.282261	2254	16675	716616	109158020121933161
7527	2022-06-21 11:49:00	2022-10-19 15:18:55.793556	322	10825	540104	108511465263055799
7529	2022-06-19 13:38:00	2022-10-19 15:19:29.84257	322	10825	540135	108499510533999190
7943	2022-07-06 20:46:00	2022-10-20 23:42:55.858289	322	11222	568405	108603191346020065
9756	2022-09-10 00:00:00	2022-11-03 08:57:53.885167	322	16772	714831	108971836618555673
9822	2022-10-30 00:00:00	2022-11-03 20:03:31.362782	2182	16675	716638	109252524285573065
9826	2022-09-27 00:00:00	2022-11-03 21:32:49.487319	416	16675	717016	109067244730530244
9824	2022-10-12 00:00:00	2022-11-03 21:28:50.32104	28781	16675	717000	109139810358028199
9828	2022-07-02 00:00:00	2022-11-03 21:49:48.685025	2319	16675	717075	108575072479577164
9832	2022-07-01 00:00:00	2022-11-03 21:54:53.686941	2109	16675	717098	108572879071332267
9835	2022-07-01 00:00:00	2022-11-03 21:56:39.376804	26630	16675	717104	108570072133926862
9839	2022-06-30 00:00:00	2022-11-03 21:59:05.492739	75484	16675	717113	108567258558866206
9852	2022-06-29 00:00:00	2022-11-03 22:07:14.241363	19185	16675	717141	108515475389817158
9859	2022-06-28 00:00:00	2022-11-03 22:13:03.130377	56937	16675	717163	108553959400305457
9862	2022-06-27 00:00:00	2022-11-03 22:19:25.537068	948	16675	717194	108509678475561763
9864	2022-06-27 00:00:00	2022-11-03 22:21:57.209188	84343	16675	717201	108552573394573534
9877	2022-06-25 00:00:00	2022-11-03 22:37:56.390637	24504	16675	717260	108541557669512830
9884	2022-06-25 00:00:00	2022-11-03 22:41:45.461248	6551	16675	717275	108503346777576953
9813	2022-11-02 00:00:00	2022-11-03 19:47:39.990191	16675	16675	716580	109274698255061189
4710	2022-07-21 13:39:00	2022-10-15 05:54:20.11717	274	9365	439983	108685842037715402
9086	2022-06-27 14:03:00	2022-10-26 22:08:09.745135	274	12967	674746	108550648692792014
9574	2022-07-19 00:00:00	2022-10-30 16:34:31.954907	274	14192	696149	108674313454693462
9893	2022-06-25 00:00:00	2022-11-03 22:44:58.061316	2454	16675	717287	108538431632892650
9872	2022-06-26 00:00:00	2022-11-03 22:35:28.428109	16675	16675	717249	108541583311101405
9883	2022-06-25 00:00:00	2022-11-03 22:41:26.356871	16675	16675	717274	108541583311101405
9885	2022-06-25 00:00:00	2022-11-03 22:42:04.429483	16675	16675	717276	108541572014924081
9886	2022-06-25 00:00:00	2022-11-03 22:42:18.290096	16675	16675	717277	108541493042347769
9892	2022-06-25 00:00:00	2022-11-03 22:44:40.520997	16675	16675	717286	108538408852356551
9891	2022-06-25 00:00:00	2022-11-03 22:44:22.752687	16675	16675	717285	108541439479300454
1751	2022-07-01 01:34:00	2022-09-27 08:46:48.46798	178	2155	112021	108569107882959490
5215	2022-06-20 15:10:00	2022-10-16 07:31:00.185846	178	5277	470001	108489047139684087
5273	2022-09-18 08:19:00	2022-10-16 15:16:08.628877	178	4273	475319	109019314384103135
6043	2022-07-03 04:09:00	2022-10-16 19:21:17.526814	178	4273	480754	108453070864044992
6587	2022-07-20 13:48:00	2022-10-18 19:25:33.074704	178	10804	523890	108680043466164752
6658	2022-07-06 02:07:00	2022-10-18 19:35:25.090018	178	10804	523986	108119650989547567
6679	2022-06-11 16:51:00	2022-10-18 19:38:49.148517	178	10804	524035	108460454882446721
1507	2022-09-07 10:09:00	2022-09-27 08:32:53.758425	178	2155	111365	108957473060327676
9556	2022-08-31 00:00:00	2022-10-30 01:28:50.425079	178	13836	692092	108915575989548708
1257	2022-09-01 21:57:00	2022-09-26 20:25:47.117533	178	805	100340	108926315049965607
1270	2022-09-01 22:48:00	2022-09-26 20:28:01.64379	178	805	100407	108926315049965607
1279	2022-08-31 04:51:00	2022-09-26 20:31:44.536302	178	805	100559	108915177466280777
1302	2022-08-30 00:00:00	2022-09-26 20:35:19.341974	178	805	100701	108909891869673982
8598	2022-06-10 15:16:00	2022-10-23 20:05:49.044696	279	12953	631055	108454480063978391
9486	2022-08-14 00:00:00	2022-10-30 00:06:19.365359	279	12630	691682	108800418232258693
952	2022-07-06 19:28:00	2022-09-23 14:03:11.348539	279	222	79970	108602819185936576
666	2022-07-14 11:57:00	2022-09-21 14:11:42.747531	215	469	67565	108646506043853847
888	2022-07-26 21:47:00	2022-09-23 07:49:01.159676	215	788	76670	108716675139496037
2322	2022-06-30 13:04:00	2022-09-29 23:15:47.822361	215	4646	190095	108567209197635430
4510	2022-08-12 06:37:00	2022-10-15 05:29:55.965145	215	9365	438757	108806398567211643
4857	2022-06-26 19:33:00	2022-10-15 06:15:25.362182	215	9365	441133	108528334850887611
5028	2022-08-22 19:16:00	2022-10-16 04:23:45.862125	215	7585	466610	108867805581106219
5808	2022-07-23 11:01:00	2022-10-16 18:16:45.529268	215	4273	479809	108696957412354173
9431	2022-09-06 00:00:00	2022-10-28 23:07:59.517381	215	13807	687024	108954443670352921
8209	2022-08-08 20:17:00	2022-10-21 23:30:11.983931	215	10916	593221	108789866890496212
6842	2022-10-07 15:09:00	2022-10-19 10:15:25.881595	215	10825	530369	109128179145613117
9424	2022-10-25 00:00:00	2022-10-28 22:50:18.257843	215	13807	686879	109229861061888795
8433	2022-10-09 18:03:00	2022-10-23 13:11:02.408945	125	12888	626730	109140194265918046
1005	2022-07-03 18:20:00	2022-09-26 00:09:32.171368	125	1549	86039	108585096989561574
1021	2022-06-27 16:39:00	2022-09-26 00:11:16.929896	125	1549	86116	108551240488302097
1360	2022-08-09 10:24:00	2022-09-26 21:06:29.926718	125	805	101767	108793345625497480
1664	2022-07-22 09:23:00	2022-09-27 08:41:54.372347	125	2155	111811	108690846989526438
1905	2022-06-14 09:29:00	2022-09-29 04:16:43.244187	125	4159	160886	108475489846626500
837	2022-08-08 13:38:00	2022-09-23 07:45:45.490726	125	788	76544	108788466323794978
1805	2022-09-15 20:10:00	2022-09-27 16:42:36.183867	125	125	116349	109005112274632064
1806	2022-09-09 08:50:00	2022-09-27 16:49:03.187883	125	125	116742	108968462335921398
2366	2022-08-15 16:21:00	2022-09-30 22:30:29.162834	125	4707	192277	108828735998562836
2379	2022-08-15 06:33:00	2022-10-01 02:23:46.69086	125	4698	201782	108821130099254768
2422	2022-09-19 09:43:00	2022-10-01 14:34:10.317385	125	4869	220503	109024903211613225
2440	2022-07-17 07:26:00	2022-10-01 14:53:19.884033	125	4869	221922	108661920674655748
4324	2022-09-12 11:45:00	2022-10-15 05:11:58.387121	125	9365	437415	108985863290083648
4326	2022-09-12 11:39:00	2022-10-15 05:12:01.310977	125	9365	437419	108985864745837905
3839	2022-09-21 12:08:00	2022-10-13 21:51:34.886129	125	8418	396871	109037199191194525
3308	2022-09-15 12:27:00	2022-10-11 03:45:21.107867	125	5315	352170	109003315072532980
3318	2022-09-13 12:32:00	2022-10-11 03:46:23.418008	125	5315	352203	108992040859054431
3321	2022-09-13 08:35:00	2022-10-11 03:46:28.961827	125	5315	352208	108991067160413950
3325	2022-09-11 10:13:00	2022-10-11 03:46:45.146712	125	5315	352220	108979430271156038
3326	2022-09-11 10:07:00	2022-10-11 03:46:47.77278	125	5315	352222	108979455021970544
3329	2022-09-06 18:36:00	2022-10-11 03:47:10.343279	125	5315	352240	108953813906621721
3331	2022-09-06 18:19:00	2022-10-11 03:47:16.042901	125	5315	352247	108953617141831274
3333	2022-09-06 18:13:00	2022-10-11 03:47:19.704301	125	5315	352253	108953641941413104
4250	2022-09-24 09:43:00	2022-10-15 05:04:13.985096	125	9365	436850	109053277757289665
4009	2022-06-15 08:15:00	2022-10-14 14:12:22.411242	125	8760	420371	108478462287271973
3378	2022-07-31 09:05:00	2022-10-11 03:52:43.475986	125	5315	352553	108741895287973907
3639	2022-08-31 13:00:00	2022-10-13 13:09:45.985872	125	8374	378908	108918195276462943
3466	2022-06-27 17:17:00	2022-10-13 00:44:55.179036	125	8206	365699	108551045208570335
3763	2022-09-07 18:28:00	2022-10-13 13:54:05.911109	125	2095	382914	108959462318928134
4383	2022-09-02 15:59:00	2022-10-15 05:16:15.260939	125	9365	437749	108929980448026331
4400	2022-08-29 15:29:00	2022-10-15 05:17:50.246149	125	9365	437873	108907279192185400
4403	2022-08-29 15:16:00	2022-10-15 05:17:55.242321	125	9365	437878	108907662939083636
4409	2022-08-27 15:41:00	2022-10-15 05:18:31.173949	125	9365	437923	108895608456937131
4427	2022-08-22 19:01:00	2022-10-15 05:21:16.885217	125	9365	438121	108827054018893331
4459	2022-08-17 12:09:00	2022-10-15 05:25:40.123443	125	9365	438436	108838661785657703
4461	2022-08-17 11:52:00	2022-10-15 05:25:44.38511	125	9365	438442	108838741640724615
9889	2022-06-25 00:00:00	2022-11-03 22:43:36.53321	1844	16675	717282	108536479086992107
445	2022-08-01 08:59:00	2022-09-18 08:09:44.127797	416	971	40570	108747731805921488
9900	2022-06-25 00:00:00	2022-11-03 22:51:41.04965	416	16675	717316	108538413092116050
3972	2022-08-26 09:41:00	2022-10-14 13:38:50.315314	416	8760	417376	108889290553201736
2859	2022-09-19 05:33:00	2022-10-09 03:02:38.12232	27	7630	325756	109023400379845760
9897	2022-06-25 00:00:00	2022-11-03 22:49:12.929565	62194	16675	717306	108538634051457900
9936	2022-06-22 00:00:00	2022-11-03 23:16:17.14495	144	16675	717403	108521549486007718
4463	2022-08-17 10:52:00	2022-10-15 05:25:49.445156	125	9365	438449	108838455643551262
4504	2022-08-12 17:18:00	2022-10-15 05:29:40.55429	125	9365	438737	108811586856946723
4574	2022-08-06 08:42:00	2022-10-15 05:37:07.267583	125	9365	439137	108773612093610456
9901	2022-06-25 00:00:00	2022-11-03 22:52:12.333188	17283	16675	717318	108538550338405172
9902	2022-06-25 00:00:00	2022-11-03 22:52:24.101181	255834	16675	717319	108538554304194250
4659	2022-07-30 08:49:00	2022-10-15 05:47:27.241203	125	9365	439599	108734031609695948
4573	2022-08-06 08:55:00	2022-10-15 05:37:04.933023	125	9365	439135	108761549491175573
4644	2022-07-31 18:07:00	2022-10-15 05:45:57.380057	125	9365	439527	108743692285690572
4647	2022-07-31 14:44:00	2022-10-15 05:46:19.657429	125	9365	439541	108741895287973907
4705	2022-07-21 17:11:00	2022-10-15 05:54:09.309805	125	9365	439969	108687311913047879
4721	2022-07-19 17:31:00	2022-10-15 05:56:08.71491	125	9365	440092	108675918349250673
4794	2022-07-09 11:53:00	2022-10-15 06:05:20.934069	125	9365	440609	108617160279050307
4804	2022-07-08 10:57:00	2022-10-15 06:06:46.917255	125	9365	440702	108611960535554815
5658	2022-08-06 08:54:00	2022-10-16 17:17:35.64912	125	4273	478442	108775499190373270
6193	2022-06-11 18:36:00	2022-10-16 20:04:00.659508	125	4273	482185	108460768738137583
6370	2022-10-17 03:57:00	2022-10-18 18:41:22.766103	125	10804	523598	109180899153510034
4844	2022-06-28 07:48:00	2022-10-15 06:14:09.469152	125	9365	441080	108554741572781113
4851	2022-06-27 09:47:00	2022-10-15 06:14:44.477157	125	9365	441110	108547369290983369
5698	2022-07-31 14:34:00	2022-10-16 17:42:28.089121	125	4273	478937	108741895287973907
5765	2022-07-26 17:37:00	2022-10-16 18:03:45.505852	125	4273	479512	108715533037080613
9912	2022-06-24 00:00:00	2022-11-03 22:56:33.501068	131435	16675	717339	108535969912977141
5784	2022-07-24 20:26:00	2022-10-16 18:08:10.241101	125	4273	479636	108704940627302279
5394	2022-09-01 21:40:00	2022-10-16 15:52:37.069463	125	4273	476384	108924741523681205
5331	2022-09-09 05:18:00	2022-10-16 15:31:02.841029	125	4273	475788	108965530774337696
5845	2022-07-21 17:37:00	2022-10-16 18:23:37.817389	125	4273	479892	108686194308948266
5848	2022-07-21 12:39:00	2022-10-16 18:24:41.429574	125	4273	479904	108686194308948266
5849	2022-07-21 11:08:00	2022-10-16 18:24:43.057458	125	4273	479905	108685705290991514
5861	2022-07-20 13:56:00	2022-10-16 18:27:10.77497	125	4273	479936	108680504184643674
6412	2022-10-13 21:54:00	2022-10-18 18:51:43.446065	125	10804	523655	109163781248825607
5994	2022-07-09 08:18:00	2022-10-16 19:05:29.554721	125	4273	480533	108617160279050307
6032	2022-07-04 12:36:00	2022-10-16 19:17:24.774542	125	4273	480720	108589810730701044
5533	2022-08-20 16:49:00	2022-10-16 16:29:30.188866	125	4273	477608	108856835254578314
6065	2022-07-01 17:50:00	2022-10-16 19:26:55.841276	125	4273	480846	108572825136785841
9919	2022-06-24 00:00:00	2022-11-03 23:01:33.050719	948	16675	717358	108509678475561763
6078	2022-06-27 21:43:00	2022-10-16 19:31:22.76933	125	4273	480943	108550647220499220
6250	2022-06-28 16:08:00	2022-10-17 08:27:21.307257	125	10208	494169	108554754637238604
6255	2022-09-21 14:59:00	2022-10-17 08:40:00.845475	125	10178	494451	109037359734208222
9922	2022-06-24 00:00:00	2022-11-03 23:06:04.613332	16923	16675	717371	108509935475109113
7076	2022-08-19 22:03:00	2022-10-19 13:11:59.182902	125	10825	534464	108850714601756072
8470	2022-10-05 11:53:00	2022-10-23 14:52:19.906607	125	12888	628087	109116086720385321
9925	2022-06-23 00:00:00	2022-11-03 23:09:14.548166	934	16675	717381	108527262737185127
7324	2022-07-16 15:48:00	2022-10-19 14:39:20.038091	125	10825	537545	108651824171361760
7331	2022-07-15 15:55:00	2022-10-19 14:40:41.054217	125	10825	537616	108652864624542723
7347	2022-07-14 03:48:00	2022-10-19 14:43:30.414027	125	10825	537768	108642823907861709
7513	2022-06-23 12:29:00	2022-10-19 15:16:54.467725	125	10825	539980	108522784794274392
8533	2022-09-24 12:32:00	2022-10-23 18:32:30.274228	125	12888	630165	109053993878632710
8535	2022-09-23 21:23:00	2022-10-23 18:38:58.939582	125	12888	630227	109050655420230792
9577	2022-07-06 00:00:00	2022-10-30 16:36:53.094893	125	14192	696166	108600605955849176
9628	2022-09-13 00:00:00	2022-11-01 22:30:00.46447	125	15009	705688	108994277998916707
9760	2022-09-10 00:00:00	2022-11-03 08:59:44.066091	125	16772	714839	108973906977031435
10186	2022-08-08 00:00:00	2022-11-04 06:16:59.974977	125	8017	719818	108790289380704429
10222	2022-10-11 00:00:00	2022-11-04 18:40:17.274006	125	17786	722595	109149895538354745
10278	2022-09-15 00:00:00	2022-11-05 22:53:27.502273	125	17802	730024	109005425347120827
4304	2022-09-15 14:45:00	2022-10-15 05:09:44.654574	416	9365	437260	109003702287526566
6299	2022-08-04 23:07:00	2022-10-17 12:45:55.968973	416	10230	503637	108767020656504852
6329	2022-10-01 16:55:00	2022-10-17 20:10:31.8128	416	10413	509683	109082985531551944
6330	2022-10-01 16:54:00	2022-10-17 20:10:41.732739	416	10413	509685	109082985531551944
6331	2022-10-01 16:50:00	2022-10-17 20:10:55.523795	416	10413	509688	109089402301037860
6332	2022-10-01 16:47:00	2022-10-17 20:11:09.448979	416	10413	509690	109094009850272914
6333	2022-10-01 16:47:00	2022-10-17 20:11:27.886545	416	10413	509694	109094461976940106
9945	2022-06-21 00:00:00	2022-11-03 23:20:36.068545	16923	16675	717420	108509935475109113
9950	2022-06-21 00:00:00	2022-11-03 23:22:45.800859	2263	16675	717429	108509760694787253
9957	2022-06-17 00:00:00	2022-11-03 23:28:42.093311	17284	16675	717449	108495175761973088
9959	2022-06-17 00:00:00	2022-11-03 23:30:39.495032	76493	16675	717456	108493725981320533
9961	2022-06-17 00:00:00	2022-11-03 23:32:43.914131	2402	16675	717464	108492158428274741
5241	2022-10-12 21:03:00	2022-10-16 15:05:16.256731	416	4273	474969	109158089825017547
9974	2022-06-16 00:00:00	2022-11-03 23:45:14.346088	323091	16675	717502	108484863517538074
9967	2022-06-17 00:00:00	2022-11-03 23:38:40.49757	16675	16675	717481	108490928788103830
9968	2022-06-17 00:00:00	2022-11-03 23:40:50.145229	16675	16675	717487	108490900453571166
9970	2022-06-17 00:00:00	2022-11-03 23:41:56.38517	16675	16675	717491	108319529442180382
9969	2022-06-17 00:00:00	2022-11-03 23:41:36.257273	16675	16675	717490	108490882224570826
9973	2022-06-16 00:00:00	2022-11-03 23:44:51.764901	16675	16675	717501	108488179297532128
9975	2022-06-15 00:00:00	2022-11-03 23:45:26.461058	16675	16675	717503	108484778829112546
9978	2022-06-15 00:00:00	2022-11-03 23:47:31.440727	16675	16675	717511	108480310884831200
10024	2022-10-11 00:00:00	2022-11-04 04:01:12.645334	215	16733	718538	109150230398122994
9976	2022-06-15 00:00:00	2022-11-03 23:46:17.42203	323091	16675	717506	108484218057951573
9977	2022-06-15 00:00:00	2022-11-03 23:46:57.417049	2554	16675	717509	108174376851295586
10002	2022-06-12 00:00:00	2022-11-04 00:10:33.456654	143	16675	717604	108455434911393211
10040	2022-10-21 00:00:00	2022-11-04 04:15:32.971518	215	8017	718649	109206693278097830
9979	2022-06-15 00:00:00	2022-11-03 23:49:10.754025	232	16675	717516	108478341017639687
10045	2022-10-18 00:00:00	2022-11-04 04:17:44.299796	326	8017	718674	109189310245921912
9984	2022-06-14 00:00:00	2022-11-03 23:54:50.298716	103	16675	717541	108476338711437731
10048	2022-10-16 00:00:00	2022-11-04 04:19:24.356714	125	8017	718692	109178241390529303
10049	2022-10-16 00:00:00	2022-11-04 04:20:24.964464	125	8017	718704	109178274884452555
10037	2022-10-27 00:00:00	2022-11-04 04:12:31.569112	416	8017	718623	109240645471223751
9987	2022-06-14 00:00:00	2022-11-03 23:56:14.480854	17292	16675	717545	108476483206039956
3184	2022-07-13 13:25:00	2022-10-09 09:13:19.282856	27	7785	337537	108641027989794333
10009	2022-11-03 00:00:00	2022-11-04 03:46:26.868693	143	16733	718433	109277317455206476
3185	2022-07-06 15:34:00	2022-10-09 09:13:21.175626	27	166	337540	108602031509359408
3189	2022-07-04 20:45:00	2022-10-09 09:13:54.754392	27	7785	337598	108591636001389461
10011	2022-10-31 00:00:00	2022-11-04 03:48:09.182829	34	16733	718449	109246748951514316
10032	2022-10-03 00:00:00	2022-11-04 04:10:29.910495	34	16733	718606	109104497003046232
2964	2022-08-19 15:43:00	2022-10-09 03:46:24.610741	143	7630	329028	108850274407823671
2996	2022-08-12 16:16:00	2022-10-09 03:53:09.093349	143	7630	329552	108811629681572051
9994	2022-06-14 00:00:00	2022-11-03 23:59:58.693906	63795	16675	717562	108476235849732655
3081	2022-09-05 12:48:00	2022-10-09 09:05:19.369959	143	7785	336886	108946017653717989
9996	2022-06-14 00:00:00	2022-11-04 00:00:46.848804	12227	16675	717564	108476204733636696
3222	2022-09-06 02:08:00	2022-10-09 09:16:41.115774	143	6551	337903	108946017653717989
10036	2022-10-27 00:00:00	2022-11-04 04:11:49.4566	144	8017	718618	109241243084483668
10003	2022-06-12 00:00:00	2022-11-04 00:11:34.328939	222	16675	717608	108461268414231565
10033	2022-11-01 00:00:00	2022-11-04 04:11:01.785007	322	8017	718611	109269018866891796
10041	2022-10-01 00:00:00	2022-11-04 04:16:42.216705	322	16733	718662	109095493190489603
10042	2022-10-01 00:00:00	2022-11-04 04:16:58.776786	322	16733	718665	109095496632057263
3233	2022-09-01 09:02:00	2022-10-09 09:18:39.892586	143	6551	338115	108923047624001921
10004	2022-06-12 00:00:00	2022-11-04 00:12:02.67195	8630	16675	717610	108439894113969111
4521	2022-08-11 16:48:00	2022-10-15 05:30:26.932998	143	9365	438801	108805976561239699
4660	2022-07-30 08:46:00	2022-10-15 05:47:28.572729	143	9365	439601	108734225241515398
4755	2022-07-14 13:05:00	2022-10-15 06:01:33.361793	143	9365	440386	108643892711419546
5643	2022-08-09 09:51:00	2022-10-16 17:08:58.54953	143	4273	478297	108791341296389194
10007	2022-06-11 00:00:00	2022-11-04 00:17:31.889985	2441	16675	717629	108404631151161482
10010	2022-11-02 00:00:00	2022-11-04 03:47:49.52078	189715	16733	718448	109274696467028149
3236	2022-08-31 08:59:00	2022-10-09 09:19:17.031696	27	6551	338186	108913994565195797
10012	2022-10-30 00:00:00	2022-11-04 03:49:24.144788	12864	16733	718459	109258062005283586
10013	2022-10-30 00:00:00	2022-11-04 03:49:49.672503	31423	16733	718462	109078843119433810
10015	2022-10-29 00:00:00	2022-11-04 03:51:28.77724	17769	16733	718470	109252059599710474
10016	2022-10-29 00:00:00	2022-11-04 03:51:42.595696	178365	16733	718473	109252010091912511
10017	2022-10-27 00:00:00	2022-11-04 03:52:39.16119	2992	16733	718479	109243412986634360
10018	2022-10-27 00:00:00	2022-11-04 03:53:11.612528	370932	16733	718483	109240884394526810
10019	2022-10-27 00:00:00	2022-11-04 03:53:36.812188	87593	16733	718487	109240658589150132
10020	2022-10-27 00:00:00	2022-11-04 03:54:23.856614	2782	16733	718493	109240687826872530
10021	2022-10-23 00:00:00	2022-11-04 03:56:38.372955	2188	16733	718511	109207109799004113
10022	2022-10-20 00:00:00	2022-11-04 03:57:19.636457	1383	16733	718513	109201725886262180
10023	2022-10-12 00:00:00	2022-11-04 04:00:49.16846	29276	16733	718536	109158665357730927
10025	2022-10-11 00:00:00	2022-11-04 04:01:45.720557	370932	16733	718543	109150201616138026
10026	2022-10-11 00:00:00	2022-11-04 04:02:07.028956	30872	16733	718546	109104492324873167
10027	2022-10-10 00:00:00	2022-11-04 04:03:15.997031	28226	16733	718554	109141997235815552
10028	2022-10-09 00:00:00	2022-11-04 04:03:51.677238	2946	16733	718556	109137669303085437
10029	2022-10-09 00:00:00	2022-11-04 04:04:20.381488	22716	16733	718558	109138620229749120
10030	2022-10-07 00:00:00	2022-11-04 04:06:48.004563	1176	16733	718576	109110598712686935
10031	2022-11-02 00:00:00	2022-11-04 04:10:27.630657	26183	8017	718605	109263317050856689
10034	2022-10-02 00:00:00	2022-11-04 04:11:17.542118	2977	16733	718613	108880816743479933
10035	2022-10-02 00:00:00	2022-11-04 04:11:39.292222	100424	16733	718617	109099651482989323
10038	2022-10-02 00:00:00	2022-11-04 04:13:39.871743	30638	16733	718633	109072319380895569
10039	2022-10-21 00:00:00	2022-11-04 04:14:32.444551	2191	8017	718641	109207011486544915
10043	2022-10-01 00:00:00	2022-11-04 04:17:27.224869	21145	16733	718671	109093313336731581
10046	2022-09-30 00:00:00	2022-11-04 04:18:04.213509	21145	16733	718678	109090483377348425
10050	2022-09-29 00:00:00	2022-11-04 04:22:05.056445	53506	16733	718720	109085085482604769
10051	2022-09-29 00:00:00	2022-11-04 04:22:43.033965	13241	16733	718727	109084980588172044
10052	2022-09-29 00:00:00	2022-11-04 04:24:45.168319	4950	16733	718746	109079076268036994
10053	2022-09-28 00:00:00	2022-11-04 04:26:01.141711	168544	16733	718757	109079270124158264
10055	2022-09-27 00:00:00	2022-11-04 04:27:55.238356	2436	16733	718777	109068377853694544
10014	2022-10-29 00:00:00	2022-11-04 03:51:05.178812	16733	16733	718467	109254725268940896
10054	2022-09-27 00:00:00	2022-11-04 04:27:31.460387	439	16733	718773	109073812373309275
10057	2022-09-27 00:00:00	2022-11-04 04:29:51.32639	64060	16733	718797	109071028308853250
10061	2022-09-27 00:00:00	2022-11-04 04:31:40.020948	11675	16733	718814	109059567179449884
10074	2022-09-24 00:00:00	2022-11-04 04:43:19.21643	212946	16733	718933	109056349362356141
10078	2022-09-22 00:00:00	2022-11-04 04:45:35.271868	92749	16733	718958	109042539817380396
10056	2022-09-27 00:00:00	2022-11-04 04:29:14.076612	1118	16733	718791	109073650251218394
10060	2022-09-27 00:00:00	2022-11-04 04:31:23.165028	322	16733	718812	109070241302780088
10059	2022-09-27 00:00:00	2022-11-04 04:31:08.192478	274	16733	718808	109071012247426922
5796	2022-07-23 21:51:00	2022-10-16 18:10:44.389327	143	4273	479707	108699700242065742
5879	2022-07-19 15:39:00	2022-10-16 18:31:28.170901	143	4273	479987	108675617747864237
5912	2022-07-17 16:08:00	2022-10-16 18:39:20.773592	143	4273	480103	108663986634205580
5405	2022-09-01 14:42:00	2022-10-16 15:55:28.308715	143	4273	476508	108919680068306706
6438	2022-09-26 20:54:00	2022-10-18 18:58:19.418012	143	10804	523699	109066518668007840
1849	2022-07-08 09:19:00	2022-09-27 19:14:56.789882	143	908	119556	108609111304610105
1856	2022-06-19 01:31:00	2022-09-27 19:17:18.011329	143	908	119709	108501308304476853
1861	2022-06-14 10:54:00	2022-09-27 19:18:20.615268	143	908	119781	108476001428081999
1260	2022-09-02 13:53:00	2022-09-26 20:26:47.455722	143	805	100354	108930073260321262
1960	2022-09-21 20:55:00	2022-09-29 17:21:04.944118	143	4248	177461	109039126465528254
3586	2022-09-25 17:30:00	2022-10-13 12:54:57.022649	143	8374	377419	109061135807102427
8171	2022-08-08 08:20:00	2022-10-21 05:55:15.251208	143	11313	578704	108785688792166498
4359	2022-09-05 11:41:00	2022-10-15 05:14:47.423173	143	9365	437635	108946017653717989
2852	2022-09-20 12:15:00	2022-10-09 03:01:20.548947	143	7630	325698	109031498350276686
3047	2022-08-08 20:12:00	2022-10-09 04:02:46.522007	143	7630	330278	108789961028046781
3160	2022-09-28 10:22:00	2022-10-09 09:10:58.855159	143	6551	337306	109076365645693546
3246	2022-08-24 00:00:00	2022-10-09 09:23:08.284495	143	6551	338549	108875547609962310
3918	2022-06-25 10:04:00	2022-10-14 01:08:31.85041	143	8575	401574	108538005032590515
3922	2022-06-18 23:15:00	2022-10-14 01:09:42.59835	143	8575	401651	108501308304476853
3927	2022-06-13 19:23:00	2022-10-14 01:11:17.694958	143	8575	401738	108472274395526104
3952	2022-06-25 19:30:00	2022-10-14 13:09:30.879012	143	6790	415476	108534713197387879
3438	2022-09-22 08:37:00	2022-10-12 21:51:10.078801	143	8148	359857	109041867290383674
3461	2022-06-28 22:21:00	2022-10-12 22:57:04.404306	143	8163	361855	108557761800339219
5821	2022-07-23 06:55:00	2022-10-16 18:18:36.763785	143	4273	479833	108693807384147920
5408	2022-08-31 16:39:00	2022-10-16 15:56:10.604696	143	4273	476535	108917912467489422
5911	2022-07-17 20:17:00	2022-10-16 18:38:11.062808	143	4273	480081	108665453671495129
5398	2022-09-01 20:44:00	2022-10-16 15:53:29.561522	143	4273	476423	108926001837754187
6758	2022-07-27 06:01:00	2022-10-18 20:16:01.917898	143	10846	525056	108715402764770362
8822	2022-07-04 16:58:00	2022-10-24 07:22:24.633457	143	12956	640520	108590404991569858
8856	2022-06-10 20:58:00	2022-10-24 07:59:17.684863	143	12956	641076	108455434911393211
8502	2022-09-30 11:36:00	2022-10-23 16:30:43.641347	143	12888	629095	109087957083929362
8503	2022-09-30 11:01:00	2022-10-23 16:31:30.101399	143	12888	629101	109087388435604729
8523	2022-09-26 21:14:00	2022-10-23 17:49:24.540366	143	12888	629770	109066531928725280
8534	2022-09-24 12:07:00	2022-10-23 18:33:23.12227	143	12888	630172	109051563037603460
7796	2022-09-27 10:40:00	2022-10-20 22:21:28.184371	143	11185	565270	109070738007664837
9592	2022-06-17 00:00:00	2022-10-30 20:03:27.037984	143	14310	696773	108493168390659064
10106	2022-09-21 00:00:00	2022-11-04 05:09:50.873043	143	8017	719195	109038898645036911
10120	2022-09-06 00:00:00	2022-11-04 05:23:35.008629	143	16733	719303	108954089385782686
10143	2022-09-05 00:00:00	2022-11-04 05:33:30.128564	143	16733	719409	108943410673341002
10413	2022-10-30 00:00:00	2022-11-09 23:13:26.297139	143	166	746042	109252610180443438
10417	2022-06-22 00:00:00	2022-11-09 23:58:26.010012	143	540	746332	108524663607959698
9590	2022-06-21 00:00:00	2022-10-30 19:45:59.337147	143	14310	696705	108518620464729801
10058	2022-09-27 00:00:00	2022-11-04 04:30:16.77662	4277	16733	718800	109070986915415588
2174	2022-06-14 21:27:00	2022-09-29 18:32:36.527828	199	4248	182604	108478736345561448
3251	2022-08-21 16:16:00	2022-10-09 09:23:59.078723	199	6551	338647	108858900282496431
5032	2022-08-20 23:26:00	2022-10-16 04:23:56.006848	199	7585	466620	108857570176667068
5115	2022-08-01 00:00:00	2022-10-16 04:29:14.158817	199	7585	466964	108744958316870503
9230	2022-10-13 00:00:00	2022-10-27 21:27:40.387071	199	13351	682048	109161376647607774
10062	2022-09-27 00:00:00	2022-11-04 04:32:05.480718	29342	16733	718818	109071017805787653
10063	2022-09-27 00:00:00	2022-11-04 04:32:26.833816	173183	16733	718822	109070790445601194
10066	2022-09-26 00:00:00	2022-11-04 04:33:34.148216	8019	16733	718834	109067866888124986
10083	2022-09-17 00:00:00	2022-11-04 04:52:20.901062	2951	16733	719025	109017138282009282
10086	2022-09-13 00:00:00	2022-11-04 04:55:48.392273	33658	16733	719061	108994259653473798
10088	2022-09-12 00:00:00	2022-11-04 04:58:53.133497	149103	16733	719092	108977909095411072
10095	2022-09-30 00:00:00	2022-11-04 05:03:18.389426	12789	8017	719138	109084336935923153
10073	2022-09-24 00:00:00	2022-11-04 04:41:43.173965	17351	16733	718917	109055097830985269
10075	2022-09-23 00:00:00	2022-11-04 04:43:37.628646	201392	16733	718936	109050786736089089
10070	2022-09-24 00:00:00	2022-11-04 04:39:57.936459	110	16733	718899	109055964386060329
5234	2022-10-13 15:54:00	2022-10-16 15:03:25.676962	27	4273	474926	109162681908791232
2843	2022-09-24 12:47:00	2022-10-09 02:57:33.810783	27	7630	325523	109054369938394267
5429	2022-08-29 19:59:00	2022-10-16 16:00:39.421078	27	4273	476731	108906909057160138
5255	2022-09-23 18:58:00	2022-10-16 15:10:23.963897	27	4273	475136	109048990512867165
5271	2022-09-19 18:07:00	2022-10-16 15:14:44.365812	27	4273	475283	109027329176156374
5414	2022-08-31 06:12:00	2022-10-16 15:57:28.813002	27	4273	476602	108913994565195797
5300	2022-09-13 16:39:00	2022-10-16 15:21:54.278924	27	4273	475502	108988708409478927
5421	2022-08-30 16:40:00	2022-10-16 15:59:13.469915	27	4273	476671	108911902567097365
5304	2022-09-12 15:18:00	2022-10-16 15:23:25.045003	27	4273	475547	108986653956919287
5313	2022-09-11 18:28:00	2022-10-16 15:25:39.232874	27	4273	475627	108982114737811576
3859	2022-09-11 20:25:00	2022-10-13 22:08:25.831546	27	8418	397427	108981442897696710
4192	2022-10-08 11:44:00	2022-10-15 04:57:13.501217	27	9365	436407	109129471121931220
2783	2022-06-16 10:59:00	2022-10-08 17:24:26.052348	27	1772	311795	108487453886160160
2803	2022-10-08 16:43:00	2022-10-09 02:27:43.017284	27	7630	324381	109134279474193797
2808	2022-10-07 13:20:00	2022-10-09 02:30:15.758345	27	7630	324578	109128138141701502
2812	2022-10-06 17:00:00	2022-10-09 02:36:04.142913	27	7630	324864	109123317787092687
3589	2022-09-23 12:32:00	2022-10-13 12:55:39.145698	27	8374	377481	109048391387943201
2823	2022-10-04 14:14:00	2022-10-09 02:39:20.030853	27	7630	325024	109111168350781614
2824	2022-10-04 14:01:00	2022-10-09 02:39:25.197507	27	7630	325029	109111135355607071
2830	2022-09-28 05:38:00	2022-10-09 02:54:15.721136	27	7630	325370	109072980062243019
10064	2022-09-27 00:00:00	2022-11-04 04:32:52.53864	274	16733	718826	109070695777416672
2837	2022-09-26 16:30:00	2022-10-09 02:55:38.434036	27	7630	325431	109066501402481967
2842	2022-09-24 13:00:00	2022-10-09 02:57:28.211218	27	7630	325519	109010705593915213
2845	2022-09-23 18:48:00	2022-10-09 02:59:05.365563	27	7630	325597	109050147686696993
2846	2022-09-22 19:54:00	2022-10-09 03:00:05.845481	27	7630	325643	109043737070144662
2847	2022-09-22 19:54:00	2022-10-09 03:00:07.663601	27	7630	325644	109043737896347625
2849	2022-09-21 13:54:00	2022-10-09 03:00:39.823513	27	7630	325667	109037487795849600
2853	2022-09-20 11:11:00	2022-10-09 03:01:23.425276	27	7630	325700	109031043885568544
2856	2022-09-19 18:34:00	2022-10-09 03:02:10.195882	27	7630	325732	109027351625916609
2864	2022-09-17 11:55:00	2022-10-09 03:05:24.411427	27	7630	325869	109010705593915213
2865	2022-09-17 09:06:00	2022-10-09 03:05:55.664377	27	7630	325889	109013836953979702
2868	2022-09-16 14:07:00	2022-10-09 03:07:08.924067	27	7630	325947	109009299566785023
10065	2022-09-27 00:00:00	2022-11-04 04:33:17.818063	16116	16733	718830	109070273571455934
10067	2022-09-25 00:00:00	2022-11-04 04:36:39.072617	7939	16733	718865	108353955196769251
10068	2022-09-25 00:00:00	2022-11-04 04:37:58.124583	8387	16733	718879	109056653635299655
10069	2022-09-25 00:00:00	2022-11-04 04:38:25.976251	64246	16733	718885	109059607266527880
10076	2022-09-23 00:00:00	2022-11-04 04:43:59.313323	12529	16733	718941	109051047570110027
10077	2022-09-23 00:00:00	2022-11-04 04:44:21.92065	8442	16733	718945	109051080086283092
10079	2022-09-17 00:00:00	2022-11-04 04:49:08.501855	2450	16733	718995	109017268127791892
10080	2022-09-17 00:00:00	2022-11-04 04:51:29.563819	53506	16733	719014	109017274589575237
10081	2022-09-17 00:00:00	2022-11-04 04:51:44.796935	67695	16733	719017	109017219685689289
10082	2022-09-17 00:00:00	2022-11-04 04:52:04.460465	9487	16733	719021	109016420719681926
10110	2022-09-07 00:00:00	2022-11-04 05:16:33.935475	265	16733	719241	108957484493375313
10085	2022-09-13 00:00:00	2022-11-04 04:55:21.53444	10263	16733	719057	108994267768992947
10087	2022-09-12 00:00:00	2022-11-04 04:58:34.38024	1106	16733	719090	108978222202699871
10090	2022-09-11 00:00:00	2022-11-04 04:59:45.276544	122323	16733	719100	108977170775865935
10091	2022-09-11 00:00:00	2022-11-04 05:00:32.92433	2588	16733	719109	108913380321618123
10092	2022-10-03 00:00:00	2022-11-04 05:02:35.611188	32408	8017	719130	109100921408932300
10093	2022-09-10 00:00:00	2022-11-04 05:02:44.800363	2205	16733	719131	108415465666956152
10094	2022-09-10 00:00:00	2022-11-04 05:03:05.924705	12726	16733	719134	108974366814921368
10096	2022-09-28 00:00:00	2022-11-04 05:03:29.417085	179667	8017	719141	109079231074158631
10097	2022-09-10 00:00:00	2022-11-04 05:03:28.296969	40332	16733	719140	108974445601218345
10101	2022-09-07 00:00:00	2022-11-04 05:05:15.834107	5324	16733	719160	108960389922097505
10102	2022-09-07 00:00:00	2022-11-04 05:05:35.57232	5553	16733	719163	108957984356569502
10103	2022-09-24 00:00:00	2022-11-04 05:06:04.037164	4300	8017	719168	109048461714755772
10104	2022-09-07 00:00:00	2022-11-04 05:06:41.925077	17359	16733	719174	108957706793503178
10108	2022-09-20 00:00:00	2022-11-04 05:12:07.741218	6609	8017	719211	109034147892141620
10109	2022-09-19 00:00:00	2022-11-04 05:13:53.114525	16303	8017	719223	109025315301531302
10099	2022-09-10 00:00:00	2022-11-04 05:03:55.864804	105	16733	719146	108974445607654864
10112	2022-09-07 00:00:00	2022-11-04 05:17:33.866269	8387	16733	719251	108946885553942688
10113	2022-09-07 00:00:00	2022-11-04 05:18:17.068924	29010	16733	719257	108957416818204098
10114	2022-09-13 00:00:00	2022-11-04 05:20:55.920868	8465	8017	719276	108976790215122500
10115	2022-09-07 00:00:00	2022-11-04 05:21:44.384846	4457	16733	719283	108954893690547348
10116	2022-09-06 00:00:00	2022-11-04 05:22:12.612378	7934	16733	719286	108954654723683701
10117	2022-09-06 00:00:00	2022-11-04 05:22:43.785254	8979	16733	719294	108954667962840565
6345	2022-09-14 11:26:00	2022-10-18 07:04:49.335811	27	10452	513750	108994583638462704
10150	2022-08-24 00:00:00	2022-11-04 05:37:19.669514	146	8017	719440	108878133052766231
10160	2022-09-01 00:00:00	2022-11-04 05:44:34.189559	742	16733	719505	108923915994741296
10121	2022-09-06 00:00:00	2022-11-04 05:23:56.630072	370932	16733	719307	108952164956286951
10123	2022-09-06 00:00:00	2022-11-04 05:25:40.57857	11179	16733	719324	108952120001414229
10124	2022-09-06 00:00:00	2022-11-04 05:25:58.061106	9048	16733	719328	108931233727027222
10125	2022-09-06 00:00:00	2022-11-04 05:26:21.34552	39407	16733	719331	108951844520485676
10127	2022-09-06 00:00:00	2022-11-04 05:26:38.104696	11179	16733	719335	108951797086690472
10128	2022-09-06 00:00:00	2022-11-04 05:27:18.983164	917	16733	719343	108951832315829804
6339	2022-07-09 00:00:00	2022-10-17 20:32:17.388398	27	10413	509871	108614227924218955
10130	2022-09-06 00:00:00	2022-11-04 05:27:33.732439	2191	16733	719346	108947347853848171
10132	2022-09-06 00:00:00	2022-11-04 05:28:00.896868	6609	16733	719350	108951845631486422
10133	2022-09-04 00:00:00	2022-11-04 05:28:35.289271	23630	8017	719357	108940515872870050
10134	2022-09-06 00:00:00	2022-11-04 05:28:39.311355	76917	16733	719358	108901369733452351
10135	2022-09-04 00:00:00	2022-11-04 05:28:53.14792	81	8017	719360	108940515884236842
10136	2022-09-06 00:00:00	2022-11-04 05:29:07.237222	17406	16733	719362	108951318635906909
10138	2022-09-01 00:00:00	2022-11-04 05:30:56.005013	56014	8017	719383	108923710287986974
10139	2022-09-05 00:00:00	2022-11-04 05:32:03.980736	13375	16733	719396	108875214152303889
10140	2022-09-05 00:00:00	2022-11-04 05:32:18.776401	82486	16733	719399	108940946122947153
10141	2022-09-05 00:00:00	2022-11-04 05:32:47.758869	61432	16733	719403	108943890343309037
10137	2022-09-01 00:00:00	2022-11-04 05:30:20.864746	178	8017	719377	108926325584093540
10098	2022-09-26 00:00:00	2022-11-04 05:03:55.04751	34	8017	719145	109064941926662296
10145	2022-09-05 00:00:00	2022-11-04 05:34:18.672405	1269	16733	719414	108930047683311869
10146	2022-09-04 00:00:00	2022-11-04 05:36:14.061255	6609	16733	719430	108943736877598358
10147	2022-09-04 00:00:00	2022-11-04 05:36:33.661451	5462	16733	719434	108943737610738874
10148	2022-09-04 00:00:00	2022-11-04 05:36:50.094215	2382	16733	719436	108937944784330405
10149	2022-08-24 00:00:00	2022-11-04 05:36:58.93324	7849	8017	719438	108870067173945454
10151	2022-09-04 00:00:00	2022-11-04 05:38:44.198899	2319	16733	719452	108936407505417107
10152	2022-09-04 00:00:00	2022-11-04 05:39:12.108673	3996	16733	719456	108940842829032229
10107	2022-09-20 00:00:00	2022-11-04 05:11:44.718586	34	8017	719209	109034094648683361
10155	2022-08-23 00:00:00	2022-11-04 05:39:32.321478	2228	8017	719461	108872051141532121
10156	2022-08-20 00:00:00	2022-11-04 05:40:30.833044	13574	8017	719468	108856169212761674
10157	2022-09-03 00:00:00	2022-11-04 05:40:45.572508	56356	16733	719471	108934805134612182
10158	2022-09-03 00:00:00	2022-11-04 05:41:27.676603	10449	16733	719477	108932642010129491
10159	2022-09-01 00:00:00	2022-11-04 05:43:18.696831	13574	16733	719493	108924102801807268
10111	2022-09-17 00:00:00	2022-11-04 05:16:40.089816	125	8017	719243	109011598077325164
10071	2022-09-24 00:00:00	2022-11-04 04:40:25.100658	416	16733	718905	109055998106609583
10119	2022-09-10 00:00:00	2022-11-04 05:22:59.780784	416	8017	719296	108974647596182892
10105	2022-09-22 00:00:00	2022-11-04 05:09:35.309695	143	8017	719194	109042507859189544
10129	2022-09-04 00:00:00	2022-11-04 05:27:28.529811	2843	8017	719345	108940629015422115
10131	2022-09-04 00:00:00	2022-11-04 05:27:52.112811	322	8017	719349	108930844950075954
10122	2022-09-06 00:00:00	2022-11-04 05:25:24.448495	125	16733	719321	108951742093505950
10154	2022-09-04 00:00:00	2022-11-04 05:39:27.972447	322	16733	719460	108936571570864664
10162	2022-09-01 00:00:00	2022-11-04 05:48:04.444714	2336	16733	719535	108923745846473103
10166	2022-08-15 00:00:00	2022-11-04 05:57:34.768958	2948	8017	719620	108830146680019603
10182	2022-08-09 00:00:00	2022-11-04 06:11:37.482162	2402	8017	719767	108792598848359482
10190	2022-08-17 00:00:00	2022-11-04 06:23:16.152712	313058	16733	719867	108841767198227363
10198	2022-08-04 00:00:00	2022-11-04 06:31:26.119236	135084	8017	719915	108760212467777238
8006	2022-08-20 17:41:00	2022-10-21 03:56:22.228127	27	11304	574502	108851644178332256
7983	2022-08-29 13:28:00	2022-10-21 03:49:38.289527	27	11304	574027	108906909057160138
10183	2022-08-09 00:00:00	2022-11-04 06:12:26.136732	193	8017	719775	108793493073404133
10181	2022-08-09 00:00:00	2022-11-04 06:09:31.981343	274	8017	719742	108796209120625208
7985	2022-08-29 13:20:00	2022-10-21 03:49:43.007464	27	11304	574034	108906909057160138
7986	2022-08-29 13:19:00	2022-10-21 03:49:45.278254	27	11304	574037	108906909057160138
5055	2022-08-17 00:00:00	2022-10-16 04:25:23.732594	27	7585	466717	108836131033357071
10562	2022-08-12 00:00:00	2022-11-14 11:31:49.758041	27	19735	768955	108810923690666871
5080	2022-08-11 11:22:00	2022-10-16 04:26:47.475912	27	7585	466815	108804738175958513
5102	2022-08-04 23:38:00	2022-10-16 04:28:19.792945	27	7585	466907	108768148223575735
5130	2022-07-29 11:45:00	2022-10-16 04:30:05.853265	27	7585	467021	108731190332757267
7289	2022-07-22 12:42:00	2022-10-19 14:28:20.717788	27	10825	537194	108688814858155588
7308	2022-07-20 12:47:00	2022-10-19 14:33:19.358065	27	10825	537261	108674503868114391
8009	2022-08-19 17:30:00	2022-10-21 03:56:59.341395	27	11304	574540	108851439377659079
7997	2022-08-26 02:29:00	2022-10-21 03:53:39.63216	27	11304	574313	108883707707614939
7998	2022-08-25 09:10:00	2022-10-21 03:53:41.932076	27	11304	574315	108883594660582214
8010	2022-08-19 12:56:00	2022-10-21 03:57:16.024113	27	11304	574560	108850442032069929
8023	2022-08-12 21:57:00	2022-10-21 04:03:27.550887	27	11304	574950	108811279834566814
8027	2022-08-10 17:41:00	2022-10-21 04:04:39.535188	27	11304	575031	108800239458187823
8028	2022-08-10 12:14:00	2022-10-21 04:10:11.445807	27	11304	575218	108798211943189544
10164	2022-09-01 00:00:00	2022-11-04 05:53:04.226274	15890	16733	719576	108923545585455426
10165	2022-08-16 00:00:00	2022-11-04 05:53:09.157523	38544	8017	719577	108835718737509275
10167	2022-08-15 00:00:00	2022-11-04 05:58:13.569027	10707	8017	719625	108830155126773453
10173	2022-08-13 00:00:00	2022-11-04 06:02:57.953252	974	8017	719674	108812056126886396
10169	2022-08-14 00:00:00	2022-11-04 05:59:46.912766	462	8017	719643	108800105014007136
10171	2022-08-28 00:00:00	2022-11-04 06:02:15.141981	150806	16733	719667	108899942644944545
10172	2022-08-14 00:00:00	2022-11-04 06:02:40.097597	63564	8017	719672	108819229625787092
10174	2022-08-12 00:00:00	2022-11-04 06:03:47.576804	11989	8017	719683	108810710733951164
10175	2022-08-12 00:00:00	2022-11-04 06:04:02.937091	5595	8017	719686	108810643858272311
10176	2022-08-11 00:00:00	2022-11-04 06:05:15.21281	3519	8017	719700	108807451291448000
10180	2022-08-27 00:00:00	2022-11-04 06:07:58.305973	13929	16733	719724	108898003282180004
9814	2022-11-02 00:00:00	2022-11-03 19:48:17.201739	16675	16675	716581	109274671576853984
9816	2022-11-01 00:00:00	2022-11-03 19:53:03.198	16675	16675	716598	109269564771174933
9817	2022-11-01 00:00:00	2022-11-03 19:54:46.463291	16675	16675	716606	109269373643382505
9820	2022-10-31 00:00:00	2022-11-03 19:58:39.601838	16675	16675	716619	109263632998521516
9821	2022-10-30 00:00:00	2022-11-03 20:01:04.481923	16675	16675	716627	109260417348565982
9823	2022-10-29 00:00:00	2022-11-03 20:09:24.233115	16675	16675	716661	109255039129501586
9825	2022-09-27 00:00:00	2022-11-03 21:30:56.277473	16675	16675	717008	109068418051576511
9827	2022-07-02 00:00:00	2022-11-03 21:49:05.406949	16675	16675	717071	108575670436737121
9829	2022-07-01 00:00:00	2022-11-03 21:51:21.463296	16675	16675	717081	108575662175393252
9830	2022-07-01 00:00:00	2022-11-03 21:51:31.530965	16675	16675	717082	108575653781764007
9831	2022-07-01 00:00:00	2022-11-03 21:52:43.617213	16675	16675	717088	108575228256732591
9834	2022-07-01 00:00:00	2022-11-03 21:56:06.234345	16675	16675	717102	108567843033562452
9833	2022-07-01 00:00:00	2022-11-03 21:55:46.983938	16675	16675	717101	108570159469802705
9836	2022-06-30 00:00:00	2022-11-03 21:57:20.029861	16675	16675	717107	108570064626856100
9837	2022-06-30 00:00:00	2022-11-03 21:58:16.2779	16675	16675	717110	108364057265875872
9838	2022-06-30 00:00:00	2022-11-03 21:58:29.932873	16675	16675	717111	108569995339916147
9840	2022-06-30 00:00:00	2022-11-03 22:00:25.408204	16675	16675	717117	108567153624391621
9842	2022-06-30 00:00:00	2022-11-03 22:01:20.060983	16675	16675	717120	108567125099324251
9841	2022-06-30 00:00:00	2022-11-03 22:00:51.98329	16675	16675	717118	108567161396895883
9843	2022-06-30 00:00:00	2022-11-03 22:01:49.876964	16675	16675	717121	108564505779237747
9846	2022-06-29 00:00:00	2022-11-03 22:04:29.54236	16675	16675	717131	108561423480443788
9847	2022-06-29 00:00:00	2022-11-03 22:04:54.973902	16675	16675	717132	108561405997156926
9848	2022-06-29 00:00:00	2022-11-03 22:05:11.284066	16675	16675	717133	108561383709096915
9850	2022-06-29 00:00:00	2022-11-03 22:05:57.504971	16675	16675	717136	108561342241289073
9851	2022-06-29 00:00:00	2022-11-03 22:06:23.750955	16675	16675	717138	108559345438976664
9849	2022-06-29 00:00:00	2022-11-03 22:05:36.213041	16675	16675	717135	108561323914921102
9845	2022-06-29 00:00:00	2022-11-03 22:03:44.354942	16675	16675	717128	108561290708584610
9854	2022-06-29 00:00:00	2022-11-03 22:08:28.161043	16675	16675	717146	108551604195196023
9855	2022-06-28 00:00:00	2022-11-03 22:09:15.761487	16675	16675	717148	108553841100656137
9853	2022-06-29 00:00:00	2022-11-03 22:08:01.158206	16675	16675	717144	108558408760768312
9856	2022-06-28 00:00:00	2022-11-03 22:09:45.812939	16675	16675	717149	108556296972064417
9857	2022-06-28 00:00:00	2022-11-03 22:11:01.383907	16675	16675	717153	108558302884574685
9858	2022-06-28 00:00:00	2022-11-03 22:12:49.297515	16675	16675	717162	108555773076120761
9861	2022-06-27 00:00:00	2022-11-03 22:18:40.409369	16675	16675	717191	108551604195196023
9860	2022-06-27 00:00:00	2022-11-03 22:18:24.545278	16675	16675	717190	108553012325189448
9863	2022-06-27 00:00:00	2022-11-03 22:20:09.489244	16675	16675	717195	108551961545426139
9865	2022-06-27 00:00:00	2022-11-03 22:23:17.373963	16675	16675	717207	108550477588677291
9866	2022-06-27 00:00:00	2022-11-03 22:23:30.854677	16675	16675	717208	108550473054660980
9867	2022-06-27 00:00:00	2022-11-03 22:24:02.479399	16675	16675	717209	108550452791872463
9870	2022-06-27 00:00:00	2022-11-03 22:25:22.73352	16675	16675	717212	108550383002920501
9873	2022-06-26 00:00:00	2022-11-03 22:36:13.067457	16675	16675	717252	108541861352696966
9874	2022-06-26 00:00:00	2022-11-03 22:36:26.143481	16675	16675	717253	108541852373996067
9875	2022-06-25 00:00:00	2022-11-03 22:37:23.209289	16675	16675	717258	108541717210666417
9876	2022-06-25 00:00:00	2022-11-03 22:37:38.494088	16675	16675	717259	108541710208513638
9878	2022-06-25 00:00:00	2022-11-03 22:38:15.322477	16675	16675	717261	108541689020827856
9879	2022-06-25 00:00:00	2022-11-03 22:38:40.131931	16675	16675	717263	108541685088880132
9880	2022-06-25 00:00:00	2022-11-03 22:38:58.401135	16675	16675	717264	108541602056435643
9881	2022-06-25 00:00:00	2022-11-03 22:40:57.907512	16675	16675	717272	108541597160476013
9882	2022-06-25 00:00:00	2022-11-03 22:41:13.680917	16675	16675	717273	108541587906662241
9887	2022-06-25 00:00:00	2022-11-03 22:43:13.533444	16675	16675	717280	108541411064591271
9844	2022-06-30 00:00:00	2022-11-03 22:03:10.031934	16675	16675	717126	108388699074850571
9888	2022-06-25 00:00:00	2022-11-03 22:43:23.085064	16675	16675	717281	108541516398408627
9890	2022-06-25 00:00:00	2022-11-03 22:43:54.570645	16675	16675	717283	108540627762405906
9894	2022-06-25 00:00:00	2022-11-03 22:45:27.069038	16675	16675	717289	108540373776902444
9895	2022-06-25 00:00:00	2022-11-03 22:46:17.083919	16675	16675	717291	108541311540134435
9896	2022-06-25 00:00:00	2022-11-03 22:47:11.521146	16675	16675	717295	108541203957425714
9898	2022-06-25 00:00:00	2022-11-03 22:50:04.224859	16675	16675	717310	108538659540466143
9899	2022-06-25 00:00:00	2022-11-03 22:50:32.503267	16675	16675	717312	108538628283001705
9903	2022-06-25 00:00:00	2022-11-03 22:53:14.877004	16675	16675	717323	108538547791485100
10178	2022-08-10 00:00:00	2022-11-04 06:06:02.54481	198	8017	719705	108801783003662845
10177	2022-08-28 00:00:00	2022-11-04 06:05:51.529367	908	16733	719704	108895802611342272
9904	2022-06-25 00:00:00	2022-11-03 22:53:24.915917	16675	16675	717324	108538545418522189
9905	2022-06-25 00:00:00	2022-11-03 22:53:32.63159	16675	16675	717325	108538541302278397
9907	2022-06-25 00:00:00	2022-11-03 22:54:41.472801	16675	16675	717331	108538465273384764
9906	2022-06-25 00:00:00	2022-11-03 22:54:20.988875	16675	16675	717329	108538505679343776
9908	2022-06-24 00:00:00	2022-11-03 22:55:14.442401	16675	16675	717333	108536081900391764
9909	2022-06-24 00:00:00	2022-11-03 22:55:27.049109	16675	16675	717334	108536078994593398
9911	2022-06-24 00:00:00	2022-11-03 22:56:23.040172	16675	16675	717338	108536035570567150
9913	2022-06-24 00:00:00	2022-11-03 22:57:58.785963	16675	16675	717345	108535994415379910
9914	2022-06-24 00:00:00	2022-11-03 22:58:12.988118	16675	16675	717346	108535981823719710
9915	2022-06-24 00:00:00	2022-11-03 22:58:48.921368	16675	16675	717349	108535814998297351
9910	2022-06-24 00:00:00	2022-11-03 22:56:13.42133	16675	16675	717337	108535963058747470
9916	2022-06-24 00:00:00	2022-11-03 22:59:20.413781	16675	16675	717351	108535957663331980
9917	2022-06-24 00:00:00	2022-11-03 22:59:40.341602	16675	16675	717353	108535862130803892
9918	2022-06-24 00:00:00	2022-11-03 23:00:29.382596	16675	16675	717355	108535834690656171
9920	2022-06-24 00:00:00	2022-11-03 23:03:01.230703	16675	16675	717362	108535294285129764
9921	2022-06-24 00:00:00	2022-11-03 23:04:53.538094	16675	16675	717369	108530473076323620
9923	2022-06-23 00:00:00	2022-11-03 23:07:32.473726	16675	16675	717375	108527584248721588
9926	2022-06-23 00:00:00	2022-11-03 23:10:26.951917	16675	16675	717384	108527294280247769
9928	2022-06-23 00:00:00	2022-11-03 23:12:03.013312	16675	16675	717388	108527206443686585
9929	2022-06-23 00:00:00	2022-11-03 23:12:49.468675	16675	16675	717391	108527125939564188
9927	2022-06-23 00:00:00	2022-11-03 23:11:47.977216	16675	16675	717387	108527187865001665
9930	2022-06-23 00:00:00	2022-11-03 23:13:05.29765	16675	16675	717392	108522661264863172
9931	2022-06-22 00:00:00	2022-11-03 23:13:53.76752	16675	16675	717395	108522173581601099
9933	2022-06-22 00:00:00	2022-11-03 23:14:24.587332	16675	16675	717397	108495130466571843
9932	2022-06-22 00:00:00	2022-11-03 23:14:11.072086	16675	16675	717396	108522164149538775
9934	2022-06-22 00:00:00	2022-11-03 23:15:37.650018	16675	16675	717400	108521891002155947
9935	2022-06-22 00:00:00	2022-11-03 23:15:47.088273	16675	16675	717401	108521885586429598
9937	2022-06-22 00:00:00	2022-11-03 23:16:26.95005	16675	16675	717404	108521864490238067
9938	2022-06-22 00:00:00	2022-11-03 23:16:59.476963	16675	16675	717406	108519744303653637
9939	2022-06-22 00:00:00	2022-11-03 23:17:32.613212	16675	16675	717408	108519324913060230
9940	2022-06-22 00:00:00	2022-11-03 23:17:57.420499	16675	16675	717409	108519283128902192
9942	2022-06-22 00:00:00	2022-11-03 23:18:48.001955	16675	16675	717413	108518947735704362
9941	2022-06-22 00:00:00	2022-11-03 23:18:28.79666	16675	16675	717412	108518930010971290
9943	2022-06-21 00:00:00	2022-11-03 23:19:11.28538	16675	16675	717414	108518930010971290
9944	2022-06-21 00:00:00	2022-11-03 23:19:31.496655	16675	16675	717416	108518926300308908
9949	2022-06-21 00:00:00	2022-11-03 23:22:34.509708	16675	16675	717428	108518628788235437
9948	2022-06-21 00:00:00	2022-11-03 23:22:23.237883	16675	16675	717427	108518671662300600
9947	2022-06-21 00:00:00	2022-11-03 23:22:10.123367	16675	16675	717426	108518664539089296
9946	2022-06-21 00:00:00	2022-11-03 23:21:56.622022	16675	16675	717425	108518658363247432
9951	2022-06-21 00:00:00	2022-11-03 23:23:05.043655	16675	16675	717430	108518653742025692
9953	2022-06-21 00:00:00	2022-11-03 23:23:50.311627	16675	16675	717433	108512310917506608
9952	2022-06-21 00:00:00	2022-11-03 23:23:41.808628	16675	16675	717432	108516293803891166
9954	2022-06-21 00:00:00	2022-11-03 23:24:18.713937	16675	16675	717435	108512313098478627
9955	2022-06-21 00:00:00	2022-11-03 23:25:06.545056	16675	16675	717437	108511191832899902
9956	2022-06-17 00:00:00	2022-11-03 23:28:22.395462	16675	16675	717448	108496410065566708
9958	2022-06-17 00:00:00	2022-11-03 23:29:28.221517	16675	16675	717452	108496255729483508
9960	2022-06-17 00:00:00	2022-11-03 23:31:14.488518	16675	16675	717458	108493710625162733
9962	2022-06-17 00:00:00	2022-11-03 23:32:57.541261	16675	16675	717465	108493676524621324
9963	2022-06-17 00:00:00	2022-11-03 23:33:41.541081	16675	16675	717467	108493669262247491
9965	2022-06-17 00:00:00	2022-11-03 23:35:12.760841	16675	16675	717470	108493621318648346
9964	2022-06-17 00:00:00	2022-11-03 23:34:26.286593	16675	16675	717469	108493361536569947
9966	2022-06-17 00:00:00	2022-11-03 23:36:25.585842	16675	16675	717474	108493305400431561
9971	2022-06-16 00:00:00	2022-11-03 23:42:15.396731	16675	16675	717492	108319529442180382
9972	2022-06-16 00:00:00	2022-11-03 23:42:52.671954	16675	16675	717494	108489617953565103
9980	2022-06-15 00:00:00	2022-11-03 23:50:47.389157	16675	16675	717523	108479542173183249
9981	2022-06-15 00:00:00	2022-11-03 23:51:17.834151	16675	16675	717525	108479523038861967
9982	2022-06-14 00:00:00	2022-11-03 23:53:07.84894	16675	16675	717532	108476637291453802
9986	2022-06-14 00:00:00	2022-11-03 23:55:45.290839	16675	16675	717544	108476496432835223
9985	2022-06-14 00:00:00	2022-11-03 23:55:07.426191	16675	16675	717542	108476470924002166
9989	2022-06-14 00:00:00	2022-11-03 23:56:50.992003	16675	16675	717548	108476453488816577
9988	2022-06-14 00:00:00	2022-11-03 23:56:39.038069	16675	16675	717547	108476434573870285
9990	2022-06-14 00:00:00	2022-11-03 23:57:46.119913	16675	16675	717552	108476430668640096
9992	2022-06-14 00:00:00	2022-11-03 23:58:14.432909	16675	16675	717554	108476335791391737
9993	2022-06-14 00:00:00	2022-11-03 23:58:57.592524	16675	16675	717557	108476323927617879
9995	2022-06-14 00:00:00	2022-11-04 00:00:24.600202	16675	16675	717563	108476236301979393
9997	2022-06-14 00:00:00	2022-11-04 00:02:31.712025	16675	16675	717571	108473909171760944
9998	2022-06-12 00:00:00	2022-11-04 00:07:19.608502	16675	16675	717593	108468069421706126
9999	2022-06-12 00:00:00	2022-11-04 00:09:08.184698	16675	16675	717599	108465481829307735
10000	2022-06-12 00:00:00	2022-11-04 00:09:21.584495	16675	16675	717600	108465476299608170
10001	2022-06-12 00:00:00	2022-11-04 00:09:59.725135	16675	16675	717602	108465451964946616
10005	2022-06-11 00:00:00	2022-11-04 00:13:14.39263	16675	16675	717615	108462182065500053
10006	2022-06-11 00:00:00	2022-11-04 00:17:08.864807	16675	16675	717627	108459490750706584
10008	2022-06-10 00:00:00	2022-11-04 00:20:13.544289	16675	16675	717632	108456359751233893
10187	2022-08-21 00:00:00	2022-11-04 06:17:27.285545	9055	16733	719822	108861539132482872
10192	2022-08-17 00:00:00	2022-11-04 06:25:33.820578	173295	16733	719883	108820840065246896
10193	2022-08-17 00:00:00	2022-11-04 06:26:05.736997	36045	16733	719885	108838555809378688
10197	2022-08-05 00:00:00	2022-11-04 06:30:37.761335	68140	8017	719911	108768360146740135
10203	2022-07-30 00:00:00	2022-11-04 06:40:01.722114	10395	8017	719979	108736637514421253
10544	2022-08-31 00:00:00	2022-11-14 06:04:58.75968	27	13332	765996	108917523934541907
10195	2022-08-06 00:00:00	2022-11-04 06:26:31.760642	143654	8017	719887	108776621193596152
10199	2022-08-02 00:00:00	2022-11-04 06:35:13.04439	2064	8017	719939	108753276562390467
10200	2022-07-30 00:00:00	2022-11-04 06:37:39.431817	4036	8017	719957	108737030132874832
10202	2022-07-30 00:00:00	2022-11-04 06:39:38.763079	63451	8017	719976	108736630598526989
10205	2022-07-22 00:00:00	2022-11-04 06:47:24.20558	4053	8017	720026	108691189023189223
10206	2022-08-09 00:00:00	2022-11-04 06:49:49.034107	8871	16733	720041	108791144281589902
10211	2022-08-06 00:00:00	2022-11-04 07:05:27.850651	10561	16733	720157	108768883850283884
10188	2022-08-19 00:00:00	2022-11-04 06:20:57.539952	974	16733	719851	108851835486043894
10194	2022-08-06 00:00:00	2022-11-04 06:26:11.134769	174	8017	719886	108776308290186537
10189	2022-08-08 00:00:00	2022-11-04 06:21:32.360819	5129	8017	719856	108787805969981010
10191	2022-08-17 00:00:00	2022-11-04 06:24:29.269693	206	16733	719878	108840844535246244
10204	2022-07-25 00:00:00	2022-11-04 06:44:43.636907	38570	8017	720009	108702135658520141
10201	2022-07-30 00:00:00	2022-11-04 06:39:23.433126	14051	8017	719974	108736736816930858
10207	2022-08-09 00:00:00	2022-11-04 06:52:00.281004	27843	16733	720054	108791033906407233
10208	2022-07-15 00:00:00	2022-11-04 06:54:17.217152	63780	8017	720070	108652125535488015
10209	2022-08-06 00:00:00	2022-11-04 07:01:10.489528	30031	16733	720125	108767276874395200
10214	2022-07-31 00:00:00	2022-11-04 07:08:55.05109	348685	16733	720196	108742186645625490
10218	2022-06-25 00:00:00	2022-11-04 07:37:58.513351	279	8017	720395	108535213811422728
10216	2022-06-27 00:00:00	2022-11-04 07:20:18.292815	8787	8017	720283	108549832040628343
4466	2022-08-17 09:18:00	2022-10-15 05:25:59.630577	8017	9365	438462	108835233136899426
4468	2022-08-17 09:12:00	2022-10-15 05:26:02.95003	8017	9365	438466	108836474850198129
10084	2022-09-16 00:00:00	2022-11-04 04:54:09.736481	16733	16733	719045	108999651282241391
10118	2022-09-06 00:00:00	2022-11-04 05:22:56.644573	16733	16733	719295	108954696353915092
10219	2022-10-29 00:00:00	2022-11-04 18:36:31.730959	31255	17786	722586	109255139679652437
10220	2022-10-29 00:00:00	2022-11-04 18:36:48.34205	179234	17786	722587	109252427524133207
10221	2022-10-29 00:00:00	2022-11-04 18:37:15.125883	31381	17786	722588	109254773146572701
10223	2022-09-26 00:00:00	2022-11-04 18:49:45.582138	31132	17786	722612	109067952807672459
10224	2022-09-13 00:00:00	2022-11-04 18:58:39.600005	11150	17786	722629	108991600469850599
10225	2022-08-31 00:00:00	2022-11-04 19:03:35.128318	2013	17786	722640	108917279595625706
10226	2022-08-29 00:00:00	2022-11-04 19:05:43.614276	1374	17786	722644	108903114186289605
10227	2022-08-03 00:00:00	2022-11-04 19:14:13.808133	31580	17786	722661	108759345281171766
10258	2022-10-20 00:00:00	2022-11-05 22:14:13.35895	84	18552	729842	109200620108243327
10229	2022-06-20 00:00:00	2022-11-04 19:41:38.022461	537	17786	722756	108510162796076176
10212	2022-07-05 00:00:00	2022-11-04 07:05:58.385094	222	8017	720165	108597575900705559
10210	2022-07-10 00:00:00	2022-11-04 07:03:01.006619	146	8017	720134	108620686922502983
10232	2022-06-18 00:00:00	2022-11-04 19:49:54.798289	7827	17786	722786	108498881851403323
10243	2022-10-27 00:00:00	2022-11-05 22:02:44.181009	742	18552	729765	109235664054707107
10228	2022-07-01 00:00:00	2022-11-04 19:29:03.907647	17786	17786	722701	108572775575399996
10234	2022-11-04 00:00:00	2022-11-05 07:45:38.324607	1445	17778	723108	109286205707099417
10247	2022-10-26 00:00:00	2022-11-05 22:04:24.431551	742	18552	729773	109229475865114720
6178	2022-06-14 00:00:00	2022-10-16 20:00:00.726197	17789	4273	482067	108473867445191373
10237	2022-10-31 00:00:00	2022-11-05 21:57:20.563773	2840	18552	729736	109263438886612795
10239	2022-10-28 00:00:00	2022-11-05 22:01:31.229651	18765	18552	729757	109246493922707712
10241	2022-10-28 00:00:00	2022-11-05 22:02:18.134188	122	18552	729761	109246157265647907
10217	2022-06-26 00:00:00	2022-11-04 07:20:59.884994	125	8017	720289	108546925001710137
10277	2022-09-15 00:00:00	2022-11-05 22:52:57.562063	143	17802	730022	109005313484850517
10249	2022-10-26 00:00:00	2022-11-05 22:05:22.588095	16522	18552	729780	109234807119097733
10250	2022-10-26 00:00:00	2022-11-05 22:05:35.250912	122	18552	729782	109234836441450441
10251	2022-10-26 00:00:00	2022-11-05 22:05:48.77829	14006	18552	729783	109234858686470126
10213	2022-08-05 00:00:00	2022-11-04 07:06:34.017935	146	16733	720175	108773719790592510
10260	2022-10-16 00:00:00	2022-11-05 22:15:17.598863	359157	18552	729850	109178792343685324
10261	2022-10-15 00:00:00	2022-11-05 22:15:43.994379	442386	18552	729853	109170435257180363
10262	2022-10-15 00:00:00	2022-11-05 22:16:02.87021	56840	18552	729854	109170391452894481
10263	2022-10-15 00:00:00	2022-11-05 22:16:18.812391	213332	18552	729856	109170389380531129
10264	2022-10-15 00:00:00	2022-11-05 22:16:44.050247	222454	18552	729859	109170387596972569
10265	2022-10-15 00:00:00	2022-11-05 22:16:56.202533	159	18552	729861	109170350152480294
10266	2022-10-15 00:00:00	2022-11-05 22:17:16.742153	19773	18552	729863	109170760609977942
10267	2022-10-15 00:00:00	2022-11-05 22:17:44.118709	16522	18552	729865	109172656398633478
10268	2022-10-15 00:00:00	2022-11-05 22:18:12.102122	16522	18552	729868	109172660065562302
10269	2022-10-14 00:00:00	2022-11-05 22:19:01.550351	102687	18552	729873	109164728977103768
10270	2022-10-14 00:00:00	2022-11-05 22:19:21.09883	56996	18552	729876	109164664551689103
10272	2022-10-13 00:00:00	2022-11-05 22:19:57.575861	81	18552	729881	109158872381792417
10276	2022-09-15 00:00:00	2022-11-05 22:52:30.528168	62310	17802	730019	109005749916885168
10279	2022-09-15 00:00:00	2022-11-05 22:53:46.658259	2191	17802	730026	108985932210435800
10281	2022-09-02 00:00:00	2022-11-05 23:00:29.926245	4885	17802	730062	108927010229592925
10252	2022-10-22 00:00:00	2022-11-05 22:09:47.802112	146	18552	729811	109208190395217111
10254	2022-10-22 00:00:00	2022-11-05 22:11:17.728669	105	18552	729822	109208457513231587
10238	2022-10-28 00:00:00	2022-11-05 22:01:13.775171	517	18552	729755	109246478393283302
10274	2022-10-13 00:00:00	2022-11-05 22:21:13.502409	84	18552	729889	109161046070083567
10196	2022-08-05 00:00:00	2022-11-04 06:29:23.460714	322	8017	719903	108770193241327561
10215	2022-06-28 00:00:00	2022-11-04 07:14:04.189085	144	8017	720241	108555811799037253
2854	2022-09-20 05:22:00	2022-10-09 03:01:44.047543	27	7630	325715	109028719836468455
10248	2022-10-26 00:00:00	2022-11-05 22:04:40.142197	33	18552	729776	109234563483571459
10271	2022-10-14 00:00:00	2022-11-05 22:19:36.210039	33	18552	729878	109165374035007808
10242	2022-10-27 00:00:00	2022-11-05 22:02:27.030446	900	18552	729763	109240342910250969
10255	2022-10-20 00:00:00	2022-11-05 22:12:26.154603	673	18552	729829	109197640853382607
10244	2022-10-27 00:00:00	2022-11-05 22:03:09.454322	628	18552	729767	109240467533436062
10259	2022-10-16 00:00:00	2022-11-05 22:15:01.15442	102	18552	729848	109178867732783615
10245	2022-10-27 00:00:00	2022-11-05 22:03:36.479984	144	18552	729770	109240689320372022
10236	2022-07-02 00:00:00	2022-11-05 07:48:34.329554	322	17778	723145	108578169580402379
10280	2022-09-12 00:00:00	2022-11-05 22:57:00.506112	322	17802	730043	108985823750049643
10240	2022-10-28 00:00:00	2022-11-05 22:01:45.242076	20597	18552	729758	109246491204624069
10275	2022-09-15 00:00:00	2022-11-05 22:48:15.24015	974	17802	729999	109005937409509656
10284	2022-08-25 00:00:00	2022-11-05 23:05:07.794296	6979	17802	730086	108881634510143489
10282	2022-09-02 00:00:00	2022-11-05 23:01:01.830327	2058	17802	730064	108926994907644184
10286	2022-08-02 00:00:00	2022-11-05 23:11:06.743234	61909	17802	730123	108756517763183226
10283	2022-09-02 00:00:00	2022-11-05 23:01:56.718072	102	17802	730068	108926003298026519
10285	2022-08-19 00:00:00	2022-11-05 23:06:20.228198	23264	17802	730095	108847698893654278
10288	2022-08-02 00:00:00	2022-11-05 23:11:52.859937	360357	17802	730129	108753280745060337
10289	2022-08-02 00:00:00	2022-11-05 23:12:06.033434	416	17802	730131	108752995458522386
10290	2022-07-05 00:00:00	2022-11-05 23:24:49.58694	11675	17802	730210	108595660136838260
10291	2022-10-25 00:00:00	2022-11-06 10:25:45.216989	1634	19071	732795	109227050739449785
10292	2022-10-25 00:00:00	2022-11-06 10:26:21.968376	2569	19071	732800	109220174100443046
10293	2022-10-23 00:00:00	2022-11-06 10:26:57.032277	64376	19071	732804	109213737615297208
10294	2022-10-07 00:00:00	2022-11-06 10:41:17.180311	675	19071	732885	109125199647538734
10295	2022-10-03 00:00:00	2022-11-06 10:42:00.775235	64492	19071	732889	109102422058299320
6164	2022-06-16 14:07:00	2022-10-16 19:55:22.948959	17837	4273	481929	108488168618137857
10297	2022-07-17 00:00:00	2022-11-06 15:09:45.61981	72381	14053	734026	108648855312950098
10298	2022-08-01 00:00:00	2022-11-07 04:23:00.670996	230680	19208	734873	108743324448847963
10299	2022-07-11 00:00:00	2022-11-07 04:24:44.980793	1823	19208	734893	108594727933615582
10300	2022-07-03 00:00:00	2022-11-07 04:25:23.60813	328104	19208	734900	108586808634416624
10301	2022-07-02 00:00:00	2022-11-07 04:25:38.005416	328104	19208	734903	108578041773580774
10354	2022-09-10 00:00:00	2022-11-07 18:37:40.648786	105	9416	740144	108974445607654864
10302	2022-06-28 00:00:00	2022-11-07 04:26:10.412534	19208	19208	734912	108553194979698724
10304	2022-09-27 00:00:00	2022-11-07 07:45:42.584691	645	2943	735588	109024759625530188
10305	2022-10-28 00:00:00	2022-11-07 09:54:49.11123	23809	19191	736184	109246281571484968
10306	2022-10-23 00:00:00	2022-11-07 10:03:24.572938	30808	19191	736283	107978246325583424
10307	2022-10-23 00:00:00	2022-11-07 10:05:00.212919	4517	19191	736296	109218165225048427
10308	2022-10-22 00:00:00	2022-11-07 10:10:44.412978	38145	19191	736340	109209510074236916
10309	2022-10-12 00:00:00	2022-11-07 10:23:05.264134	2191	19191	736477	109117290165260522
10310	2022-10-11 00:00:00	2022-11-07 10:23:37.53693	2577	19191	736482	108183302564676123
10312	2022-10-10 00:00:00	2022-11-07 10:26:12.542167	23222	19191	736506	109144334323219113
10313	2022-09-26 00:00:00	2022-11-07 10:39:38.188981	10561	19191	736666	109065204451103864
10314	2022-09-21 00:00:00	2022-11-07 10:53:41.526591	4048	19191	736794	109034513765748491
10316	2022-11-02 00:00:00	2022-11-07 12:08:39.054008	9423	9416	737440	109274315712138861
10317	2022-11-02 00:00:00	2022-11-07 12:11:49.784381	19250	9416	737464	109274997883263175
7879	2022-06-15 10:00:00	2022-10-20 23:14:35.281933	27	11185	567254	108479241117994346
10319	2022-11-01 00:00:00	2022-11-07 12:17:35.684774	43731	9416	737518	109271981513291426
10320	2022-10-31 00:00:00	2022-11-07 12:30:26.156445	400688	9416	737643	109266070742346581
10321	2022-10-29 00:00:00	2022-11-07 12:44:13.46502	9140	9416	737767	109252209872483226
10322	2022-10-29 00:00:00	2022-11-07 12:46:05.851409	2765	9416	737783	109251948694832300
10323	2022-10-27 00:00:00	2022-11-07 12:52:48.500742	2338	9416	737848	109240804327206526
10324	2022-10-25 00:00:00	2022-11-07 13:04:18.904496	2191	9416	737946	109229061172959213
10325	2022-10-18 00:00:00	2022-11-07 13:35:12.080662	2254	9416	738229	109192593589217814
10326	2022-10-18 00:00:00	2022-11-07 13:40:44.376735	2837	9416	738272	109141328496061981
10328	2022-10-18 00:00:00	2022-11-07 13:44:22.976696	16704	9416	738300	109186820109601511
10330	2022-10-14 00:00:00	2022-11-07 14:30:25.728999	10908	9416	738666	109169894690092554
10331	2022-10-12 00:00:00	2022-11-07 14:42:22.207292	933	9416	738763	109158329888076301
10332	2022-10-09 00:00:00	2022-11-07 14:44:28.693704	19294	9416	738778	109141322244093434
10335	2022-10-03 00:00:00	2022-11-07 15:07:06.629547	2111	9416	738921	109100940013674868
10365	2022-09-01 00:00:00	2022-11-07 20:24:22.053307	306	9416	740421	108654922127038642
10339	2022-08-17 00:00:00	2022-11-07 16:01:16.344958	64033	19213	739284	108839006442378805
10296	2022-07-22 00:00:00	2022-11-06 14:51:55.556562	145	14053	733979	108682228172778904
10311	2022-10-10 00:00:00	2022-11-07 10:26:01.067722	125	19191	736503	109141260186678555
10361	2022-09-02 00:00:00	2022-11-07 20:18:27.129047	125	9416	740410	108929169667583630
10343	2022-09-21 00:00:00	2022-11-07 17:02:46.620033	421372	9416	739672	109037217653714392
10344	2022-09-20 00:00:00	2022-11-07 17:10:25.093107	1344	9416	739713	109028295495900553
10346	2022-09-20 00:00:00	2022-11-07 17:14:05.799422	2254	9416	739732	109027787072593745
10347	2022-09-19 00:00:00	2022-11-07 17:16:08.289067	6563	9416	739739	109025945736745942
10348	2022-09-18 00:00:00	2022-11-07 17:24:05.233083	19248	9416	739777	109017835236754299
10349	2022-09-18 00:00:00	2022-11-07 17:29:00.653834	2948	9416	739800	109014131694674913
10350	2022-09-13 00:00:00	2022-11-07 18:03:44.516799	2254	9416	739972	108982488493146909
10351	2022-09-13 00:00:00	2022-11-07 18:05:48.194644	14623	9416	739983	108991768684487055
10353	2022-07-08 00:00:00	2022-11-07 18:20:32.681159	26430	19213	740061	108612260284922329
10355	2022-09-10 00:00:00	2022-11-07 18:40:32.101662	682	9416	740156	108976971926430252
10357	2022-09-10 00:00:00	2022-11-07 18:50:15.38781	26097	9416	740197	108974818075141038
10358	2022-06-24 00:00:00	2022-11-07 19:06:26.357033	2404	19213	740267	108532874802663598
10359	2022-09-05 00:00:00	2022-11-07 19:10:31.18914	2898	9416	740286	108948984369499138
10360	2022-09-05 00:00:00	2022-11-07 19:21:56.25751	9095	9416	740312	108943146013442543
10362	2022-09-02 00:00:00	2022-11-07 20:21:29.811456	2000	9416	740416	108928854077211553
10363	2022-09-02 00:00:00	2022-11-07 20:22:01.234279	9216	9416	740417	108929182997864692
10364	2022-09-01 00:00:00	2022-11-07 20:23:42.232683	319	9416	740420	108924150494436209
10366	2022-08-31 00:00:00	2022-11-07 20:29:30.298628	84344	9416	740431	108920711607781712
10368	2022-08-26 00:00:00	2022-11-07 21:16:25.149907	63978	9416	740526	108889830934147312
10369	2022-08-24 00:00:00	2022-11-07 21:30:47.980845	2189	9416	740555	108877348827054040
10370	2022-08-19 00:00:00	2022-11-07 21:51:56.994111	10478	9416	740596	108841512586007781
10303	2022-10-15 00:00:00	2022-11-07 07:44:23.158259	805	2943	735568	109169775615233086
10371	2022-08-18 00:00:00	2022-11-07 22:16:35.592967	923	9416	740668	108844356112726286
7480	2022-06-30 11:01:00	2022-10-19 15:08:21.735607	2053	10825	539531	108566895124964543
10373	2022-08-16 00:00:00	2022-11-07 22:38:03.236537	2192	9416	740749	108833456268605694
10374	2022-08-16 00:00:00	2022-11-07 22:40:10.609635	380057	9416	740758	108833256821293899
10375	2022-08-16 00:00:00	2022-11-07 22:40:38.62073	246833	9416	740760	108833230177731069
10376	2022-08-16 00:00:00	2022-11-07 22:41:09.141068	139426	9416	740762	108833248720248812
3481	2022-10-01 20:40:00	2022-10-13 02:08:42.757274	92	8212	367233	109088210436556212
10378	2022-08-13 00:00:00	2022-11-07 22:48:28.945179	12227	9416	740798	108703034143505517
10380	2022-08-12 00:00:00	2022-11-07 22:57:05.619618	9423	9416	740840	108810289023724174
2928	2022-08-28 08:37:00	2022-10-09 03:39:22.812547	89	7630	328451	108347556782598812
10382	2022-08-11 00:00:00	2022-11-07 22:58:59.129061	64882	9416	740851	108805078665148867
10383	2022-08-11 00:00:00	2022-11-07 22:59:38.292405	9423	9416	740855	108804990079787790
10384	2022-08-10 00:00:00	2022-11-07 23:03:24.22454	7321	9416	740873	108659110513264185
10386	2022-08-10 00:00:00	2022-11-07 23:06:10.552608	78270	9416	740889	108799520138548737
10388	2022-08-08 00:00:00	2022-11-07 23:15:43.648579	10599	9416	740936	108788276073139526
10389	2022-08-08 00:00:00	2022-11-07 23:16:06.308734	14404	9416	740938	108788276682222455
10390	2022-08-08 00:00:00	2022-11-07 23:16:27.230937	108513	9416	740940	108788268879983806
10391	2022-08-08 00:00:00	2022-11-07 23:17:37.214009	1928	9416	740948	108787103903500851
10392	2022-08-05 00:00:00	2022-11-07 23:46:05.041698	29908	9416	741105	108773543948731394
10393	2022-08-05 00:00:00	2022-11-07 23:50:26.774034	56055	9416	741130	108773489670895893
10395	2022-08-05 00:00:00	2022-11-07 23:52:19.204513	1608	9416	741137	108773450090965989
10396	2022-08-05 00:00:00	2022-11-07 23:53:03.468906	9423	9416	741141	108770923119171372
10397	2022-08-05 00:00:00	2022-11-07 23:56:07.845018	2222	9416	741157	108770071842463059
10398	2022-08-04 00:00:00	2022-11-07 23:58:04.578046	331465	9416	741165	108761541869509303
10400	2022-08-04 00:00:00	2022-11-07 23:59:05.070568	63695	9416	741169	108765329263037668
10401	2022-08-04 00:00:00	2022-11-07 23:59:29.98928	23980	9416	741171	108759774362585949
10402	2022-08-04 00:00:00	2022-11-08 00:00:06.189107	1613	9416	741173	108763672359614974
10403	2022-08-02 00:00:00	2022-11-08 00:08:20.846546	675	9416	741209	108756455078835085
10404	2022-08-02 00:00:00	2022-11-08 00:10:47.193234	3758	9416	741219	108753585852354536
10405	2022-08-02 00:00:00	2022-11-08 00:12:00.037673	9672	9416	741226	108753584750204503
10406	2022-08-01 00:00:00	2022-11-08 00:13:33.638734	9420	9416	741233	108750870384407958
4527	2022-08-11 10:26:00	2022-10-15 05:30:53.313358	9416	9365	438837	108788517865030603
10315	2022-11-05 00:00:00	2022-11-07 11:56:27.81347	9416	9416	737335	109291866670282887
10318	2022-11-01 00:00:00	2022-11-07 12:15:14.05564	9416	9416	737496	109272018118423976
10329	2022-10-17 00:00:00	2022-11-07 13:51:44.10842	9416	9416	738354	109186846011406215
10327	2022-10-18 00:00:00	2022-11-07 13:43:23.54867	9416	9416	738292	109169827417932215
10333	2022-10-09 00:00:00	2022-11-07 14:46:18.029196	9416	9416	738792	109141695219854164
10334	2022-10-04 00:00:00	2022-11-07 15:03:03.25345	9416	9416	738894	109107242670025988
10336	2022-10-02 00:00:00	2022-11-07 15:10:24.48896	9416	9416	738940	109101856597640287
10338	2022-09-29 00:00:00	2022-11-07 15:34:16.093493	9416	9416	739108	109082372793557309
10340	2022-09-25 00:00:00	2022-11-07 16:46:48.192699	9416	9416	739574	109059611792807925
10341	2022-09-25 00:00:00	2022-11-07 16:51:02.884683	9416	9416	739597	109059428860560963
10342	2022-09-24 00:00:00	2022-11-07 16:52:23.08939	9416	9416	739606	109056604646870264
10352	2022-09-13 00:00:00	2022-11-07 18:10:53.587918	9416	9416	740008	108991437455731272
10356	2022-09-10 00:00:00	2022-11-07 18:46:46.321767	9416	9416	740182	108974883027297517
10367	2022-08-30 00:00:00	2022-11-07 20:31:42.833218	9416	9416	740436	108915066549363687
10372	2022-08-17 00:00:00	2022-11-07 22:22:27.961015	9416	9416	740688	108841456587461348
10377	2022-08-14 00:00:00	2022-11-07 22:45:34.420874	9416	9416	740784	108821863761298722
10385	2022-08-10 00:00:00	2022-11-07 23:05:16.823932	9416	9416	740885	108799512987710134
10387	2022-08-08 00:00:00	2022-11-07 23:14:31.482187	9416	9416	740930	108790396068038486
10394	2022-08-05 00:00:00	2022-11-07 23:51:44.941086	9416	9416	741135	108773466911103525
5237	2022-10-13 09:12:00	2022-10-16 15:04:14.647908	2591	4273	474944	108965544928346424
9374	2022-07-06 00:00:00	2022-10-28 03:55:12.01758	2591	13775	683903	108221491258503668
8936	2022-06-11 08:50:00	2022-10-24 16:58:34.929072	2591	13016	648691	108251672504150040
881	2022-07-28 19:54:00	2022-09-23 07:48:20.808534	161	788	76650	108725851534226028
8132	2022-06-20 13:15:00	2022-10-21 05:23:21.751857	161	11304	577833	108510759655795856
8130	2022-06-20 18:12:00	2022-10-21 05:19:53.455916	161	11304	577757	108510759655795856
2492	2022-09-16 11:37:00	2022-10-04 01:17:53.420129	161	5333	240343	109008533197771946
3584	2022-09-26 21:54:00	2022-10-13 12:54:36.62	161	8374	377384	109067383826365373
4679	2022-07-27 18:02:00	2022-10-15 05:50:05.441913	161	9365	439745	108721261856356384
4791	2022-07-10 14:16:00	2022-10-15 06:04:59.873791	161	9365	440591	108623376100422024
4981	2022-06-11 05:00:00	2022-10-15 18:31:42.767485	161	9463	456866	108456972300815886
6014	2022-07-07 15:18:00	2022-10-16 19:09:24.298444	161	4273	480625	108607606170642031
5484	2022-08-24 23:29:00	2022-10-16 16:17:14.504878	161	4273	477245	108878587491697678
6693	2022-06-11 15:50:00	2022-10-18 19:41:32.214413	161	10804	524079	108457495711574129
6943	2022-09-10 12:56:00	2022-10-19 11:26:24.4939	161	10825	532358	108974747851762030
3631	2022-08-31 22:02:00	2022-10-13 13:04:45.723393	2953	8374	378351	108920522769046057
10407	2022-11-05 00:00:00	2022-11-09 20:24:28.417338	1154	1154	745296	109294283073118184
10408	2022-10-29 00:00:00	2022-11-09 20:27:31.576192	445078	1154	745317	109251876598948378
10409	2022-10-25 00:00:00	2022-11-09 20:28:57.566942	5590	1154	745329	109232500581116197
10410	2022-10-25 00:00:00	2022-11-09 20:29:26.277493	1154	1154	745330	109232001010643080
10411	2022-10-22 00:00:00	2022-11-09 20:31:02.93909	1154	1154	745338	109215006119403353
704	2022-06-13 21:51:00	2022-09-21 14:17:24.706286	363	469	67984	108473315225899814
6738	2022-08-10 15:42:00	2022-10-18 20:08:28.897158	363	10846	524825	108799337065532448
2662	2022-09-29 12:55:00	2022-10-08 16:30:42.954371	230	5526	308122	109082500393311272
8508	2022-09-29 18:41:00	2022-10-23 16:48:02.793545	230	12888	629264	108971665223721609
9758	2022-09-10 00:00:00	2022-11-03 08:59:23.212881	230	16772	714837	108971665223721609
10412	2022-06-29 00:00:00	2022-11-09 20:42:21.589534	545	37	745379	108561521829298705
10415	2022-11-05 00:00:00	2022-11-09 23:15:45.645457	80	1478	746053	109291461747421020
10414	2022-10-30 00:00:00	2022-11-09 23:13:45.268923	19436	166	746044	108614167942855160
2850	2022-09-21 09:50:00	2022-10-09 03:00:57.177586	559	7630	325683	109036634599102299
2701	2022-09-01 23:32:00	2022-10-08 16:36:48.365293	540	5526	308289	108926549325092748
8183	2022-06-18 11:26:00	2022-10-21 06:44:36.819476	540	11313	579848	108499158580132494
10420	2022-07-19 00:00:00	2022-11-10 01:38:36.460439	1000	166	746724	108668612401877772
10421	2022-07-08 00:00:00	2022-11-10 01:46:03.710389	1000	166	746740	108608683641577490
3518	2022-08-05 16:33:00	2022-10-13 03:52:02.493304	166	8224	370529	108771614716072362
3592	2022-09-22 20:01:00	2022-10-13 12:56:00.557041	166	8374	377516	109044517411604062
2963	2022-08-19 18:22:00	2022-10-09 03:46:11.76202	166	7630	329009	108851032169490904
3033	2022-08-09 10:09:00	2022-10-09 04:01:34.942389	166	7630	330183	108791911247338348
2967	2022-08-19 14:29:00	2022-10-09 03:46:36.761447	166	7630	329046	108850639027645908
2984	2022-08-15 07:19:00	2022-10-09 03:51:21.226882	166	7630	329408	108825350814491564
3093	2022-07-28 12:37:00	2022-10-09 09:06:22.858898	166	166	336944	108715793441354418
3231	2022-09-02 09:45:00	2022-10-09 09:17:45.363304	166	6551	338026	108926947098207883
3237	2022-06-15 16:39:00	2022-10-09 09:19:45.170732	166	166	338230	108483302288962346
3221	2022-06-23 23:22:00	2022-10-09 09:16:38.867644	166	166	337899	108529287834241073
3197	2022-06-30 03:13:00	2022-10-09 09:14:44.228198	166	166	337681	108528689870990896
3239	2022-06-13 21:37:00	2022-10-09 09:20:46.745561	166	166	338318	108471854384871245
3447	2022-07-24 14:00:00	2022-10-12 22:22:35.07299	166	8151	360239	108700436814524593
5702	2022-07-31 07:23:00	2022-10-16 17:43:18.793024	166	4273	478953	108736603887545889
4993	2022-09-15 22:26:00	2022-10-16 04:20:41.985925	166	7585	466408	109005620421438627
5033	2022-08-20 23:18:00	2022-10-16 04:23:57.256814	166	7585	466622	108857764109391428
5041	2022-08-19 16:24:00	2022-10-16 04:24:25.346141	166	7585	466656	108851227131724970
5090	2022-08-08 21:06:00	2022-10-16 04:27:15.763891	166	7585	466847	108790218962730084
5101	2022-08-05 14:56:00	2022-10-16 04:28:15.880853	166	7585	466903	108771614716072362
5120	2022-07-30 15:21:00	2022-10-16 04:29:32.860904	166	7585	466985	108736603887545889
5133	2022-07-26 21:55:00	2022-10-16 04:30:28.712899	166	7585	467048	108716285641720084
5021	2022-08-26 19:36:00	2022-10-16 04:23:15.560681	166	7585	466580	108891474063535720
5114	2022-08-01 00:00:00	2022-10-16 04:29:11.701102	166	7585	466960	108744364898112536
5100	2022-08-05 14:58:00	2022-10-16 04:28:13.737515	166	7585	466901	108771199603087718
5139	2022-07-25 18:15:00	2022-10-16 04:30:46.798291	166	7585	467068	108710145070666610
5156	2022-07-16 20:52:00	2022-10-16 04:31:57.512782	166	7585	467152	108659405614990428
5160	2022-07-09 15:20:00	2022-10-16 04:32:45.965477	166	7585	467210	108613890909775143
5297	2022-09-13 17:06:00	2022-10-16 15:21:27.240632	166	4273	475488	108986693742812200
6436	2022-09-26 20:55:00	2022-10-18 18:58:04.202257	166	10804	523697	109066787042503305
9037	2022-06-17 00:00:00	2022-10-26 08:29:35.769116	166	13173	666354	108494793180921144
9009	2022-07-22 00:00:00	2022-10-26 07:57:48.025268	166	13173	665959	108688853625011692
6914	2022-09-12 16:20:00	2022-10-19 11:18:23.69812	166	10825	532057	108986693742812200
7023	2022-08-25 11:23:00	2022-10-19 12:41:22.666026	166	10825	533910	108876697902730203
7083	2022-08-19 12:23:00	2022-10-19 13:13:49.869289	166	10825	534501	108845945473175173
7306	2022-07-20 13:07:00	2022-10-19 14:32:55.482903	166	10825	537256	108676282866999036
7450	2022-07-02 15:21:00	2022-10-19 15:03:19.673876	166	10825	539123	108553775524036383
7966	2022-09-19 17:09:00	2022-10-21 03:34:05.684027	166	11304	573142	109027093657941397
9493	2022-08-04 00:00:00	2022-10-30 00:23:37.733094	166	12630	691737	108767033745340323
10416	2022-10-29 00:00:00	2022-11-09 23:24:28.524909	166	166	746120	109248653345772934
6972	2022-09-02 12:31:00	2022-10-19 11:52:42.077292	166	10825	533148	108929654915967182
1370	2022-08-14 15:17:00	2022-09-27 02:43:30.540745	166	146	102881	108802196660070960
7975	2022-09-01 19:47:00	2022-10-21 03:42:27.204025	166	11304	573687	108782157353047208
7981	2022-08-31 05:49:00	2022-10-21 03:48:31.632076	166	11304	573953	108782157353047208
7733	2022-08-04 23:54:00	2022-10-20 15:37:58.641574	166	11178	561057	108767986546810422
9000	2022-08-04 00:00:00	2022-10-26 07:50:30.496902	166	13173	665873	108767899827004419
10418	2022-07-28 00:00:00	2022-11-10 01:33:29.669355	166	166	746708	108715793441354418
506	2022-07-17 13:13:00	2022-09-18 19:40:51.296286	166	415	42771	108660340181186194
10422	2022-06-23 00:00:00	2022-11-10 01:53:30.460152	166	166	746762	108529287834241073
3341	2022-09-03 12:01:00	2022-10-11 03:47:49.07621	515	5315	352289	108935104394053110
10423	2022-06-12 00:00:00	2022-11-10 02:00:07.886905	27	166	746783	108465265652745585
429	2022-06-25 17:33:00	2022-09-18 05:58:27.557215	390	953	38720	108539010233289657
431	2022-06-24 22:17:00	2022-09-18 05:58:37.412523	390	953	38727	108535597152925045
10586	2022-10-07 00:00:00	2022-12-03 03:54:02.773447	19506	733	863624	109130356546102025
7016	2022-08-26 11:33:00	2022-10-19 12:34:35.505814	138	10825	533801	108882729869979666
10230	2022-06-20 00:00:00	2022-11-04 19:42:44.006462	138	17786	722760	108441312855141073
436	2022-06-21 13:41:00	2022-09-18 05:59:06.024918	390	953	38746	108516285540164467
439	2022-06-12 21:51:00	2022-09-18 05:59:18.050285	390	953	38754	108467526940213717
440	2022-06-11 22:50:00	2022-09-18 05:59:20.448313	390	953	38756	108460882336686302
585	2022-08-05 21:26:00	2022-09-19 10:25:35.783817	390	199	53375	108770723860609897
4152	2022-10-12 18:26:00	2022-10-15 04:55:04.009147	110	9365	436259	109157096809705909
4157	2022-10-12 13:10:00	2022-10-15 04:55:23.777067	110	9365	436285	109155868310007134
4225	2022-09-27 15:50:00	2022-10-15 05:00:14.143996	110	9365	436613	109066004402378662
3990	2022-08-09 08:16:00	2022-10-14 13:53:14.424893	110	8760	418664	108792655504993833
10585	2022-09-08 00:00:00	2022-12-03 03:15:35.589187	2843	2843	863273	108963615659618437
10587	2022-08-08 00:00:00	2022-12-03 05:19:57.30697	685	733	864260	108787569588912429
10588	2022-07-02 00:00:00	2022-12-03 13:37:34.220907	12797	20702	865740	108580212162988909
10590	2022-08-25 00:00:00	2022-12-05 10:26:48.30495	908	20748	870787	108884367454060500
113	2022-08-23 09:07:00	2022-09-16 00:53:45.029148	125	184	3741	108872076687600265
115	2022-08-12 21:29:00	2022-09-16 00:54:08.404723	125	184	3750	108812723562199867
2110	2022-07-11 18:12:00	2022-09-29 18:04:05.708654	125	4248	180948	108630703322867447
10589	2022-12-02 00:00:00	2022-12-05 07:54:41.908463	20748	20748	870198	109447709995002789
10424	2022-10-28 00:00:00	2022-11-10 04:27:38.008517	166	2105	747326	109248653345772934
10425	2022-10-26 00:00:00	2022-11-10 04:32:56.981313	2109	2105	747402	109226514341821313
10596	2022-09-26 00:00:00	2022-12-08 20:48:55.979302	367	367	889120	109067452727847509
6260	2022-08-04 12:13:00	2022-10-17 09:51:50.597696	125	10178	496750	108765198817010611
6271	2022-07-07 10:23:00	2022-10-17 11:22:21.048486	125	10178	499469	108606248659704619
10428	2022-10-13 00:00:00	2022-11-10 04:51:04.509691	19450	2105	747707	108749199812130193
10429	2022-10-12 00:00:00	2022-11-10 04:57:47.493124	140	2105	747818	109150547146185882
10430	2022-10-06 00:00:00	2022-11-10 05:05:16.049021	265	265	747935	109111481122801983
950	2022-07-06 19:35:00	2022-09-23 14:03:09.103829	279	222	79968	108602637115890339
951	2022-07-06 19:31:00	2022-09-23 14:03:09.944149	279	222	79969	108602748583870854
6681	2022-06-11 16:45:00	2022-10-18 19:39:00.829257	125	10804	524039	108460512334450945
6764	2022-07-24 18:46:00	2022-10-18 20:16:37.521304	125	10846	525076	108704016701299884
6859	2022-09-28 13:20:00	2022-10-19 10:29:19.749653	125	10825	530782	109076333635045543
8366	2022-10-17 15:19:00	2022-10-23 11:01:39.167	125	12888	624154	109185216058562786
10432	2022-09-09 00:00:00	2022-11-10 05:20:19.264287	19455	2105	748183	108970332651371447
2770	2022-08-03 19:35:00	2022-10-08 17:11:06.852094	19444	1772	310754	108761550738094341
2779	2022-06-23 21:12:00	2022-10-08 17:21:29.81777	19444	1772	311482	108529758434318905
6926	2022-09-12 13:06:00	2022-10-19 11:20:11.79793	125	10825	532123	108986300751931358
6961	2022-09-07 00:00:00	2022-10-19 11:39:50.650402	125	10825	532852	108954425597593127
10426	2022-10-23 00:00:00	2022-11-10 04:36:04.969439	2105	2105	747454	109212931209443757
7019	2022-08-25 20:30:00	2022-10-19 12:37:44.381094	125	10825	533851	108884485228819993
3508	2022-06-22 07:39:00	2022-10-13 02:29:13.437192	416	8212	368015	108520869927419904
3509	2022-06-22 07:35:00	2022-10-13 02:29:22.973363	416	8212	368023	108520907732882757
1931	2022-06-21 18:39:00	2022-09-29 12:42:38.171424	416	4238	170370	108517807095134224
2127	2022-07-06 23:40:00	2022-09-29 18:10:47.02256	416	4248	181411	108603244181294126
2209	2022-08-24 10:30:00	2022-09-29 20:33:44.941455	416	4333	186533	108849868970130142
2215	2022-08-16 13:06:00	2022-09-29 20:37:42.751261	416	4333	186766	108833445189299097
2218	2022-08-10 11:10:00	2022-09-29 20:38:34.258693	416	4333	186824	108795753238389715
2270	2022-08-26 10:41:00	2022-09-29 21:51:56.003991	416	4626	188018	108888860234278352
2271	2022-08-03 14:29:00	2022-09-29 21:53:05.753699	416	4626	188184	108758723780934126
3797	2022-08-10 12:13:00	2022-10-13 19:53:27.635846	416	8415	393245	108799306915608974
3802	2022-07-30 08:59:00	2022-10-13 19:58:46.014442	416	8415	393501	108736376532889178
2564	2022-09-15 08:35:00	2022-10-07 06:02:12.656015	416	6126	267782	109002161755262968
8168	2022-08-10 11:10:00	2022-10-21 05:52:15.877902	416	11313	578639	108798456258421586
2652	2022-10-05 15:04:00	2022-10-08 16:29:57.463051	416	5526	308091	109116808884979614
4360	2022-09-05 11:38:00	2022-10-15 05:14:50.364131	416	9365	437639	108946241095513687
2785	2022-06-10 18:33:00	2022-10-08 18:34:04.634282	416	6956	316009	108453686065486279
8173	2022-07-28 18:19:00	2022-10-21 06:01:57.103623	416	11313	578847	108725050522725001
8174	2022-07-28 11:05:00	2022-10-21 06:02:03.583371	416	11313	578849	108725491301806943
2930	2022-08-27 19:09:00	2022-10-09 03:39:33.063058	416	7630	328464	108897125560666052
2943	2022-08-25 07:57:00	2022-10-09 03:41:38.644676	416	7630	328634	108880278837392318
3080	2022-09-05 16:27:00	2022-10-09 09:05:17.994035	416	7785	336885	108947635697666240
3088	2022-09-02 14:37:00	2022-10-09 09:06:08.533421	416	7785	336933	108929494594707047
10431	2022-09-24 00:00:00	2022-11-10 05:14:45.252409	143	2105	748088	109055693098335956
10593	2022-06-14 00:00:00	2022-12-08 01:10:28.930919	5105	5105	880502	108479180761368173
10594	2022-08-07 00:00:00	2022-12-08 04:47:14.601677	12031	20838	881240	108784834509039262
10595	2022-11-01 00:00:00	2022-12-08 19:25:19.5623	143	21083	887136	109268572574999098
10597	2022-10-09 00:00:00	2022-12-08 22:12:43.925279	13215	21098	891095	109141619771282964
778	2022-08-26 08:17:00	2022-09-23 04:41:44.139609	367	367	76056	108889096362477437
781	2022-08-24 10:18:00	2022-09-23 04:42:54.404873	367	367	76141	108878203338121844
757	2022-08-30 22:15:00	2022-09-23 04:39:41.019195	367	367	75884	108915057340509462
789	2022-08-21 23:04:00	2022-09-23 04:44:59.501306	367	367	76267	108818240707930215
863	2022-08-03 08:54:00	2022-09-23 07:47:24.301447	367	788	76608	108759028314252912
864	2022-08-03 08:26:00	2022-09-23 07:47:25.499624	367	788	76609	108758905180198741
868	2022-08-02 20:22:00	2022-09-23 07:47:37.456907	367	788	76616	108756079775014924
869	2022-08-02 19:09:00	2022-09-23 07:47:39.603633	367	788	76618	108755792819294295
870	2022-08-02 18:59:00	2022-09-23 07:47:43.261787	367	788	76620	108755754923747517
872	2022-08-02 18:48:00	2022-09-23 07:47:46.665157	367	788	76623	108755607131664571
874	2022-08-02 18:06:00	2022-09-23 07:47:50.059391	367	788	76626	108755498031858660
875	2022-08-02 17:00:00	2022-09-23 07:47:52.463147	367	788	76627	108755281958116495
877	2022-08-02 15:02:00	2022-09-23 07:47:58.3202	367	788	76632	108754665370422888
878	2022-08-02 14:51:00	2022-09-23 07:47:59.887067	367	788	76633	108754776730072508
909	2022-07-11 17:52:00	2022-09-23 07:52:01.680573	367	788	76796	108630506814276396
839	2022-08-07 22:28:00	2022-09-23 07:45:55.380639	367	788	76551	108784384352742694
848	2022-08-04 14:00:00	2022-09-23 07:46:42.231978	367	788	76574	108765902433091170
854	2022-08-03 18:21:00	2022-09-23 07:47:06.243742	367	788	76593	108761243208838791
1583	2022-08-15 14:09:00	2022-09-27 08:37:46.626659	367	2155	111598	108828219981783827
742	2022-09-12 22:39:00	2022-09-23 04:37:18.525796	367	367	75596	108988715840201176
889	2022-07-26 21:16:00	2022-09-23 07:49:07.062206	367	788	76673	108714376792838288
10598	2022-09-12 00:00:00	2022-12-08 22:28:50.195168	1611	21098	891524	108983668434219174
10599	2022-09-12 00:00:00	2022-12-08 22:29:01.470121	7642	21098	891527	108986996275061530
2535	2022-09-27 11:59:00	2022-10-05 22:31:13.089562	340	5467	241957	109070952622115441
2571	2022-08-28 14:42:00	2022-10-07 06:45:13.611092	340	6161	270127	108901960838101719
1779	2022-06-14 20:46:00	2022-09-27 08:49:05.660828	300	2155	112134	108478721125717062
269	2022-07-26 11:49:00	2022-09-17 10:08:51.623649	160	365	22552	108714399365089087
291	2022-07-08 16:33:00	2022-09-17 10:11:02.721593	160	365	22632	108613605670674803
10600	2022-06-16 00:00:00	2022-12-08 23:13:22.596194	27	21098	892490	108487673512460517
4995	2022-09-13 22:50:00	2022-10-16 04:20:46.514915	102	7585	466414	108994029779635249
4986	2022-10-08 10:42:00	2022-10-16 04:20:08.203715	102	7585	466366	109127310326066369
4989	2022-09-24 19:25:00	2022-10-16 04:20:27.525069	102	7585	466391	109053462091089262
5154	2022-07-17 18:37:00	2022-10-16 04:31:48.500813	102	7585	467141	108664330803729518
7520	2022-06-21 19:40:00	2022-10-19 15:17:59.986152	102	10825	540044	108517881148420044
5324	2022-09-11 08:19:00	2022-10-16 15:28:17.126175	416	4273	475722	108979502780906882
6228	2022-07-30 15:39:00	2022-10-17 04:54:58.115872	416	10218	491185	108737839320134412
5497	2022-08-24 13:08:00	2022-10-16 16:21:24.136945	416	4273	477394	108878359170479224
6500	2022-08-21 13:05:00	2022-10-18 19:12:35.233978	416	10804	523778	108861066818235314
6501	2022-08-21 13:02:00	2022-10-18 19:12:40.58653	416	10804	523779	108861183375360820
6590	2022-07-19 07:00:00	2022-10-18 19:26:23.992664	416	10804	523898	108673344902934356
6591	2022-07-19 06:58:00	2022-10-18 19:26:30.553433	416	10804	523899	108673352090431697
9081	2022-06-29 14:51:00	2022-10-26 21:24:48.980676	416	12967	674418	108562184436089144
8870	2022-08-09 09:36:00	2022-10-24 10:10:01.088999	416	12959	643204	108793173849729360
7059	2022-08-20 22:27:00	2022-10-19 13:04:46.255623	416	10825	534284	108851853079340122
9436	2022-09-03 00:00:00	2022-10-28 23:12:37.465003	416	13807	687057	108935014999566243
7630	2022-09-21 14:12:00	2022-10-20 03:07:22.550131	416	11021	545171	109037484774025149
9253	2022-10-12 00:00:00	2022-10-27 21:51:39.622105	416	13351	682230	109155757383372458
606	2022-08-24 12:31:00	2022-09-19 10:29:44.431173	143	358	53581	108875798837350450
1837	2022-08-04 10:57:00	2022-09-27 19:10:18.28611	143	908	119258	108762592780826840
1848	2022-07-09 22:38:00	2022-09-27 19:14:29.097789	143	908	119525	108620704771600678
10427	2022-10-21 00:00:00	2022-11-10 04:41:23.508302	2105	2105	747531	109206955965891352
10433	2022-07-31 00:00:00	2022-11-10 06:19:27.896899	2105	2105	748862	108739978022015595
4158	2022-10-12 13:04:00	2022-10-15 04:55:24.990398	326	9365	436286	109155884020311511
10436	2022-07-10 00:00:00	2022-11-10 11:11:10.542028	19479	2071	751024	108625834585117900
4155	2022-10-12 13:17:00	2022-10-15 04:55:20.893189	326	9365	436280	109155794017795078
4162	2022-10-12 11:16:00	2022-10-15 04:55:31.870463	326	9365	436297	109155720480392293
4302	2022-09-15 19:21:00	2022-10-15 05:09:25.481288	326	9365	437232	109002958087101729
10584	2022-06-13 00:00:00	2022-12-02 22:46:15.95243	695	20615	861050	108473455140392389
10441	2022-11-09 00:00:00	2022-11-10 13:42:17.8871	226367	19243	751584	109311869615259887
10442	2022-11-09 00:00:00	2022-11-10 13:42:38.325515	842	19243	751586	109311887436344118
10443	2022-11-07 00:00:00	2022-11-10 13:52:36.161067	11634	19243	751659	109303461897172911
10444	2022-08-23 00:00:00	2022-11-10 14:38:08.392741	13689	19243	751895	108872627125255831
10445	2022-11-08 00:00:00	2022-11-10 14:50:11.856374	55320	174	751943	109308587818840309
10446	2022-11-06 00:00:00	2022-11-10 14:51:20.845446	2008	174	751950	109286850460304534
10449	2022-10-28 00:00:00	2022-11-10 14:57:59.074252	418	174	751993	109242724735311535
10450	2022-10-27 00:00:00	2022-11-10 14:58:44.678035	271	174	751999	109243391007854033
10455	2022-10-20 00:00:00	2022-11-10 15:08:41.862512	1292	174	752057	109201201020167096
10601	2022-08-04 00:00:00	2022-12-09 00:13:04.828347	695	695	893204	108767761808303317
10457	2022-10-17 00:00:00	2022-11-10 15:18:57.855901	2168	174	752130	109181643181356258
10459	2022-10-15 00:00:00	2022-11-10 15:21:13.221179	245265	174	752148	109174260624929189
10460	2022-10-15 00:00:00	2022-11-10 15:21:49.097854	230	174	752153	109164542767539021
10461	2022-10-15 00:00:00	2022-11-10 15:22:14.002812	19773	174	752156	109168884814134469
10462	2022-10-12 00:00:00	2022-11-10 15:26:55.26523	1292	174	752194	109153074042827764
10463	2022-10-11 00:00:00	2022-11-10 15:27:58.125207	730	174	752204	109145531724549273
10464	2022-10-10 00:00:00	2022-11-10 15:30:30.79847	932	174	752225	109141811568513842
10465	2022-07-25 00:00:00	2022-11-10 15:30:40.349409	19243	19243	752226	108706562186723926
10466	2022-10-09 00:00:00	2022-11-10 15:34:33.67347	652	174	752259	109141620830484679
10467	2022-10-05 00:00:00	2022-11-10 15:42:46.221183	290974	174	752328	109000412550954070
10468	2022-10-05 00:00:00	2022-11-10 15:43:13.053781	932	174	752332	109116513867619176
10469	2022-10-04 00:00:00	2022-11-10 15:45:13.446279	1884	174	752351	109113405774837348
8226	2022-06-24 23:37:00	2022-10-22 01:27:53.3779	410	10916	594031	108533958950425565
7191	2022-08-06 12:05:00	2022-10-19 14:03:58.705468	410	10825	536031	108776678152917576
10451	2022-10-26 00:00:00	2022-11-10 15:00:40.260121	1862	174	752010	109235437070220140
10471	2022-10-06 00:00:00	2022-11-10 16:11:31.300349	19496	730	752428	109117745817849410
1480	2022-09-16 16:23:00	2022-09-27 08:31:54.392275	281	2155	111307	109009943990166014
1627	2022-08-04 13:41:00	2022-09-27 08:39:35.268712	281	2155	111707	108765829895410611
1736	2022-07-07 23:52:00	2022-09-27 08:44:54.455802	281	2155	111961	108589741421096843
659	2022-07-23 12:47:00	2022-09-21 14:10:20.395406	366	469	67481	108697288481667866
887	2022-07-26 21:50:00	2022-09-23 07:48:57.100464	366	788	76669	108716771046380491
10454	2022-10-20 00:00:00	2022-11-10 15:08:27.252998	28	174	752055	109201386080109239
449	2022-09-11 10:32:00	2022-09-18 13:36:41.47866	33	987	41758	108980143334162918
6838	2022-10-11 17:09:00	2022-10-19 10:06:56.612931	33	10825	530123	109138285935693717
10437	2022-09-13 00:00:00	2022-11-10 11:19:06.250569	147	105	751081	108986517097643601
10439	2022-08-26 00:00:00	2022-11-10 11:34:14.709574	147	105	751161	108890017680553337
10440	2022-07-19 00:00:00	2022-11-10 12:11:05.380543	147	105	751251	108674225201772672
1565	2022-08-18 17:24:00	2022-09-27 08:36:30.657289	105	2155	111548	108845798399686009
1184	2022-09-19 13:09:00	2022-09-26 19:57:48.750103	105	805	99021	109026102593891920
6835	2022-10-12 12:33:00	2022-10-19 10:04:37.353564	105	10825	530076	109156208304546552
7233	2022-08-02 12:29:00	2022-10-19 14:13:57.04593	105	10825	536479	108753964415221069
7736	2022-07-31 17:33:00	2022-10-20 15:38:18.209171	105	11178	561065	108736545322235317
10447	2022-11-05 00:00:00	2022-11-10 14:52:29.598274	93	174	751960	109291847954226184
292	2022-07-07 22:17:00	2022-09-17 10:11:05.687808	365	365	22635	108609284860969714
1628	2022-08-04 05:57:00	2022-09-27 08:39:36.525302	365	2155	111709	108763962018584919
1720	2022-07-11 18:47:00	2022-09-27 08:43:47.389567	365	2155	111925	108631046834532114
1987	2022-09-11 01:06:00	2022-09-29 17:41:13.317837	365	4248	178820	108297171861586625
10453	2022-10-20 00:00:00	2022-11-10 15:08:10.649186	174	174	752053	109200675407831548
793	2022-09-15 22:34:00	2022-09-23 07:41:03.33148	222	788	76328	109003395849721011
945	2022-07-16 15:34:00	2022-09-23 14:00:41.156808	222	222	79843	108655980260559209
2097	2022-07-22 17:27:00	2022-09-29 17:59:36.722539	222	4248	180507	108693043843126626
10184	2022-08-09 00:00:00	2022-11-04 06:14:31.081333	33	8017	719796	108790773157867108
10448	2022-10-29 00:00:00	2022-11-10 14:55:30.731246	35	174	751977	109254765336670855
10452	2022-10-23 00:00:00	2022-11-10 15:06:09.535774	667	174	752042	109215935321611637
946	2022-07-10 17:19:00	2022-09-23 14:01:50.971137	222	222	79903	108621509032556714
7752	2022-07-04 19:54:00	2022-10-20 15:44:41.595013	105	11178	561194	108591369515810490
7761	2022-06-29 20:46:00	2022-10-20 15:47:22.858936	105	11178	561239	108563313709738460
272	2022-07-24 13:03:00	2022-09-17 10:09:11.184159	1378	365	22560	108699185516464105
9635	2022-08-21 00:00:00	2022-11-01 23:01:05.761871	520	15009	705914	108805089440973901
956	2022-06-30 12:15:00	2022-09-23 14:04:14.073625	222	222	80026	108564952404195409
957	2022-06-28 03:02:00	2022-09-23 14:04:42.412267	222	222	80053	108553266077838949
4512	2022-08-12 06:32:00	2022-10-15 05:29:58.081311	222	9365	438761	108807684628980483
8204	2022-08-11 21:17:00	2022-10-21 23:17:31.84531	222	10916	593138	108800531055650499
9405	2022-07-08 00:00:00	2022-10-28 21:02:25.865411	222	13803	686057	108609340628753907
9683	2022-08-23 00:00:00	2022-11-02 17:32:26.386255	222	16661	709770	108869891398506685
106	2022-09-07 23:26:00	2022-09-16 00:53:03.524034	178	184	3715	108937821337062195
266	2022-07-29 09:42:00	2022-09-17 10:08:34.843224	178	365	22543	108730912617572986
398	2022-07-13 23:35:00	2022-09-18 05:20:03.863012	178	309	38293	108636882266721820
1408	2022-06-23 20:33:00	2022-09-27 04:12:40.7469	178	232	106434	108529478454816561
1523	2022-09-01 22:00:00	2022-09-27 08:34:19.782463	178	2155	111411	108926315049965607
901	2022-07-20 17:29:00	2022-09-23 07:50:32.506439	178	788	76722	108586340293419371
1062	2022-06-12 21:34:00	2022-09-26 00:14:32.020992	178	1549	86327	108467314750688195
1564	2022-08-19 23:14:00	2022-09-27 08:36:25.239727	178	2155	111543	108852749426820075
1927	2022-07-11 20:14:00	2022-09-29 12:42:15.993821	211	4238	170353	108629852310258363
416	2022-07-21 11:08:00	2022-09-18 05:57:23.238032	211	953	38681	108685924925156166
2621	2022-08-08 20:47:00	2022-10-07 23:19:43.769076	211	6564	289366	108790087787114948
6030	2022-07-04 14:15:00	2022-10-16 19:17:07.763089	211	4273	480717	108573307827239452
6709	2022-09-25 14:35:00	2022-10-18 19:55:32.925807	211	10846	524416	109060463195630436
1972	2022-09-18 13:47:00	2022-09-29 17:24:33.805918	178	4248	177720	109019314384103135
5140	2022-07-23 20:56:00	2022-10-16 04:30:59.041077	199	7585	467079	108699565564821875
5168	2022-06-25 23:20:00	2022-10-16 04:34:09.832807	199	7585	467301	108541544727391308
619	2022-07-24 16:39:00	2022-09-20 00:51:37.599935	464	800	66014	108703266520172562
621	2022-07-23 15:53:00	2022-09-20 00:51:38.384301	464	800	66021	108697312248939875
510	2022-08-09 11:47:00	2022-09-18 22:49:45.757685	464	366	43097	108793689340667023
6209	2022-06-17 16:44:00	2022-10-16 23:29:11.405954	464	788	487479	108494727897563617
512	2022-08-03 15:20:00	2022-09-18 22:50:06.010356	464	366	43128	108760542108856359
406	2022-08-24 16:47:00	2022-09-18 05:56:26.377575	424	953	38642	108879710823150551
721	2022-06-15 15:18:00	2022-09-22 13:13:30.270094	424	1293	70525	108483095285379635
6806	2022-09-26 12:42:00	2022-10-19 08:24:05.925614	424	10952	527708	109026666303547906
3906	2022-07-12 23:25:00	2022-10-14 01:03:58.675919	358	8575	401326	108630632239588413
256	2022-08-07 15:45:00	2022-09-17 10:07:36.063923	27	365	22515	108782590592287127
1910	2022-08-30 23:17:00	2022-09-29 11:55:51.926234	27	4214	168563	108914765566995707
1911	2022-08-19 17:13:00	2022-09-29 11:56:55.060477	27	4214	168618	108850929644368155
1371	2022-08-14 11:06:00	2022-09-27 02:43:32.233029	27	146	102882	108821201066287577
1914	2022-07-30 11:43:00	2022-09-29 11:59:42.162884	27	4214	168914	108730895847184204
1917	2022-06-29 10:37:00	2022-09-29 12:02:09.505905	27	4214	169161	108556822954237997
1921	2022-09-22 12:49:00	2022-09-29 12:07:31.790177	27	4237	169493	109043072164986329
1924	2022-09-22 12:40:00	2022-09-29 12:07:34.541168	27	4237	169499	109043042159574354
8095	2022-07-09 00:00:00	2022-10-21 04:58:43.893833	27	11304	576963	108614694747978502
5285	2022-09-15 06:03:00	2022-10-16 15:18:23.310887	199	4273	475391	109000332901223125
5942	2022-07-15 14:26:00	2022-10-16 18:47:36.157154	199	4273	480232	108643438802090872
5945	2022-07-15 05:47:00	2022-10-16 18:49:16.990222	199	4273	480253	108649280625205817
5385	2022-09-02 15:06:00	2022-10-16 15:49:24.937302	199	4273	476270	108926307557243181
6549	2022-08-06 05:23:00	2022-10-18 19:20:24.584345	199	10804	523835	108773321794628915
1097	2022-08-15 10:51:00	2022-09-26 18:09:19.807067	461	246	94004	108827418948787227
6230	2022-07-10 13:11:00	2022-10-17 04:57:57.6647	461	10218	491283	108623643308065425
7432	2022-07-04 12:55:00	2022-10-19 15:00:39.298607	199	10825	538926	108590073340117680
9479	2022-09-16 00:00:00	2022-10-29 23:38:20.760714	199	12630	691570	109000332901223125
2962	2022-08-19 18:37:00	2022-10-09 03:46:05.420584	358	7630	329000	108845462842324463
3038	2022-08-09 06:23:00	2022-10-09 04:02:04.715282	358	7630	330223	108790318500561285
2957	2022-08-22 13:12:00	2022-10-09 03:44:09.665216	358	7630	328852	108864996822548961
3023	2022-08-10 08:01:00	2022-10-09 03:59:19.188829	358	7630	330034	108796933555416068
3037	2022-08-09 06:24:00	2022-10-09 04:02:02.935581	358	7630	330221	108788784605178755
4649	2022-07-31 07:24:00	2022-10-15 05:46:46.669174	358	9365	439564	108710024407776687
4650	2022-07-31 07:23:00	2022-10-15 05:46:49.501099	358	9365	439567	108710024407776687
8205	2022-08-11 07:43:00	2022-10-21 23:18:57.522298	358	10916	593149	108803569326763809
8250	2022-07-28 16:11:00	2022-10-22 16:17:32.677205	358	12844	610345	108726762136204300
9607	2022-10-01 00:00:00	2022-11-01 06:25:55.651865	27	14998	701472	109090791947736659
9648	2022-08-23 00:00:00	2022-11-02 01:16:08.776633	27	15018	706911	108875639119073616
10163	2022-08-16 00:00:00	2022-11-04 05:51:26.089256	27	8017	719560	108835790554897005
8054	2022-07-30 18:25:00	2022-10-21 04:31:41.820308	27	11304	576010	108730895847184204
8057	2022-07-29 17:40:00	2022-10-21 04:32:28.928222	27	11304	576045	108636743295734643
8980	2022-08-26 00:00:00	2022-10-26 07:34:02.534501	27	13173	665708	108889292289145835
8066	2022-07-21 21:38:00	2022-10-21 04:41:41.848173	27	11304	576367	108688198276344250
8067	2022-07-21 21:23:00	2022-10-21 04:41:48.499822	27	11304	576373	108688198276344250
8985	2022-08-17 00:00:00	2022-10-26 07:40:42.140973	27	13173	665772	108841454133872259
9751	2022-09-10 00:00:00	2022-11-03 08:56:45.569217	27	16772	714826	108971519018667175
9752	2022-09-10 00:00:00	2022-11-03 08:57:00.065273	27	16772	714827	108971521622125558
10161	2022-09-01 00:00:00	2022-11-04 05:45:17.764909	27	16733	719512	108920083960364824
10168	2022-08-15 00:00:00	2022-11-04 05:58:47.09319	27	8017	719631	108828240841851593
10170	2022-08-14 00:00:00	2022-11-04 06:01:26.144291	27	8017	719658	108821201066287577
10142	2022-09-05 00:00:00	2022-11-04 05:33:06.857291	223	16733	719405	108937232706937723
3731	2022-07-23 18:25:00	2022-10-13 13:33:05.523631	471	8374	381041	108698727815130211
2676	2022-09-23 20:10:00	2022-10-08 16:34:23.606587	471	5526	308179	109050473995887365
3094	2022-07-27 23:16:00	2022-10-09 09:06:29.886128	471	166	336952	108716756733248070
10419	2022-07-27 00:00:00	2022-11-10 01:34:31.503194	471	166	746711	108716756733248070
655	2022-07-25 15:50:00	2022-09-21 14:09:52.576489	469	469	67456	108709679254434396
645	2022-08-26 20:45:00	2022-09-21 14:07:41.210407	469	469	67303	108886358738387701
684	2022-06-16 12:46:00	2022-09-21 14:15:35.641236	469	469	67857	108488161841015128
690	2022-06-15 01:45:00	2022-09-21 14:16:17.015001	469	469	67901	108479633657319279
657	2022-07-25 15:41:00	2022-09-21 14:09:54.666184	469	469	67458	108709679254434396
658	2022-07-23 14:11:00	2022-09-21 14:10:15.228857	469	469	67477	108697994329470877
702	2022-06-14 18:27:00	2022-09-21 14:17:09.889429	469	469	67967	108453540647725594
706	2022-06-11 23:41:00	2022-09-21 14:17:48.989147	469	469	68012	108453540647725594
7530	2022-06-18 12:34:00	2022-10-19 15:20:11.34823	469	10825	540162	108494493615709996
10231	2022-06-19 00:00:00	2022-11-04 19:46:22.194326	469	17786	722774	108505051492589798
651	2022-08-07 15:48:00	2022-09-21 14:08:54.124112	469	469	67385	108777110153201186
663	2022-07-18 16:39:00	2022-09-21 14:10:52.173889	469	469	67509	108670270516033375
244	2022-08-21 16:39:00	2022-09-17 10:06:30.228304	469	365	22481	108862782663340810
670	2022-07-02 19:22:00	2022-09-21 14:13:31.229016	469	469	67705	108579003365908591
673	2022-06-28 22:51:00	2022-09-21 14:13:54.451483	469	469	67735	108558357308129705
646	2022-08-24 15:44:00	2022-09-21 14:07:58.996826	469	469	67319	108879029154630458
678	2022-06-20 12:06:00	2022-09-21 14:14:49.965177	469	469	67803	108510632204473550
681	2022-06-17 13:46:00	2022-09-21 14:15:19.816566	469	469	67835	108493749152065988
682	2022-06-16 23:59:00	2022-09-21 14:15:31.114821	469	469	67850	108490779411675417
683	2022-06-16 23:23:00	2022-09-21 14:15:32.473581	469	469	67852	108490210979310218
705	2022-06-13 21:22:00	2022-09-21 14:17:26.090499	469	469	67986	108471889056223162
707	2022-06-10 01:19:00	2022-09-21 14:18:38.779118	469	469	68072	108451124280673574
1417	2022-09-13 21:36:00	2022-09-27 04:13:39.688024	469	185	106518	108994115535266912
674	2022-06-23 17:54:00	2022-09-21 14:14:15.375272	469	469	67762	108529000366801960
675	2022-06-21 18:53:00	2022-09-21 14:14:30.257358	469	469	67781	108517455643522087
677	2022-06-20 12:19:00	2022-09-21 14:14:48.780432	469	469	67802	108451179577399516
697	2022-06-14 23:10:00	2022-09-21 14:16:43.850674	469	469	67928	108479086615287512
701	2022-06-14 18:37:00	2022-09-21 14:17:08.787843	469	469	67965	108478146997240511
708	2022-06-09 16:21:00	2022-09-21 14:19:05.869826	469	469	68108	108449143215588597
639	2022-09-16 23:30:00	2022-09-21 14:05:44.276534	469	469	67168	109011602651586739
641	2022-09-12 23:43:00	2022-09-21 14:06:24.568932	469	469	67209	108989016400475960
642	2022-09-12 23:31:00	2022-09-21 14:06:29.1547	469	469	67212	108988976651578016
2316	2022-06-30 13:44:00	2022-09-29 23:15:39.950742	187	4646	190083	108554888124819499
9584	2022-06-11 00:00:00	2022-10-30 16:42:29.629236	187	14192	696214	108454801796816363
2317	2022-06-30 13:40:00	2022-09-29 23:15:41.573008	187	4646	190085	108560220333879548
910	2022-07-08 20:04:00	2022-09-23 07:52:12.352951	737	788	76806	108614422144375241
2235	2022-07-24 11:52:00	2022-09-29 20:57:12.372582	737	4333	187172	108692465477760249
7243	2022-07-31 14:04:00	2022-10-19 14:15:24.992655	737	10825	536565	108742744189465144
227	2022-06-15 13:54:00	2022-09-17 08:21:13.468559	145	390	20534	108482760609168073
394	2022-07-16 20:13:00	2022-09-18 05:18:23.22854	145	309	38261	108659019089361614
207	2022-06-22 15:49:00	2022-09-17 06:56:07.594461	145	316	18497	108515481532333978
4141	2022-10-13 16:25:00	2022-10-15 04:54:19.501467	145	9365	436207	109162752075670479
3945	2022-10-07 09:51:00	2022-10-14 12:33:16.892885	145	8760	413546	109127265735856385
30	2022-08-31 13:35:00	2022-09-15 22:39:50.372904	156	27	1718	108914386767449794
3845	2022-08-31 17:31:00	2022-10-13 21:59:18.603013	156	8539	397062	108914386767449794
3120	2022-08-16 23:33:00	2022-10-09 09:08:14.664986	156	7785	337072	108804852727386064
1275	2022-08-31 13:35:00	2022-09-26 20:29:51.403564	156	805	100485	108914386767449794
3235	2022-08-31 15:28:00	2022-10-09 09:19:11.316718	156	6551	338175	108914386767449794
10475	2022-11-04 00:00:00	2022-11-10 18:41:11.209275	7959	19468	752780	109283443482050879
10476	2022-11-03 00:00:00	2022-11-10 18:46:57.120518	61354	19468	752819	109280222889670926
10477	2022-08-19 00:00:00	2022-11-10 19:02:21.432696	804	728	752899	108852820110490774
10478	2022-10-28 00:00:00	2022-11-10 19:05:52.380919	19339	19468	752915	109246955424125246
10479	2022-10-28 00:00:00	2022-11-10 19:08:51.176605	211978	19468	752932	109246648130029027
10480	2022-10-28 00:00:00	2022-11-10 19:09:16.861076	66054	19468	752934	109246648933834469
4045	2022-06-22 11:13:00	2022-10-15 00:42:27.378073	145	9379	431504	108515481532333978
10481	2022-10-27 00:00:00	2022-11-10 19:16:32.396241	19468	19468	752966	109240792318804796
10482	2022-10-25 00:00:00	2022-11-10 19:26:33.560202	13961	19468	752992	109229429238216359
2954	2022-08-23 06:15:00	2022-10-09 03:43:30.131412	519	7630	328796	108855617966382766
4618	2022-08-02 14:04:00	2022-10-15 05:42:43.774644	145	9365	439384	108753553454722934
4211	2022-10-04 13:24:00	2022-10-15 04:58:41.826322	2142	9365	436504	109111156617156042
4575	2022-08-06 08:35:00	2022-10-15 05:37:08.910105	145	9365	439139	108773996727288889
6002	2022-07-08 17:09:00	2022-10-16 19:06:47.299546	145	4273	480561	108613721954206077
8305	2022-09-21 16:45:00	2022-10-22 20:45:40.530932	145	12784	612972	109038268739618276
8310	2022-10-17 21:09:00	2022-10-23 09:35:12.466878	145	12936	622298	109184210407985350
8341	2022-10-19 13:37:00	2022-10-23 10:29:53.742779	145	12888	623441	109195902736303848
9658	2022-11-01 00:00:00	2022-11-02 13:02:34.25623	145	16662	709458	109268916949751143
572	2022-07-12 13:12:00	2022-09-19 05:42:23.884192	29	413	52917	108631452372598272
1526	2022-08-31 18:36:00	2022-09-27 08:34:27.213946	29	2155	111420	108919855197381418
1653	2022-07-26 08:43:00	2022-09-27 08:40:54.875305	29	2155	111788	108713681266800408
1740	2022-07-07 01:02:00	2022-09-27 08:44:59.341784	29	2155	111968	108590855171241188
1451	2022-09-03 21:21:00	2022-09-27 05:52:58.387268	2141	2141	109542	108937443079721208
331	2022-08-08 12:42:00	2022-09-18 00:29:57.420621	827	827	34830	108788247005226275
340	2022-07-11 12:41:00	2022-09-18 00:40:20.03071	827	827	35011	108609312658721781
342	2022-07-06 09:03:00	2022-09-18 00:52:15.452007	827	827	35062	108600425434025756
346	2022-06-30 15:50:00	2022-09-18 00:59:09.390944	827	827	35132	108567956178622889
351	2022-06-19 22:01:00	2022-09-18 01:00:55.97467	827	827	35181	108507315502686833
344	2022-07-04 08:37:00	2022-09-18 00:57:50.570888	827	827	35085	107816173719906147
317	2022-08-25 12:11:00	2022-09-18 00:21:52.434225	827	827	34500	108884385371347359
318	2022-08-13 14:57:00	2022-09-18 00:23:21.685305	827	827	34565	108817087926599441
325	2022-08-09 11:45:00	2022-09-18 00:27:28.396122	827	827	34737	108793683276312441
330	2022-08-08 16:30:00	2022-09-18 00:29:03.952089	827	827	34794	108789134764156516
1209	2022-09-14 23:28:00	2022-09-26 20:03:46.967923	805	805	99581	109000289600882628
1210	2022-09-14 23:28:00	2022-09-26 20:03:48.452701	805	805	99582	109000271350596259
1211	2022-09-14 16:05:00	2022-09-26 20:04:25.193443	805	805	99620	108998474905308788
1103	2022-09-13 15:41:00	2022-09-26 19:21:55.656429	805	1868	94868	108992759315751733
1214	2022-09-13 14:42:00	2022-09-26 20:06:17.253634	805	805	99694	108992560494194854
1213	2022-09-13 14:52:00	2022-09-26 20:06:07.355859	805	805	99686	108992526394243417
1228	2022-09-11 11:17:00	2022-09-26 20:08:50.617924	805	805	99843	108980428139439960
1234	2022-09-07 22:26:00	2022-09-26 20:14:50.767678	805	805	100067	108960174109248574
1231	2022-09-08 11:48:00	2022-09-26 20:13:37.591079	805	805	100043	108960120913631874
1235	2022-09-07 20:02:00	2022-09-26 20:15:57.227208	805	805	100077	108959825851448057
1243	2022-09-05 18:10:00	2022-09-26 20:20:37.783266	805	805	100208	108947953173113035
1253	2022-09-03 17:55:00	2022-09-26 20:23:50.930177	805	805	100285	108936695673305306
1307	2022-08-29 18:41:00	2022-09-26 20:36:28.361096	805	805	100746	108908449765052807
1314	2022-08-28 23:57:00	2022-09-26 20:38:40.673167	805	805	100804	108903474126724894
1337	2022-08-22 10:24:00	2022-09-26 20:51:14.962858	805	805	101228	108864297598626612
1058	2022-06-14 22:51:00	2022-09-26 00:14:12.653948	248	1549	86303	108479055094314527
653	2022-08-05 11:24:00	2022-09-21 14:09:06.737732	248	469	67401	108770857172020050
671	2022-06-30 20:56:00	2022-09-21 14:13:36.231162	248	469	67711	108569244053778707
308	2022-06-17 07:22:00	2022-09-17 10:12:53.692418	248	365	22699	108492514075687411
418	2022-07-11 15:12:00	2022-09-18 05:57:42.190875	248	953	38692	108630191192077343
425	2022-06-30 16:16:00	2022-09-18 05:58:06.871267	248	953	38706	108568192023317126
437	2022-06-21 12:40:00	2022-09-18 05:59:07.600394	248	953	38747	108516419670711379
1573	2022-08-16 10:50:00	2022-09-27 08:37:28.343048	248	2155	111576	108833071061605857
2121	2022-07-08 14:51:00	2022-09-29 18:08:12.267451	248	4248	181254	108613167483334823
1677	2022-07-19 13:29:00	2022-09-27 08:42:29.33177	178	2155	111843	108675149877233511
1695	2022-07-14 21:22:00	2022-09-27 08:43:04.964398	178	2155	111883	108648714079173125
3418	2022-10-05 13:02:00	2022-10-11 05:11:18.51306	178	2170	355769	109116729213718356
3426	2022-08-03 19:00:00	2022-10-11 05:13:49.838427	178	2170	355829	108761410169949355
3494	2022-07-13 17:36:00	2022-10-13 02:19:09.517184	178	8212	367624	108641993116061131
228	2022-09-08 19:35:00	2022-09-17 10:03:29.303546	178	365	22309	108965378345541980
1479	2022-09-16 21:39:00	2022-09-27 08:31:51.630992	178	2155	111305	109011159875071758
1390	2022-08-11 19:33:00	2022-09-27 04:09:06.003121	178	232	106166	108806509756054685
1403	2022-07-14 09:15:00	2022-09-27 04:11:58.421903	178	232	106354	108643924526356621
1491	2022-09-11 21:49:00	2022-09-27 08:32:21.5993	178	2155	111332	108982917079923239
1566	2022-08-18 13:10:00	2022-09-27 08:36:31.789694	178	2155	111549	108844880754017956
1568	2022-08-17 02:18:00	2022-09-27 08:37:12.550713	178	2155	111559	108836500295351837
1570	2022-08-17 01:16:00	2022-09-27 08:37:14.992771	178	2155	111561	108836500295351837
1576	2022-08-16 00:00:00	2022-09-27 08:37:34.266274	178	2155	111584	108830552856266634
1577	2022-08-15 23:45:00	2022-09-27 08:37:35.179787	178	2155	111585	108830441511672485
1582	2022-08-15 14:30:00	2022-09-27 08:37:45.606438	178	2155	111597	108828301268866863
1251	2022-09-04 11:06:00	2022-09-26 20:22:36.132363	178	805	100255	108936437939589211
4343	2022-09-09 08:18:00	2022-10-15 05:13:22.976948	29	9365	437521	108968282720527940
2994	2022-08-13 19:47:00	2022-10-09 03:51:54.858343	29	7630	329455	108817688441022710
8814	2022-07-08 19:06:00	2022-10-24 07:19:11.269739	29	12956	640466	108611729407481023
7446	2022-07-03 06:16:00	2022-10-19 15:02:29.382311	29	10825	539059	108578146289356868
599	2022-07-06 10:31:00	2022-09-19 10:26:48.220803	178	199	53421	108598868477657522
1319	2022-08-26 23:10:00	2022-09-26 20:41:38.988566	178	805	100910	108892638234332301
231	2022-09-05 10:48:00	2022-09-17 10:04:10.426	178	365	22350	108946288580541665
233	2022-09-01 18:09:00	2022-09-17 10:04:25.694453	178	365	22376	108925256542061441
1400	2022-07-20 12:07:00	2022-09-27 04:10:49.08621	178	232	106305	108675235494318679
401	2022-06-26 23:03:00	2022-09-18 05:21:11.09283	178	309	38316	108547183626197352
1427	2022-09-01 22:05:00	2022-09-27 04:15:47.32911	178	185	106785	108926315049965607
1482	2022-09-13 22:01:00	2022-09-27 08:32:03.279926	178	2155	111316	108994276154970416
1484	2022-09-13 20:42:00	2022-09-27 08:32:05.043606	178	2155	111318	108993975477707108
1485	2022-09-13 20:20:00	2022-09-27 08:32:05.923242	178	2155	111319	108993878908994176
1487	2022-09-12 23:00:00	2022-09-27 08:32:14.356575	178	2155	111325	108988704095668502
1490	2022-09-11 22:00:00	2022-09-27 08:32:20.482287	178	2155	111331	108982917079923239
1081	2022-07-25 21:10:00	2022-09-26 02:23:33.703941	178	259	92446	108710846964683748
1095	2022-08-25 17:00:00	2022-09-26 18:08:56.535017	178	246	93985	108880352010238660
1539	2022-08-27 22:34:00	2022-09-27 08:35:04.355271	178	2155	111456	108898156706477675
1589	2022-08-12 21:42:00	2022-09-27 08:38:05.427619	178	2155	111617	108812991280767248
1591	2022-08-12 19:02:00	2022-09-27 08:38:06.99034	178	2155	111619	108812129160165394
1592	2022-08-12 16:57:00	2022-09-27 08:38:07.708071	178	2155	111620	108811886427877681
1716	2022-07-12 19:09:00	2022-09-27 08:43:41.092362	178	2155	111919	108636882266721820
1719	2022-07-11 22:52:00	2022-09-27 08:43:46.483306	178	2155	111924	108632068014940505
3465	2022-06-09 11:05:00	2022-10-13 00:25:55.928554	160	8194	365582	108448101861937290
7120	2022-08-16 12:27:00	2022-10-19 13:31:32.890332	27	10825	534887	108824557024103921
7129	2022-08-15 22:21:00	2022-10-19 13:34:44.650909	27	10825	534958	108828041518355960
7156	2022-08-11 05:18:00	2022-10-19 13:52:45.04912	27	10825	535464	108801636674776910
7163	2022-08-10 11:22:00	2022-10-19 13:54:28.299796	27	10825	535569	108795741162244449
8882	2022-07-31 10:25:00	2022-10-24 10:40:38.025405	27	12959	643719	108742058209087457
9110	2022-09-10 00:00:00	2022-10-27 06:15:56.113515	27	12056	677225	108971518148365657
9111	2022-09-09 00:00:00	2022-10-27 06:16:15.156422	27	12056	677227	108971486667021054
9129	2022-08-26 00:00:00	2022-10-27 06:29:46.777851	27	12056	677298	108892386690707156
9443	2022-08-20 00:00:00	2022-10-28 23:26:48.350289	27	13807	687180	108858312481973600
8458	2022-10-06 13:27:00	2022-10-23 14:22:15.429994	27	12888	627732	109122364914756509
